address,latitude,longitude,name,phone,price,price_text,rating,type,url,website
Da Nang 550000 ,16.0616944,108.2469346,My Khe Beach,,0,,4.7,Natural,https://www.google.com/maps/place/My+Khe+Beach/data=!4m7!3m6!1s0x31421782f7fa0ee3:0xeafb8ba272ee55ac!8m2!3d16.0616944!4d108.2469346!16s%2Fg%2F1223wyjj!19sChIJ4w7694IXQjERrFXucqKL--o?authuser=0&hl=en&rclk=1,
"Bến Xe Bus, Sơn Trà, Đà Nẵng ",16.0991295,108.2550616,Bãi biển Sơn Trà,0936 790 798 ,0,,4.8,Natural,https://www.google.com/maps/place/B%C3%A3i+bi%E1%BB%83n+S%C6%A1n+Tr%C3%A0/data=!4m7!3m6!1s0x31421705ce8b53ad:0x44c6162f52afec46!8m2!3d16.0991295!4d108.2550616!16s%2Fg%2F11sy4vh78m!19sChIJrVOLzgUXQjERRuyvUi8WxkQ?authuser=0&hl=en&rclk=1,https://sontraseahotel.com/
"364W+JW5 Quảng trường, Nguyễn Văn Thoại, Bắc Mỹ Phú, Ngũ Hành Sơn, Đà Nẵng 550000 ",16.05651,108.2473543,Bãi Tắm Biển Mỹ Khê,,0,,4.7,Natural,https://www.google.com/maps/place/B%C3%A3i+T%E1%BA%AFm+Bi%E1%BB%83n+M%E1%BB%B9+Kh%C3%AA/data=!4m7!3m6!1s0x31421700590eb817:0x822428924d824bf7!8m2!3d16.05651!4d108.2473543!16s%2Fg%2F11w37bcwn0!19sChIJF7gOWQAXQjER90uCTZIoJII?authuser=0&hl=en&rclk=1,
"36CW+4JQ, Đường võ nguyên giáp, Sơn Trà, Đà Nẵng 550000 ",16.070326,108.2466193,Phước Mỹ Beach,,0,,4.7,Natural,https://www.google.com/maps/place/Ph%C6%B0%E1%BB%9Bc+M%E1%BB%B9+Beach/data=!4m7!3m6!1s0x314217f5d59f60ef:0x5549fd4bf94bb8df!8m2!3d16.070326!4d108.2466193!16s%2Fg%2F11hz1hj_gt!19sChIJ72Cf1fUXQjER37hL-Uv9SVU?authuser=0&hl=en&rclk=1,
"81 Huyền Trân Công Chúa, Hoà Hải, Ngũ Hành Sơn, Đà Nẵng 550000 ",16.0037104,108.2631605,The Marble Mountains,0236 3961 114 ,40000,₫40000,4.3,Natural,https://www.google.com/maps/place/The+Marble+Mountains/data=!4m7!3m6!1s0x31420dd4e14b2edb:0xbc6e1faf738be4c5!8m2!3d16.0037104!4d108.2631605!16s%2Fm%2F02623q9!19sChIJ2y5L4dQNQjERxeSLc68fbrw?authuser=0&hl=en&rclk=1,https://nguhanhson.org/
"02 Đ. 2 Tháng 9, Phường, Hải Châu, Đà Nẵng 550000 ",16.0603007,108.2232677,Da Nang Museum of Cham Sculpture,0236 3572 935 ,60000,₫60000,4.2,Historical,https://www.google.com/maps/place/Da+Nang+Museum+of+Cham+Sculpture/data=!4m7!3m6!1s0x314219cdb3006a2d:0x62ca993f60c3a12c!8m2!3d16.0603007!4d108.2232677!16s%2Fm%2F02pvbjt!19sChIJLWoAs80ZQjERLKHDYD-ZymI?authuser=0&hl=en&rclk=1,http://chammuseum.vn/
"4 Trần Quốc Toản, Hải Châu, Đà Nẵng 550000 ",16.0661013,108.2243619,Da Nang Food Tour,0787 796 006 ,0,,4.5,Entertainment,https://www.google.com/maps/place/Da+Nang+Food+Tour/data=!4m7!3m6!1s0x314218211e40911f:0xe1f91d885f1de98b!8m2!3d16.0661013!4d108.2243619!16s%2Fg%2F11cn9cb9by!19sChIJH5FAHiEYQjERi-kdX4gd-eE?authuser=0&hl=en&rclk=1,http://danangfoodtour.com/
"Lô 10, Trần Nhân Tông, Thọ Quang, Sơn Trà, Đà Nẵng ",16.0954282,108.2431088,3D Museum Art in paradise Da Nang,0236 3941 100 ,200000,₫200000,4.4,Historical,https://www.google.com/maps/place/3D+Museum+Art+in+paradise+Da+Nang/data=!4m7!3m6!1s0x314217f750645271:0x91c392fc753f0fb0!8m2!3d16.0954282!4d108.2431088!16s%2Fg%2F11d_d3m0pj!19sChIJcVJkUPcXQjERsA8_dfySw5E?authuser=0&hl=en&rclk=1,http://artinparadise.com.vn/
"Đ. 2 Tháng 9, Hoà Cường Bắc, Hải Châu, Đà Nẵng 550000 ",16.0412139,108.2256332,Da Nang DownTown,,70000,₫70000,4.4,Entertainment,https://www.google.com/maps/place/Da+Nang+DownTown/data=!4m7!3m6!1s0x314219e7a191cc17:0xe60f91d4055e3074!8m2!3d16.0412139!4d108.2256332!16s%2Fg%2F11c1s0n2xz!19sChIJF8yRoecZQjERdDBeBdSRD-Y?authuser=0&hl=en&rclk=1,https://ticketcheap.shop/da-nang-downtown
"90 Hùng Vương, Hải Châu, Đà Nẵng 550000 ",16.0677927,108.2144834,Con Market,,70000,₫70000,4.3,Shopping,https://www.google.com/maps/place/Con+Market/data=!4m7!3m6!1s0x314218358f50a1bb:0x4b451504a6ccd4df!8m2!3d16.0677927!4d108.2144834!16s%2Fg%2F12jsfsz42!19sChIJu6FQjzUYQjER39TMpgQVRUs?authuser=0&hl=en&rclk=1,http://ticketdulich.com/bana-hills
"26RF+45R, 30 Tháng 4, Hoà Cường Bắc, Hải Châu, Đà Nẵng ",16.0403618,108.2228858,Grass Square,,0,,3.8,Entertainment,https://www.google.com/maps/place/Grass+Square/data=!4m7!3m6!1s0x314219850da3bea5:0x812ca4275d834f29!8m2!3d16.0403618!4d108.2228858!16s%2Fg%2F11gxhrw1zh!19sChIJpb6jDYUZQjERKU-DXSekLIE?authuser=0&hl=en&rclk=1,
"26X9+F2G, Duy Tân, Hoà Cường Bắc, Hải Châu, Đà Nẵng 550000 ",16.0486814,108.217581,Ho Chi Minh Museum,024 3845 5435 ,40000,₫40000,4.3,Historical,https://www.google.com/maps/place/Ho+Chi+Minh+Museum/data=!4m7!3m6!1s0x314219c69cf3c7a3:0x2927993f5153d336!8m2!3d16.0486814!4d108.217581!16s%2Fm%2F011py73s!19sChIJo8fznMYZQjERNtNTUT-ZJyk?authuser=0&hl=en&rclk=1,http://baotanghochiminh.vn/
"XXVW+XJ, Hòa Vang, Đà Nẵng ",15.9949375,107.9965625,Golden Bridge,,950000,₫950000,4.6,Entertainment,https://www.google.com/maps/place/Golden+Bridge/data=!4m7!3m6!1s0x3141f73d19c5d38f:0x63766c11470ab50d!8m2!3d15.9949375!4d107.9965625!16s%2Fg%2F11f7r5z2l1!19sChIJj9PFGT33QTERDbUKRxFsdmM?authuser=0&hl=en&rclk=1,https://www.ticketcheap.shop/banahills
"Thôn An Sơn, Hòa Vang, Da Nang ",15.9951364,107.9961392,Ba Na Hills,,911400,₫911400,4.4,Entertainment,https://www.google.com/maps/place/Ba+Na+Hills/data=!4m7!3m6!1s0x3141f7b5026661c9:0x847bab3e51ad7ea2!8m2!3d15.9951364!4d107.9961392!16s%2Fm%2F0gfdsrk!19sChIJyWFmArX3QTERon6tUT6re4Q?authuser=0&hl=en&rclk=1,https://www.ticketcheap.shop/banahills
"Phước Ninh, Hải Châu District, Da Nang 550000 ",16.0581055,108.2232435,APEC Park,,974025,₫974025,4.4,Natural,https://www.google.com/maps/place/APEC+Park/data=!4m7!3m6!1s0x31421930165d7dcd:0xf9d555ad7f300ab3!8m2!3d16.0581055!4d108.2232435!16s%2Fg%2F11ptzzkgk7!19sChIJzX1dFjAZQjERswowf61V1fk?authuser=0&hl=en&rclk=1,
"78 Lê Duẩn, Thạch Thang, Hải Châu, Đà Nẵng 550000 ",16.0711877,108.2179411,Danang Fine Arts Museum,0236 3865 663 ,0,,4.5,Historical,https://www.google.com/maps/place/Danang+Fine+Arts+Museum/data=!4m7!3m6!1s0x314218368e61cbef:0xf1549bd773be2c92!8m2!3d16.0711877!4d108.2179411!16s%2Fg%2F11c1nvrp3j!19sChIJ78thjjYYQjERkiy-c9ebVPE?authuser=0&hl=en&rclk=1,http://dnfam.vn/
"99 Ngô Thì Sĩ, Bắc Mỹ An, Ngũ Hành Sơn, Đà Nẵng 50000 ",16.0478948,108.2457602,Dragon fire show,0338 486 123 ,0,,4.1,Entertainment,https://www.google.com/maps/place/Dragon+fire+show/data=!4m7!3m6!1s0x31421937a951d293:0x1fe1058442f3f052!8m2!3d16.0478948!4d108.2457602!16s%2Fg%2F11sv1269z8!19sChIJk9JRqTcZQjERUvDzQoQF4R8?authuser=0&hl=en&rclk=1,https://www.facebook.com/mmfloraldanang?locale=vi_VN
"31 Trần Phú, P, Hải Châu, Đà Nẵng 550000 ",16.0745542,108.2239668,Đà Nẵng Museum,0236 3886 236 ,50000,₫50000,4.2,Historical,https://www.google.com/maps/place/%C4%90%C3%A0+N%E1%BA%B5ng+Museum/data=!4m7!3m6!1s0x3142183691882913:0xc9180a3982a9ef58!8m2!3d16.0745542!4d108.2239668!16s%2Fg%2F1tlwc3mc!19sChIJEymIkTYYQjERWO-pgjkKGMk?authuser=0&hl=en&rclk=1,http://baotangdanang.vn/
"Bàn cờ, Thọ Quang, Sơn Trà, Đà Nẵng ",16.1189365,108.2719826,Ban Co Peak,,1518895,₫1518895,4.6,Entertainment,https://www.google.com/maps/place/Ban+Co+Peak/data=!4m7!3m6!1s0x31423d6e34ee0105:0x69e23a6263ffc6ec!8m2!3d16.1189365!4d108.2719826!16s%2Fg%2F11bbwpgtdk!19sChIJBQHuNG49QjER7Mb_Y2I64mk?authuser=0&hl=en&rclk=1,
"01 Lê Văn Duyệt, Nại Hiên Đông, Sơn Trà, Đà Nẵng 590000 ",16.0988248,108.224412,Wonder Park - Wyndham Danang Golden Bay Hotel,0236 3878 999 ,2693998,₫2693998,4.4,Natural,https://www.google.com/maps/place/Wonder+Park+-+Wyndham+Danang+Golden+Bay+Hotel/data=!4m7!3m6!1s0x3142198d74e5a281:0x24e8ff134e9f0079!8m2!3d16.0988248!4d108.224412!16s%2Fg%2F11g088rcwq!19sChIJgaLldI0ZQjEReQCfThP_6CQ?authuser=0&hl=en&rclk=1,https://dananggoldenbay.com/service/wonder-park/
"36CW+4JQ, Đường võ nguyên giáp, Sơn Trà, Đà Nẵng 550000 ",16.070326,108.2466193,Phước Mỹ Beach,,0,,4.7,Natural,https://www.google.com/maps/place/Ph%C6%B0%E1%BB%9Bc+M%E1%BB%B9+Beach/data=!4m7!3m6!1s0x314217f5d59f60ef:0x5549fd4bf94bb8df!8m2!3d16.070326!4d108.2466193!16s%2Fg%2F11hz1hj_gt!19sChIJ72Cf1fUXQjER37hL-Uv9SVU?authuser=0&hl=en&rclk=1,
"574 Ông Ích Khiêm, Phước Ninh, Hải Châu, Đà Nẵng 550000 ",16.0622908,108.2155449,Chùa Pháp Lâm,,3185325,₫3185325,4.6,Cultural,https://www.google.com/maps/place/Ch%C3%B9a+Ph%C3%A1p+L%C3%A2m/data=!4m7!3m6!1s0x314219ca8c953493:0xde2a6675135be7c1!8m2!3d16.0622908!4d108.2155449!16s%2Fm%2F0k9s99t!19sChIJkzSVjMoZQjERwedbE3VmKt4?authuser=0&hl=en&rclk=1,
"Hoà Phú, Hòa Vang, Da Nang ",15.9972041,107.988763,Fantasy Park,,552825,₫552825,4.4,Natural,https://www.google.com/maps/place/Fantasy+Park/data=!4m7!3m6!1s0x3141f6fcd2ca1de9:0x8ab7af426e736a44!8m2!3d15.9972041!4d107.988763!16s%2Fg%2F11f3qs35jx!19sChIJ6R3K0vz2QTERRGpzbkKvt4o?authuser=0&hl=en&rclk=1,https://ticket-stations.com/ba-na-hills-ticket-da-nang
"478F+98W, Thọ Quang, Sơn Trà, Đà Nẵng ",16.1159837,108.273341,The Monkey Mountain,,0,,4.4,Natural,https://www.google.com/maps/place/The+Monkey+Mountain/data=!4m7!3m6!1s0x31423df9a0e80d5b:0xc293c9e3814d144e!8m2!3d16.1159837!4d108.273341!16s%2Fg%2F11fqj3p3t5!19sChIJWw3ooPk9QjERThRNgePJk8I?authuser=0&hl=en&rclk=1,
"5 Trường Sa, Street, Ngũ Hành Sơn, Đà Nẵng 550000 ",16.012783,108.263332,Le Petit Chef - Danang,0236 3981 234 ,0,,4.5,Entertainment,https://www.google.com/maps/place/Le+Petit+Chef+-+Danang/data=!4m7!3m6!1s0x314211c1ca2a9909:0xe9455cc176f3697e!8m2!3d16.012783!4d108.263332!16s%2Fg%2F11vjpgp0h0!19sChIJCZkqysERQjERfmnzdsFcRek?authuser=0&hl=en&rclk=1,https://lepetitchef.com/danang
"1 Phan Đăng Lưu, Hoà Cường Bắc, Hải Châu, Đà Nẵng ",16.0401624,108.2285171,Sun Wheel,,135000,₫135000,4.5,Entertainment,https://www.google.com/maps/place/Sun+Wheel/data=!4m7!3m6!1s0x314219e774acfaf5:0xd61e377c100cc265!8m2!3d16.0401624!4d108.2285171!16s%2Fg%2F11bbwn9bzd!19sChIJ9fqsdOcZQjERZcIMEHw3HtY?authuser=0&hl=en&rclk=1,http://ticketdulich.com/asia-park
"Hoàng Sa, Thọ Quang, Sơn Trà, Đà Nẵng ",16.1011538,108.2753793,Dong Dinh Museum,0901 137 111 ,35000,₫35000,4.1,Historical,https://www.google.com/maps/place/Dong+Dinh+Museum/data=!4m7!3m6!1s0x314217d700e5ae69:0xe0ee545e81e43d99!8m2!3d16.1011538!4d108.2753793!16s%2Fg%2F11cjznqrp6!19sChIJaa7lANcXQjERmT3kgV5U7uA?authuser=0&hl=en&rclk=1,http://dongdinhmuseum.vn/
"7-44 Bạch Đằng, Hải Châu, Đà Nẵng 550000 ",16.0733818,108.2247473,박당 거리,,0,,4.0,Entertainment,https://www.google.com/maps/place/%EB%B0%95%EB%8B%B9+%EA%B1%B0%EB%A6%AC/data=!4m7!3m6!1s0x314219a84c533981:0xeba684dea905acb7!8m2!3d16.0733818!4d108.2247473!16s%2Fg%2F11h287zz3d!19sChIJgTlTTKgZQjERt6wFqd6Epus?authuser=0&hl=en&rclk=1,
"Khối Nam Diêu Duy Tân, Thanh Hà, Hội An, Quảng Nam ",15.8778859,108.3001023,Thanh Hà Terracotta Park,0235 3963 888 ,50000,₫50000,4.1,Natural,https://www.google.com/maps/place/Thanh+H%C3%A0+Terracotta+Park/data=!4m7!3m6!1s0x31420e5f32af2c31:0xa80391de731b1be8!8m2!3d15.8778859!4d108.3001023!16s%2Fg%2F11c3k541fv!19sChIJMSyvMl8OQjER6Bsbc96RA6g?authuser=0&hl=en&rclk=1,http://thanhhaterracotta.com/
"119 Trần Phú, Hải Châu, Đà Nẵng 550000 ",16.0681959,108.2242217,Han Market,,70000,₫70000,3.9,Shopping,https://www.google.com/maps/place/Han+Market/data=!4m7!3m6!1s0x31421832397ecc0d:0x90b24f8b8cb2873f!8m2!3d16.0681959!4d108.2242217!16s%2Fg%2F11fwjy0k_q!19sChIJDcx-OTIYQjERP4eyjItPspA?authuser=0&hl=en&rclk=1,http://ticketdulich.com/bana-hills
"Khu du lịch Xuân Thiều, Nguyễn Tất Thành, Hoà Hiệp Nam, Liên Chiểu, Đà Nẵng 55000 ",16.0921811,108.1441576,Mikazuki Water Park 365,0236 3774 555 ,309000,₫309000,4.2,Natural,https://www.google.com/maps/place/Mikazuki+Water+Park+365/data=!4m7!3m6!1s0x31421991a401ca65:0xae18cd4b35f842b5!8m2!3d16.0921811!4d108.1441576!16s%2Fg%2F11qpt4zjg9!19sChIJZcoBpJEZQjERtUL4NUvNGK4?authuser=0&hl=en&rclk=1,https://www.mikazukiwaterpark.com/
"33 Nguyễn Thái Học, Phường Minh An, Hội An, Quảng Nam ",15.8765833,108.3298399,Museum of Folk Culture,0235 3910 948 ,1700000,₫1700000,4.3,Historical,https://www.google.com/maps/place/Museum+of+Folk+Culture/data=!4m7!3m6!1s0x31420e7e551ddfc3:0x6b5df4f6f6573f7a!8m2!3d15.8765833!4d108.3298399!16s%2Fg%2F11btrs3tsv!19sChIJw98dVX4OQjERej9X9vb0XWs?authuser=0&hl=en&rclk=1,
"Đ. Trần Hưng Đạo, An Hải, Sơn Trà, Đà Nẵng 550000 ",16.06291,108.229815,Tượng Cá Chép Hóa Rồng,,0,,4.5,Entertainment,https://www.google.com/maps/place/T%C6%B0%E1%BB%A3ng+C%C3%A1+Ch%C3%A9p+H%C3%B3a+R%E1%BB%93ng/data=!4m7!3m6!1s0x3142198c825000e1:0x9b011fe03c346db3!8m2!3d16.06291!4d108.229815!16s%2Fg%2F11jm2ctf_c!19sChIJ4QBQgowZQjERs200POAfAZs?authuser=0&hl=en&rclk=1,
"75 Nguyễn Văn Linh, Phước Ninh, Hải Châu, Đà Nẵng 550000 ",16.0607296,108.2200532,Da Nang Fresco Village,,1052697,₫1052697,4.0,Entertainment,https://www.google.com/maps/place/Da+Nang+Fresco+Village/data=!4m7!3m6!1s0x314219cc7844ab91:0x436db6a820a059c!8m2!3d16.0607296!4d108.2200532!16s%2Fg%2F11hbq9ysf8!19sChIJkatEeMwZQjERnAUKgmrbNgQ?authuser=0&hl=en&rclk=1,
"Nguyễn Hoàng, Phường Minh An, Hội An, Quảng Nam ",15.8759693,108.3260184,Hội An Night Market,,1120841,₫1120841,4.4,Shopping,https://www.google.com/maps/place/H%E1%BB%99i+An+Night+Market/data=!4m7!3m6!1s0x31420e7dc35f492d:0xa44b01b91d668df!8m2!3d15.8759693!4d108.3260184!16s%2Fg%2F11c5g5kv4y!19sChIJLUlfw30OQjER32jWkRuwRAo?authuser=0&hl=en&rclk=1,https://ticketdulich.com/hoi-an-night
"Hoàng Sa, Thọ Quang, Sơn Trà, Đà Nẵng ",16.1124336,108.3116322,Ghềnh Bàng,,0,,4.5,Entertainment,https://www.google.com/maps/place/Gh%E1%BB%81nh+B%C3%A0ng/data=!4m7!3m6!1s0x31423df2819c425b:0xfac92c3b7e0f9926!8m2!3d16.1124336!4d108.3116322!16s%2Fg%2F1ptxkl4kn!19sChIJW0KcgfI9QjERJpkPfjssyfo?authuser=0&hl=en&rclk=1,
"2737+P97, Hòn Thủy Sơn, Hoà Hải, Ngũ Hành Sơn, Đà Nẵng 550000 ",16.0042806,108.263425,Đỉnh Thượng Thai,,0,,4.5,Entertainment,https://www.google.com/maps/place/%C4%90%E1%BB%89nh+Th%C6%B0%E1%BB%A3ng+Thai/data=!4m7!3m6!1s0x3142112261ecef6b:0x42f38d28acb2e01b!8m2!3d16.0042806!4d108.263425!16s%2Fg%2F11h1fx42tv!19sChIJa-_sYSIRQjERG-CyrCiN80I?authuser=0&hl=en&rclk=1,https://nguhanhson.org/
"Hòn Thủy Sơn, Hoà Hải, Ngũ Hành Sơn, Đà Nẵng 550000 ",16.0026808,108.2624698,Marble Mountains Ticket Booth (Gate A1),0236 2243 206 ,0,,4.2,Natural,https://www.google.com/maps/place/Marble+Mountains+Ticket+Booth+%28Gate+A1%29/data=!4m7!3m6!1s0x3142118de5644c0d:0x13eebb3f19ce7dbd!8m2!3d16.0026808!4d108.2624698!16s%2Fg%2F11sr823wp_!19sChIJDUxk5Y0RQjERvX3OGT-77hM?authuser=0&hl=en&rclk=1,http://www.nguhanhson.org/
"160 Nguyễn Duy Trinh, Hoà Hải, Ngũ Hành Sơn, Đà Nẵng 550000 ",15.995601,108.263743,Non Nuoc stone carving,0909 860 006 ,1658475,₫1658475,4.4,Entertainment,https://www.google.com/maps/place/Non+Nuoc+stone+carving/data=!4m7!3m6!1s0x314210c0f90d0ceb:0xe4178fbac3df17b!8m2!3d15.995601!4d108.263743!16s%2Fg%2F1hhwdw0cp!19sChIJ6wwN-cAQQjERe_E9rPt4QQ4?authuser=0&hl=en&rclk=1,https://nonnuocart.com/
"XXXP+27M, Hoà Phú, Hòa Vang, Đà Nẵng ",15.9975929,107.9856799,Đỉnh núi Chúa,,0,,4.7,Natural,https://www.google.com/maps/place/%C4%90%E1%BB%89nh+n%C3%BAi+Ch%C3%BAa/data=!4m7!3m6!1s0x3141f6e3a7736cf3:0x79f638576c48bb20!8m2!3d15.9975929!4d107.9856799!16s%2Fg%2F11cmgpjnbz!19sChIJ82xzp-P2QTERILtIbFc49nk?authuser=0&hl=en&rclk=1,
"K3/12 Hà Thị Thân, An Hải Tây, Sơn Trà, Đà Nẵng 550000 ",16.0602297,108.2314934,Sena Homestay Cầu Rồng Đà Nẵng,0905 535 208 ,0,,4.9,Entertainment,https://www.google.com/maps/place/Sena+Homestay+C%E1%BA%A7u+R%E1%BB%93ng+%C4%90%C3%A0+N%E1%BA%B5ng/data=!4m7!3m6!1s0x314219d3ed8028df:0x72072341d0e98863!8m2!3d16.0602297!4d108.2314934!16s%2Fg%2F11j347l3kk!19sChIJ3yiA7dMZQjERY4jp0EEjB3I?authuser=0&hl=en&rclk=1,https://www.facebook.com/home.sena
"122 Lê Quang Đạo, Bắc Mỹ An, Ngũ Hành Sơn, Đà Nẵng 50000 ",16.0485214,108.2458984,Locked Danang - Escape Room,0934 744 773 ,0,,5.0,Entertainment,https://www.google.com/maps/place/Locked+Danang+-+Escape+Room/data=!4m7!3m6!1s0x3142171a0b3e63bd:0x6409c77f8d667686!8m2!3d16.0485214!4d108.2458984!16s%2Fg%2F11y9hy93ms!19sChIJvWM-CxoXQjERhnZmjX_HCWQ?authuser=0&hl=en&rclk=1,https://locked-escaperooms.vn/
"Suối Lương, Hoà Hiệp Bắc, Liên Chiểu, Đà Nẵng ",16.1566197,108.1093217,Suối Lương - Hai Van Park,0905 729 455 ,80000,₫80000,4.0,Natural,https://www.google.com/maps/place/Su%E1%BB%91i+L%C6%B0%C6%A1ng+-+Hai+Van+Park/data=!4m7!3m6!1s0x314221a5b1f3a2f3:0x26049ed08a3a111b!8m2!3d16.1566197!4d108.1093217!16s%2Fg%2F1thktrhs!19sChIJ86LzsaUhQjERGxE6itCeBCY?authuser=0&hl=en&rclk=1,https://suoiluong.vn/
"Bà Nà - Suối Mơ, Hòa Vang, Da Nang ",16.0175252,108.0491866,Bà Nà Hills Golf Club,0236 3924 888 ,4117000,₫4117000,4.6,Entertainment,https://www.google.com/maps/place/B%C3%A0+N%C3%A0+Hills+Golf+Club/data=!4m7!3m6!1s0x31421df6e3a730bb:0xd899060c1d60086f!8m2!3d16.0175252!4d108.0491866!16s%2Fg%2F11bw7tfzw8!19sChIJuzCn4_YdQjERbwhgHQwGmdg?authuser=0&hl=en&rclk=1,http://banahillsgolf.com/
"Trường Sa, Hoà Hải, Ngũ Hành Sơn, Đà Nẵng ",15.9717259,108.2757816,Legend Danang Golf Resort,0236 3958 111 ,3450000,₫3450000,4.2,Entertainment,https://www.google.com/maps/place/Legend+Danang+Golf+Resort/data=!4m7!3m6!1s0x314210f9acfb76a1:0x55c05d34f3e7b9fd!8m2!3d15.9717259!4d108.2757816!16s%2Fg%2F12hxp35ln!19sChIJoXb7rPkQQjER_bnn8zRdwFU?authuser=0&hl=en&rclk=1,http://dananggolfclub.com/
"2736+GXP, Hòn Thủy Sơn, Hoà Hải, Ngũ Hành Sơn, Đà Nẵng 550000 ",16.0038425,108.2624426,Tam Thai Pagoda,,1053000,₫1053000,4.6,Cultural,https://www.google.com/maps/place/Tam+Thai+Pagoda/data=!4m7!3m6!1s0x314210c47c5ff7f7:0xc6ca526754ea96b8!8m2!3d16.0038425!4d108.2624426!16s%2Fg%2F11g6rkyzjx!19sChIJ9_dffMQQQjERuJbqVGdSysY?authuser=0&hl=en&rclk=1,
"19 Trần Phú, Cẩm Châu, Hội An, Quảng Nam ",15.8770038,108.331305,Hoi An Market,,763396,₫763396,4.4,Shopping,https://www.google.com/maps/place/Hoi+An+Market/data=!4m7!3m6!1s0x31420e7f74e9fb9d:0x227b7d9724e95f4f!8m2!3d15.8770038!4d108.331305!16s%2Fg%2F1tq8g0pn!19sChIJnfvpdH8OQjERT1_pJJd9eyI?authuser=0&hl=en&rclk=1,
"23 Nguyễn Tri Phương, Thạc Gián, Hải Châu, Đà Nẵng 550000 ",16.0625186,108.2045143,Công viên 29/3,,0,,4.4,Entertainment,https://www.google.com/maps/place/C%C3%B4ng+vi%C3%AAn+29%2F3/data=!4m7!3m6!1s0x314219ceaeeb2d63:0xf558394a48fe0fde!8m2!3d16.0625186!4d108.2045143!16s%2Fg%2F11mr8jrb8c!19sChIJYy3rrs4ZQjER3g_-SEo5WPU?authuser=0&hl=en&rclk=1,
"Trần Nhân Tông, Cẩm Thanh, Hội An, Quảng Nam ",15.873375,108.3752232,Hanh Coconut,0932 426 360 ,0,,4.3,Entertainment,https://www.google.com/maps/place/Hanh+Coconut/data=!4m7!3m6!1s0x31420d3d85495939:0xfa48cfabc85d1291!8m2!3d15.873375!4d108.3752232!16s%2Fg%2F11h_0n_f4j!19sChIJOVlJhT0NQjERkRJdyKvPSPo?authuser=0&hl=en&rclk=1,
"Hòn Thủy Sơn, Hoà Hải, Ngũ Hành Sơn, Đà Nẵng 550000 ",16.0027644,108.2645824,Non Nuoc Pagoda,,567600,₫567600,4.4,Cultural,https://www.google.com/maps/place/Non+Nuoc+Pagoda/data=!4m7!3m6!1s0x314210c62c63037d:0xb168fc4503bf59a3!8m2!3d16.0027644!4d108.2645824!16s%2Fg%2F11h17yz09!19sChIJfQNjLMYQQjERo1m_A0X8aLE?authuser=0&hl=en&rclk=1,
"Bà Nà - Suối Mơ, Hoà Phú, Hòa Vang, Đà Nẵng 58012 ",16.017716,108.0696199,BANA RITA GLAMPING FARM,0905 500 517 ,0,,4.5,Entertainment,https://www.google.com/maps/place/BANA+RITA+GLAMPING+FARM/data=!4m7!3m6!1s0x31421d28f7b070a1:0xe3459d466813d91c!8m2!3d16.017716!4d108.0696199!16s%2Fg%2F11khsvvyqr!19sChIJoXCw9ygdQjERHNkTaEadReM?authuser=0&hl=en&rclk=1,http://banaritafarm.com/
"18 Hùng Vương, Hải Châu, Đà Nẵng 550000 ",16.0686922,108.2244853,Da Nang Visitor Center,0236 3550 111 ,0,,4.8,Entertainment,https://www.google.com/maps/place/Da+Nang+Visitor+Center/data=!4m7!3m6!1s0x314218316f7c4101:0x3f2ff49b9ac833f3!8m2!3d16.0686922!4d108.2244853!16s%2Fg%2F11b7sz4k9h!19sChIJAUF8bzEYQjER8zPImpv0Lz8?authuser=0&hl=en&rclk=1,https://linkbio.co/danangvisitorcenter
"Phường 6, District 3, Ho Chi Minh City 700000 ",10.7795106,106.6920916,War Remnants Museum,028 3930 5587 ,40000,₫40000,4.5,Historical,https://www.google.com/maps/place/War+Remnants+Museum/data=!4m7!3m6!1s0x31752f30a23708cf:0x7cd94adf2b1474aa!8m2!3d10.7795106!4d106.6920916!16s%2Fm%2F02pt71k!19sChIJzwg3ojAvdTERqnQUK99K2Xw?authuser=0&hl=en&rclk=1,https://baotangchungtichchientranh.vn/
"65 Lý Tự Trọng, Bến Nghé, Quận 1, Thành phố Hồ Chí Minh ",10.7759656,106.6996476,Museum of Ho Chi Minh City,028 3829 9741 ,1184625,₫1184625,4.2,Historical,https://www.google.com/maps/place/Museum+of+Ho+Chi+Minh+City/data=!4m7!3m6!1s0x31752f7e127ee995:0x2dcb5bd0282bae73!8m2!3d10.7759656!4d106.6996476!16s%2Fm%2F02pxf_c!19sChIJlel-En4vdTERc64rKNBbyy0?authuser=0&hl=en&rclk=1,https://hcmc-museum.edu.vn/
"2 Nguyễn Bỉnh Khiêm, Bến Nghé, Quận 1, Thành phố Hồ Chí Minh ",10.788075,106.7047291,HCMC History Museum,028 3825 8783 ,30000,₫30000,4.5,Historical,https://www.google.com/maps/place/HCMC+History+Museum/data=!4m7!3m6!1s0x31752f4b45abfae5:0x251b097f25b4f595!8m2!3d10.788075!4d106.7047291!16s%2Fm%2F03m5zvv!19sChIJ5fqrRUsvdTERlfW0JX8JGyU?authuser=0&hl=en&rclk=1,https://www.baotanglichsutphcm.com.vn/
"189B/3 Nguyễn Văn Hưởng, Thảo Điền, Quận 2, Thành phố Hồ Chí Minh ",10.818018,106.7301506,Quang San Art Museum,0981 277 745 ,200000,₫200000,4.8,Historical,https://www.google.com/maps/place/Quang+San+Art+Museum/data=!4m7!3m6!1s0x317527e7b4979a8b:0x74afeee95b0eae85!8m2!3d10.818018!4d106.7301506!16s%2Fg%2F11t81ccg40!19sChIJi5qXtOcndTERha4OW-nur3Q?authuser=0&hl=en&rclk=1,http://quangsan.museum/
"202 Võ Thị Sáu, Phường Võ Thị Sáu, Quận 3, Thành phố Hồ Chí Minh ",10.7836813,106.6876327,Southern Women's Museum,028 3932 7130 ,0,,4.4,Historical,https://www.google.com/maps/place/Southern+Women%27s+Museum/data=!4m7!3m6!1s0x31752f2e02581979:0x9401029a56ac31de!8m2!3d10.7836813!4d106.6876327!16s%2Fg%2F121lg_3f!19sChIJeRlYAi4vdTER3jGsVpoCAZQ?authuser=0&hl=en&rclk=1,http://www.baotangphunu.com/
"5 Tôn Đức Thắng, Phường Sài Gòn, Quận 1, Thành phố Hồ Chí Minh ",10.7770396,106.7065382,Ton Duc Thang Museum,028 3829 7542 ,0,,4.5,Historical,https://www.google.com/maps/place/Ton+Duc+Thang+Museum/data=!4m7!3m6!1s0x31752f45edd4a1f5:0x52cd517b3987f6c2!8m2!3d10.7770396!4d106.7065382!16s%2Fg%2F12qbhnjs_!19sChIJ9aHU7UUvdTERwvaHOXtRzVI?authuser=0&hl=en&rclk=1,https://baotangtonducthang.vn/
"97A Phó Đức Chính, Phường Nguyễn Thái Bình, Quận 1, Thành phố Hồ Chí Minh ",10.7700162,106.6991857,Ho Chi Minh City Fine Arts Museum,028 3821 6331 ,30000,₫30000,4.5,Historical,https://www.google.com/maps/place/Ho+Chi+Minh+City+Fine+Arts+Museum/data=!4m7!3m6!1s0x31752f001931c73d:0xc37bb1a6961ec660!8m2!3d10.7700162!4d106.6991857!16s%2Fg%2F11x687jw2r!19sChIJPccxGQAvdTERYMYelqaxe8M?authuser=0&hl=en&rclk=1,http://baotangmythuattphcm.com.vn/
"41 Hoàng Dư Khương, Phường 12, Quận 10, Thành phố Hồ Chí Minh ",10.7761823,106.6718875,Museum of Traditional Vietnamese Medicine,028 3864 2430 ,180000,₫180000,4.5,Historical,https://www.google.com/maps/place/Museum+of+Traditional+Vietnamese+Medicine/data=!4m7!3m6!1s0x31752ed913384e0b:0xab59fe8772b3638b!8m2!3d10.7761823!4d106.6718875!16s%2Fg%2F11_v77glx!19sChIJC044E9kudTERi2Ozcof-Was?authuser=0&hl=en&rclk=1,http://fitomuseum.com.vn/
"Ben Thanh, District 1, Ho Chi Minh City ",10.7769942,106.6953021,Independence Palace,028 3822 3652 ,40000,₫40000,4.5,Historical,https://www.google.com/maps/place/Independence+Palace/data=!4m7!3m6!1s0x31752f385570472f:0x1787491df0ed8d6a!8m2!3d10.7769942!4d106.6953021!16zL20vMDk4NHg5!19sChIJL0dwVTgvdTERao3t8B1Jhxc?authuser=0&hl=en&rclk=1,https://www.dinhdoclap.gov.vn/
"Ao Dai Museum, 206/19/30 Long Thuận, P, Thủ Đức, Thành phố Hồ Chí Minh ",10.8087923,106.8531745,Ao Dai Museum,0914 726 948 ,2869316,₫2869316,4.4,Historical,https://www.google.com/maps/place/Ao+Dai+Museum/data=!4m7!3m6!1s0x31752111fcffffff:0xc4ca0a4d5a4c48e3!8m2!3d10.8087923!4d106.8531745!16s%2Fg%2F11clyqxvfd!19sChIJ_____BEhdTER40hMWk0KysQ?authuser=0&hl=en&rclk=1,https://baotangaodai.com.vn/
"Bitexco Financial Tower, 2 Đ. Hải Triều, Bến Nghé, Quận 1, Thành phố Hồ Chí Minh 71009 ",10.7719839,106.7043912,Flyover Starry Sky Art Museum,028 6686 9665 ,0,,4.9,Historical,https://www.google.com/maps/place/Flyover+Starry+Sky+Art+Museum/data=!4m7!3m6!1s0x31752ff8e18a845d:0xfc14ea2e7a138d50!8m2!3d10.7719839!4d106.7043912!16s%2Fg%2F11mf1dtl7d!19sChIJXYSK4fgvdTERUI0Tei7qFPw?authuser=0&hl=en&rclk=1,https://www.facebook.com/share/1BWprkWdAA/
"2 Nguyễn Bỉnh Khiêm, Bến Nghé, Quận 1, Thành phố Hồ Chí Minh ",10.784798,106.7078535,Geological Museum of Vietnam,0918 899 169 ,0,,4.4,Historical,https://www.google.com/maps/place/Geological+Museum+of+Vietnam/data=!4m7!3m6!1s0x31752f4c464309d7:0x9484be01d703a68e!8m2!3d10.784798!4d106.7078535!16s%2Fg%2F11bwp6rpgk!19sChIJ1wlDRkwvdTERjqYD1wG-hJQ?authuser=0&hl=en&rclk=1,
"87 Thăng Long, Phường 4, Tân Bình, Thành phố Hồ Chí Minh ",10.8052733,106.6606645,Air Force Museum,0986 662 231 ,0,,4.1,Historical,https://www.google.com/maps/place/Air+Force+Museum/data=!4m7!3m6!1s0x3175293ba924d33b:0x84d7787e747388e4!8m2!3d10.8052733!4d106.6606645!16s%2Fm%2F09rvsk3!19sChIJO9MkqTspdTER5IhzdH5414Q?authuser=0&hl=en&rclk=1,
"106 Nguyễn Du, Phường Bến Thành, Quận 1, Thành phố Hồ Chí Minh 700000 ",10.7765206,106.6973489,Independence Palace Museum,,0,,4.7,Historical,https://www.google.com/maps/place/Independence+Palace+Museum/data=!4m7!3m6!1s0x31752f384fcbf2f9:0x21049a5ddcec14bf!8m2!3d10.7765206!4d106.6973489!16s%2Fg%2F11vhqmwr1l!19sChIJ-fLLTzgvdTERvxTs3F2aBCE?authuser=0&hl=en&rclk=1,https://trungbay.dinhdoclap.gov.vn/
"565 Đại lộ Bình Dương, Hiệp Thành, Thủ Dầu Một, Bình Dương ",10.9891502,106.6630582,Binh Duong Museum,0274 3871 104 ,0,,4.1,Historical,https://www.google.com/maps/place/Binh+Duong+Museum/data=!4m7!3m6!1s0x3174d129f2e4cbab:0xd2f21e829de18d72!8m2!3d10.9891502!4d106.6630582!16s%2Fg%2F1tdfw6cb!19sChIJq8vk8inRdDERco3hnYIe8tI?authuser=0&hl=en&rclk=1,https://www.binhduong.gov.vn/dau-tu-thong-tin-can-biet/2014/11/695-Bao-tang-tinh-Binh-Duong
"Số 2 Lê Duẩn, Bến Nghé, Quận 1, Thành phố Hồ Chí Minh ",10.7869955,106.7042194,Ho Chi Minh Campaign Museum,0336 578 946 ,0,,4.3,Historical,https://www.google.com/maps/place/Ho+Chi+Minh+Campaign+Museum/data=!4m7!3m6!1s0x31752f4b0d4e6c91:0x6fc414b7f41f17a4!8m2!3d10.7869955!4d106.7042194!16s%2Fg%2F1222nw9q!19sChIJkWxODUsvdTERpBcf9LcUxG8?authuser=0&hl=en&rclk=1,
"1 Đ. Nguyễn Tất Thành, Phường 13, Quận 4, Thành phố Hồ Chí Minh ",10.7682339,106.7068328,Bến Nhà Rồng - Bảo tàng Hồ Chí Minh,028 3825 5740 ,0,,4.7,Historical,https://www.google.com/maps/place/B%E1%BA%BFn+Nh%C3%A0+R%E1%BB%93ng+-+B%E1%BA%A3o+t%C3%A0ng+H%E1%BB%93+Ch%C3%AD+Minh/data=!4m7!3m6!1s0x31752fc2e03a3215:0x4d6f6b776d84688e!8m2!3d10.7682339!4d106.7068328!16s%2Fg%2F121pqfs_!19sChIJFTI64MIvdTERjmiEbXdrb00?authuser=0&hl=en&rclk=1,http://bennharong.vn/
"145 Trần Quang Khải, Phường Tân Định, Quận 1, Thành phố Hồ Chí Minh ",10.7917384,106.6909787,Sài Gòn–Gia Định Special Forces Museum,0855 178 888 ,0,,4.5,Historical,https://www.google.com/maps/place/S%C3%A0i+G%C3%B2n%E2%80%93Gia+%C4%90%E1%BB%8Bnh+Special+Forces+Museum/data=!4m7!3m6!1s0x317529e7a7395f4d:0x24ebd33834049140!8m2!3d10.7917384!4d106.6909787!16s%2Fg%2F11v56j27dx!19sChIJTV85p-cpdTERQJEENDjT6yQ?authuser=0&hl=en&rclk=1,
"247 Đ. Hoàng Văn Thụ, Phường 1, Tân Bình, Thành phố Hồ Chí Minh ",10.8000121,106.6661806,Southeastern Armed Forces Museum,,0,,4.2,Historical,https://www.google.com/maps/place/Southeastern+Armed+Forces+Museum/data=!4m7!3m6!1s0x3175292fb60f244f:0x346372b784da740b!8m2!3d10.8000121!4d106.6661806!16s%2Fm%2F0120w8_7!19sChIJTyQPti8pdTERC3TahLdyYzQ?authuser=0&hl=en&rclk=1,http://baotangquankhu7.vn/
"110 Nguyễn Hữu Cảnh, Bến Nghé, Quận 1, Thành phố Hồ Chí Minh ",10.7871554,106.707648,Fauna & Flora Museum,,0,,4.5,Historical,https://www.google.com/maps/place/Fauna+%26+Flora+Museum/data=!4m7!3m6!1s0x31752f22f3160cef:0x9198e482f6cd073e!8m2!3d10.7871554!4d106.707648!16s%2Fg%2F11r2ltqmnm!19sChIJ7wwW8yIvdTERPgfN9oLkmJE?authuser=0&hl=en&rclk=1,
"80 Trương Định, Phường Bến Thành, Quận 1, Thành phố Hồ Chí Minh ",10.7753648,106.6931077,Di tích mộ cổ họ Lâm,,0,,4.3,Historical,https://www.google.com/maps/place/Di+t%C3%ADch+m%E1%BB%99+c%E1%BB%95+h%E1%BB%8D+L%C3%A2m/data=!4m7!3m6!1s0x31752f3bc5f08721:0xc5b0d495ad23a15c!8m2!3d10.7753648!4d106.6931077!16s%2Fg%2F11cs5sh8v2!19sChIJIYfwxTsvdTERXKEjrZXUsMU?authuser=0&hl=en&rclk=1,
"26 bis/1, Vĩnh Phú, Thuận An, Bình Dương ",10.8750971,106.7010265,Museum of Traditional Vietnamese Pharmacy,028 3864 2430 ,737072,₫737072,4.6,Historical,https://www.google.com/maps/place/Museum+of+Traditional+Vietnamese+Pharmacy/data=!4m7!3m6!1s0x31752963823911ad:0x531374bdb6dd7b99!8m2!3d10.8750971!4d106.7010265!16s%2Fg%2F11fb27rxbx!19sChIJrRE5gmMpdTERmXvdtr10E1M?authuser=0&hl=en&rclk=1,http://fitomuseum.com.vn/
"326A Nguyễn Trọng Tuyển, Phường 1, Tân Bình, Thành phố Hồ Chí Minh ",10.7986506,106.6659347,Cafe bảo tàng,,0,,4.1,Historical,https://www.google.com/maps/place/Cafe+b%E1%BA%A3o+t%C3%A0ng/data=!4m7!3m6!1s0x3175296a89625b79:0xf9153eec6db4eedf!8m2!3d10.7986506!4d106.6659347!16s%2Fg%2F11m_llj4xg!19sChIJeVtiiWopdTER3-60bew-Ffk?authuser=0&hl=en&rclk=1,
"7 Đường M, Khu Đô Thị Lakeview City, Thủ Đức, Thành phố Hồ Chí Minh 70000 ",10.7925406,106.771729,CBES Mini Museum,0862 422 086 ,0,,5.0,Historical,https://www.google.com/maps/place/CBES+Mini+Museum/data=!4m7!3m6!1s0x317527e4c8a44f89:0xfb6bf24495347291!8m2!3d10.7925406!4d106.771729!16s%2Fg%2F11tbk3pz12!19sChIJiU-kyOQndTERkXI0lUTya_s?authuser=0&hl=en&rclk=1,https://cbes.vn/
"2 Ter Lê Duẩn, Bến Nghé, Quận 1, Thành phố Hồ Chí Minh ",10.7841003,106.7016319,Trung tâm Lưu trữ quốc gia II,,0,,4.5,Historical,https://www.google.com/maps/place/Trung+t%C3%A2m+L%C6%B0u+tr%E1%BB%AF+qu%E1%BB%91c+gia+II/data=!4m7!3m6!1s0x31752f703648d2d5:0xb8733742f1cfee81!8m2!3d10.7841003!4d106.7016319!16s%2Fg%2F11j628n31t!19sChIJ1dJINnAvdTERge7P8UI3c7g?authuser=0&hl=en&rclk=1,
"311 Đ. Thạnh Xuân 21, Thạnh Xuân, Quận 12, Thành phố Hồ Chí Minh ",10.8635391,106.6661524,ĐIÊU KHẮC PHÚC HƯNG,0909 859 990 ,0,,5.0,Historical,https://www.google.com/maps/place/%C4%90I%C3%8AU+KH%E1%BA%AEC+PH%C3%9AC+H%C6%AFNG/data=!4m7!3m6!1s0x317529cf148737a9:0x542880fdc9c5c9!8m2!3d10.8635391!4d106.6661524!16s%2Fg%2F11j4lhzpqk!19sChIJqTeHFM8pdTERycXJ_YAoVAA?authuser=0&hl=en&rclk=1,http://tuongchandung.com/
"346 Bình Lợi, Phường 13, Bình Thạnh, Thành phố Hồ Chí Minh ",10.8363796,106.7019735,Bảo Tàng Bình Lợi,1900 0176 ,0,,,Historical,https://www.google.com/maps/place/B%E1%BA%A3o+T%C3%A0ng+B%C3%ACnh+L%E1%BB%A3i/data=!4m7!3m6!1s0x317529b175f5f209:0x5946d2eb54216c42!8m2!3d10.8363796!4d106.7019735!16s%2Fg%2F11jg247wyh!19sChIJCfL1dbEpdTERQmwhVOvSRlk?authuser=0&hl=en&rclk=1,
"Block A Chung cư Lavita Garden, Căn hộ A5, 17 Đ. Số 3, Thủ Đức, Thành phố Hồ Chí Minh ",10.8338793,106.7617638,AZ Gallery,0985 561 176 ,0,,5.0,Historical,https://www.google.com/maps/place/AZ+Gallery/data=!4m7!3m6!1s0x31752f469ad0d31f:0x1888b6a094bbfb49!8m2!3d10.8338793!4d106.7617638!16s%2Fg%2F11gcx_hcvc!19sChIJH9PQmkYvdTERSfu7lKC2iBg?authuser=0&hl=en&rclk=1,
"9 Đ. Phan Thúc Duyện, Phường 4, Tân Bình, Thành phố Hồ Chí Minh 72100 ",10.8042012,106.6618583,Phan Chau Trinh Memorial Complex,0906 341 717 ,0,,4.7,Historical,https://www.google.com/maps/place/Phan+Chau+Trinh+Memorial+Complex/data=!4m7!3m6!1s0x3175293af16f6b35:0xe854125440a7e647!8m2!3d10.8042012!4d106.6618583!16s%2Fg%2F1tghm2mn!19sChIJNWtv8TopdTERR-anQFQSVOg?authuser=0&hl=en&rclk=1,
"97A D, Phó Đức Chính, Phường Nguyễn Thái Bình, Quận 1, Thành phố Hồ Chí Minh ",10.7700162,106.6991857,Museum Voor Schone Kunsten,,0,,3.3,Historical,https://www.google.com/maps/place/Museum+Voor+Schone+Kunsten/data=!4m7!3m6!1s0x31752f3f82d00001:0x85679b836eed425c!8m2!3d10.7700162!4d106.6991857!16s%2Fg%2F11h54zx9lw!19sChIJAQDQgj8vdTERXELtboObZ4U?authuser=0&hl=en&rclk=1,
"287/70 Nguyễn Đình Chiểu, Phường 5, Quận 3, Thành phố Hồ Chí Minh 722000 ",10.7721658,106.6859349,Di tích lịch sử cấp Quốc gia Hầm giấu vũ khí biệt động thành đánh Dinh Độc Lập Tết Mậu thân năm 1968 Nhà nước quản lý,0909 654 218 ,0,,4.3,Historical,https://www.google.com/maps/place/Di+t%C3%ADch+l%E1%BB%8Bch+s%E1%BB%AD+c%E1%BA%A5p+Qu%E1%BB%91c+gia+H%E1%BA%A7m+gi%E1%BA%A5u+v%C5%A9+kh%C3%AD+bi%E1%BB%87t+%C4%91%E1%BB%99ng+th%C3%A0nh+%C4%91%C3%A1nh+Dinh+%C4%90%E1%BB%99c+L%E1%BA%ADp+T%E1%BA%BFt+M%E1%BA%ADu+th%C3%A2n+n%C4%83m+1968+Nh%C3%A0+n%C6%B0%E1%BB%9Bc+qu%E1%BA%A3n+l%C3%BD/data=!4m7!3m6!1s0x31752f9387093e85:0x7bc7eb8b6a9ae300!8m2!3d10.7721658!4d106.6859349!16s%2Fg%2F11r50_w6yh!19sChIJhT4Jh5MvdTERAOOaaovrx3s?authuser=0&hl=en&rclk=1,https://nguoiquansat.vn/ben-trong-can-ham-tung-chua-2-tan-vu-khi-nam-giua-long-tp-hcm-la-dia-chi-do-bi-mat-cua-biet-dong-sai-gon-118887.html
"15/21A Nơ Trang Long, Phường 12, Bình Thạnh, Thành phố Hồ Chí Minh ",10.81194,106.697158,Cổ Mộ Gia Tộc Trần Quang,0938 281 939 ,0,,5.0,Historical,https://www.google.com/maps/place/C%E1%BB%95+M%E1%BB%99+Gia+T%E1%BB%99c+Tr%E1%BA%A7n+Quang/data=!4m7!3m6!1s0x317529b819db4e81:0x1e6dd3ffd06c823e!8m2!3d10.81194!4d106.697158!16s%2Fg%2F11jv3m5b23!19sChIJgU7bGbgpdTERPoJs0P_TbR4?authuser=0&hl=en&rclk=1,
"62 Hùng Vương, Phú Cường, Thủ Dầu Một, Bình Dương ",10.9791654,106.653276,Nhà truyền thống Thành phố Thủ Dầu Một,,0,,4.8,Historical,https://www.google.com/maps/place/Nh%C3%A0+truy%E1%BB%81n+th%E1%BB%91ng+Th%C3%A0nh+ph%E1%BB%91+Th%E1%BB%A7+D%E1%BA%A7u+M%E1%BB%99t/data=!4m7!3m6!1s0x3174d1f3e92c0b39:0x4c2dd4fd2655a8bf!8m2!3d10.9791654!4d106.653276!16s%2Fg%2F11qhdww5v4!19sChIJOQss6fPRdDERv6hVJv3ULUw?authuser=0&hl=en&rclk=1,
"QMW2+JX6, Đ. Nguyễn Thái Bình, Phường 12, Tân Bình, Thành phố Hồ Chí Minh ",10.7965361,106.6523917,Mộ Gió Ông Võ Tánh,,0,,4.1,Historical,https://www.google.com/maps/place/M%C3%B4%CC%A3+Gi%C3%B3+%C3%94ng+Vo%CC%83+Ta%CC%81nh/data=!4m7!3m6!1s0x3175294a0f5b1829:0xb920e2a760da0025!8m2!3d10.7965361!4d106.6523917!16s%2Fg%2F11c1rgb6sm!19sChIJKRhbD0opdTERJQDaYKfiILk?authuser=0&hl=en&rclk=1,
"4 Trần Phú, Phường 1, Vũng Tàu, Bà Rịa - Vũng Tàu ",10.3501878,107.0695199,Ba Ria – Vung Tau Museum,0254 3810 124 ,40000,₫40000,4.7,Historical,https://www.google.com/maps/place/Ba+Ria+%E2%80%93+Vung+Tau+Museum/data=!4m7!3m6!1s0x31756f91304fff3d:0x44363c5b1c085949!8m2!3d10.3501878!4d107.0695199!16s%2Fg%2F1thzr8jq!19sChIJPf9PMJFvdTERSVkIHFs8NkQ?authuser=0&hl=en&rclk=1,https://baotangbrvt.org.vn/
"Đ. TL 44, Thạnh Lộc, Quận 12, Thành phố Hồ Chí Minh ",10.8865951,106.6878075,Nhà lưu niệm họa sĩ Huỳnh Văn Thuận,,0,,5.0,Historical,https://www.google.com/maps/place/Nh%C3%A0+l%C6%B0u+ni%E1%BB%87m+h%E1%BB%8Da+s%C4%A9+Hu%E1%BB%B3nh+V%C4%83n+Thu%E1%BA%ADn/data=!4m7!3m6!1s0x3174d7529cf91ba1:0xa02069887086922e!8m2!3d10.8865951!4d106.6878075!16s%2Fg%2F11qb61_4ws!19sChIJoRv5nFLXdDERLpKGcIhpIKA?authuser=0&hl=en&rclk=1,
"109/16 Hoàng Hoa Thám, Phường 7, Bình Thạnh, Thành phố Hồ Chí Minh ",10.8075067,106.6889822,Toytopia,,0,,5.0,Historical,https://www.google.com/maps/place/Toytopia/data=!4m7!3m6!1s0x317529000eb169bd:0x6729fe7c4073c8fe!8m2!3d10.8075067!4d106.6889822!16s%2Fg%2F11m6x7tglz!19sChIJvWmxDgApdTER_shzQHz-KWc?authuser=0&hl=en&rclk=1,
"10 Độc Lập, KCN Sóng Thần, Dĩ An, Bình Dương ",10.884493,106.7427684,Bảo Tàng Quân Đoàn 4,0696 66318 ,0,,4.6,Historical,https://www.google.com/maps/place/B%E1%BA%A3o+T%C3%A0ng+Qu%C3%A2n+%C4%90o%C3%A0n+4/data=!4m7!3m6!1s0x3174d80d8f234b8f:0xaab84fca8e6e99ef!8m2!3d10.884493!4d106.7427684!16s%2Fg%2F1hc1grjwc!19sChIJj0sjjw3YdDER75lujspPuKo?authuser=0&hl=en&rclk=1,https://baotangqd4.vn/
"Vĩnh Phú, Thuan An, Binh Duong ",10.8775941,106.6997752,Youtube Channel for Everyone,0339 960 997 ,0,,,Historical,https://www.google.com/maps/place/Youtube+Channel+for+Everyone/data=!4m7!3m6!1s0x3174d78cae5d1ff7:0xd5acac706bd5d23c!8m2!3d10.8775941!4d106.6997752!16s%2Fg%2F11y686z03j!19sChIJ9x9drozXdDERPNLVa3CsrNU?authuser=0&hl=en&rclk=1,
"1D Đ. Thạnh Lộc 29, Thạnh Lộc, Quận 12, Thành phố Hồ Chí Minh ",10.8775178,106.6795725,Bảo tàng Thực vật Viện Sinh thái học Miền Nam (SGN Herbarium),,0,,,Historical,https://www.google.com/maps/place/B%E1%BA%A3o+t%C3%A0ng+Th%E1%BB%B1c+v%E1%BA%ADt+Vi%E1%BB%87n+Sinh+th%C3%A1i+h%E1%BB%8Dc+Mi%E1%BB%81n+Nam+%28SGN+Herbarium%29/data=!4m7!3m6!1s0x3174d7315e044741:0x4f245ca32ad838ba!8m2!3d10.8775178!4d106.6795725!16s%2Fg%2F11y1x36y81!19sChIJQUcEXjHXdDERujjYKqNcJE8?authuser=0&hl=en&rclk=1,
"30 Đ. Số 8, Phường 11, Gò Vấp, Thành phố Hồ Chí Minh 70000 ",10.8378447,106.6637953,Hồ Biểu Chánh-An Tất Viên,,0,,4.2,Historical,https://www.google.com/maps/place/H%E1%BB%93+Bi%E1%BB%83u+Ch%C3%A1nh-An+T%E1%BA%A5t+Vi%C3%AAn/data=!4m7!3m6!1s0x317529aed54f8329:0xa170e735f407ab6a!8m2!3d10.8378447!4d106.6637953!16s%2Fg%2F11f57hqds1!19sChIJKYNP1a4pdTERaqsH9DXncKE?authuser=0&hl=en&rclk=1,http://www.hobieuchanh.com/
"68 Nguyễn Huệ, Bến Nghé, Quận 1, Thành phố Hồ Chí Minh 70000 ",10.7745167,106.7031722,Bảo Tàng Hoàng Gia & Bảo Tàng Trang,028 7303 8005 ,0,,1.0,Historical,https://www.google.com/maps/place/B%E1%BA%A3o+T%C3%A0ng+Ho%C3%A0ng+Gia+%26+B%E1%BA%A3o+T%C3%A0ng+Trang/data=!4m7!3m6!1s0x31752f00339736f9:0x496aec8c16555869!8m2!3d10.7745167!4d106.7031722!16s%2Fg%2F11w8kw_02y!19sChIJ-TaXMwAvdTERaVhVFozsakk?authuser=0&hl=en&rclk=1,
"khu phố 6, Thủ Đức City, Ho Chi Minh City 700000 ",10.863392,106.7615546,Panama Martitime Conference,0978 043 709 ,0,,,Historical,https://www.google.com/maps/place/Panama+Martitime+Conference/data=!4m7!3m6!1s0x317527a885a71127:0x70c9ada6fa6639d7!8m2!3d10.863392!4d106.7615546!16s%2Fg%2F11w228lm7f!19sChIJJxGnhagndTER1zlm-qatyXA?authuser=0&hl=en&rclk=1,https://www.panamamaritimeconference.com/
"Phú Hòa, Thủ Dầu Một, Binh Duong ",10.9670246,106.6898506,Di tích Mọi Bà,,0,,4.4,Historical,https://www.google.com/maps/place/Di+t%C3%ADch+M%E1%BB%8Di+B%C3%A0/data=!4m7!3m6!1s0x3174d1172987b129:0xbbadcedf87eb8985!8m2!3d10.9670246!4d106.6898506!16s%2Fg%2F11jy32qf3p!19sChIJKbGHKRfRdDERhYnrh9_Orbs?authuser=0&hl=en&rclk=1,
"489A/21/54, Đ. Huỳnh Văn Bánh, Phường 13, Phú Nhuận, Thành phố Hồ Chí Minh 72220 ",10.7902928,106.6703661,TungViet Interactive Digital Museum,0902 671 187 ,0,,,Historical,https://www.google.com/maps/place/TungViet+Interactive+Digital+Museum/data=!4m7!3m6!1s0x31752f66d94f7369:0x49bba7a11a6a7df2!8m2!3d10.7902928!4d106.6703661!16s%2Fg%2F11sf6xg8jv!19sChIJaXNP2WYvdTER8n1qGqGnu0k?authuser=0&hl=en&rclk=1,https://phongtruyenthong.tvc.vn/
"3 Thuận An Hòa, Thuận Giao, Thuận An, Bình Dương ",10.9528657,106.7256701,Thuận An Hòa War Zone,,0,,4.4,Historical,https://www.google.com/maps/place/Thu%E1%BA%ADn+An+H%C3%B2a+War+Zone/data=!4m7!3m6!1s0x3174d9fd19fae167:0x66e432ce104f3cef!8m2!3d10.9528657!4d106.7256701!16s%2Fg%2F11c58qzb61!19sChIJZ-H6Gf3ZdDER7zxPEM4y5GY?authuser=0&hl=en&rclk=1,
"4 Phạm Ngọc Thạch, Bến Nghé, Quận 1, Thành phố Hồ Chí Minh ",10.7820036,106.6976698,Phòng truyền thống Đoàn TNCS Hồ Chí Minh TP,,0,,5.0,Historical,https://www.google.com/maps/place/Ph%C3%B2ng+truy%E1%BB%81n+th%E1%BB%91ng+%C4%90o%C3%A0n+TNCS+H%E1%BB%93+Ch%C3%AD+Minh+TP.+H%E1%BB%93+Ch%C3%AD+Minh/data=!4m7!3m6!1s0x31752f29ca1c48ff:0xa9704c136b49a08f!8m2!3d10.7820036!4d106.6976698!16s%2Fg%2F11j7yf1d3z!19sChIJ_0gcyikvdTERj6BJaxNMcKk?authuser=0&hl=en&rclk=1,
"56/9 Đại lộ Bình Dương, Khu Phố Bình Giao, TP, Bình Dương ",10.9366007,106.709759,Mazda Bình Dương JB Thuan An,0979 173 736 ,0,,4.0,Historical,https://www.google.com/maps/place/Mazda+B%C3%ACnh+D%C6%B0%C6%A1ng+JB+Thuan+An/data=!4m7!3m6!1s0x3174d774c78cd5b3:0x40004eb5f8299ea1!8m2!3d10.9366007!4d106.709759!16s%2Fg%2F11vrygz_r0!19sChIJs9WMx3TXdDERoZ4p-LVOAEA?authuser=0&hl=en&rclk=1,
"202 Ng. Chí Thanh, Binh Nhâm, Thuận An, Bình Dương ",10.9338937,106.6962805,NGUYỄN GIA TRANG LÁI THIÊU,0919 999 547 ,0,,5.0,Historical,https://www.google.com/maps/place/NGUY%E1%BB%84N+GIA+TRANG+L%C3%81I+THI%C3%8AU/data=!4m7!3m6!1s0x3174d7f621e5961f:0xac7ab001faccbcd8!8m2!3d10.9338937!4d106.6962805!16s%2Fg%2F11fj9gx578!19sChIJH5blIfbXdDER2LzM-gGweqw?authuser=0&hl=en&rclk=1,
"VMJP+VXM, Đường Bờ Hữu Sông, TL43, Quận 12, Thành phố Hồ Chí Minh 70000 ",10.8822199,106.6874159,Hoàng Huy (bảo tàng tranh),,0,,,Historical,https://www.google.com/maps/place/Ho%C3%A0ng+Huy+%28b%E1%BA%A3o+t%C3%A0ng+tranh%29/data=!4m7!3m6!1s0x3174d7be9bd32b91:0x3f73e2ae8c0a9269!8m2!3d10.8822199!4d106.6874159!16s%2Fg%2F11vdp23stf!19sChIJkSvTm77XdDERaZIKjK7icz8?authuser=0&hl=en&rclk=1,
"Lý Nam Đế/1 Ấp Đình, TT. Hóc Môn, Hóc Môn, Thành phố Hồ Chí Minh ",10.8891573,106.5951837,Dinh Quận Hóc Môn,,0,,4.8,Historical,https://www.google.com/maps/place/Dinh+Qu%E1%BA%ADn+H%C3%B3c+M%C3%B4n/data=!4m7!3m6!1s0x31752a76d0c410ad:0x3b60e22818f8d6dc!8m2!3d10.8891573!4d106.5951837!16s%2Fg%2F11fypdh626!19sChIJrRDE0HYqdTER3Nb4GCjiYDs?authuser=0&hl=en&rclk=1,
"79/30/8 Đ. Phú Thọ Hòa, Phú Thọ Hoà, Tân Phú, Thành phố Hồ Chí Minh ",10.7820164,106.6329562,Mộ Bá hộ Xường (Lý Tường Quang),,0,,5.0,Historical,https://www.google.com/maps/place/M%E1%BB%99+B%C3%A1+h%E1%BB%99+X%C6%B0%E1%BB%9Dng+%28L%C3%BD+T%C6%B0%E1%BB%9Dng+Quang%29/data=!4m7!3m6!1s0x31752f5b54c14c51:0xe43c013a58c8e8ad!8m2!3d10.7820164!4d106.6329562!16s%2Fg%2F11l8pdpm97!19sChIJUUzBVFsvdTERrejIWDoBPOQ?authuser=0&hl=en&rclk=1,
"164 Đồng Khởi, Bến Nghé, Quận 1, Thành phố Hồ Chí Minh ",10.7787246,106.7004556,Bql Di Tích Lịch Sử Văn Hóa & Danh Lam Thắng Cảnh Tp,,0,,4.3,Historical,https://www.google.com/maps/place/Bql+Di+T%C3%ADch+L%E1%BB%8Bch+S%E1%BB%AD+V%C4%83n+H%C3%B3a+%26+Danh+Lam+Th%E1%BA%AFng+C%E1%BA%A3nh+Tp.+Hcm/data=!4m7!3m6!1s0x31752f480697b05f:0x3a5a9a08367d328b!8m2!3d10.7787246!4d106.7004556!16s%2Fg%2F1tfxd56d!19sChIJX7CXBkgvdTERizJ9NgiaWjo?authuser=0&hl=en&rclk=1,
"6/14 Phạm Văn Hai, Phường 2, Tân Bình, Thành phố Hồ Chí Minh ",10.7992128,106.6658524,Bảo tàng miền đông nam bộ,0883 842 143 ,0,,4.2,Historical,https://www.google.com/maps/place/B%E1%BA%A3o+t%C3%A0ng+mi%E1%BB%81n+%C4%91%C3%B4ng+nam+b%E1%BB%99/data=!4m7!3m6!1s0x317529302acb8227:0xb96ad81a039b8fca!8m2!3d10.7992128!4d106.6658524!16s%2Fg%2F11g70k5pns!19sChIJJ4LLKjApdTERyo-bAxrYark?authuser=0&hl=en&rclk=1,
"98 Trần Hưng Đạo, Phường 1, Vũng Tàu, Bà Rịa - Vũng Tàu ",10.3512036,107.0747192,Worldwide Arms Museum,0908 367 566 ,70000,₫70000,4.6,Historical,https://www.google.com/maps/place/Worldwide+Arms+Museum/data=!4m7!3m6!1s0x31756f8b80000e15:0x15e2700efd4259cd!8m2!3d10.3512036!4d107.0747192!16s%2Fg%2F11h0kc3b6!19sChIJFQ4AgItvdTERzVlC_Q5w4hU?authuser=0&hl=en&rclk=1,http://baotangroberttaylor.com/
"107A/4 Ấp 1, An Phú Tây, Bình Chánh, Thành phố Hồ Chí Minh ",10.6959018,106.5975358,Di tích Nhà cổ dân dụng,0336 060 839 ,0,,4.6,Historical,https://www.google.com/maps/place/Di+t%C3%ADch+Nh%C3%A0+c%E1%BB%95+d%C3%A2n+d%E1%BB%A5ng/data=!4m7!3m6!1s0x3175336d3a72c7eb:0x7b0dba2b6419cb41!8m2!3d10.6959018!4d106.5975358!16s%2Fg%2F11lfh91ws0!19sChIJ68dyOm0zdTERQcsZZCu6DXs?authuser=0&hl=en&rclk=1,
"Nguyễn Văn Thạnh, Long Thạnh Mỹ, Thủ Đức, Thành phố Hồ Chí Minh ",10.8419022,106.8095663,World Hyperinflation Banknote Museum,,0,,3.5,Historical,https://www.google.com/maps/place/World+Hyperinflation+Banknote+Museum/data=!4m7!3m6!1s0x3175276dbd793a65:0xff7decf6c07a0050!8m2!3d10.8419022!4d106.8095663!16s%2Fg%2F11mv4yd9lj!19sChIJZTp5vW0ndTERUAB6wPbsff8?authuser=0&hl=en&rclk=1,https://hcmuni.fpt.edu.vn/xuat-hien-bao-tang-tien-lam-phat-dau-tien-cua-viet-nam-dat-tai-dai-hoc-fpt
"45 Đ. Phan Văn Hớn, Bà Điểm, Hóc Môn, Thành phố Hồ Chí Minh ",10.8383857,106.6010413,Nhà Truyền Thống xã Bà Điểm,,0,,4.5,Historical,https://www.google.com/maps/place/Nh%C3%A0+Truy%E1%BB%81n+Th%E1%BB%91ng+x%C3%A3+B%C3%A0+%C4%90i%E1%BB%83m/data=!4m7!3m6!1s0x31752a4daaaaaaab:0xeb8a18294e5e06a1!8m2!3d10.8383857!4d106.6010413!16s%2Fg%2F11dzwbkd6_!19sChIJq6qqqk0qdTERoQZeTikYius?authuser=0&hl=en&rclk=1,
"68 Đ. Trần Thái Tông, khu phố 5, Tân Bình, Thành phố Hồ Chí Minh ",10.818115,106.6337544,Trung tâm 69VN,,0,,,Historical,https://www.google.com/maps/place/Trung+t%C3%A2m+69VN/data=!4m7!3m6!1s0x3175290032a0ac4f:0xa5f465f956909e08!8m2!3d10.818115!4d106.6337544!16s%2Fg%2F11lf7ngx5b!19sChIJT6ygMgApdTERCJ6QVvll9KU?authuser=0&hl=en&rclk=1,
"183/4 Đại lộ 3 tháng 2 Tổ 46 Khu phố 5, Phường 10, Quận 10, Thành phố Hồ Chí Minh ",10.771826,106.674961,Di tích quốc gia Hầm chứa vũ khí,,0,,5.0,Historical,https://www.google.com/maps/place/Di+t%C3%ADch+qu%E1%BB%91c+gia+H%E1%BA%A7m+ch%E1%BB%A9a+v%C5%A9+kh%C3%AD/data=!4m7!3m6!1s0x31752f007c8a62cb:0x41148c4676dee51b!8m2!3d10.771826!4d106.674961!16s%2Fg%2F11x6jkp6v6!19sChIJy2KKfAAvdTERG-XedkaMFEE?authuser=0&hl=en&rclk=1,
"36 Phan Tây Hồ, Phường 7, Phú Nhuận, Thành phố Hồ Chí Minh ",10.8020815,106.6867369,Huyền art,028 6681 5599 ,0,,,Historical,https://www.google.com/maps/place/Huy%E1%BB%81n+art/data=!4m7!3m6!1s0x317529004f558ec1:0x7ede43dbe6149847!8m2!3d10.8020815!4d106.6867369!16s%2Fg%2F11lnwtp3j3!19sChIJwY5VTwApdTERR5gU5ttD3n4?authuser=0&hl=en&rclk=1,
"58 Phó Đức Chính, Phường 1, Bình Thạnh, Thành phố Hồ Chí Minh ",10.7995447,106.6970376,ALNTBN,,0,,,Historical,https://www.google.com/maps/place/ALNTBN/data=!4m7!3m6!1s0x317529387cc46975:0x4719cfe467dfcc80!8m2!3d10.7995447!4d106.6970376!16s%2Fg%2F11v9kqjb0z!19sChIJdWnEfDgpdTERgMzfZ-TPGUc?authuser=0&hl=en&rclk=1,
"172 Xa lộ Hà Nội, An Phú Đông, Quận 12, Thành phố Hồ Chí Minh ",10.8595321,106.7048417,Cổng Tu Viện Khánh An,,0,,4.9,Historical,https://www.google.com/maps/place/C%E1%BB%95ng+Tu+Vi%E1%BB%87n+Kh%C3%A1nh+An/data=!4m7!3m6!1s0x317529d5f89a0837:0xa3ce1904f72cb3d6!8m2!3d10.8595321!4d106.7048417!16s%2Fg%2F11hzhf3bz4!19sChIJNwia-NUpdTER1rMs9wQZzqM?authuser=0&hl=en&rclk=1,
"72/5K Tân Thới Nhì 1, Tân Thới Nhì, Hóc Môn, Thành phố Hồ Chí Minh ",10.8880191,106.578352,Góc nhãn huyền thoại,0966 353 720 ,0,,5.0,Historical,https://www.google.com/maps/place/G%C3%B3c+nh%C3%A3n+huy%E1%BB%81n+tho%E1%BA%A1i/data=!4m7!3m6!1s0x3174d57e8d8dedfb:0x7c0a0b38f6994737!8m2!3d10.8880191!4d106.578352!16s%2Fg%2F11g01vrjfg!19sChIJ--2NjX7VdDERN0eZ9jgLCnw?authuser=0&hl=en&rclk=1,
"Số 69/11D, ấp, Tân Thới Nhì 1, Tân Thới Nhì, Hóc Môn, Thành phố Hồ Chí Minh ",10.8850202,106.5794156,Tịnh thất Pháp Trí,,0,,4.7,Historical,https://www.google.com/maps/place/T%E1%BB%8Bnh+th%E1%BA%A5t+Ph%C3%A1p+Tr%C3%AD/data=!4m7!3m6!1s0x3174d53000a40903:0x978e60c55c292a38!8m2!3d10.8850202!4d106.5794156!16s%2Fg%2F11h_66nyjn!19sChIJAwmkADDVdDEROCopXMVgjpc?authuser=0&hl=en&rclk=1,
"Đ. Trần Văn Kiểu, Khu IV, Quận 6, Thành phố Hồ Chí Minh ",10.7393431,106.6274796,Tui Kể Chuyện,+855 97 812 7900 ,0,,,Historical,https://www.google.com/maps/place/Tui+K%E1%BB%83+Chuy%E1%BB%87n/data=!4m7!3m6!1s0x31752d6116a03217:0x85004f7605b0bfc!8m2!3d10.7393431!4d106.6274796!16s%2Fg%2F11jz857gy7!19sChIJFzKgFmEtdTER_AtbYPcEUAg?authuser=0&hl=en&rclk=1,
"Vũng Tàu, Ba Ria - Vung Tau ",10.3453959,107.1000134,Back beach,,0,,4.4,Natural,https://www.google.com/maps/place/Back+beach/data=!4m7!3m6!1s0x31756fe297e51efd:0xbb3c2fb0da0c83bf!8m2!3d10.3453959!4d107.1000134!16s%2Fg%2F1211chsl!19sChIJ_R7ll-JvdTERv4MM2rAvPLs?authuser=0&hl=en&rclk=1,
"Vũng Tàu, Ba Ria - Vung Tau ",10.3434006,107.0741987,Front Beach,,0,,4.5,Natural,https://www.google.com/maps/place/Front+Beach/data=!4m7!3m6!1s0x31756f8e1b01b871:0x1d67823392eb0d91!8m2!3d10.3434006!4d107.0741987!16s%2Fg%2F12377jp9!19sChIJcbgBG45vdTERkQ3rkjOCZx0?authuser=0&hl=en&rclk=1,
"Phường 1, Vũng Tàu, Ba Ria - Vung Tau ",10.3429385,107.0742677,Bãi Trước Vũng Tàu,,0,,4.6,Natural,https://www.google.com/maps/place/B%C3%A3i+Tr%C6%B0%E1%BB%9Bc+V%C5%A9ng+T%C3%A0u/data=!4m7!3m6!1s0x31756fc219243db3:0xaad9d345d3fa2f50!8m2!3d10.3429385!4d107.0742677!16s%2Fg%2F11h4mj2_k9!19sChIJsz0kGcJvdTERUC_600XT2ao?authuser=0&hl=en&rclk=1,
"95Q4+JHC, Phường 11, Vũng Tàu, Bà Rịa - Vũng Tàu ",10.3890569,107.1563875,Doi Nhai Beach,,0,,4.2,Natural,https://www.google.com/maps/place/Doi+Nhai+Beach/data=!4m7!3m6!1s0x3175710e9ba79a83:0x3017919e6df7c088!8m2!3d10.3890569!4d107.1563875!16s%2Fg%2F11c1n6244c!19sChIJg5qnmw5xdTERiMD3bZ6RFzA?authuser=0&hl=en&rclk=1,
"151 Thùy Vân, Phường Thắng Tam, Vũng Tàu, Bà Rịa - Vũng Tàu ",10.3297487,107.0887127,Thuy Van Beach Vung Tau,,0,,4.5,Natural,https://www.google.com/maps/place/Thuy+Van+Beach+Vung+Tau/data=!4m7!3m6!1s0x3175657857f1fadb:0x5a7471b33b64aac0!8m2!3d10.3297487!4d107.0887127!16s%2Fg%2F11s9wtl2d_!19sChIJ2_rxV3hldTERwKpkO7NxdFo?authuser=0&hl=en&rclk=1,
"81 Hà Huy Tập, Phường 10, Vũng Tàu, Bà Rịa - Vũng Tàu ",10.3731229,107.1268229,Long Cung Beach,0254 6263 333 ,0,,4.1,Natural,https://www.google.com/maps/place/Long+Cung+Beach/data=!4m7!3m6!1s0x317571814f3e6699:0x5874ba76f2b8e5e2!8m2!3d10.3731229!4d107.1268229!16s%2Fg%2F11r9bd5933!19sChIJmWY-T4FxdTER4uW48na6dFg?authuser=0&hl=en&rclk=1,
"94CF+9V, Phường 10, Vũng Tàu, Bà Rịa - Vũng Tàu ",10.37093,107.1246429,Bãi tắm Thuỷ Tiên,,0,,4.4,Natural,https://www.google.com/maps/place/B%C3%A3i+t%E1%BA%AFm+Thu%E1%BB%B7+Ti%C3%AAn/data=!4m7!3m6!1s0x31757141b70d93ff:0xbb77b7f3ee2468a0!8m2!3d10.37093!4d107.1246429!16s%2Fg%2F11t7k26zy1!19sChIJ_5MNt0FxdTERoGgk7vO3d7s?authuser=0&hl=en&rclk=1,
"Thùy Vân, Phường 1, Vũng Tàu, Ho Chi Minh City ",10.3330389,107.0899537,Back Beach Vung Tau,,1090804,₫1090804,4.5,Natural,https://www.google.com/maps/place/Back+Beach+Vung+Tau/data=!4m7!3m6!1s0x317565779dc2544b:0x86e68e8719aea1a7!8m2!3d10.3330389!4d107.0899537!16s%2Fg%2F11ptz9pq8c!19sChIJS1TCnXdldTERp6GuGYeO5oY?authuser=0&hl=en&rclk=1,https://www.facebook.com/congvienbaisauvungtau
"83VF+5PC, Phường 1, Vũng Tàu, Bà Rịa - Vũng Tàu ",10.3429493,107.0742653,Bãi Trước Vũng Tàu,,0,,4.7,Natural,https://www.google.com/maps/place/B%C3%A3i+Tr%C6%B0%E1%BB%9Bc+V%C5%A9ng+T%C3%A0u/data=!4m7!3m6!1s0x31756f13bbae3e95:0x8e2d1a3cc74b40f5!8m2!3d10.3429493!4d107.0742653!16s%2Fg%2F11kqlngds3!19sChIJlT6uuxNvdTER9UBLxzwaLY4?authuser=0&hl=en&rclk=1,
Ba Ria - Vung Tau ,10.3827387,107.236718,Long Hai Beach,,0,,4.2,Natural,https://www.google.com/maps/place/Long+Hai+Beach/data=!4m7!3m6!1s0x317576f63b4a3a21:0x2cefe574a1454c4b!8m2!3d10.3827387!4d107.236718!16s%2Fg%2F1q5blxcwr!19sChIJITpKO_Z2dTERS0xFoXTl7yw?authuser=0&hl=en&rclk=1,
"4 Quang Trung, Phường 1, Vũng Tàu, Bà Rịa - Vũng Tàu ",10.342078,107.0744294,Front Beach Park,,0,,4.5,Natural,https://www.google.com/maps/place/Front+Beach+Park/data=!4m7!3m6!1s0x31756f8d90e492e7:0xb6c6eece37d77790!8m2!3d10.342078!4d107.0744294!16s%2Fg%2F1tgd406g!19sChIJ55LkkI1vdTERkHfXN87uxrY?authuser=0&hl=en&rclk=1,https://www.facebook.com/vungtau.baitruoc/
"83PR+28J, Phường Thắng Tam, Vũng Tàu, Bà Rịa - Vũng Tàu ",10.3348678,107.0914767,Bãi sau biển Vũng Tàu,,0,,4.4,Natural,https://www.google.com/maps/place/B%C3%A3i+sau+bi%E1%BB%83n+V%C5%A9ng+T%C3%A0u/data=!4m7!3m6!1s0x31756fed23f7c74b:0xffbdd53c2ebd354!8m2!3d10.3348678!4d107.0914767!16s%2Fg%2F11khx_w_7r!19sChIJS8f3I-1vdTERVNPrwlPd-w8?authuser=0&hl=en&rclk=1,
"Phường 8, Vũng Tàu, Ba Ria - Vung Tau ",10.3496969,107.1007407,Khu du lịch biển DIC,0918 503 121 ,0,,3.8,Natural,https://www.google.com/maps/place/Khu+du+l%E1%BB%8Bch+bi%E1%BB%83n+DIC/data=!4m7!3m6!1s0x31756f57511479a1:0x6da78b382b66626c!8m2!3d10.3496969!4d107.1007407!16s%2Fg%2F11h262hc0c!19sChIJoXkUUVdvdTERbGJmKziLp20?authuser=0&hl=en&rclk=1,
"Vũng Tàu, Ba Ria - Vung Tau ",10.3295288,107.0767365,Bãi Dứa,,0,,4.4,Natural,https://www.google.com/maps/place/B%C3%A3i+D%E1%BB%A9a/data=!4m7!3m6!1s0x31756560a1e0b197:0xf81958e8863cf9d2!8m2!3d10.3295288!4d107.0767365!16s%2Fg%2F120yrvht!19sChIJl7HgoWBldTER0vk8huhYGfg?authuser=0&hl=en&rclk=1,
"949C+C9M, Unnamed Road, Phường 10, Vũng Tàu, Bà Rịa - Vũng Tàu ",10.3685947,107.1209217,Bãi tắm Chí Linh,,0,,3.3,Natural,https://www.google.com/maps/place/B%C3%A3i+t%E1%BA%AFm+Ch%C3%AD+Linh/data=!4m7!3m6!1s0x317571c29dcf7c91:0x1109a99e625e5ade!8m2!3d10.3685947!4d107.1209217!16s%2Fg%2F11nypvjzz_!19sChIJkXzPncJxdTER3lpeYp6pCRE?authuser=0&hl=en&rclk=1,
"Vũng Tàu, Ba Ria - Vung Tau ",10.3645371,107.0687079,The Big Mountain,,0,,4.6,Natural,https://www.google.com/maps/place/The+Big+Mountain/data=!4m7!3m6!1s0x31756fbb47737b07:0x6e4c656745ff0651!8m2!3d10.3645371!4d107.0687079!16s%2Fg%2F122t1qzv!19sChIJB3tzR7tvdTERUQb_RWdlTG4?authuser=0&hl=en&rclk=1,
"Phường 2, Vũng Tàu, Ba Ria - Vung Tau ",10.3328687,107.0790436,The Small Mountain,,0,,4.5,Natural,https://www.google.com/maps/place/The+Small+Mountain/data=!4m7!3m6!1s0x3175655fb9a37cf5:0xb34c8ab03b8e4868!8m2!3d10.3328687!4d107.0790436!16s%2Fg%2F121mvw9j!19sChIJ9XyjuV9ldTERaEiOO7CKTLM?authuser=0&hl=en&rclk=1,
Ba Ria - Vung Tau ,10.5368183,107.1366365,Nui Dinh,,0,,4.5,Natural,https://www.google.com/maps/place/Nui+Dinh/data=!4m7!3m6!1s0x31750d1af3fb5185:0x9c4cea3750871417!8m2!3d10.5368183!4d107.1366365!16s%2Fm%2F0dd8rt5!19sChIJhVH78xoNdTERFxSHUDfqTJw?authuser=0&hl=en&rclk=1,
"Tân Thành, Ba Ria - Vung Tau ",10.5962146,107.0923331,Núi Thị Vải,,0,,4.7,Natural,https://www.google.com/maps/place/N%C3%BAi+Th%E1%BB%8B+V%E1%BA%A3i/data=!4m7!3m6!1s0x317512024b288549:0x507282ceac864095!8m2!3d10.5962146!4d107.0923331!16s%2Fg%2F1tkjhpcz!19sChIJSYUoSwISdTERlUCGrM6CclA?authuser=0&hl=en&rclk=1,
Ba Ria - Vung Tau ,10.4140204,107.2518631,Núi Minh Đạm,,0,,4.4,Natural,https://www.google.com/maps/place/Nu%CC%81i+Minh+%C4%90a%CC%A3m/data=!4m7!3m6!1s0x31757670ede1591d:0x56bd3ae70ea7d72!8m2!3d10.4140204!4d107.2518631!16s%2Fg%2F1yy3vm7j2!19sChIJHVnh7XB2dTERcn3qcK7TawU?authuser=0&hl=en&rclk=1,
"9339+6GP, Phường 1, Vũng Tàu, Bà Rịa - Vũng Tàu ",10.3530955,107.0688195,Rừng Vi Ba II,,0,,4.7,Natural,https://www.google.com/maps/place/R%E1%BB%ABng+Vi+Ba+II/data=!4m7!3m6!1s0x31756f2d11b6e43d:0xb228678fc4a1cb08!8m2!3d10.3530955!4d107.0688195!16s%2Fg%2F11q_bfpkt0!19sChIJPeS2ES1vdTERCMuhxI9nKLI?authuser=0&hl=en&rclk=1,
"444 Trần Phú, Phường 5, Vũng Tàu, Bà Rịa - Vũng Tàu ",10.3810757,107.0585641,Ancient Battery,,0,,4.4,Natural,https://www.google.com/maps/place/Ancient+Battery/data=!4m7!3m6!1s0x31756fa450421939:0xfca5a565a1b39df4!8m2!3d10.3810757!4d107.0585641!16s%2Fg%2F11bx9dgb_n!19sChIJORlCUKRvdTER9J2zoWWlpfw?authuser=0&hl=en&rclk=1,https://www.facebook.com/homestay.re
"Phường 6, District 3, Ho Chi Minh City 700000 ",10.7795106,106.6920916,War Remnants Museum,028 3930 5587 ,40000,₫40000,4.5,Historical,https://www.google.com/maps/place/War+Remnants+Museum/data=!4m7!3m6!1s0x31752f30a23708cf:0x7cd94adf2b1474aa!8m2!3d10.7795106!4d106.6920916!16s%2Fm%2F02pt71k!19sChIJzwg3ojAvdTERqnQUK99K2Xw?authuser=0&hl=en&rclk=1,https://baotangchungtichchientranh.vn/
"36 Hồ Tùng Mậu, Bến Nghé, Quận 1, Thành phố Hồ Chí Minh ",10.7715673,106.7042465,Saigon Skydeck,,240000,₫240000,4.4,Attraction,https://www.google.com/maps/place/Saigon+Skydeck/data=!4m7!3m6!1s0x31752f413f829255:0x898ec607e8ec7b7c!8m2!3d10.7715673!4d106.7042465!16s%2Fg%2F12qh2ltf6!19sChIJVZKCP0EvdTERfHvs6AfGjok?authuser=0&hl=en&rclk=1,https://ticket-stations.com/saigon-skydeck-bitexco
"Ben Thanh, District 1, Ho Chi Minh City ",10.7769942,106.6953021,Independence Palace,028 3822 3652 ,40000,₫40000,4.5,Attraction,https://www.google.com/maps/place/Independence+Palace/data=!4m7!3m6!1s0x31752f385570472f:0x1787491df0ed8d6a!8m2!3d10.7769942!4d106.6953021!16zL20vMDk4NHg5!19sChIJL0dwVTgvdTERao3t8B1Jhxc?authuser=0&hl=en&rclk=1,https://www.dinhdoclap.gov.vn/
"Ben Thanh, District 1, Ho Chi Minh City ",10.7745379,106.6924421,Tao Dan Park,,2400749,₫2400749,4.5,Natural,https://www.google.com/maps/place/Tao+Dan+Park/data=!4m7!3m6!1s0x31752f396a9573b1:0x3ef2307ad14f1770!8m2!3d10.7745379!4d106.6924421!16s%2Fg%2F121tymxf!19sChIJsXOVajkvdTERcBdP0Xow8j4?authuser=0&hl=en&rclk=1,https://congvientaodan.com/
"Ben Thanh, District 1, Ho Chi Minh City ",10.7725168,106.6980208,Ben Thanh Market,,1026675,₫1026675,4.0,Shopping,https://www.google.com/maps/place/Ben+Thanh+Market/data=!4m7!3m6!1s0x31752f3f3129e64d:0x8d6b2d79522c7f30!8m2!3d10.7725168!4d106.6980208!16s%2Fm%2F02q30t6!19sChIJTeYpMT8vdTERMH8sUnkta40?authuser=0&hl=en&rclk=1,
"số 72 Lê Thánh Tôn, Bến Nghé, Quận 1, Thành phố Hồ Chí Minh 700000 ",10.7776809,106.7014474,Chi Lang Park,,0,,4.2,Natural,https://www.google.com/maps/place/Chi+Lang+Park/data=!4m7!3m6!1s0x31752f47dc3c4fa9:0x288eef2da9f284c!8m2!3d10.7776809!4d106.7014474!16s%2Fg%2F11h54g7qts!19sChIJqU883EcvdTERTCif2vLuiAI?authuser=0&hl=en&rclk=1,
"41 Hoàng Dư Khương, Phường 12, Quận 10, Thành phố Hồ Chí Minh ",10.7761823,106.6718875,Museum of Traditional Vietnamese Medicine,028 3864 2430 ,180000,₫180000,4.5,Historical,https://www.google.com/maps/place/Museum+of+Traditional+Vietnamese+Medicine/data=!4m7!3m6!1s0x31752ed913384e0b:0xab59fe8772b3638b!8m2!3d10.7761823!4d106.6718875!16s%2Fg%2F11_v77glx!19sChIJC044E9kudTERi2Ozcof-Was?authuser=0&hl=en&rclk=1,http://fitomuseum.com.vn/
"720A Điện Biên Phủ, Phường 22, Bình Thạnh, Thành phố Hồ Chí Minh 72300 ",10.7951119,106.722096,Landmark 81,,449894,₫449894,4.6,Attraction,https://www.google.com/maps/place/Landmark+81/data=!4m7!3m6!1s0x317527c2f8f30911:0x36ac5073f8c91acd!8m2!3d10.7951119!4d106.722096!16s%2Fm%2F012hcpml!19sChIJEQnz-MIndTERzRrJ-HNQrDY?authuser=0&hl=en&rclk=1,https://www.ticketcheap.shop/landmark81
"2 Đ. Nguyễn Văn Bình, Bến Nghé, Quận 1, Thành phố Hồ Chí Minh 700000 ",10.780963,106.7000734,Ho Chi Minh City Book Street,,18754,₫18754,4.6,Attraction,https://www.google.com/maps/place/Ho+Chi+Minh+City+Book+Street/data=!4m7!3m6!1s0x31752f37d72fc64b:0xfc9031b5e3958d50!8m2!3d10.780963!4d106.7000734!16s%2Fg%2F11bxlpfshc!19sChIJS8Yv1zcvdTERUI2V47UxkPw?authuser=0&hl=en&rclk=1,https://duongsachtphcm.com/
"01 Công trường Công xã Paris, Bến Nghé, Quận 1, Thành phố Hồ Chí Minh 70000 ",10.7797855,106.6990189,Notre Dame Cathedral of Saigon,0914 122 229 ,658100,₫658100,4.4,Cultural,https://www.google.com/maps/place/Notre+Dame+Cathedral+of+Saigon/data=!4m7!3m6!1s0x31752f37e6d82451:0xe84f59936ced5b45!8m2!3d10.7797855!4d106.6990189!16s%2Fm%2F027b16m!19sChIJUSTY5jcvdTERRVvtbJNZT-g?authuser=0&hl=en&rclk=1,
"07 Công trường Lam Sơn, Bến Nghé, Quận 1, Thành phố Hồ Chí Minh 710212 ",10.7766128,106.7031715,Saigon Opera House,,800000,₫800000,4.6,Attraction,https://www.google.com/maps/place/Saigon+Opera+House/data=!4m7!3m6!1s0x31752f4649e7ca29:0x55f531b6120cae3b!8m2!3d10.7766128!4d106.7031715!16s%2Fm%2F027_v_t!19sChIJKcrnSUYvdTERO64MErYx9VU?authuser=0&hl=en&rclk=1,https://ticket-stations.com/a-o-show
"2 Nguyễn Bỉnh Khiêm, Bến Nghé, Quận 1, Thành phố Hồ Chí Minh 700000 ",10.7873344,106.7050566,Saigon Zoo & Botanical Gardens,028 3829 1425 ,60000,₫60000,4.3,Attraction,https://www.google.com/maps/place/Saigon+Zoo+%26+Botanical+Gardens/data=!4m7!3m6!1s0x31752f4b3330bcc7:0x4db964d76bf6e18e!8m2!3d10.7873344!4d106.7050566!16s%2Fm%2F02pxd7b!19sChIJx7wwM0svdTERjuH2a9dkuU0?authuser=0&hl=en&rclk=1,https://saigonzoo.net/
"72 Lê Thánh Tôn, Bến Nghé, Quận 1, Thành phố Hồ Chí Minh 70000 ",10.7780283,106.7019909,Back of the Bike Tours - Ho Chi Minh City Food Tours,0935 046 910 ,0,,4.9,Attraction,https://www.google.com/maps/place/Back+of+the+Bike+Tours+-+Ho+Chi+Minh+City+Food+Tours/data=!4m7!3m6!1s0x31752f69244be589:0xdc8a9d293c5ea652!8m2!3d10.7780283!4d106.7019909!16s%2Fg%2F12hnvrdpr!19sChIJieVLJGkvdTERUqZePCmditw?authuser=0&hl=en&rclk=1,https://backofthebiketours.com/
"Phường Phạm Ngũ Lão, District 1, Ho Chi Minh City 700000 ",10.7687114,106.69234,September 23rd Park,,0,,4.4,Natural,https://www.google.com/maps/place/September+23rd+Park/data=!4m7!3m6!1s0x31752f3efe0a86bb:0xe8ca8e027af4297d!8m2!3d10.7687114!4d106.69234!16s%2Fg%2F121pdcj_!19sChIJu4YK_j4vdTERfSn0egKOyug?authuser=0&hl=en&rclk=1,https://congvien23thang9.com/
"65 Lý Tự Trọng, Bến Nghé, Quận 1, Thành phố Hồ Chí Minh ",10.7759656,106.6996476,Museum of Ho Chi Minh City,028 3829 9741 ,1184625,₫1184625,4.2,Historical,https://www.google.com/maps/place/Museum+of+Ho+Chi+Minh+City/data=!4m7!3m6!1s0x31752f7e127ee995:0x2dcb5bd0282bae73!8m2!3d10.7759656!4d106.6996476!16s%2Fm%2F02pxf_c!19sChIJlel-En4vdTERc64rKNBbyy0?authuser=0&hl=en&rclk=1,https://hcmc-museum.edu.vn/
"74 Lê Công Kiều, Phường Nguyễn Thái Bình, Quận 1, Thành phố Hồ Chí Minh ",10.7704503,106.6994843,French Style Architecture Street,,0,,4.0,Attraction,https://www.google.com/maps/place/French+Style+Architecture+Street/data=!4m7!3m6!1s0x31752f4063ed0fff:0x669443edead39f50!8m2!3d10.7704503!4d106.6994843!16s%2Fg%2F11k51rrzqh!19sChIJ_w_tY0AvdTERUJ_T6u1DlGY?authuser=0&hl=en&rclk=1,
"26A Lê Lợi, Phường Sài Gòn, Quận 1, Thành phố Hồ Chí Minh 700000 ",10.7748981,106.7011038,Citymap Adventure - Chocolate Workshop and Foodtour,0787 132 857 ,0,,5.0,Attraction,https://www.google.com/maps/place/Citymap+Adventure+-+Chocolate+Workshop+and+Foodtour/data=!4m7!3m6!1s0x31752fe7ac58949f:0xe9525bfd3524db5e!8m2!3d10.7748981!4d106.7011038!16s%2Fg%2F11x8d5624_!19sChIJn5RYrOcvdTERXtskNf1bUuk?authuser=0&hl=en&rclk=1,https://www.citymapadventure.com/?utm_source=google&utm_medium=wix_google_business_profile&utm_campaign=3055366584081925606
"98 Đ. Nguyễn Thị Thập, Tân Hưng, Quận 7, Thành phố Hồ Chí Minh 700000 ",10.7415542,106.6950039,Vietopia,,285000,₫285000,4.2,Attraction,https://www.google.com/maps/place/Vietopia/data=!4m7!3m6!1s0x31752fa142524103:0xe2eb19c8b35e43b9!8m2!3d10.7415542!4d106.6950039!16s%2Fg%2F1q5gqnh4j!19sChIJA0FSQqEvdTERuUNes8gZ6-I?authuser=0&hl=en&rclk=1,https://vietopia.com.vn/
"Bùi Viện, Phường Phạm Ngũ Lão, Quận 1, Thành phố Hồ Chí Minh ",10.767351,106.6938836,Bui Vien Walking Street,,512800,₫512800,4.3,Attraction,https://www.google.com/maps/place/Bui+Vien+Walking+Street/data=!4m7!3m6!1s0x31752f1605cbdc09:0xf1c00d273532c3a6!8m2!3d10.767351!4d106.6938836!16s%2Fg%2F11fz_hbt2k!19sChIJCdzLBRYvdTERpsMyNScNwPE?authuser=0&hl=en&rclk=1,http://ticketdulich.com/streetfood-scooter
"2 Nguyễn Bỉnh Khiêm, Bến Nghé, Quận 1, Thành phố Hồ Chí Minh ",10.784798,106.7078535,Geological Museum of Vietnam,0918 899 169 ,0,,4.4,Historical,https://www.google.com/maps/place/Geological+Museum+of+Vietnam/data=!4m7!3m6!1s0x31752f4c464309d7:0x9484be01d703a68e!8m2!3d10.784798!4d106.7078535!16s%2Fg%2F11bwp6rpgk!19sChIJ1wlDRkwvdTERjqYD1wG-hJQ?authuser=0&hl=en&rclk=1,
"RM28+C2, Phường 2, Tân Bình, Thành phố Hồ Chí Minh ",10.8010436,106.6650508,Hoang Van Thu Park,,0,,4.5,Natural,https://www.google.com/maps/place/Hoang+Van+Thu+Park/data=!4m7!3m6!1s0x31752949eb3e795f:0xa435dd1685ea2fbc!8m2!3d10.8010436!4d106.6650508!16s%2Fg%2F11hzwcm67k!19sChIJX3k-60kpdTERvC_qhRbdNaQ?authuser=0&hl=en&rclk=1,https://congvienhoangvanthu.com/
"Đ. Nguyễn Thị Sáu, Thạnh Lộc, Quận 12, Thành phố Hồ Chí Minh 70000 ",10.8749907,106.6828275,Saigon Crocodile Village,028 3716 1507 ,0,,4.3,Attraction,https://www.google.com/maps/place/Saigon+Crocodile+Village/data=!4m7!3m6!1s0x317528297fab9a4d:0x47619daa5abb2337!8m2!3d10.8749907!4d106.6828275!16s%2Fg%2F1pp2t_t5v!19sChIJTZqrfykodTERNyO7WqqdYUc?authuser=0&hl=en&rclk=1,https://hoacafashion.com/
"191 Đ. Lê Văn Thọ, Phường 8, Gò Vấp, Thành phố Hồ Chí Minh ",10.841896,106.656146,Gò Vấp Floral Village Park,,0,,4.4,Natural,https://www.google.com/maps/place/G%C3%B2+V%E1%BA%A5p+Floral+Village+Park/data=!4m7!3m6!1s0x317529a3be3265e9:0x73eb335ab4f71bbb!8m2!3d10.841896!4d106.656146!16s%2Fg%2F11btrr3fjw!19sChIJ6WUyvqMpdTERuxv3tFoz63M?authuser=0&hl=en&rclk=1,
"875 Cách Mạng Tháng Tám, Phường 15, Quận 10, Thành phố Hồ Chí Minh 700000 ",10.7851478,106.6647487,Le Thi Rieng Cultural Park,,0,,4.6,Natural,https://www.google.com/maps/place/Le+Thi+Rieng+Cultural+Park/data=!4m7!3m6!1s0x31752f001ee4e925:0xddaf85dceb45323f!8m2!3d10.7851478!4d106.6647487!16s%2Fg%2F11hzwy7z2b!19sChIJJenkHgAvdTERPzJF69yFr90?authuser=0&hl=en&rclk=1,
"87 Thăng Long, Phường 4, Tân Bình, Thành phố Hồ Chí Minh ",10.8052733,106.6606645,Air Force Museum,0986 662 231 ,0,,4.1,Historical,https://www.google.com/maps/place/Air+Force+Museum/data=!4m7!3m6!1s0x3175293ba924d33b:0x84d7787e747388e4!8m2!3d10.8052733!4d106.6606645!16s%2Fm%2F09rvsk3!19sChIJO9MkqTspdTER5IhzdH5414Q?authuser=0&hl=en&rclk=1,
"QPG4+4HH, Công trường Mê Linh, Bến Nghé, Quận 1, Thành phố Hồ Chí Minh ",10.7753042,106.7064721,Tran Hung Dao Statue,,0,,4.5,Attraction,https://www.google.com/maps/place/Tran+Hung+Dao+Statue/data=!4m7!3m6!1s0x31752f45cd68378f:0x149e6ff48da09c04!8m2!3d10.7753042!4d106.7064721!16s%2Fg%2F1pxxswjnb!19sChIJjzdozUUvdTERBJygjfRvnhQ?authuser=0&hl=en&rclk=1,
"Sheraton Saigon Grand Opera Hotel, Đông Du/80 Ward, Street, Quận 1, Thành phố Hồ Chí Minh 700000 ",10.7757706,106.7042346,Palazzo E-Gaming Club,,0,,3.7,Attraction,https://www.google.com/maps/place/Palazzo+E-Gaming+Club/data=!4m7!3m6!1s0x31752f711d17036f:0x4f093aa55b40128a!8m2!3d10.7757706!4d106.7042346!16s%2Fg%2F1tdw0zl9!19sChIJbwMXHXEvdTERihJAW6U6CU8?authuser=0&hl=en&rclk=1,http://www.palazzo.vn/
"Đường D3, An Phú, Thủ Đức, Thành phố Hồ Chí Minh 70000 ",10.7984545,106.7720421,"City Park, The Global City",0888 513 159 ,0,,4.3,Natural,"https://www.google.com/maps/place/City+Park,+The+Global+City/data=!4m7!3m6!1s0x317527004a5fec73:0x53a8bf1b35fbdc70!8m2!3d10.7984545!4d106.7720421!16s%2Fg%2F11xc_f2kq5!19sChIJc-xfSgAndTERcNz7NRu_qFM?authuser=0&hl=en&rclk=1",https://www.facebook.com/TGCCityPark
"Tôn Đức Thắng, Bến Nghé, Quận 1, Thành phố Hồ Chí Minh ",10.7749722,106.7064267,Riverside Park,,0,,4.4,Natural,https://www.google.com/maps/place/Riverside+Park/data=!4m7!3m6!1s0x31752f382eb056a9:0xaabbb749a845cb!8m2!3d10.7749722!4d106.7064267!16s%2Fg%2F11j0s3f9vg!19sChIJqVawLjgvdTERy0WoSbe7qgA?authuser=0&hl=en&rclk=1,
"336 Hai Bà Trưng, Phường Tân Định, Quận 1, Thành phố Hồ Chí Minh ",10.789876,106.6900255,Tân Định Market,028 3820 1272 ,840000,₫840000,4.2,Shopping,https://www.google.com/maps/place/T%C3%A2n+%C4%90%E1%BB%8Bnh+Market/data=!4m7!3m6!1s0x317528cd33a114bf:0x8fab22fc954be1f1!8m2!3d10.789876!4d106.6900255!16s%2Fg%2F1t_wlvm2!19sChIJvxShM80odTER8eFLlfwiq48?authuser=0&hl=en&rclk=1,https://www.foody.vn/ho-chi-minh/cho-tan-dinh
"Số 2 Lê Duẩn, Bến Nghé, Quận 1, Thành phố Hồ Chí Minh ",10.7869955,106.7042194,Ho Chi Minh Campaign Museum,0336 578 946 ,0,,4.3,Historical,https://www.google.com/maps/place/Ho+Chi+Minh+Campaign+Museum/data=!4m7!3m6!1s0x31752f4b0d4e6c91:0x6fc414b7f41f17a4!8m2!3d10.7869955!4d106.7042194!16s%2Fg%2F1222nw9q!19sChIJkWxODUsvdTERpBcf9LcUxG8?authuser=0&hl=en&rclk=1,
"Công trường Quốc Tế, Phường 6, Quận 3, Thành phố Hồ Chí Minh ",10.7826071,106.695926,Turtle Pond,,0,,4.3,Attraction,https://www.google.com/maps/place/Turtle+Pond/data=!4m7!3m6!1s0x31752f36945880c5:0x92b8db9e3e747a70!8m2!3d10.7826071!4d106.695926!16s%2Fg%2F11f3jvmzmj!19sChIJxYBYlDYvdTERcHp0Pp7buJI?authuser=0&hl=en&rclk=1,
"134 Nam Kỳ Khởi Nghĩa, Bến Nghé, Quận 1, Thành phố Hồ Chí Minh ",10.7772206,106.6979014,Ben Nghe Street Food,0901 262 830 ,1006893,₫1006893,4.3,Attraction,https://www.google.com/maps/place/Ben+Nghe+Street+Food/data=!4m7!3m6!1s0x31752f38d6d12d4b:0x9a6eb30ab7589d13!8m2!3d10.7772206!4d106.6979014!16s%2Fg%2F11bxgb8ltc!19sChIJSy3R1jgvdTERE51Ytwqzbpo?authuser=0&hl=en&rclk=1,https://www.facebook.com/streetfoodmarketbennghe?mibextid=kFxxJD
"8A Thái Văn Lung, Bến Nghé, Quận 1, Thành phố Hồ Chí Minh 700000 ",10.7793695,106.7047033,Saigon Japan Town,,0,,4.3,Attraction,https://www.google.com/maps/place/Saigon+Japan+Town/data=!4m7!3m6!1s0x31752f48cf3c7265:0xd3bba610945c3f32!8m2!3d10.7793695!4d106.7047033!16s%2Fg%2F11cllprvly!19sChIJZXI8z0gvdTERMj9clBCmu9M?authuser=0&hl=en&rclk=1,https://www.facebook.com/japantownsaigon/
"5 Đ. Nguyễn Tất Thành, Phường 13, Quận 4, Thành phố Hồ Chí Minh 700000 ",10.765958,106.7087557,Indochina Queen,028 3895 7438 ,540000,₫540000,4.5,Attraction,https://www.google.com/maps/place/Indochina+Queen/data=!4m7!3m6!1s0x31752f613124d7df:0xf9fb04d822f377eb!8m2!3d10.765958!4d106.7087557!16s%2Fg%2F11swv9dfzr!19sChIJ39ckMWEvdTER63fzItgE-_k?authuser=0&hl=en&rclk=1,http://indochinaqueencruise.com.vn/
"74 Đồng Khởi, Bến Nghé, Quận 1, Thành phố Hồ Chí Minh 711000 ",10.775263,106.7042458,Réhahn Gallery,0398 206 986 ,0,,4.9,Attraction,https://www.google.com/maps/place/R%C3%A9hahn+Gallery/data=!4m7!3m6!1s0x3175277873278a31:0x729cc7211528b62!8m2!3d10.775263!4d106.7042458!16s%2Fg%2F11j_67dh_1!19sChIJMYonc3gndTERYotSEXLMKQc?authuser=0&hl=en&rclk=1,https://www.rehahnphotographer.com/
"40 Đ. Vĩnh Khánh, Phường 8, Quận 4, Thành phố Hồ Chí Minh ",10.7618585,106.7022361,Vinh Khanh Food Street,,0,,4.2,Attraction,https://www.google.com/maps/place/Vinh+Khanh+Food+Street/data=!4m7!3m6!1s0x31752f6b62a256ff:0x8d511e314fa49c38!8m2!3d10.7618585!4d106.7022361!16s%2Fg%2F11hc_rwscr!19sChIJ_1aiYmsvdTEROJykTzEeUY0?authuser=0&hl=en&rclk=1,
"01 Đ. Hoàng Thế Thiện, An Lợi Đông, Thủ Đức, Thành phố Hồ Chí Minh 700000 ",10.7721778,106.7246327,Sala Urban Park,,0,,4.6,Natural,https://www.google.com/maps/place/Sala+Urban+Park/data=!4m7!3m6!1s0x317525f61562e3c9:0xa744f70e7cf9ff0f!8m2!3d10.7721778!4d106.7246327!16s%2Fg%2F11f3rxnn1f!19sChIJyeNiFfYldTERD__5fA73RKc?authuser=0&hl=en&rclk=1,http://khudothisala.vn/
"25 Đ. Học Lạc, Phường 14, Quận 5, Thành phố Hồ Chí Minh 700000 ",10.751965,106.6543386,St Francis Xavier Church,028 3856 0274 ,0,,4.6,Cultural,https://www.google.com/maps/place/St+Francis+Xavier+Church/data=!4m7!3m6!1s0x31752ef4ebbbcd21:0x44da956564996287!8m2!3d10.751965!4d106.6543386!16s%2Fg%2F125n1hqw3!19sChIJIc276_QudTERh2KZZGWV2kQ?authuser=0&hl=en&rclk=1,https://nhathochatam.com/
"86/8A Mạc Đĩnh Chi, Đa Kao, Quận 1, Thành phố Hồ Chí Minh 700000 ",10.7882208,106.6965572,Saigon Adventure - Food Tour In Ho Chi Minh City,0975 642 264 ,0,,5.0,Attraction,https://www.google.com/maps/place/Saigon+Adventure+-+Food+Tour+In+Ho+Chi+Minh+City/data=!4m7!3m6!1s0x31752f1aa9aba7df:0x9cb84d830323d95a!8m2!3d10.7882208!4d106.6965572!16s%2Fg%2F11c1vkcp1b!19sChIJ36erqRovdTERWtkjA4NNuJw?authuser=0&hl=en&rclk=1,https://saigonadventure.com/
"32 Võ Văn Tần, Phường 6, Quận 1, Thành phố Hồ Chí Minh 700000 ",10.7789214,106.6922116,Spring Saigon Tours,0334 789 398 ,0,,5.0,Attraction,https://www.google.com/maps/place/Spring+Saigon+Tours/data=!4m7!3m6!1s0x31752f7cf132ef27:0x9e2745b69973f54f!8m2!3d10.7789214!4d106.6922116!16s%2Fg%2F11gm70c678!19sChIJJ-8y8XwvdTERT_VzmbZFJ54?authuser=0&hl=en&rclk=1,
"Nằm trong 101Tôn Dật Tiên (tầng 2, 101 Đ. Tôn Dật Tiên, Tân Phú, Quận 7, Thành phố Hồ Chí Minh 700000 ",10.7290836,106.7188731,The Crescent,0393 728 659 ,0,,5.0,Attraction,https://www.google.com/maps/place/The+Crescent/data=!4m7!3m6!1s0x31752fd9b1d7c695:0xb90f3042b7ca2285!8m2!3d10.7290836!4d106.7188731!16s%2Fg%2F11t9rxjrns!19sChIJlcbXsdkvdTERhSLKt0IwD7k?authuser=0&hl=en&rclk=1,https://the-crescent.com/
"750 Nguyễn Kiệm, Phường 4, Phú Nhuận, Thành phố Hồ Chí Minh ",10.8100403,106.6786271,Van Hanh Monastery,028 3845 0794 ,0,,4.6,Attraction,https://www.google.com/maps/place/Van+Hanh+Monastery/data=!4m7!3m6!1s0x317528dfadcd3b83:0xd97ee4f047bc423e!8m2!3d10.8100403!4d106.6786271!16s%2Fm%2F043shmk!19sChIJgzvNrd8odTERPkK8R_Dkftk?authuser=0&hl=en&rclk=1,https://thienvienvanhanh.com/
"118 Đ. Triệu Quang Phục, Phường 11, Quận 5, Thành phố Hồ Chí Minh ",10.7525748,106.6614803,三山會館 - Tam Son Hoi Quan Pagoda,,0,,4.3,Cultural,https://www.google.com/maps/place/%E4%B8%89%E5%B1%B1%E6%9C%83%E9%A4%A8+-+Tam+Son+Hoi+Quan+Pagoda/data=!4m7!3m6!1s0x31752ef7285b4759:0x66c296a8fb8a0d36!8m2!3d10.7525748!4d106.6614803!16s%2Fg%2F11bxc60zqy!19sChIJWUdbKPcudTERNg2K-6iWwmY?authuser=0&hl=en&rclk=1,https://vietnamdiscovery.com/ho-chi-minh-city/attractions/tam-son-hoi-quan-pagoda/
"Hoàng Sa, Phường Võ Thị Sáu, Quận 3, Thành phố Hồ Chí Minh ",10.7862451,106.6828111,Chùa Chantarangsay,0938 787 165 ,0,,4.7,Cultural,https://www.google.com/maps/place/Ch%C3%B9a+Chantarangsay/data=!4m7!3m6!1s0x31752f2c6c4a1eab:0xba99347a95720429!8m2!3d10.7862451!4d106.6828111!16s%2Fg%2F1tlbg1p9!19sChIJqx5KbCwvdTERKQRylXo0mbo?authuser=0&hl=en&rclk=1,
"Upstairs, 220 Nguyễn Công Trứ, Phường Nguyễn Thái Bình, Quận 1, Thành phố Hồ Chí Minh ",10.7679743,106.700435,Lacàph Coffee Experiences Space,0866 721 202 ,0,,5.0,Attraction,https://www.google.com/maps/place/Lac%C3%A0ph+Coffee+Experiences+Space/data=!4m7!3m6!1s0x31752fafb4f8a93d:0x620ce60882082fd4!8m2!3d10.7679743!4d106.700435!16s%2Fg%2F11fs2_3bvt!19sChIJPan4tK8vdTER1C8IggjmDGI?authuser=0&hl=en&rclk=1,https://www.lacaph.com/
"66/14 Đ. Nghĩa Thục, Phường 5, Quận 5, Thành phố Hồ Chí Minh 70000 ",10.7533702,106.6752996,Chùa Vạn Phật,028 3838 1955 ,648097,₫648097,4.7,Cultural,https://www.google.com/maps/place/Ch%C3%B9a+V%E1%BA%A1n+Ph%E1%BA%ADt/data=!4m7!3m6!1s0x31752efdee443bdf:0xf5802db1fe006759!8m2!3d10.7533702!4d106.6752996!16s%2Fg%2F1tgpq311!19sChIJ3ztE7v0udTERWWcA_rEtgPU?authuser=0&hl=en&rclk=1,http://facebook.com/chuavanphat.q5.tphcm
"4/91 Tổ 9 - KP1, Thạnh Lộc, Quận 12, Thành phố Hồ Chí Minh ",10.8821943,106.6876658,Nhà rông,,0,,4.5,Attraction,https://www.google.com/maps/place/Nh%C3%A0+r%C3%B4ng/data=!4m7!3m6!1s0x3174d70d06f5cf8f:0xfa445955748db164!8m2!3d10.8821943!4d106.6876658!16s%2Fg%2F11pqttm7bk!19sChIJj8_1Bg3XdDERZLGNdFVZRPo?authuser=0&hl=en&rclk=1,
"66 Đông Du, Bến Nghé, Quận 1, Thành phố Hồ Chí Minh ",10.7761942,106.7042267,Jamia Al-Musulman Mosque,,0,,4.7,Attraction,https://www.google.com/maps/place/Jamia+Al-Musulman+Mosque/data=!4m7!3m6!1s0x31752f4669d930ad:0xb8d283b11a8b9d51!8m2!3d10.7761942!4d106.7042267!16s%2Fg%2F1v2pmq3g!19sChIJrTDZaUYvdTERUZ2LGrGD0rg?authuser=0&hl=en&rclk=1,
"Đ. Cống Quỳnh, Phường Phạm Ngũ Lão, Quận 1, Thành phố Hồ Chí Minh ",10.7667302,106.6886914,Thái Bình Market,028 3839 4027 ,0,,4.2,Shopping,https://www.google.com/maps/place/Th%C3%A1i+B%C3%ACnh+Market/data=!4m7!3m6!1s0x31752f17f2a8f577:0x48953fa7ed5f5e5d!8m2!3d10.7667302!4d106.6886914!16s%2Fg%2F1tfqnfzv!19sChIJd_Wo8hcvdTERXV5f7ac_lUg?authuser=0&hl=en&rclk=1,
"Hẻm 611, 611/111 Điện Biên Phủ, Phường 1, Quận 3, Thành Phố Hồ Chí Minh, Thành phố Hồ Chí Minh 700000 ",10.767946,106.678176,XO Tours - Saigon Food Tours and City Tours Led by Women,0933 083 727 ,0,,5.0,Attraction,https://www.google.com/maps/place/XO+Tours+-+Saigon+Food+Tours+and+City+Tours+Led+by+Women/data=!4m7!3m6!1s0x31752f201eb716d7:0xac5e46851993434c!8m2!3d10.767946!4d106.678176!16s%2Fg%2F11d_wnls2_!19sChIJ1xa3HiAvdTERTEOTGYVGXqw?authuser=0&hl=en&rclk=1,https://xotours.vn/
"Quốc Hương, Thảo Điền, Thủ Đức, Thành phố Hồ Chí Minh 700000 ",10.8004041,106.7321885,Thao Dien Park,,0,,4.4,Natural,https://www.google.com/maps/place/Thao+Dien+Park/data=!4m7!3m6!1s0x3175261adad10ec9:0x16d52e2fa8c15dee!8m2!3d10.8004041!4d106.7321885!16s%2Fg%2F11dxl9vcp2!19sChIJyQ7R2homdTER7l3BqC8u1RY?authuser=0&hl=en&rclk=1,
"225 Đ. Nguyễn Xí, P. 13, Bình Thạnh, Thành phố Hồ Chí Minh 700000 ",10.8182738,106.7043956,KissTour (SaigonKissTours) - Motorbike City & Food Tour with 100% Female Drivers,0901 144 116 ,0,,5.0,Natural,https://www.google.com/maps/place/KissTour+%28SaigonKissTours%29+-+Motorbike+City+%26+Food+Tour+with+100%25+Female+Drivers/data=!4m7!3m6!1s0x3175295625fe9733:0x694f4edb6c9ccf10!8m2!3d10.8182738!4d106.7043956!16s%2Fg%2F11f08hd712!19sChIJM5f-JVYpdTEREM-cbNtOT2k?authuser=0&hl=en&rclk=1,https://kisstour.com/
"184 Đ. Hồng Bàng, Phường 12, Quận 5, Thành phố Hồ Chí Minh ",10.7548737,106.6588763,Phước An Hội Quán - Chùa Minh Hương,,0,,4.5,Cultural,https://www.google.com/maps/place/Ph%C6%B0%E1%BB%9Bc+An+H%E1%BB%99i+Qu%C3%A1n+-+Ch%C3%B9a+Minh+H%C6%B0%C6%A1ng/data=!4m7!3m6!1s0x31752ef16161939f:0x44d98dcb2fad7b24!8m2!3d10.7548737!4d106.6588763!16s%2Fg%2F11tnyr09yf!19sChIJn5NhYfEudTERJHutL8uN2UQ?authuser=0&hl=en&rclk=1,
"Đ. Số 48/229 Đ. Vĩnh Hội, Phường, Quận 4, Thành phố Hồ Chí Minh ",10.7572321,106.6985583,Khanh Hoi Park,028 2211 8026 ,0,,4.3,Natural,https://www.google.com/maps/place/Khanh+Hoi+Park/data=!4m7!3m6!1s0x31752f6d618eed3d:0xc6237755d8633c00!8m2!3d10.7572321!4d106.6985583!16s%2Fg%2F11g6bfhh0n!19sChIJPe2OYW0vdTERADxj2FV3I8Y?authuser=0&hl=en&rclk=1,
"230 Lý Tự Trọng, Phường Bến Thành, Quận 1, Thành phố Hồ Chí Minh 700000 ",10.7725465,106.6946813,THE ONE HOTEL BEN THANH,,0,,4.2,Attraction,https://www.google.com/maps/place/THE+ONE+HOTEL+BEN+THANH/data=!4m10!3m9!1s0x31752f3eba0b6ac5:0x2de2135cfb6f2b19!5m2!4m1!1i2!8m2!3d10.7725465!4d106.6946813!16s%2Fg%2F11fjz4ktfh!19sChIJxWoLuj4vdTERGStv-1wT4i0?authuser=0&hl=en&rclk=1,http://www.theonehotelbenthanh.com/
"678 Nguyễn Trãi, Phường 11, Quận 5, Thành phố Hồ Chí Minh 70000 ",10.7537089,106.662116,Hội Quán Nghĩa An,028 3853 8775 ,1291382,₫1291382,4.7,Attraction,https://www.google.com/maps/place/H%E1%BB%99i+Qu%C3%A1n+Ngh%C4%A9a+An/data=!4m7!3m6!1s0x31752ef0d2aef039:0x55d5a4c737ec32e0!8m2!3d10.7537089!4d106.662116!16s%2Fg%2F120sdjkx!19sChIJOfCu0vAudTER4DLsN8ek1VU?authuser=0&hl=en&rclk=1,
"131/3 Nguyễn Thị Minh Khai, Phường Phạm Ngũ Lão, Quận 1, Thành phố Hồ Chí Minh 711106 ",10.7715253,106.6879056,The Provincial Table Cooking Class,0768 979 998 ,0,,4.8,Attraction,https://www.google.com/maps/place/The+Provincial+Table+Cooking+Class/data=!4m7!3m6!1s0x31752fe675eb988f:0x29cdd83f32fd631d!8m2!3d10.7715253!4d106.6879056!16s%2Fg%2F11f7pgkyyd!19sChIJj5jrdeYvdTERHWP9Mj_YzSk?authuser=0&hl=en&rclk=1,https://www.provincialtable.vn/
"17A Xuân Thủy, Thảo Điền, Quận 2, Thành phố Hồ Chí Minh ",10.803015,106.7293643,Sip N Play [Board & Video Games Bar],0373 646 845 ,0,,4.8,Attraction,https://www.google.com/maps/place/Sip+N+Play+%5BBoard+%26+Video+Games+Bar%5D/data=!4m7!3m6!1s0x3175279d5b3a8c85:0xf41bc5d356a75409!8m2!3d10.803015!4d106.7293643!16s%2Fg%2F11t9pyh00h!19sChIJhYw6W50ndTERCVSnVtPFG_Q?authuser=0&hl=en&rclk=1,https://www.facebook.com/sipnplaycafe
"QMWM+FRP, Phường 2, Phú Nhuận, Thành phố Hồ Chí Minh ",10.7962043,106.6845913,Bờ Kè Phú Nhuận,,0,,4.3,Attraction,https://www.google.com/maps/place/B%E1%BB%9D+K%C3%A8+Ph%C3%BA+Nhu%E1%BA%ADn/data=!4m7!3m6!1s0x317528d1708a47af:0x57ddb2757ebfca49!8m2!3d10.7962043!4d106.6845913!16s%2Fg%2F11c1qbls_c!19sChIJr0eKcNEodTERScq_fnWy3Vc?authuser=0&hl=en&rclk=1,
"51/11 Cao Thắng, Phường 2, Quận 3, Thành phố Hồ Chí Minh 700000 ",10.7697434,106.6814134,Saigon on motorbike,0987 271 754 ,0,,5.0,Attraction,https://www.google.com/maps/place/Saigon+on+motorbike/data=!4m7!3m6!1s0x31752f1b44eae63b:0x2f0dc811c0230e6e!8m2!3d10.7697434!4d106.6814134!16s%2Fg%2F11bx9py2kn!19sChIJO-bqRBsvdTERbg4jwBHIDS8?authuser=0&hl=en&rclk=1,http://www.saigononmotorbike.com/
"63/11 Pasteur, Bến Nghé, Quận 1, Thành phố Hồ Chí Minh ",10.7749148,106.700585,Old Compass Travel,0903 900 841 ,0,,5.0,Attraction,https://www.google.com/maps/place/Old+Compass+Travel/data=!4m7!3m6!1s0x31752f0227f689b7:0xfbed7a4c89385751!8m2!3d10.7749148!4d106.700585!16s%2Fg%2F11t8cbh_xw!19sChIJt4n2JwIvdTERUVc4iUx67fs?authuser=0&hl=en&rclk=1,http://www.oldcompasstravel.com/
"1 Ngô Đức Kế, Bến Nghé, Quận 1, Thành phố Hồ Chí Minh ",10.7744649,106.7062995,Club Royale,028 3822 1888 ,0,,4.1,Attraction,https://www.google.com/maps/place/Club+Royale/data=!4m7!3m6!1s0x31752f442edab75f:0x342674e674900ee5!8m2!3d10.7744649!4d106.7062995!16s%2Fg%2F1tq8g15m!19sChIJX7faLkQvdTER5Q6QdOZ0JjQ?authuser=0&hl=en&rclk=1,http://clubroyalevn.com.vn/
"141 Đ. Bắc Hải, Phường 14, Quận 10, Thành phố Hồ Chí Minh ",10.7788,106.6573616,Đoàn Lô Tô Sài Gòn Tân Thời,0819 000 402 ,0,,4.7,Attraction,https://www.google.com/maps/place/%C4%90o%C3%A0n+L%C3%B4+T%C3%B4+S%C3%A0i+G%C3%B2n+T%C3%A2n+Th%E1%BB%9Di/data=!4m7!3m6!1s0x31752f4a517f9ceb:0x851c8fa1b0f2b993!8m2!3d10.7788!4d106.6573616!16s%2Fg%2F11rtr77mds!19sChIJ65x_UUovdTERk7nysKGPHIU?authuser=0&hl=en&rclk=1,https://www.facebook.com/LoToSGTT?mibextid=JRoKGi
"26 bis/1, Vĩnh Phú, Thuận An, Bình Dương ",10.8750971,106.7010265,Museum of Traditional Vietnamese Pharmacy,028 3864 2430 ,737030,₫737030,4.6,Historical,https://www.google.com/maps/place/Museum+of+Traditional+Vietnamese+Pharmacy/data=!4m7!3m6!1s0x31752963823911ad:0x531374bdb6dd7b99!8m2!3d10.8750971!4d106.7010265!16s%2Fg%2F11fb27rxbx!19sChIJrRE5gmMpdTERmXvdtr10E1M?authuser=0&hl=en&rclk=1,http://fitomuseum.com.vn/
"14/48 Ngô Tất Tố, Phường Thạnh Mỹ Tây, Bình Thạnh, Thành phố Hồ Chí Minh ",10.7930861,106.7097895,Urban Venture Tour - Công ty TNHH Du lịch Thương mại Urban Venture (VESPA TOUR),0911 051 144 ,0,,5.0,Attraction,https://www.google.com/maps/place/Urban+Venture+Tour+-+C%C3%B4ng+ty+TNHH+Du+l%E1%BB%8Bch+Th%C6%B0%C6%A1ng+m%E1%BA%A1i+Urban+Venture+%28VESPA+TOUR%29/data=!4m7!3m6!1s0x31752951d986edf9:0x6ddd9f63925a3a83!8m2!3d10.7930861!4d106.7097895!16s%2Fg%2F11whg7rzsw!19sChIJ-e2G2VEpdTERgzpakmOf3W0?authuser=0&hl=en&rclk=1,
"453/15 Nguyễn Đình Chiểu, Phường 5, Quận 3, Thành phố Hồ Chí Minh ",10.770248,106.6829828,Xào Xạc cafe & plants,0949 452 277 ,0,,4.7,Attraction,https://www.google.com/maps/place/X%C3%A0o+X%E1%BA%A1c+cafe+%26+plants/data=!4m7!3m6!1s0x31752fbaddd90093:0x824288d2c3b139ed!8m2!3d10.770248!4d106.6829828!16s%2Fg%2F11tx6j7mv3!19sChIJkwDZ3bovdTER7Tmxw9KIQoI?authuser=0&hl=en&rclk=1,http://www.facebook.com/wheretheplantsare
"16A Đ. Số 10, Thảo Điền, Thủ Đức, Thành phố Hồ Chí Minh 700000 ",10.8045926,106.7456865,Golden Lotus Healing World,028 3823 9000 ,0,,4.9,Attraction,https://www.google.com/maps/place/Golden+Lotus+Healing+World/data=!4m7!3m6!1s0x31752f3155c4061f:0x7286090b5198c1dd!8m2!3d10.8045926!4d106.7456865!16s%2Fg%2F11cs6lg_c6!19sChIJHwbEVTEvdTER3cGYUQsJhnI?authuser=0&hl=en&rclk=1,http://goldenlotusspa.vn/
"QM5X+3JH, Phường 2, Quận 4, Thành phố Hồ Chí Minh ",10.7576972,106.6991205,Quảng trường Khánh Hội,,0,,4.6,Attraction,https://www.google.com/maps/place/Qu%E1%BA%A3ng+tr%C6%B0%E1%BB%9Dng+Kh%C3%A1nh+H%E1%BB%99i/data=!4m7!3m6!1s0x31752f9b07e9387d:0x5329cb2da348a474!8m2!3d10.7576972!4d106.6991205!16s%2Fg%2F11f8j1bt1k!19sChIJfTjpB5svdTERdKRIoy3LKVM?authuser=0&hl=en&rclk=1,
"241 Phạm Ngũ Lão, Phường Phạm Ngũ Lão, Quận 1, Thành phố Hồ Chí Minh ",10.7680604,106.69245,VietCruise Tours,0908 785 680 ,0,,4.9,Attraction,https://www.google.com/maps/place/VietCruise+Tours/data=!4m7!3m6!1s0x31752f2cded3f6c1:0x76dc2329a9370bf3!8m2!3d10.7680604!4d106.69245!16s%2Fg%2F11tk6kyr3_!19sChIJwfbT3iwvdTER8ws3qSkj3HY?authuser=0&hl=en&rclk=1,https://vietcruisetours.com/
"104a Xuân Thủy, Thảo Điền, Quận 2, Thành phố Hồ Chí Minh ",10.80369,106.735683,Spa La Sen,0967 017 595 ,0,,4.8,Attraction,https://www.google.com/maps/place/Spa+La+Sen/data=!4m7!3m6!1s0x3175261753c99be1:0x1ef2aa86642fc4fb!8m2!3d10.80369!4d106.735683!16s%2Fg%2F11ddz9jvw9!19sChIJ4ZvJUxcmdTER-8QvZIaq8h4?authuser=0&hl=en&rclk=1,http://spalasen.com/
"IBC Building, 1A Công trường Mê Linh, Bến Nghé, Quận 1, Thành phố Hồ Chí Minh 700000 ",10.7760259,106.7064006,Les Rives - Authentic River Experience,0785 920 018 ,0,,4.8,Natural,https://www.google.com/maps/place/Les+Rives+-+Authentic+River+Experience/data=!4m7!3m6!1s0x31752f4427e1b575:0x286f89e899f7e6dd!8m2!3d10.7760259!4d106.7064006!16s%2Fg%2F11b6gf_g_8!19sChIJdbXhJ0QvdTER3eb3meiJbyg?authuser=0&hl=en&rclk=1,https://lesrivesexperience.com/
"190 Cao Thắng, Phường 4, Quận 3, Thành phố Hồ Chí Minh 700000 ",10.7736633,106.6781477,Luggage Lockers By Saigon Storage - RESERVE IN ADVANCE!! Book on our site,0902 898 523 ,0,,5.0,Attraction,https://www.google.com/maps/place/Luggage+Lockers+By+Saigon+Storage+-+RESERVE+IN+ADVANCE!!+Book+on+our+site.+Contact+us+before.+Do+not+visit+without+booking./data=!4m7!3m6!1s0x31752f09b5a3463d:0xdd1a56a0362a338e!8m2!3d10.7736633!4d106.6781477!16s%2Fg%2F11s8xpbg0q!19sChIJPUajtQkvdTERjjMqNqBWGt0?authuser=0&hl=en&rclk=1,https://www.hcmstorage.com/
"Hoàng Sa/85 Ward, Đa Kao, Quận 1, Thành phố Hồ Chí Minh 700000 ",10.7925239,106.7018345,AN Tours Vietnam - Vietnam Travel Tours/ Transfer/ Visa,0706 666 520 ,0,,4.9,Attraction,https://www.google.com/maps/place/AN+Tours+Vietnam+-+Vietnam+Travel+Tours%2F+Transfer%2F+Visa/data=!4m7!3m6!1s0x31752f7d8813f819:0xb1914e071af49c47!8m2!3d10.7925239!4d106.7018345!16s%2Fg%2F11f08c06xv!19sChIJGfgTiH0vdTERR5z0GgdOkbE?authuser=0&hl=en&rclk=1,https://antoursvietnam.com/
"210 Điện Biên Phủ, Phường Võ Thị Sáu, Quận 3, Thành phố Hồ Chí Minh 700000 ",10.782897,106.690091,Hop On Hop Off Vietnam,0913 674 412 ,0,,3.5,Attraction,https://www.google.com/maps/place/Hop+On+Hop+Off+Vietnam/data=!4m7!3m6!1s0x31752f6c719e3907:0xc9eb56708dabe2a1!8m2!3d10.782897!4d106.690091!16s%2Fg%2F11gw1xwx4f!19sChIJBzmecWwvdTERoeKrjXBW68k?authuser=0&hl=en&rclk=1,https://hopon-hopoff.vn/
"77-89 Nam Kỳ Khởi Nghĩa, Phường Bến Thành, Quận 1, Thành phố Hồ Chí Minh ",10.7727385,106.7002141,Sài Gòn Square,,0,,4.0,Attraction,https://www.google.com/maps/place/S%C3%A0i+G%C3%B2n+Square/data=!4m7!3m6!1s0x31752f40ab668353:0x41570b5c5e52852!8m2!3d10.7727385!4d106.7002141!16s%2Fg%2F11h414hgmq!19sChIJU4Nmq0AvdTERUijlxbVwFQQ?authuser=0&hl=en&rclk=1,https://saigonsquarevn.com/
"55B Nguyễn Thị Minh Khai, Phường Bến Thành, Quận 1, Thành phố Hồ Chí Minh ",10.7762597,106.6925374,The Golden Dragon Water Puppet Theater,028 3930 2196 ,0,,4.4,Attraction,https://www.google.com/maps/place/The+Golden+Dragon+Water+Puppet+Theater/data=!4m7!3m6!1s0x31752f3a3655b15b:0x796b71dc9b13d70d!8m2!3d10.7762597!4d106.6925374!16s%2Fg%2F1hc4tqd92!19sChIJW7FVNjovdTERDdcTm9xxa3k?authuser=0&hl=en&rclk=1,https://ticket-stations.com/traditional-water-puppet-theater-admission-ticket-ho-chi-minh-city
"26 Đ. Số 41, Phường 9, Quận 4, Thành phố Hồ Chí Minh 70000 ",10.7585012,106.7006276,Saigon Authentic Alley Hostel & Tours,0938 804 934 ,0,,5.0,Attraction,https://www.google.com/maps/place/Saigon+Authentic+Alley+Hostel+%26+Tours/data=!4m10!3m9!1s0x31752fb2817a01a5:0x53db000c191c10f0!5m2!4m1!1i2!8m2!3d10.7585012!4d106.7006276!16s%2Fg%2F11wn8fzfj5!19sChIJpQF6gbIvdTER8BAcGQwA21M?authuser=0&hl=en&rclk=1,
,16.3648836,104.4361961,Bravo Indochina Tours,+1 931-922-2299 ,0,,4.3,Attraction,https://www.google.com/maps/place/Bravo+Indochina+Tours/data=!4m7!3m6!1s0x31752f88a2f03a01:0xdf0935f33df9264!8m2!3d16.3648836!4d104.4361961!16s%2Fg%2F12hqdnpwh!19sChIJATrwoogvdTERZJLfM1-T8A0?authuser=0&hl=en&rclk=1,http://www.bravoindochinatour.com/
"55B Đỗ Quang Đẩu, Phường Phạm Ngũ Lão, Quận 1, Thành phố Hồ Chí Minh 700000 ",10.767038,106.6907389,VIETNAM TRAVEL GROUP JSC,0935 746 946 ,0,,4.9,Attraction,https://www.google.com/maps/place/VIETNAM+TRAVEL+GROUP+JSC/data=!4m7!3m6!1s0x31752f3dfc74818d:0xd458ae38cd0b727d!8m2!3d10.767038!4d106.6907389!16s%2Fg%2F1yfdqz7m6!19sChIJjYF0_D0vdTERfXILzTiuWNQ?authuser=0&hl=en&rclk=1,https://www.vietnamtravelgroup.com/
"19 Trần Ngọc Diện, Thảo Điền, Thủ Đức, Thành phố Hồ Chí Minh ",10.8045288,106.7394266,BLOQ - Lifestyle Retail Park,0909 689 398 ,0,,4.1,Natural,https://www.google.com/maps/place/BLOQ+-+Lifestyle+Retail+Park/data=!4m7!3m6!1s0x31752616c11b313f:0x7f2b0b060e0c0d3c!8m2!3d10.8045288!4d106.7394266!16s%2Fg%2F11g7zfxsjm!19sChIJPzEbwRYmdTERPA0MDgYLK38?authuser=0&hl=en&rclk=1,https://beacons.ai/bloq_saigon/ourmenu!
"32 Đồng Khởi, Bến Nghé, Quận 01, Thành phố Hồ Chí Minh 71006 ",10.77458,106.70495,The Craft House,0919 962 320 ,0,,4.8,Attraction,https://www.google.com/maps/place/The+Craft+House/data=!4m7!3m6!1s0x31752f87efa71d0d:0x79f16df9b436a7f!8m2!3d10.77458!4d106.70495!16s%2Fg%2F11p56c8svb!19sChIJDR2n74cvdTERf2pDm98Wnwc?authuser=0&hl=en&rclk=1,https://thecrafthouse.vn/
"International Airport, International Terminal, Tan Son Nhat, Thành phố Hồ Chí Minh ",10.8180237,106.6667835,SASCO Sleep Zone,028 3844 8358 ,0,,3.2,Attraction,https://www.google.com/maps/place/SASCO+Sleep+Zone/data=!4m7!3m6!1s0x3175291986475371:0xaab32d904a2847e8!8m2!3d10.8180237!4d106.6667835!16s%2Fg%2F11g6xm0pw9!19sChIJcVNHhhkpdTER6EcoSpAts6o?authuser=0&hl=en&rclk=1,http://sleepzone.sasco.com.vn/
"8 Nguyễn Bỉnh Khiêm, Đa Kao, Quận 1, Thành phố Hồ Chí Minh 70000 ",10.7901279,106.702372,Gem Center,,0,,4.5,Attraction,https://www.google.com/maps/place/Gem+Center/data=!4m7!3m6!1s0x317528b4d5ef2cff:0x7119dc5f357813ee!8m2!3d10.7901279!4d106.702372!16s%2Fg%2F11b7hnnvfm!19sChIJ_yzv1bQodTER7hN4NV_cGXE?authuser=0&hl=en&rclk=1,https://gemcenter.com.vn/
"Block B Chung cư Rivergate, 151 - 155 Bến Vân Đồn, Phường 9, Q4, Thành phố Hồ Chí Minh ",10.7621407,106.6993185,Cô Ba Kidszone,0933 427 553 ,0,,4.8,Attraction,https://www.google.com/maps/place/C%C3%B4+Ba+Kidszone/data=!4m7!3m6!1s0x31752fcc90bd98b1:0x9d6b056d2d949d4!8m2!3d10.7621407!4d106.6993185!16s%2Fg%2F11x2cnc0yp!19sChIJsZi9kMwvdTER1EnZ0law1gk?authuser=0&hl=en&rclk=1,
"18 Đường 5 Làng Báo Chí, Thảo Điền, Thủ Đức, Thành phố Hồ Chí Minh ",10.8100008,106.7336139,The Extra Mile | Premium Motorbike Services For Expats in HCMC,0386 037 673 ,0,,4.9,Attraction,https://www.google.com/maps/place/The+Extra+Mile+%7C+Premium+Motorbike+Services+For+Expats+in+HCMC/data=!4m7!3m6!1s0x317527d8ed3324b3:0x71587d9cdd2deeea!8m2!3d10.8100008!4d106.7336139!16s%2Fg%2F11h4y4x2lc!19sChIJsyQz7dgndTER6u4t3Zx9WHE?authuser=0&hl=en&rclk=1,https://theextramile.co/
"15B Trần Khánh Dư, Phường Tân Định, Quận 1, Thành phố Hồ Chí Minh ",10.7937733,106.6884824,Signy House Hotel & Apartments - 15B Trần Khánh Dư,0388 792 279 ,0,,4.3,Attraction,https://www.google.com/maps/place/Signy+House+Hotel+%26+Apartments+-+15B+Tr%E1%BA%A7n+Kh%C3%A1nh+D%C6%B0/data=!4m10!3m9!1s0x3175297257c4b02d:0xf2b70587ed8538c2!5m2!4m1!1i2!8m2!3d10.7937733!4d106.6884824!16s%2Fg%2F11fkgscnkj!19sChIJLbDEV3IpdTERwjiF7YcFt_I?authuser=0&hl=en&rclk=1,
"58/12 Phạm Ngọc Thạch, Phường 6, Quận 3, Thành phố Hồ Chí Minh ",10.7863432,106.6925612,OHQUAO The Local Edit,0799 830 021 ,0,,4.8,Attraction,https://www.google.com/maps/place/OHQUAO+The+Local+Edit/data=!4m7!3m6!1s0x31752f3854d875a3:0xee22a4b1151f7f65!8m2!3d10.7863432!4d106.6925612!16s%2Fg%2F11j57dp1d7!19sChIJo3XYVDgvdTERZX8fFbGkIu4?authuser=0&hl=en&rclk=1,http://ohquao.com/
"181 Phạm Ngũ Lão, Phường Phạm Ngũ Lão, Quận 1, Thành phố Hồ Chí Minh ",10.7688213,106.6939502,Siam Travel,0834 619 057 ,0,,4.8,Attraction,https://www.google.com/maps/place/Siam+Travel/data=!4m7!3m6!1s0x31752f8eb52fe3dd:0xe08ebac8724871a9!8m2!3d10.7688213!4d106.6939502!16s%2Fg%2F11kypqs3fp!19sChIJ3eMvtY4vdTERqXFIcsi6juA?authuser=0&hl=en&rclk=1,http://siamtravel.vn/
"67 47, street, Thủ Đức, Thành phố Hồ Chí Minh ",10.8115262,106.7295364,Rumblefish Vietnam PADI 5 star IDC center,0797 170 691 ,0,,4.9,Attraction,https://www.google.com/maps/place/Rumblefish+Vietnam+PADI+5+star+IDC+center/data=!4m7!3m6!1s0x317528d71a7edb17:0x7212db74b594e409!8m2!3d10.8115262!4d106.7295364!16s%2Fg%2F11b6v570ww!19sChIJF9t-GtcodTERCeSUtXTbEnI?authuser=0&hl=en&rclk=1,http://rumblefishvietnam.com/
"27 Tống Hữu Định, Thảo Điền, Thủ Đức, Thành phố Hồ Chí Minh 700000 ",10.8063967,106.7338756,WKND,0909 722 627 ,0,,4.8,Attraction,https://www.google.com/maps/place/WKND/data=!4m7!3m6!1s0x317527b17a6b095b:0x53d6b7eb3aaf970e!8m2!3d10.8063967!4d106.7338756!16s%2Fg%2F11q4gsmphs!19sChIJWwlrerEndTERDpevOuu31lM?authuser=0&hl=en&rclk=1,https://linktr.ee/wkndsaigon
"7A Đ. Nguyễn Thành Ý, District 1, Quận 1, Thành phố Hồ Chí Minh 700000 ",10.7885599,106.6972336,Luxperia Collective,0888 045 670 ,0,,5.0,Attraction,https://www.google.com/maps/place/Luxperia+Collective/data=!4m7!3m6!1s0x317525572bc527e9:0x96b2c93009744140!8m2!3d10.7885599!4d106.6972336!16s%2Fg%2F11f9yy8_kd!19sChIJ6SfFK1cldTERQEF0CTDJspY?authuser=0&hl=en&rclk=1,http://luxperia.com/
"75 Nguyễn Bỉnh Khiêm, Đa Kao, Quận 1, Thành phố Hồ Chí Minh ",10.791263,106.700486,Wink Hotel Saigon Centre,028 3826 9999 ,0,,4.3,Attraction,https://www.google.com/maps/place/Wink+Hotel+Saigon+Centre/data=!4m10!3m9!1s0x3175299befc9c843:0x61bd46c3c494729e!5m2!4m1!1i2!8m2!3d10.791263!4d106.700486!16s%2Fg%2F11pb7gtkrc!19sChIJQ8jJ75spdTERnnKUxMNGvWE?authuser=0&hl=en&rclk=1,https://www.wink-hotels.com/en/hotel/wink-hotel-saigon-centre/
"Ground Floor, 102C Đ. Cống Quỳnh, Phường Phạm Ngũ Lão, Quận 1, Thành phố Hồ Chí Minh ",10.7648392,106.6906521,GRACE SKINCARE CLINIC,0961 796 809 ,0,,4.7,Attraction,https://www.google.com/maps/place/GRACE+SKINCARE+CLINIC/data=!4m7!3m6!1s0x31752f9534fae149:0xe99507785ea88c55!8m2!3d10.7648392!4d106.6906521!16s%2Fg%2F11csqxxzc6!19sChIJSeH6NJUvdTERVYyoXngHlek?authuser=0&hl=en&rclk=1,https://www.graceskinclinic.com/
"19 Lê Thánh Tôn, Bến Nghé, Quận 1, Thành phố Hồ Chí Minh 700000 ",10.7796591,106.703996,L'Usine Lê Thánh Tôn,0832 810 888 ,0,,4.6,Attraction,https://www.google.com/maps/place/L%27Usine+L%C3%AA+Th%C3%A1nh+T%C3%B4n/data=!4m7!3m6!1s0x31752f48ebef2699:0x9cce27a583addaf0!8m2!3d10.7796591!4d106.703996!16s%2Fg%2F11g6mj2txr!19sChIJmSbv60gvdTER8Nqtg6Unzpw?authuser=0&hl=en&rclk=1,http://lusinespace.com/
"62 Số 1, Phường An Khánh, Thủ Đức, Thành phố Hồ Chí Minh 700000 ",10.7972385,106.7349511,Glow Up Minigolf,0903 689 968 ,0,,4.8,Attraction,https://www.google.com/maps/place/Glow+Up+Minigolf/data=!4m7!3m6!1s0x31752710dafd3deb:0x680b92d971f44c01!8m2!3d10.7972385!4d106.7349511!16s%2Fg%2F11lfzwd78s!19sChIJ6z392hAndTERAUz0cdmSC2g?authuser=0&hl=en&rclk=1,https://glowup.vn/
"26/4 Số 3, Cư xá Đô Thành, Quận 3, Thành phố Hồ Chí Minh 70000 ",10.7725419,106.681174,Ddreamer Jewelry Making Workshop - Workshop Làm Trang Sức,0902 746 465 ,0,,5.0,Attraction,https://www.google.com/maps/place/Ddreamer+Jewelry+Making+Workshop+-+Workshop+L%C3%A0m+Trang+S%E1%BB%A9c/data=!4m7!3m6!1s0x31752fc1418ea95b:0x62e9a8067992c143!8m2!3d10.7725419!4d106.681174!16s%2Fg%2F11t1r7t_dx!19sChIJW6mOQcEvdTERQ8GSeQao6WI?authuser=0&hl=en&rclk=1,http://ddreamer.com.vn/
"275 Phan Đình Phùng, P.15, Q. Phú Nhuận Hồ Chí Minh (TP, 700000 ",10.7970717,106.6810978,LIB Gunpla (Librarian Gunpla),0767 302 186 ,0,,4.9,Attraction,https://www.google.com/maps/place/LIB+Gunpla+%28Librarian+Gunpla%29/data=!4m7!3m6!1s0x3175294fc1c6dcd9:0x104f311043760e78!8m2!3d10.7970717!4d106.6810978!16s%2Fg%2F11rmq1jjqy!19sChIJ2dzGwU8pdTEReA52QxAxTxA?authuser=0&hl=en&rclk=1,https://www.facebook.com/librarian.gunpla.hcm
"85 Trần Quang Khải, Phường Tân Định, Quận 1, Thành phố Hồ Chí Minh 76000 ",10.7920752,106.6931037,Shape Nail Cafe & Collection,0588 778 797 ,0,,4.8,Attraction,https://www.google.com/maps/place/Shape+Nail+Cafe+%26+Collection/data=!4m7!3m6!1s0x3175292c9585db33:0xfa0d6617820bcef4!8m2!3d10.7920752!4d106.6931037!16s%2Fg%2F11wvf05_x5!19sChIJM9uFlSwpdTER9M4LghdmDfo?authuser=0&hl=en&rclk=1,https://www.instagram.com/shapenails.vn
"165 Đinh Tiên Hoàng, Đa Kao, Quận 1, Thành phố Hồ Chí Minh 700000 ",10.7911717,106.6964824,NP Brows & Lashes,028 6654 8686 ,0,,4.8,Attraction,https://www.google.com/maps/place/NP+Brows+%26+Lashes/data=!4m7!3m6!1s0x317528cb1bb8f0bb:0xe2e5e05c551a43c5!8m2!3d10.7911717!4d106.6964824!16s%2Fg%2F11gbz9_936!19sChIJu_C4G8sodTERxUMaVVzg5eI?authuser=0&hl=en&rclk=1,https://npbrows.vn/
"165 Đinh Tiên Hoàng, Đa Kao, Quận 1, Thành phố Hồ Chí Minh ",10.7911717,106.6964824,Ukiyo Spa,028 6656 8686 ,0,,4.9,Attraction,https://www.google.com/maps/place/Ukiyo+Spa/data=!4m7!3m6!1s0x3175291e30f9b961:0x459896e583cc9db9!8m2!3d10.7911717!4d106.6964824!16s%2Fg%2F11jt6y2jsj!19sChIJYbn5MB4pdTERuZ3Mg-WWmEU?authuser=0&hl=en&rclk=1,https://ukiyo-spa.com/
"81 Số 45, Phường 9, Quận 4, Thành phố Hồ Chí Minh 70000 ",10.759072,106.6995,Saigon Authentic Hostel & Tours,0971 978 439 ,0,,4.9,Attraction,https://www.google.com/maps/place/Saigon+Authentic+Hostel+%26+Tours/data=!4m7!3m6!1s0x31752fc51152f183:0x2e895467fa854c2b!8m2!3d10.759072!4d106.6995!16s%2Fg%2F11tbx1fj9b!19sChIJg_FSEcUvdTERK0yF-mdUiS4?authuser=0&hl=en&rclk=1,
"90E Thạch Thị Thanh, Phường Tân Định, Quận 1, Thành phố Hồ Chí Minh 700000 ",10.7910463,106.6919586,so much closer Vietnam,0935 597 410 ,0,,5.0,Attraction,https://www.google.com/maps/place/so+much+closer+Vietnam/data=!4m7!3m6!1s0x317529007d81a605:0x8717ac77d9a636bb!8m2!3d10.7910463!4d106.6919586!16s%2Fg%2F11vymslqyk!19sChIJBaaBfQApdTERuzam2XesF4c?authuser=0&hl=en&rclk=1,http://www.somuchcloser.vn/
"16 Trúc Đường, Thảo Điền, Thủ Đức, Thành phố Hồ Chí Minh 700000 ",10.8090084,106.7334693,DC Motorbikes (Rental | License | Lesson | Repair | Accessories),0987 248 050 ,0,,4.9,Attraction,https://www.google.com/maps/place/DC+Motorbikes+%28Rental+%7C+License+%7C+Lesson+%7C+Repair+%7C+Accessories%29/data=!4m7!3m6!1s0x3175289f55d2b433:0xd9fb6863847733d6!8m2!3d10.8090084!4d106.7334693!16s%2Fg%2F11dftjws6_!19sChIJM7TSVZ8odTER1jN3hGNo-9k?authuser=0&hl=en&rclk=1,https://www.dcmotorbikes.com/
"Hẻm 244 Huỳnh Văn Bánh, Phường 11, Phú Nhuận, Thành phố Hồ Chí Minh ",10.7927983,106.6752961,GEEK Up Product Development,028 6262 4400 ,0,,4.7,Attraction,https://www.google.com/maps/place/GEEK+Up+Product+Development/data=!4m7!3m6!1s0x317529247be70ed3:0xe2d8a5f3456c9583!8m2!3d10.7927983!4d106.6752961!16s%2Fg%2F11b6ljz5p6!19sChIJ0w7neyQpdTERg5VsRfOl2OI?authuser=0&hl=en&rclk=1,http://www.geekup.vn/
"76/1A Quốc Hương, Thảo Điền, Thủ Đức, Thành phố Hồ Chí Minh ",10.808596,106.731502,All About Dogs HCM,0865 551 700 ,0,,4.7,Attraction,https://www.google.com/maps/place/All+About+Dogs+HCM/data=!4m7!3m6!1s0x3175271b32a16563:0x5b85614a5907d404!8m2!3d10.808596!4d106.731502!16s%2Fg%2F11sbhr94mg!19sChIJY2WhMhsndTERBNQHWUphhVs?authuser=0&hl=en&rclk=1,http://www.aa-dogs.com/
"Biệt thự, 08 Đ. D9, Saigon Pearl, Bình Thạnh, Thành phố Hồ Chí Minh ",10.7894965,106.7191148,Phan's Custom Tailor,0826 977 888 ,0,,4.9,Attraction,https://www.google.com/maps/place/Phan%27s+Custom+Tailor/data=!4m7!3m6!1s0x31752f4778b599e9:0xea6f2681a5a9f79b!8m2!3d10.7894965!4d106.7191148!16s%2Fg%2F119tk6vyt!19sChIJ6Zm1eEcvdTERm_eppYEmb-o?authuser=0&hl=en&rclk=1,https://phanscustomtailor.com/
"15 17 Cộng Hòa, Phường 4, Tân Bình, Thành phố Hồ Chí Minh 700000 ",10.8006026,106.6582188,Vincom Plaza Cộng Hoà,0921 567 137 ,0,,4.1,Attraction,https://www.google.com/maps/place/Vincom+Plaza+C%E1%BB%99ng+Ho%C3%A0/data=!4m7!3m6!1s0x317529372d346255:0xd699af95f297cc28!8m2!3d10.8006026!4d106.6582188!16s%2Fg%2F11c5223npc!19sChIJVWI0LTcpdTERKMyX8pWvmdY?authuser=0&hl=en&rclk=1,https://vincom.com.vn/vincom-plaza-cong-hoa
"Nguyễn Hữu Cảnh, Ward, Bình Thạnh, Thành phố Hồ Chí Minh 700000 ",10.7964151,106.7170765,Talk Barista Saigon - Craft Coffee Tours & Barista Class,0839 099 133 ,0,,4.9,Attraction,https://www.google.com/maps/place/Talk+Barista+Saigon+-+Craft+Coffee+Tours+%26+Barista+Class/data=!4m7!3m6!1s0x31752f3aeb34c8f9:0xd2c87ef6319a80c2!8m2!3d10.7964151!4d106.7170765!16s%2Fg%2F11f2wcmwv5!19sChIJ-cg06zovdTERwoCaMfZ-yNI?authuser=0&hl=en&rclk=1,http://talkbaristasaigon.com/
"14/3A Lương Định Của, Thủ Thiêm, Thủ Đức, Thành phố Hồ Chí Minh ",10.77687,106.7096183,Waterbus Thu Thiem,,0,,3.2,Attraction,https://www.google.com/maps/place/Waterbus+Thu+Thiem/data=!4m7!3m6!1s0x31752f00198bf857:0xc1bdc81ead1c4c2f!8m2!3d10.77687!4d106.7096183!16s%2Fg%2F11x63qwbxb!19sChIJV_iLGQAvdTERL0wcrR7IvcE?authuser=0&hl=en&rclk=1,https://saigonwaterbus.com/en/dat-ve-truc-tuyen
,15.5220415,107.0372661,"Saigon Storage: Storage, Moving & Shipping",0902 898 523 ,0,,5.0,Attraction,"https://www.google.com/maps/place/Saigon+Storage:+Storage,+Moving+%26+Shipping/data=!4m7!3m6!1s0x31752fbaf2fa78f5:0xd425f95664e2db31!8m2!3d15.5220415!4d107.0372661!16s%2Fg%2F11h5rhtmrr!19sChIJ9Xj68rovdTERMdviZFb5JdQ?authuser=0&hl=en&rclk=1",http://hcmstorage.com/
"31 Đường số 54, Thảo Điền, Quận 2, Thành phố Hồ Chí Minh 700000 ",10.802302,106.7288872,The Brownie by Tia,0567 934 998 ,0,,4.7,Attraction,https://www.google.com/maps/place/The+Brownie+by+Tia/data=!4m7!3m6!1s0x317527ab2483622b:0xbe53687e283999b6!8m2!3d10.802302!4d106.7288872!16s%2Fg%2F11n81qvjvf!19sChIJK2KDJKsndTERtpk5KH5oU74?authuser=0&hl=en&rclk=1,http://instagram.com/the_brownie_by_tia
"102/42 Cống Quỳnh, Phường Phạm Ngũ Lão, Quận 1, Thành phố Hồ Chí Minh 71013 ",10.7651469,106.6917502,Ekomo Home 102 - Central Saigon,0986 748 951 ,0,,4.6,Attraction,https://www.google.com/maps/place/Ekomo+Home+102+-+Central+Saigon/data=!4m7!3m6!1s0x31752f8ad63094f5:0xac90d8e977953d5!8m2!3d10.7651469!4d106.6917502!16s%2Fg%2F11sbqq946w!19sChIJ9ZQw1oovdTER1VN5l44NyQo?authuser=0&hl=en&rclk=1,http://www.ekomohome.com/
"138/13 Bùi Thị Xuân, Phường Phạm Ngũ Lão, Quận 1, Thành phố Hồ Chí Minh ",10.7694192,106.6874829,Leiden homestay & cafe,,0,,4.9,Attraction,https://www.google.com/maps/place/Leiden+homestay+%26+cafe/data=!4m7!3m6!1s0x31752f8ef66f37af:0xd74e74765b9be0b0!8m2!3d10.7694192!4d106.6874829!16s%2Fg%2F11scl30zkv!19sChIJrzdv9o4vdTERsOCbW3Z0Ttc?authuser=0&hl=en&rclk=1,https://www.leidenhomestay.com/
"91 Nguyễn Hữu Cảnh, Phường 22, Bình Thạnh, Thành phố Hồ Chí Minh ",10.7938317,106.7171317,CARE1 - Health & Wellness Screening Center,028 3514 0757 ,0,,4.9,Attraction,https://www.google.com/maps/place/CARE1+-+Health+%26+Wellness+Screening+Center/data=!4m7!3m6!1s0x317528abf1388be3:0x32d7cbdef8df1d98!8m2!3d10.7938317!4d106.7171317!16s%2Fg%2F1pyqvxw8g!19sChIJ44s48asodTERmB3f-N7L1zI?authuser=0&hl=en&rclk=1,http://www.care1.com.vn/
"2nd, Unit Number 286, District 1 Ho Chi Minh City 286 V Văn Kiệt, Phường Cầu ng L nh, Quận 1, Thành phố Hồ Chí Minh 700000 ",10.7625537,106.6965746,AOIINN Hostel,+86 973561564 ,0,,4.8,Attraction,https://www.google.com/maps/place/AOIINN+Hostel/data=!4m7!3m6!1s0x31752f007bb13ca3:0x9b4b9506dd201e2b!8m2!3d10.7625537!4d106.6965746!16s%2Fg%2F11xz44_4wc!19sChIJozyxewAvdTERKx4g3QaVS5s?authuser=0&hl=en&rclk=1,http://aoiinn.com/
"339/24B Đ. Lê Văn Sỹ, Phường 12, Quận 3, Thành phố Hồ Chí Minh 700000 ",10.7866762,106.6770399,CityHouse - CD Apartment,0937 308 111 ,0,,4.4,Attraction,https://www.google.com/maps/place/CityHouse+-+CD+Apartment/data=!4m7!3m6!1s0x31752ff2def4aaeb:0x59aec22278c10d14!8m2!3d10.7866762!4d106.6770399!16s%2Fg%2F11h5vv4hq_!19sChIJ66r03vIvdTERFA3BeCLCrlk?authuser=0&hl=en&rclk=1,https://cityhouseapartment.com/vi/can-ho-dich-vu-cho-thue-tai-hcmc-saigon/can-ho-cho-thue-quan-3/can-ho-339-24b-le-van-sy-cd
"35 Nguyễn Thị Minh Khai, Phường Sài Gòn, Quận 1, Thành phố Hồ Chí Minh 700000 ",10.7816799,106.6979521,The Box Concept - NVH Thanh Niên,0929 310 002 ,0,,4.7,Attraction,https://www.google.com/maps/place/The+Box+Concept+-+NVH+Thanh+Ni%C3%AAn/data=!4m7!3m6!1s0x31752f77b6e34245:0x5d6e9636468072c!8m2!3d10.7816799!4d106.6979521!16s%2Fg%2F11kqxlgf83!19sChIJRULjtncvdTERLAdoZGPp1gU?authuser=0&hl=en&rclk=1,https://www.facebook.com/theboxconcept.official
"Vũng Tàu, Ba Ria - Vung Tau 790000 ",10.4098174,107.1130707,BẾN THUYỀN VŨNG TÀU MARINA,0941 666 966 ,40000,₫40000,4.2,Attraction,https://www.google.com/maps/place/B%C3%8A%CC%81N+THUY%E1%BB%80N+V%C5%A8NG+T%C3%80U+MARINA/data=!4m7!3m6!1s0x317571f79ea4a9c9:0x3313721619f7ad9!8m2!3d10.4098174!4d107.1130707!16s%2Fg%2F11lgz79p6c!19sChIJyamknvdxdTER2XqfYSE3MQM?authuser=0&hl=en&rclk=1,http://vungtaumarina.com/
"Phường 1, Vũng Tàu, Ba Ria - Vung Tau ",10.3429385,107.0742677,Bãi Trước Vũng Tàu,,0,,4.6,Attraction,https://www.google.com/maps/place/B%C3%A3i+Tr%C6%B0%E1%BB%9Bc+V%C5%A9ng+T%C3%A0u/data=!4m7!3m6!1s0x31756fc219243db3:0xaad9d345d3fa2f50!8m2!3d10.3429385!4d107.0742677!16s%2Fg%2F11h4mj2_k9!19sChIJsz0kGcJvdTERUC_600XT2ao?authuser=0&hl=en&rclk=1,
"Hẻm 220 Phan Chu Trinh, Phường 2, Vũng Tàu, Bà Rịa - Vũng Tàu ",10.3275348,107.0863676,Đồi Con Heo,0985 834 472 ,0,,4.5,Natural,https://www.google.com/maps/place/%C4%90%E1%BB%93i+Con+Heo/data=!4m7!3m6!1s0x317565d2fb839c0d:0xbcb13a18114925fd!8m2!3d10.3275348!4d107.0863676!16s%2Fg%2F11t_tvfps6!19sChIJDZyD-9JldTER_SVJERg6sbw?authuser=0&hl=en&rclk=1,
"40 Hải Đăng, Phường 2, Vũng Tàu, Bà Rịa - Vũng Tàu ",10.334091,107.077663,Vung Tau Lighthouse,,1553175,₫1553175,4.6,Attraction,https://www.google.com/maps/place/Vung+Tau+Lighthouse/data=!4m7!3m6!1s0x31756552a003a9b9:0x32769656e2f73fb9!8m2!3d10.334091!4d107.077663!16s%2Fg%2F12z65svxw!19sChIJuakDoFJldTERuT_34laWdjI?authuser=0&hl=en&rclk=1,
"140A Trần Phú, Phường 5, Vũng Tàu, Bà Rịa - Vũng Tàu ",10.3711942,107.0622475,Our Lady of Bai Dau Shrine,0254 3838 540 ,0,,4.8,Attraction,https://www.google.com/maps/place/Our+Lady+of+Bai+Dau+Shrine/data=!4m7!3m6!1s0x31756faef38389e3:0x60b83316113c26b4!8m2!3d10.3711942!4d107.0622475!16s%2Fg%2F121wt46s!19sChIJ44mD865vdTERtCY8ERYzuGA?authuser=0&hl=en&rclk=1,
"1810 Thùy Vân, Phường Thắng Tam, Vũng Tàu, Bà Rịa - Vũng Tàu ",10.3455507,107.0977038,Tháp Tam Thắng - Bãi Sau Vũng Tàu,,0,,4.8,Cultural,https://www.google.com/maps/place/Th%C3%A1p+Tam+Th%E1%BA%AFng+-+B%C3%A3i+Sau+V%C5%A9ng+T%C3%A0u/data=!4m7!3m6!1s0x31756f007e1a4617:0x19546fdc2cfba7e7!8m2!3d10.3455507!4d107.0977038!16s%2Fg%2F11xtlr7z5b!19sChIJF0YafgBvdTER56f7LNxvVBk?authuser=0&hl=en&rclk=1,https://facebook.com/ThapTamThangVT
"Đường số 1, Khu Công Nghiệp Đông Xuyên, Vũng Tàu, Bà Rịa - Vũng Tàu 78000 ",10.4097984,107.1126214,Vũng Tàu Marina Museum,0941 666 966 ,30000,₫30000,4.0,Historical,https://www.google.com/maps/place/V%C5%A9ng+T%C3%A0u+Marina+Museum/data=!4m7!3m6!1s0x3175718f19ed1323:0xb91027cf3865931f!8m2!3d10.4097984!4d107.1126214!16s%2Fg%2F11t4llbgs3!19sChIJIxPtGY9xdTERH5NlOM8nELk?authuser=0&hl=en&rclk=1,https://marinamuseum.vn/home
"9422+RF3, Thùy Vân, Phường Thắng Tam, Vũng Tàu, Bà Rịa - Vũng Tàu ",10.3520043,107.1011625,White Rabbit Amusement Park,,0,,3.9,Natural,https://www.google.com/maps/place/White+Rabbit+Amusement+Park/data=!4m7!3m6!1s0x31756f85bd1a7c4d:0x6215bdd590d296f4!8m2!3d10.3520043!4d107.1011625!16s%2Fg%2F11hym0n0gt!19sChIJTXwavYVvdTER9JbSkNW9FWI?authuser=0&hl=en&rclk=1,
"4 Quang Trung, Phường 1, Vũng Tàu, Bà Rịa - Vũng Tàu ",10.342078,107.0744294,Front Beach Park,,0,,4.5,Natural,https://www.google.com/maps/place/Front+Beach+Park/data=!4m7!3m6!1s0x31756f8d90e492e7:0xb6c6eece37d77790!8m2!3d10.342078!4d107.0744294!16s%2Fg%2F1tgd406g!19sChIJ55LkkI1vdTERkHfXN87uxrY?authuser=0&hl=en&rclk=1,https://www.facebook.com/vungtau.baitruoc/
"444 Trần Phú, Phường 5, Vũng Tàu, Bà Rịa - Vũng Tàu ",10.3810757,107.0585641,Ancient Battery,,0,,4.4,Attraction,https://www.google.com/maps/place/Ancient+Battery/data=!4m7!3m6!1s0x31756fa450421939:0xfca5a565a1b39df4!8m2!3d10.3810757!4d107.0585641!16s%2Fg%2F11bx9dgb_n!19sChIJORlCUKRvdTER9J2zoWWlpfw?authuser=0&hl=en&rclk=1,https://www.facebook.com/homestay.re
"36 Nguyễn Thái Học, Phường 7, Vũng Tàu, Bà Rịa - Vũng Tàu ",10.3651954,107.0848037,Công viên nước Vũng Tàu,0254 3859 668 ,0,,3.8,Attraction,https://www.google.com/maps/place/C%C3%B4ng+vi%C3%AAn+n%C6%B0%E1%BB%9Bc+V%C5%A9ng+T%C3%A0u/data=!4m7!3m6!1s0x31756fc5eb031c5d:0x77516bbebc1f0db0!8m2!3d10.3651954!4d107.0848037!16s%2Fg%2F11g9dk9rjc!19sChIJXRwD68VvdTERsA0fvL5rUXc?authuser=0&hl=en&rclk=1,https://www.facebook.com/congviennuocvungtau/
"01 Bà Rịa, Phường 2, Vũng Tàu, Bà Rịa - Vũng Tàu 70000 ",10.3264876,107.0845549,Jesus Christ Statue,0707 227 474 ,1090867,₫1090867,4.6,Attraction,https://www.google.com/maps/place/Jesus+Christ+Statue/data=!4m7!3m6!1s0x3175655b99e2ee9f:0x43bb3d544ec80b01!8m2!3d10.3264876!4d107.0845549!16s%2Fm%2F03d8lgn!19sChIJn-7imVtldTERAQvITlQ9u0M?authuser=0&hl=en&rclk=1,https://kitovungtau.com/
"151 Thùy Vân, Phường Thắng Tam, Vũng Tàu, Bà Rịa - Vũng Tàu ",10.3297487,107.0887127,Thuy Van Beach Vung Tau,,0,,4.5,Natural,https://www.google.com/maps/place/Thuy+Van+Beach+Vung+Tau/data=!4m7!3m6!1s0x3175657857f1fadb:0x5a7471b33b64aac0!8m2!3d10.3297487!4d107.0887127!16s%2Fg%2F11s9wtl2d_!19sChIJ2_rxV3hldTERwKpkO7NxdFo?authuser=0&hl=en&rclk=1,
"83FM+5C2, Phường 2, Vũng Tàu, Bà Rịa - Vũng Tàu ",10.3228991,107.0835129,Valley Beach,,0,,4.3,Natural,https://www.google.com/maps/place/Valley+Beach/data=!4m7!3m6!1s0x31756544aa3f711d:0x8aea35f369588dd3!8m2!3d10.3228991!4d107.0835129!16s%2Fg%2F11bwky1dlk!19sChIJHXE_qkRldTER041YafM16oo?authuser=0&hl=en&rclk=1,
"83 Thùy Vân, Phường 2, Vũng Tàu, Bà Rịa - Vũng Tàu ",10.3239371,107.086455,Công viên Nghinh Phong,,0,,4.6,Attraction,https://www.google.com/maps/place/C%C3%B4ng+vi%C3%AAn+Nghinh+Phong/data=!4m7!3m6!1s0x317565c7d0c5f27f:0x799a7c3ee62dc246!8m2!3d10.3239371!4d107.086455!16s%2Fg%2F11t30m4xtj!19sChIJf_LF0MdldTERRsIt5j58mnk?authuser=0&hl=en&rclk=1,
"4 Trần Phú, Phường 1, Vũng Tàu, Bà Rịa - Vũng Tàu ",10.3501878,107.0695199,Ba Ria – Vung Tau Museum,0254 3810 124 ,40000,₫40000,4.7,Historical,https://www.google.com/maps/place/Ba+Ria+%E2%80%93+Vung+Tau+Museum/data=!4m7!3m6!1s0x31756f91304fff3d:0x44363c5b1c085949!8m2!3d10.3501878!4d107.0695199!16s%2Fg%2F1thzr8jq!19sChIJPf9PMJFvdTERSVkIHFs8NkQ?authuser=0&hl=en&rclk=1,https://baotangbrvt.org.vn/
"83XV+H3C, Đ. 3 Tháng 2, Phường Thắng Tam, Vũng Tàu, Bà Rịa - Vũng Tàu ",10.3489281,107.0926448,Monument for War Heroes,,0,,4.5,Attraction,https://www.google.com/maps/place/Monument+for+War+Heroes/data=!4m7!3m6!1s0x31756fe683debe43:0x73d97f258c1bee98!8m2!3d10.3489281!4d107.0926448!16s%2Fg%2F11dxdxtc19!19sChIJQ77eg-ZvdTERmO4bjCV_2XM?authuser=0&hl=en&rclk=1,
"83VF+5PC, Phường 1, Vũng Tàu, Bà Rịa - Vũng Tàu ",10.3429493,107.0742653,Bãi Trước Vũng Tàu,,0,,4.7,Attraction,https://www.google.com/maps/place/B%C3%A3i+Tr%C6%B0%E1%BB%9Bc+V%C5%A9ng+T%C3%A0u/data=!4m7!3m6!1s0x31756f13bbae3e95:0x8e2d1a3cc74b40f5!8m2!3d10.3429493!4d107.0742653!16s%2Fg%2F11kqlngds3!19sChIJlT6uuxNvdTER9UBLxzwaLY4?authuser=0&hl=en&rclk=1,
"14 6, Phường 1, Vũng Tàu, Bà Rịa - Vũng Tàu ",10.3552391,107.0668769,Chùa Khỉ Viba,,0,,4.5,Cultural,https://www.google.com/maps/place/Ch%C3%B9a+Kh%E1%BB%89+Viba/data=!4m7!3m6!1s0x31756fc519762f1b:0x4fb810005b0833ba!8m2!3d10.3552391!4d107.0668769!16s%2Fg%2F11q9z_x_bz!19sChIJGy92GcVvdTERujMIWwAQuE8?authuser=0&hl=en&rclk=1,
"81 Hà Huy Tập, Phường 10, Vũng Tàu, Bà Rịa - Vũng Tàu ",10.3731229,107.1268229,Long Cung Beach,0254 6263 333 ,0,,4.1,Natural,https://www.google.com/maps/place/Long+Cung+Beach/data=!4m7!3m6!1s0x317571814f3e6699:0x5874ba76f2b8e5e2!8m2!3d10.3731229!4d107.1268229!16s%2Fg%2F11r9bd5933!19sChIJmWY-T4FxdTER4uW48na6dFg?authuser=0&hl=en&rclk=1,
"C746+7C8, Phước Hải, Đất Đỏ, Bà Rịa - Vũng Tàu ",10.4056619,107.2610879,Minh Dam Historic Relic,,0,,4.3,Attraction,https://www.google.com/maps/place/Minh+Dam+Historic+Relic/data=!4m7!3m6!1s0x3175767408332a25:0x5b268e010ea3735!8m2!3d10.4056619!4d107.2610879!16s%2Fg%2F1x5f7w56!19sChIJJSozCHR2dTERNTfqEOBosgU?authuser=0&hl=en&rclk=1,
"9346+Q45, Trần Phú, Phường 5, Vũng Tàu, Bà Rịa - Vũng Tàu ",10.3568877,107.0603728,Front Beach Lighthouse,,0,,4.6,Natural,https://www.google.com/maps/place/Front+Beach+Lighthouse/data=!4m7!3m6!1s0x31756ff1ea4c44bf:0x9d049d469ab8efe2!8m2!3d10.3568877!4d107.0603728!16s%2Fg%2F11pdqw6nm_!19sChIJv0RM6vFvdTER4u-4mkadBJ0?authuser=0&hl=en&rclk=1,
"Mạc Thanh Đạm, Phường 8, Vũng Tàu, Bà Rịa - Vũng Tàu 790000 ",10.3535102,107.101125,Cổng Hoa Giấy Check in Vũng Tàu,,0,,4.4,Attraction,https://www.google.com/maps/place/C%E1%BB%95ng+Hoa+Gi%E1%BA%A5y+Check+in+V%C5%A9ng+T%C3%A0u/data=!4m7!3m6!1s0x31756f3a7048899d:0xdbcc5a7fb9aed60d!8m2!3d10.3535102!4d107.101125!16s%2Fg%2F11ll45tfyq!19sChIJnYlIcDpvdTERDdauuX9azNs?authuser=0&hl=en&rclk=1,
"Thùy Vân, Phường Thắng Tam, Vũng Tàu, Bà Rịa - Vũng Tàu 78200 ",10.3455568,107.0970233,Quảng Trường Trung Tâm Bãi Sau Vũng Tàu,0918 033 189 ,0,,4.8,Attraction,https://www.google.com/maps/place/Qu%E1%BA%A3ng+Tr%C6%B0%E1%BB%9Dng+Trung+T%C3%A2m+B%C3%A3i+Sau+V%C5%A9ng+T%C3%A0u/data=!4m7!3m6!1s0x31756fca35f47d97:0xf0517fe5a455581d!8m2!3d10.3455568!4d107.0970233!16s%2Fg%2F11m5jj6kpj!19sChIJl330NcpvdTERHVhVpOV_UfA?authuser=0&hl=en&rclk=1,https://www.tiktok.com/@canhobaisauvungtau?_t=ZS-8ubuPsfDtIo&_r=1
"83PR+28J, Phường Thắng Tam, Vũng Tàu, Bà Rịa - Vũng Tàu ",10.3348678,107.0914767,Bãi sau biển Vũng Tàu,,0,,4.4,Natural,https://www.google.com/maps/place/B%C3%A3i+sau+bi%E1%BB%83n+V%C5%A9ng+T%C3%A0u/data=!4m7!3m6!1s0x31756fed23f7c74b:0xffbdd53c2ebd354!8m2!3d10.3348678!4d107.0914767!16s%2Fg%2F11khx_w_7r!19sChIJS8f3I-1vdTERVNPrwlPd-w8?authuser=0&hl=en&rclk=1,
"93J5+CFR, Phường 5, Vũng Tàu, Bà Rịa - Vũng Tàu ",10.3811154,107.0586266,Old French Fort,,0,,4.4,Attraction,https://www.google.com/maps/place/Old+French+Fort/data=!4m7!3m6!1s0x31756e548b18e71f:0x5d6db1a7379541b9!8m2!3d10.3811154!4d107.0586266!16s%2Fg%2F1tpg_6xm!19sChIJH-cYi1RudTERuUGVN6exbV0?authuser=0&hl=en&rclk=1,
"98 Trần Hưng Đạo, Phường 1, Vũng Tàu, Bà Rịa - Vũng Tàu ",10.3512036,107.0747192,Worldwide Arms Museum,0908 367 566 ,70000,₫70000,4.6,Historical,https://www.google.com/maps/place/Worldwide+Arms+Museum/data=!4m7!3m6!1s0x31756f8b80000e15:0x15e2700efd4259cd!8m2!3d10.3512036!4d107.0747192!16s%2Fg%2F11h0kc3b6!19sChIJFQ4AgItvdTERzVlC_Q5w4hU?authuser=0&hl=en&rclk=1,http://baotangroberttaylor.com/
"83JG+7P6, Phường 2, Vũng Tàu, Bà Rịa - Vũng Tàu ",10.33067,107.07678,Nirvana Vihara,,0,,4.3,Attraction,https://www.google.com/maps/place/Nirvana+Vihara/data=!4m7!3m6!1s0x31756560976d4597:0xf187fd8b18415911!8m2!3d10.33067!4d107.07678!16s%2Fg%2F1220fs2h!19sChIJl0Vtl2BldTEREVlBGIv9h_E?authuser=0&hl=en&rclk=1,
"Chu Hải, Tân Thành, Ba Ria - Vung Tau ",10.5183854,107.1202451,Suối Đá Thác Hồ 5,,0,,4.1,Attraction,https://www.google.com/maps/place/Su%E1%BB%91i+%C4%90%C3%A1+Th%C3%A1c+H%E1%BB%93+5/data=!4m7!3m6!1s0x31750d41b11f1713:0xa0250e7fcf8b6b84!8m2!3d10.5183854!4d107.1202451!16s%2Fg%2F11tcl1trpp!19sChIJExcfsUENdTERhGuLz38OJaA?authuser=0&hl=en&rclk=1,
"83 Thùy Vân, Phường 2, Vũng Tàu, Bà Rịa - Vũng Tàu ",10.3245748,107.0855037,Tao Phùng Park,0888 822 622 ,0,,4.4,Natural,https://www.google.com/maps/place/Tao+Ph%C3%B9ng+Park/data=!4m7!3m6!1s0x3175655b17dc5c27:0x47a7e1a30ec98599!8m2!3d10.3245748!4d107.0855037!16s%2Fg%2F11g__hyln!19sChIJJ1zcF1tldTERmYXJDqPhp0c?authuser=0&hl=en&rclk=1,
"95Q4+JHC, Phường 11, Vũng Tàu, Bà Rịa - Vũng Tàu ",10.3890569,107.1563875,Doi Nhai Beach,,0,,4.2,Natural,https://www.google.com/maps/place/Doi+Nhai+Beach/data=!4m7!3m6!1s0x3175710e9ba79a83:0x3017919e6df7c088!8m2!3d10.3890569!4d107.1563875!16s%2Fg%2F11c1n6244c!19sChIJg5qnmw5xdTERiMD3bZ6RFzA?authuser=0&hl=en&rclk=1,
"F33W+WP6, Thôn 5, Vũng Tàu, Bà Rịa - Vũng Tàu ",10.4543969,107.0961592,Di tích Nhà Lớn,0254 3844 044 ,0,,4.6,Attraction,https://www.google.com/maps/place/Di+t%C3%ADch+Nh%C3%A0+L%E1%BB%9Bn/data=!4m7!3m6!1s0x31756d866c0771c3:0x14ca8af7c8dbc5f3!8m2!3d10.4543969!4d107.0961592!16s%2Fg%2F1pzxk_fq0!19sChIJw3EHbIZtdTER88XbyPeKyhQ?authuser=0&hl=en&rclk=1,
"9339+6GP, Phường 1, Vũng Tàu, Bà Rịa - Vũng Tàu ",10.3530955,107.0688195,Rừng Vi Ba II,,0,,4.7,Attraction,https://www.google.com/maps/place/R%E1%BB%ABng+Vi+Ba+II/data=!4m7!3m6!1s0x31756f2d11b6e43d:0xb228678fc4a1cb08!8m2!3d10.3530955!4d107.0688195!16s%2Fg%2F11q_bfpkt0!19sChIJPeS2ES1vdTERCMuhxI9nKLI?authuser=0&hl=en&rclk=1,
"Quang Trung, Phường 1, Vũng Tàu, Bà Rịa - Vũng Tàu ",10.3466688,107.0735008,Triangle Park,,0,,4.5,Natural,https://www.google.com/maps/place/Triangle+Park/data=!4m7!3m6!1s0x31756f925b292c19:0x2e882083cf4c27fc!8m2!3d10.3466688!4d107.0735008!16s%2Fg%2F11gg70skrn!19sChIJGSwpW5JvdTER_CdMz4MgiC4?authuser=0&hl=en&rclk=1,
"Thùy Vân, Phường 1, Vũng Tàu, Ho Chi Minh City ",10.3330389,107.0899537,Back Beach Vung Tau,,1090867,₫1090867,4.5,Natural,https://www.google.com/maps/place/Back+Beach+Vung+Tau/data=!4m7!3m6!1s0x317565779dc2544b:0x86e68e8719aea1a7!8m2!3d10.3330389!4d107.0899537!16s%2Fg%2F11ptz9pq8c!19sChIJS1TCnXdldTERp6GuGYeO5oY?authuser=0&hl=en&rclk=1,https://www.facebook.com/congvienbaisauvungtau
"104 Hoàng Hoa Thám, Phường Thắng Tam, Vũng Tàu, Bà Rịa - Vũng Tàu ",10.3394876,107.0838406,Linh Son Ancient Temple,,0,,4.4,Cultural,https://www.google.com/maps/place/Linh+Son+Ancient+Temple/data=!4m7!3m6!1s0x31756ff154719739:0x24302e568b62a256!8m2!3d10.3394876!4d107.0838406!16s%2Fg%2F121ln57b!19sChIJOZdxVPFvdTERVqJii1YuMCQ?authuser=0&hl=en&rclk=1,
"9358+VQV, Phường 5, Vũng Tàu, Bà Rịa - Vũng Tàu ",10.3597418,107.0669345,Cổng phụ khu du lịch Hồ Mây Park,,0,,3.7,Natural,https://www.google.com/maps/place/C%E1%BB%95ng+ph%E1%BB%A5+khu+du+l%E1%BB%8Bch+H%E1%BB%93+M%C3%A2y+Park/data=!4m7!3m6!1s0x31756f2d2a15fc7b:0xea21ecdb494c4869!8m2!3d10.3597418!4d107.0669345!16s%2Fg%2F11t26zvgfm!19sChIJe_wVKi1vdTERaUhMSdvsIeo?authuser=0&hl=en&rclk=1,
"608 Trần Phú, Phường 5, Vũng Tàu, Bà Rịa - Vũng Tàu ",10.3744292,107.0706677,Thich Ca Phat Dai Pagoda,,0,,4.5,Cultural,https://www.google.com/maps/place/Thich+Ca+Phat+Dai+Pagoda/data=!4m7!3m6!1s0x31756fb38ba27c71:0xa395adebef3476f!8m2!3d10.3744292!4d107.0706677!16s%2Fm%2F04184wg!19sChIJcXyii7NvdTERb0fzvt5aOQo?authuser=0&hl=en&rclk=1,https://www.facebook.com/chuahophapthichcaphatdai?locale=vi_VN
"1 Hạ Long, Phường 2, Vũng Tàu, Bà Rịa - Vũng Tàu 790000 ",10.3219444,107.0836111,Cap Saint-Jacques,,0,,4.6,Attraction,https://www.google.com/maps/place/Cap+Saint-Jacques/data=!4m7!3m6!1s0x3175656edb10ccc1:0x14ce67568543774b!8m2!3d10.3219444!4d107.0836111!16s%2Fg%2F11tp2sp3bc!19sChIJwcwQ225ldTERS3dDhVZnzhQ?authuser=0&hl=en&rclk=1,
"83PF+PJH, Hải Đăng, Vũng Tàu, Bà Rịa - Vũng Tàu ",10.3368131,107.0741044,Lighthouse Bunker,,0,,4.3,Attraction,https://www.google.com/maps/place/Lighthouse+Bunker/data=!4m7!3m6!1s0x31756f8a53fdce69:0xe23818221ed59f1f!8m2!3d10.3368131!4d107.0741044!16s%2Fg%2F11cnqrjs9v!19sChIJac79U4pvdTERH5_VHiIYOOI?authuser=0&hl=en&rclk=1,
"96PM+JMP, Đ. Hai Bà Trưng, TT. Long Hải, Long Điền, Bà Rịa - Vũng Tàu ",10.3865904,107.2342173,Dinh Co Temple,,2027815,₫2027815,4.4,Cultural,https://www.google.com/maps/place/Dinh+Co+Temple/data=!4m7!3m6!1s0x317576f3b563887d:0xe6a0c31b9970f296!8m2!3d10.3865904!4d107.2342173!16s%2Fg%2F12qbh7883!19sChIJfYhjtfN2dTERlvJwmRvDoOY?authuser=0&hl=en&rclk=1,
"Đ. Hai Bà Trưng, TT. Long Hải, Long Điền, Bà Rịa - Vũng Tàu 790000 ",10.3891316,107.2317948,Làng Chài Long Hải,0838 678 969 ,0,,4.4,Attraction,https://www.google.com/maps/place/L%C3%A0ng+Ch%C3%A0i+Long+H%E1%BA%A3i/data=!4m7!3m6!1s0x317577ffd2ed02d5:0x37bfda1fd35ba353!8m2!3d10.3891316!4d107.2317948!16s%2Fg%2F11pq8lrntw!19sChIJ1QLt0v93dTERU6Nb0x_avzc?authuser=0&hl=en&rclk=1,
"107 Trần Phú, Phường 5, Vũng Tàu, Bà Rịa - Vũng Tàu ",10.372801,107.0568323,Hẻm thông biển 107 Trần Phú,,0,,4.3,Natural,https://www.google.com/maps/place/H%E1%BA%BBm+th%C3%B4ng+bi%E1%BB%83n+107+Tr%E1%BA%A7n+Ph%C3%BA/data=!4m7!3m6!1s0x31756fa3f43bf7b1:0x6d5e46179476c534!8m2!3d10.372801!4d107.0568323!16s%2Fg%2F11fv397bj8!19sChIJsfc79KNvdTERNMV2lBdGXm0?authuser=0&hl=en&rclk=1,
"5 Trương Vĩnh Ký, Phường 1, Vũng Tàu, Bà Rịa - Vũng Tàu ",10.349843,107.0720542,Upside Down House,0254 3540 768 ,0,,4.0,Attraction,https://www.google.com/maps/place/Upside+Down+House/data=!4m7!3m6!1s0x31756f95531c75a5:0x545bba012f5976d7!8m2!3d10.349843!4d107.0720542!16s%2Fg%2F11c6dxyjlm!19sChIJpXUcU5VvdTER13ZZLwG6W1Q?authuser=0&hl=en&rclk=1,http://www.nhaupnguoc.com/
"44 Vi Ba, Phường 1, Vũng Tàu, Bà Rịa - Vũng Tàu ",10.3578021,107.0718218,Chơn Không Monastery,,0,,4.2,Attraction,https://www.google.com/maps/place/Ch%C6%A1n+Kh%C3%B4ng+Monastery/data=!4m7!3m6!1s0x31756fbe758f66db:0x853d0bc55bd2579c!8m2!3d10.3578021!4d107.0718218!16s%2Fg%2F1tfg9qwv!19sChIJ22aPdb5vdTERnFfSW8ULPYU?authuser=0&hl=en&rclk=1,
"29 Thùy Vân, Phường 2, Vũng Tàu, Bà Rịa - Vũng Tàu ",10.3315892,107.0890799,Whale statue,,0,,4.2,Attraction,https://www.google.com/maps/place/Whale+statue/data=!4m7!3m6!1s0x3175655828bc0a0b:0x57637a472e09714f!8m2!3d10.3315892!4d107.0890799!16s%2Fg%2F11c45m70rz!19sChIJCwq8KFhldTERT3EJLkd6Y1c?authuser=0&hl=en&rclk=1,
"02 Lê Hồng Phong ( nối dài, Vũng Tàu, Bà Rịa - Vũng Tàu 790000 ",10.3470998,107.0989964,San Ho Hotel - Back Beach Vung Tau,0918 033 189 ,0,,3.9,Natural,https://www.google.com/maps/place/San+Ho+Hotel+-+Back+Beach+Vung+Tau/data=!4m7!3m6!1s0x31756fe4693646fd:0xf0a8171d12554701!8m2!3d10.3470998!4d107.0989964!16s%2Fg%2F11f4pjyl5x!19sChIJ_UY2aeRvdTERAUdVEh0XqPA?authuser=0&hl=en&rclk=1,https://www.tiktok.com/tiktokstudio/content
"94CF+9V, Phường 10, Vũng Tàu, Bà Rịa - Vũng Tàu ",10.37093,107.1246429,Bãi tắm Thuỷ Tiên,,0,,4.4,Attraction,https://www.google.com/maps/place/B%C3%A3i+t%E1%BA%AFm+Thu%E1%BB%B7+Ti%C3%AAn/data=!4m7!3m6!1s0x31757141b70d93ff:0xbb77b7f3ee2468a0!8m2!3d10.37093!4d107.1246429!16s%2Fg%2F11t7k26zy1!19sChIJ_5MNt0FxdTERoGgk7vO3d7s?authuser=0&hl=en&rclk=1,
"151 Thùy Vân, Phường Thắng Tam, Vũng Tàu, Bà Rịa - Vũng Tàu ",10.3390345,107.0917681,Cây Phượng 2 Màu Vũng Tàu,,0,,4.3,Attraction,https://www.google.com/maps/place/C%C3%A2y+Ph%C6%B0%E1%BB%A3ng+2+M%C3%A0u+V%C5%A9ng+T%C3%A0u/data=!4m7!3m6!1s0x31756f7a5c782533:0xd7e2a2b33a7c8319!8m2!3d10.3390345!4d107.0917681!16s%2Fg%2F11qb8672zm!19sChIJMyV4XHpvdTERGYN8OrOi4tc?authuser=0&hl=en&rclk=1,
"G4FH+WGM, Tân Hoà, Tân Thành, Bà Rịa - Vũng Tàu ",10.5245908,107.1293515,Suối Tiên - Núi Dinh,,0,,4.2,Natural,https://www.google.com/maps/place/Su%E1%BB%91i+Ti%C3%AAn+-+N%C3%BAi+Dinh/data=!4m7!3m6!1s0x31750d002edf3b29:0x9a28b143360ec6fb!8m2!3d10.5245908!4d107.1293515!16s%2Fg%2F11y26cr04n!19sChIJKTvfLgANdTER-8YONkOxKJo?authuser=0&hl=en&rclk=1,
"H3RF+867, Đường Tôn Thất Tùng, TT. Phú Mỹ, Tân Thành, Bà Rịa - Vũng Tàu ",10.5907956,107.0730437,Bát Nhã,0989 249 944 ,0,,4.6,Attraction,https://www.google.com/maps/place/B%C3%A1t+Nh%C3%A3/data=!4m7!3m6!1s0x3175122123620329:0x4d23048aa4502bb!8m2!3d10.5907956!4d107.0730437!16s%2Fg%2F113g8rchs!19sChIJKQNiIyESdTERuwJFqkgw0gQ?authuser=0&hl=en&rclk=1,https://www.facebook.com/ChonTotThich?mibextid=LQQJ4d
"6 Trần Phú, Phường 1, Vũng Tàu, Bà Rịa - Vũng Tàu ",10.3507728,107.0686458,Bạch Dinh,,0,,4.7,Attraction,https://www.google.com/maps/place/B%E1%BA%A1ch+Dinh/data=!4m7!3m6!1s0x31756f0059e18389:0x7846a65c55dcaed4!8m2!3d10.3507728!4d107.0686458!16s%2Fg%2F11wc5wdcgw!19sChIJiYPhWQBvdTER1K7cVVymRng?authuser=0&hl=en&rclk=1,
"núi Dinh, thôn Chu Hải, Phú Mỹ, Bà Rịa - Vũng Tàu ",10.5238528,107.1261198,Thiền Tôn Phật Quang,0969 989 396 ,0,,4.7,Attraction,https://www.google.com/maps/place/Thi%E1%BB%81n+T%C3%B4n+Ph%E1%BA%ADt+Quang/data=!4m7!3m6!1s0x31750d3a1445537d:0x76e96faffcd2e670!8m2!3d10.5238528!4d107.1261198!16s%2Fg%2F1ptvx0x9f!19sChIJfVNFFDoNdTERcObS_K9v6XY?authuser=0&hl=en&rclk=1,http://thientonphatquang.com/
"F7M2+QV, An Nhứt, Long Điền, Bà Rịa - Vũng Tàu ",10.4844271,107.2522044,Cánh đồng An Nhứt,,0,,4.7,Attraction,https://www.google.com/maps/place/C%C3%A1nh+%C4%91%E1%BB%93ng+An+Nh%E1%BB%A9t/data=!4m7!3m6!1s0x3175750022d76dbb:0x25f2ae65eefb8da4!8m2!3d10.4844271!4d107.2522044!16s%2Fg%2F11y9qqp6vs!19sChIJu23XIgB1dTERpI377mWu8iU?authuser=0&hl=en&rclk=1,
"Phường 2, Vũng Tàu, Ba Ria - Vung Tau ",10.3328687,107.0790436,The Small Mountain,,0,,4.5,Natural,https://www.google.com/maps/place/The+Small+Mountain/data=!4m7!3m6!1s0x3175655fb9a37cf5:0xb34c8ab03b8e4868!8m2!3d10.3328687!4d107.0790436!16s%2Fg%2F121mvw9j!19sChIJ9XyjuV9ldTERaEiOO7CKTLM?authuser=0&hl=en&rclk=1,
"5 Xô Viết Nghệ Tĩnh, Phường Thắng Tam, Vũng Tàu, Bà Rịa - Vũng Tàu 78210 ",10.3402136,107.0830448,Đình Thắng Tam,,1090908,₫1090908,4.3,Attraction,https://www.google.com/maps/place/%C4%90%C3%ACnh+Th%E1%BA%AFng+Tam/data=!4m7!3m6!1s0x31756ff3e38a7815:0x33d4cb4441b4e3b4!8m2!3d10.3402136!4d107.0830448!16s%2Fg%2F1tyytm8f!19sChIJFXiK4_NvdTERtOO0QUTL1DM?authuser=0&hl=en&rclk=1,
"36 Đ. Hai Bà Trưng, TT. Long Hải, Long Điền, Bà Rịa - Vũng Tàu 790000 ",10.3868306,107.2330665,Bãi Biển Dinh Cô,,0,,4.1,Natural,https://www.google.com/maps/place/B%C3%A3i+Bi%E1%BB%83n+Dinh+C%C3%B4/data=!4m7!3m6!1s0x317577eb6a15fbe5:0xf9000871f4b8ca9e!8m2!3d10.3868306!4d107.2330665!16s%2Fg%2F11mx9zg35w!19sChIJ5fsVaut3dTERnsq49HEIAPk?authuser=0&hl=en&rclk=1,
"H3PV+X89, TT. Phú Mỹ, Tân Thành, Bà Rịa - Vũng Tàu ",10.5874064,107.0933664,Đỉnh núi Thị Vải,,0,,4.8,Natural,https://www.google.com/maps/place/%C4%90%E1%BB%89nh+n%C3%BAi+Th%E1%BB%8B+V%E1%BA%A3i/data=!4m7!3m6!1s0x317513abec1832db:0xb8ef80a6421d9c25!8m2!3d10.5874064!4d107.0933664!16s%2Fg%2F11h_vsh9fl!19sChIJ2zIY7KsTdTERJZwdQqaA77g?authuser=0&hl=en&rclk=1,
"HGHQ+MFM, Bình Châu, Xuyên Mộc, Bà Rịa - Vũng Tàu ",10.5675731,107.5662211,Biển Sông Lô Suối Ồ,,0,,3.5,Natural,https://www.google.com/maps/place/Bi%E1%BB%83n+S%C3%B4ng+L%C3%B4+Su%E1%BB%91i+%E1%BB%92/data=!4m7!3m6!1s0x3175bbf8a2df16dd:0x7252e858f5f89618!8m2!3d10.5675731!4d107.5662211!16s%2Fg%2F11hbg8cfy9!19sChIJ3Rbfovi7dTERGJb49VjoUnI?authuser=0&hl=en&rclk=1,
,10.4113797,107.136224,Vũng Tàu,,0,,,Attraction,https://www.google.com/maps/place/V%C5%A9ng+T%C3%A0u/data=!4m7!3m6!1s0x31756fd4554f0cf5:0xb24fd23bf641fa40!8m2!3d10.4113797!4d107.136224!16zL20vMDNxanNm!19sChIJ9QxPVdRvdTERQPpB9jvST7I?authuser=0&hl=en&rclk=1,
"9348+3V2, Phường 1, Vũng Tàu, Bà Rịa - Vũng Tàu ",10.3551365,107.0671507,Three Jewels Pagoda,,0,,4.3,Cultural,https://www.google.com/maps/place/Three+Jewels+Pagoda/data=!4m7!3m6!1s0x31756ffb4d523f97:0x119809f7e51f10ce!8m2!3d10.3551365!4d107.0671507!16s%2Fg%2F11g03zgs65!19sChIJlz9STftvdTERzhAf5fcJmBE?authuser=0&hl=en&rclk=1,
"G45W+FV5, Unnamed Road, Tân Thành, Bà Rịa - Vũng Tàu ",10.5086427,107.1472241,Ba Ria Green Stone Lake,,0,,4.1,Natural,https://www.google.com/maps/place/Ba+Ria+Green+Stone+Lake/data=!4m7!3m6!1s0x31750d5a4a7c558b:0xb148b65dbf38d6f!8m2!3d10.5086427!4d107.1472241!16s%2Fg%2F11mqxf2xms!19sChIJi1V8SloNdTERb43z22WLFAs?authuser=0&hl=en&rclk=1,
"Bãi Ngựa, Vũng Tàu, Bà Rịa - Vũng Tàu ",10.4090881,107.1027721,Đảo Ngọc Vũng Tàu,0941 666 966 ,0,,3.6,Attraction,https://www.google.com/maps/place/%C4%90%E1%BA%A3o+Ng%E1%BB%8Dc+V%C5%A9ng+T%C3%A0u/data=!4m7!3m6!1s0x31757176d52061f9:0xaf251b3e7c4496d6!8m2!3d10.4090881!4d107.1027721!16s%2Fg%2F11ghpl_88d!19sChIJ-WEg1XZxdTER1pZEfD4bJa8?authuser=0&hl=en&rclk=1,http://vungtaumarina.com/
"03 Đ. Huỳnh Thúc Kháng, Phường 4, Đà Lạt, Lâm Đồng 66115 ",11.9347331,108.4308805,Crazy House - Hang Nga Villa,0263 3822 070 ,80000,₫80000,4.3,Acttraction,https://www.google.com/maps/place/Crazy+House+-+Hang+Nga+Villa/data=!4m7!3m6!1s0x317113331aee38a5:0x3f766cbad7773c86!8m2!3d11.9347331!4d108.4308805!16s%2Fm%2F0bbvkrv!19sChIJpTjuGjMTcTERhjx317psdj8?authuser=0&hl=en&rclk=1,http://crazyhouse.vn/
"8 Đ. Trần Phú, Phường 3, Đà Lạt, Lâm Đồng ",11.937314,108.438459,Dalat Eiffel Tower,,0,,4.3,Acttraction,https://www.google.com/maps/place/Dalat+Eiffel+Tower/data=!4m7!3m6!1s0x317113b5abedf76d:0x5ddebb9e19ca2f2c!8m2!3d11.937314!4d108.438459!16s%2Fg%2F11j0d86k9x!19sChIJbfftq7UTcTERLC_KGZ673l0?authuser=0&hl=en&rclk=1,
"02 Đ. Trần Nhân Tông, Phường 8, Đà Lạt, Lâm Đồng ",11.9502479,108.4498289,Dalat City Flower Garden,0263 3837 771 ,100000,₫100000,4.2,Acttraction,https://www.google.com/maps/place/Dalat+City+Flower+Garden/data=!4m7!3m6!1s0x317113cc83ae4a67:0x62a76426d1126ed2!8m2!3d11.9502479!4d108.4498289!16s%2Fg%2F122vlw65!19sChIJZ0qug8wTcTER0m4S0SZkp2I?authuser=0&hl=en&rclk=1,https://vuonhoathanhphodalat.com.vn/
"1 Đường Triệu Việt Vương, Phường 4, Đà Lạt, Lâm Đồng ",11.9299576,108.4296378,Bao Dai Palace 3,,0,,4.2,Acttraction,https://www.google.com/maps/place/Bao+Dai+Palace+3/data=!4m7!3m6!1s0x317113353ac6af0f:0xdaa1ac573fa04a4f!8m2!3d11.9299576!4d108.4296378!16s%2Fg%2F1229l3mq!19sChIJD6_GOjUTcTERT0qgP1esodo?authuser=0&hl=en&rclk=1,
"Đèo Prenn, Phường 3, Đà Lạt, Lâm Đồng ",11.9036336,108.4491948,High Rope Course & Zipline ( 1000m ),0263 3822 021 ,0,,3.9,Acttraction,https://www.google.com/maps/place/High+Rope+Course+%26+Zipline+%28+1000m+%29/data=!4m7!3m6!1s0x317115acddaf614b:0x2d95748044598813!8m2!3d11.9036336!4d108.4491948!16s%2Fg%2F11sjhf36f9!19sChIJS2Gv3awVcTERE4hZRIB0lS0?authuser=0&hl=en&rclk=1,
"Phường 4, Dalat, Lam Dong 66000 ",11.8825052,108.4115694,Sculpture Tunnel,0338 985 899 ,36223200,₫36223200,4.2,Acttraction,https://www.google.com/maps/place/Sculpture+Tunnel/data=!4m7!3m6!1s0x31716b38c34667bf:0x3d987ff049b1b859!8m2!3d11.8825052!4d108.4115694!16s%2Fg%2F11b60s6wct!19sChIJv2dGwzhrcTERWbixSfB_mD0?authuser=0&hl=en&rclk=1,
"VFHC+385, Phường 3, Đà Lạt, Lâm Đồng ",11.8769509,108.4707101,Prenn waterfall,0944 391 616 ,0,,3.7,Natural,https://www.google.com/maps/place/Prenn+waterfall/data=!4m7!3m6!1s0x317115253d4e1fd1:0xebb00b8b120ac8c3!8m2!3d11.8769509!4d108.4707101!16s%2Fg%2F11t1g082my!19sChIJ0R9OPSUVcTERw8gKEosLsOs?authuser=0&hl=en&rclk=1,
"Đ. Trần Quốc Toản, Phường 1, Đà Lạt, Lâm Đồng ",11.9393622,108.445203,Lâm Viên Square,,8307117,₫8307117,4.5,Acttraction,https://www.google.com/maps/place/L%C3%A2m+Vi%C3%AAn+Square/data=!4m7!3m6!1s0x31711324a3fe0629:0x66eb8ed37afe5989!8m2!3d11.9393622!4d108.445203!16s%2Fg%2F11f2sw5q3l!19sChIJKQb-oyQTcTERiVn-etOO62Y?authuser=0&hl=en&rclk=1,https://hoadalattravel.vn/quang-truong-lam-vien-da-lat/
"Thôn 4, Da Lat, Lam Dong ",11.9039342,108.3674764,The Florest - Hoa Trong Rừng,0986 757 906 ,130000,₫130000,4.4,Acttraction,https://www.google.com/maps/place/The+Florest+-+Hoa+Trong+R%E1%BB%ABng/data=!4m7!3m6!1s0x317113b05d1d5711:0xb329dc5d86cc91ad!8m2!3d11.9039342!4d108.3674764!16s%2Fg%2F11sf9shlnx!19sChIJEVcdXbATcTERrZHMhl3cKbM?authuser=0&hl=en&rclk=1,http://theflorest.com.vn/
"WCFV+5HC Đồi Robin, Phường 3, Đà Lạt, Lâm Đồng 66116 ",11.9232151,108.4437784,Dalat Cable Car Tourist Area,0966 984 212 ,970000,₫970000,4.4,Acttraction,https://www.google.com/maps/place/Dalat+Cable+Car+Tourist+Area/data=!4m7!3m6!1s0x31711347082ec713:0xbc862021c38b4507!8m2!3d11.9232151!4d108.4437784!16s%2Fg%2F1tfcw8_6!19sChIJE8cuCEcTcTERB0WLwyEghrw?authuser=0&hl=en&rclk=1,https://www.dalattourist.com.vn/
"Unnamed, Road, Đà Lạt, Lâm Đồng ",11.891738,108.56541,Cau Dat,,99000,₫99000,4.7,Acttraction,https://www.google.com/maps/place/Cau+Dat/data=!4m7!3m6!1s0x3171174abf405701:0x4056ac32d7fdab2f!8m2!3d11.891738!4d108.56541!16s%2Fg%2F11jccs_bxf!19sChIJAVdAv0oXcTERL6v91zKsVkA?authuser=0&hl=en&rclk=1,
"Xã, Tp. Đà Lạt, Lâm Đồng ",11.9466931,108.5135145,Hydrangea Field,,0,,4.2,Acttraction,https://www.google.com/maps/place/Hydrangea+Field/data=!4m7!3m6!1s0x3171122d005ba3d5:0x6f9dbe8217c3b3e0!8m2!3d11.9466931!4d108.5135145!16s%2Fg%2F11dxqdl5_c!19sChIJ1aNbAC0ScTER4LPDF4K-nW8?authuser=0&hl=en&rclk=1,
"Đèo, Tiểu khu 158, Đà Lạt, Lâm Đồng ",11.9266145,108.3712692,KDL Sinh Thái Cao Nguyên Hoa Đà Lạt,0983 855 556 ,0,,4.4,Acttraction,https://www.google.com/maps/place/KDL+Sinh+Th%C3%A1i+Cao+Nguy%C3%AAn+Hoa+%C4%90%C3%A0+L%E1%BA%A1t/data=!4m7!3m6!1s0x31716dcb980c42cb:0x1e8cb534cf573814!8m2!3d11.9266145!4d108.3712692!16s%2Fg%2F11nwb4cn0p!19sChIJy0IMmMttcTERFDhXzzS1jB4?authuser=0&hl=en&rclk=1,https://www.facebook.com/KDLSinhThaiCaoNguyenHoaDaLat/
"Tiểu khu 97, Lạc Dương District, Lam Dong ",12.1336783,108.5335218,Bidoup Nui Ba National Park,0918 947 792 ,2606175,₫2606175,4.6,Natural,https://www.google.com/maps/place/Bidoup+Nui+Ba+National+Park/data=!4m7!3m6!1s0x3171098e0fb3187f:0xb6e6105c4aa122e7!8m2!3d12.1336783!4d108.5335218!16s%2Fm%2F0bm9t8w!19sChIJfxizD44JcTER5yKhSlwQ5rY?authuser=0&hl=en&rclk=1,http://bidouptour.com/
"XH28+97C, Xuân Thọ, Đà Lạt, Lâm Đồng ",11.9509395,108.5656476,Cầu La Bá,,0,,4.7,Acttraction,https://www.google.com/maps/place/C%E1%BA%A7u+La+B%C3%A1/data=!4m7!3m6!1s0x317111ad8d0aefef:0xf03bffa3004a5c53!8m2!3d11.9509395!4d108.5656476!16s%2Fg%2F11hcj0jpgf!19sChIJ7-8Kja0RcTERU1xKAKP_O_A?authuser=0&hl=en&rclk=1,
"120 Nguyễn Văn Trỗi, Phường 2, Đà Lạt, Lâm Đồng ",11.9502832,108.4368776,Linh Sơn Pagoda,,0,,4.5,Cultural,https://www.google.com/maps/place/Linh+S%C6%A1n+Pagoda/data=!4m7!3m6!1s0x317112d7ca5e07f1:0x23d4abb0941400c1!8m2!3d11.9502832!4d108.4368776!16s%2Fm%2F03qhsvf!19sChIJ8QdeytcScTERwQAUlLCr1CM?authuser=0&hl=en&rclk=1,
"VCHJ+R2, Phường 4, Đà Lạt, Lâm Đồng ",11.879522,108.4300265,Đỉnh Pinhatt (Samson Mountain),0785 098 486 ,2895750,₫2895750,4.5,Natural,https://www.google.com/maps/place/%C4%90%E1%BB%89nh+Pinhatt+%28Samson+Mountain%29/data=!4m7!3m6!1s0x317115cc428b4b61:0xddb8a7a75578eb52!8m2!3d11.879522!4d108.4300265!16s%2Fg%2F11kbx8k9jf!19sChIJYUuLQswVcTERUut4VaenuN0?authuser=0&hl=en&rclk=1,
"80A Đường Mai Anh Đào, Phường 8, Đà Lạt, Lâm Đồng ",11.9773187,108.4477357,XQ Đà Lạt Sử Quán - XQ Việt Nam - XQ Dalat Historical Village - XQ Vietnam,0263 3831 343 ,0,,4.4,Acttraction,https://www.google.com/maps/place/XQ+%C4%90%C3%A0+L%E1%BA%A1t+S%E1%BB%AD+Qu%C3%A1n+-+XQ+Vi%E1%BB%87t+Nam+-+XQ+Dalat+Historical+Village+-+XQ+Vietnam/data=!4m7!3m6!1s0x317112bc3652da5d:0xa20c32133205d72c!8m2!3d11.9773187!4d108.4477357!16s%2Fg%2F1q5blwszz!19sChIJXdpSNrwScTERLNcFMhMyDKI?authuser=0&hl=en&rclk=1,http://xqvietnam.com/
"1 Ngô Quyền, Phường 6, Đà Lạt, Lâm Đồng ",11.9496557,108.4302407,Domaine de Marie,,1579500,₫1579500,4.6,Acttraction,https://www.google.com/maps/place/Domaine+de+Marie/data=!4m7!3m6!1s0x317112d563be84f7:0x92b37de0895f4fe7!8m2!3d11.9496557!4d108.4302407!16s%2Fg%2F1215vyrr!19sChIJ94S-Y9UScTER509fieB9s5I?authuser=0&hl=en&rclk=1,
"WFR5+57X, 120 Tự Phước, Phường 11, Đà Lạt, Lâm Đồng 550000 ",11.9446332,108.4993224,Linh Phước Temple,,601790,₫601790,4.6,Cultural,https://www.google.com/maps/place/Linh+Ph%C6%B0%E1%BB%9Bc+Temple/data=!4m7!3m6!1s0x3171131bc5c884db:0x208932023afedf1b!8m2!3d11.9446332!4d108.4993224!16s%2Fg%2F120_98hg!19sChIJ24TIxRsTcTERG9_-OgIyiSA?authuser=0&hl=en&rclk=1,
"113 Hồ Xuân Hương, Ward 9, Đà Lạt, Lâm Đồng ",11.9582632,108.4744012,Delight Park Dalat,,0,,4.5,Natural,https://www.google.com/maps/place/Delight+Park+Dalat/data=!4m7!3m6!1s0x317113d56bc9cb83:0xc773b8352053e5e4!8m2!3d11.9582632!4d108.4744012!16s%2Fg%2F11lzt5jvbf!19sChIJg8vJa9UTcTER5OVTIDW4c8c?authuser=0&hl=en&rclk=1,https://delightparkdalat.com/
"109 Nguyễn Văn Trỗi, Phường 2, Đà Lạt, Lâm Đồng ",11.9492985,108.4369601,Pine Track Adventures,0918 362 058 ,0,,4.8,Acttraction,https://www.google.com/maps/place/Pine+Track+Adventures/data=!4m7!3m6!1s0x31711329460049af:0x4c8422d5592589a0!8m2!3d11.9492985!4d108.4369601!16s%2Fg%2F11h17m81z!19sChIJr0kARikTcTERoIklWdUihEw?authuser=0&hl=en&rclk=1,http://www.pinetrackadventures.com/
"224/1 Yersin, Phường 9, Đà Lạt, Lâm Đồng ",11.949451,108.4559828,Dalat Adventure Tours,0984 837 128 ,0,,4.9,Acttraction,https://www.google.com/maps/place/Dalat+Adventure+Tours/data=!4m7!3m6!1s0x3171132eb5e51efd:0x59b89558ad832888!8m2!3d11.949451!4d108.4559828!16s%2Fg%2F11c5fyxbf9!19sChIJ_R7ltS4TcTERiCiDrViVuFk?authuser=0&hl=en&rclk=1,http://adventuredalat.com/
"250 Ankroet, Phường 7, Đà Lạt, Lâm Đồng 650000 ",11.9909516,108.3832458,Dalat Atv Tours & Dirt Bikes,0964 469 065 ,0,,4.9,Acttraction,https://www.google.com/maps/place/Dalat+Atv+Tours+%26+Dirt+Bikes/data=!4m7!3m6!1s0x31716d5a072c66e9:0xc4f72cc00f448d45!8m2!3d11.9909516!4d108.3832458!16s%2Fg%2F11vd3khthz!19sChIJ6WYsB1ptcTERRY1ED8As98Q?authuser=0&hl=en&rclk=1,https://dalatatvtours.com/
"222B Đường Mai Anh Đào, Phường 8, Đà Lạt, Lâm Đồng ",11.976118,108.4438341,Lumiere Da Lat - Light Garden,0389 069 966 ,150000,₫150000,4.3,Acttraction,https://www.google.com/maps/place/Lumiere+Da+Lat+-+Light+Garden/data=!4m7!3m6!1s0x317113b3b984db37:0x500d19dbe9c05170!8m2!3d11.976118!4d108.4438341!16s%2Fg%2F11j07kyxxc!19sChIJN9uEubMTcTERcFHA6dsZDVA?authuser=0&hl=en&rclk=1,https://www.vuonanhsang.com/
"VCMP+QJ, Phường 4, Đà Lạt, Lâm Đồng ",11.8841933,108.4364185,Ajisai Glamping,0978 741 038 ,0,,4.9,Acttraction,https://www.google.com/maps/place/Ajisai+Glamping/data=!4m7!3m6!1s0x317115b828e86177:0xb0c89327c49c8d87!8m2!3d11.8841933!4d108.4364185!16s%2Fg%2F11l2043qr6!19sChIJd2HoKLgVcTERh42cxCeTyLA?authuser=0&hl=en&rclk=1,
"Hẻm D41 An Sơn, Phường 4, Đà Lạt, Lâm Đồng 670000 ",11.9169499,108.4233643,Amikaje Farm - Glamping & BBQ,0977 886 871 ,0,,4.8,Acttraction,https://www.google.com/maps/place/Amikaje+Farm+-+Glamping+%26+BBQ/data=!4m7!3m6!1s0x31716d9297741e0f:0x3ea09c420bbdb25b!8m2!3d11.9169499!4d108.4233643!16s%2Fg%2F11q83ytnkg!19sChIJDx50l5JtcTERW7K9C0KcoD4?authuser=0&hl=en&rclk=1,https://youtube.com/@Amikaje?si=wQqxuW0LdGZHzYO3
"151B Ngô Gia Tự, Phường 12, Đà Lạt, Lâm Đồng ",11.9916696,108.482073,Biofresh Farm,0974 075 000 ,0,,4.2,Acttraction,https://www.google.com/maps/place/Biofresh+Farm/data=!4m7!3m6!1s0x31711352fbe0693b:0x23b5f0df3c9f0782!8m2!3d11.9916696!4d108.482073!16s%2Fg%2F11fm31ggrm!19sChIJO2ng-1ITcTERggefPN_wtSM?authuser=0&hl=en&rclk=1,http://biofresh.vn/
"Phường 7, Da Lat, Lam Dong 670000 ",11.9820625,108.4038125,Da Phu hill,,0,,4.5,Acttraction,https://www.google.com/maps/place/Da+Phu+hill/data=!4m7!3m6!1s0x31716dd936f3374d:0x273b69e7fc5479a2!8m2!3d11.9820625!4d108.4038125!16s%2Fg%2F11sgj3lp2x!19sChIJTTfzNtltcTERonlU_OdpOyc?authuser=0&hl=en&rclk=1,
"Cầu chân đèo Prenn, Phường 3, Đà Lạt, Lâm Đồng ",11.8772111,108.4705572,KDL Thác Prenn,0949 753 587 ,0,,4.1,Acttraction,https://www.google.com/maps/place/KDL+Th%C3%A1c+Prenn/data=!4m7!3m6!1s0x317113cc92728e09:0xb0ec988d2668665!8m2!3d11.8772111!4d108.4705572!16s%2Fg%2F11fm4yr0h_!19sChIJCY5ykswTcTERZYZm0ojJDgs?authuser=0&hl=en&rclk=1,
"55 Phan Đình Giót, Phường 6, Đà Lạt, Lâm Đồng 67000 ",11.9546218,108.4269943,Da Lat Canyoning - Viet Action Tours,0918 924 302 ,0,,4.8,Acttraction,https://www.google.com/maps/place/Da+Lat+Canyoning+-+Viet+Action+Tours/data=!4m7!3m6!1s0x3171132605091175:0xbe7220d8c5e42be5!8m2!3d11.9546218!4d108.4269943!16s%2Fg%2F11g6mtls17!19sChIJdREJBSYTcTER5Svkxdggcr4?authuser=0&hl=en&rclk=1,http://www.vietaction.com/
"02/A1 - 12A Đường Triệu Việt Vương, Phường 3, Đà Lạt, Lâm Đồng ",11.9201399,108.4364751,Vietnam Easy Rider | Da Lat Motorbike Tours | Extraordinary Journeys,0772 219 890 ,0,,5.0,Acttraction,https://www.google.com/maps/place/Vietnam+Easy+Rider+%7C+Da+Lat+Motorbike+Tours+%7C+Extraordinary+Journeys/data=!4m7!3m6!1s0x3171130041c1d6b1:0xe9913d072e965342!8m2!3d11.9201399!4d108.4364751!16s%2Fg%2F11w_ghbg63!19sChIJsdbBQQATcTERQlOWLgc9kek?authuser=0&hl=en&rclk=1,https://vietnameasyrider.net/
"38 Đường Tăng Bạt Hổ, Phường 1, Đà Lạt, Lâm Đồng 67000 ",11.9443308,108.434881,Viet Challenge Tours,0915 594 659 ,0,,4.8,Acttraction,https://www.google.com/maps/place/Viet+Challenge+Tours/data=!4m7!3m6!1s0x3171132eb48d379d:0x50e2737685751f5c!8m2!3d11.9443308!4d108.434881!16s%2Fg%2F11b67t6y__!19sChIJnTeNtC4TcTERXB91hXZz4lA?authuser=0&hl=en&rclk=1,http://vietchallenge.com/
"6A Đường Trần Khánh Dư, Phường 8, Đà Lạt, Lâm Đồng ",11.9578048,108.4409798,Canyoning Dalat Tours,0989 666 567 ,0,,4.5,Acttraction,https://www.google.com/maps/place/Canyoning+Dalat+Tours/data=!4m7!3m6!1s0x3171132eb4df7d71:0x6d6a87f6526a6ad9!8m2!3d11.9578048!4d108.4409798!16s%2Fg%2F11c1sk0782!19sChIJcX3ftC4TcTER2WpqUvaHam0?authuser=0&hl=en&rclk=1,http://dalat-canyoning.com/
"11 Đường Nguyễn Khuyến, Phường 5, Đà Lạt, Lâm Đồng 66000 ",11.9437965,108.4220433,Cam Ly Parish Church,,368550,₫368550,4.6,Cultural,https://www.google.com/maps/place/Cam+Ly+Parish+Church/data=!4m7!3m6!1s0x31716cd3e112cd97:0x93fee45aa30cad50!8m2!3d11.9437965!4d108.4220433!16s%2Fg%2F122qmlx1!19sChIJl80S4dNscTERUK0Mo1rk_pM?authuser=0&hl=en&rclk=1,
"B15 Đường Nguyễn Trung Trực, Phường 3, Đà Lạt, Lâm Đồng 66000 ",11.9302781,108.4362176,Highland Adventure Travel Da Lat Canyoning Tour,0972 536 361 ,0,,5.0,Acttraction,https://www.google.com/maps/place/Highland+Adventure+Travel+Da+Lat+Canyoning+Tour/data=!4m7!3m6!1s0x317113c93a01dd91:0xce7d9a491dd69f3f!8m2!3d11.9302781!4d108.4362176!16s%2Fg%2F11rmn_klyk!19sChIJkd0BOskTcTERP5_WHUmafc4?authuser=0&hl=en&rclk=1,https://highlandadventuretravel.com/tour/dalat-canyoning-15.html
"3/4 Ngô Quyền, st, Ward 6, Lâm Đồng 670000 ",11.9528654,108.4289032,Dalat Family Hostel,0263 3608 086 ,0,,4.3,Acttraction,https://www.google.com/maps/place/Dalat+Family+Hostel/data=!4m7!3m6!1s0x317112d7ab71d7c5:0x541d129410ecc767!8m2!3d11.9528654!4d108.4289032!16s%2Fg%2F12vsp72fy!19sChIJxddxq9cScTERZ8fsEJQSHVQ?authuser=0&hl=en&rclk=1,
"75a/2, Đ. Hùng Vương, Phường 11, Đà Lạt, Lâm Đồng 670000 ",11.9491572,108.474307,Dalat Day Tour,0944 039 091 ,0,,5.0,Acttraction,https://www.google.com/maps/place/Dalat+Day+Tour/data=!4m7!3m6!1s0x317112ff9b55d301:0x64b976f5eb2faaeb!8m2!3d11.9491572!4d108.474307!16s%2Fg%2F11gbzcf0gf!19sChIJAdNVm_8ScTER66ov6_V2uWQ?authuser=0&hl=en&rclk=1,http://dalatdaytours.com/
"hẻm 1 Đ. Trần Phú, street, Đà Lạt, Lâm Đồng ",11.9365486,108.4400443,Dalat Food Tour Adventure- Taste of Dalat,0987 639 053 ,0,,4.9,Acttraction,https://www.google.com/maps/place/Dalat+Food+Tour+Adventure-+Taste+of+Dalat/data=!4m7!3m6!1s0x31711331f64e5bfd:0xfa697efb3fc5ff2e!8m2!3d11.9365486!4d108.4400443!16s%2Fg%2F11b9067cwz!19sChIJ_VtO9jETcTERLv_FP_t-afo?authuser=0&hl=en&rclk=1,http://tasteofdalat.com/
"59 Nguyễn Hữu Cảnh, Phường 8, Đà Lạt, Lâm Đồng ",11.9677325,108.4399097,Highland Holiday Tours,0982 266 123 ,0,,5.0,Acttraction,https://www.google.com/maps/place/Highland+Holiday+Tours/data=!4m7!3m6!1s0x317113294ca0f59d:0xd16701ce278b2b92!8m2!3d11.9677325!4d108.4399097!16s%2Fg%2F1tf72_zd!19sChIJnfWgTCkTcTERkiuLJ84BZ9E?authuser=0&hl=en&rclk=1,http://www.highlandholidaytours.com.vn/
"33 Ba Tháng Tư, Phường 3, Đà Lạt, Lâm Đồng ",11.9310779,108.4451807,Groovy Gecko Tours,0263 3836 521 ,0,,5.0,Acttraction,https://www.google.com/maps/place/Groovy+Gecko+Tours/data=!4m7!3m6!1s0x3171132eb4b5c823:0x4b1ed83509a14825!8m2!3d11.9310779!4d108.4451807!16s%2Fg%2F11hcshj9z0!19sChIJI8i1tC4TcTERJUihCTXYHks?authuser=0&hl=en&rclk=1,http://www.groovygeckotours.net/
"28 Đ. Nam Hồ, Phường 11, Đà Lạt, Lâm Đồng 67000 ",11.9461828,108.4784119,Vietnam Motorcycle Tours | Tropic Riders,0368 525 258 ,0,,5.0,Acttraction,https://www.google.com/maps/place/Vietnam+Motorcycle+Tours+%7C+Tropic+Riders/data=!4m7!3m6!1s0x3171139f30e460f9:0x52d5e1b28ff7bb3e!8m2!3d11.9461828!4d108.4784119!16s%2Fg%2F11m_c_xzq3!19sChIJ-WDkMJ8TcTERPrv3j7Lh1VI?authuser=0&hl=en&rclk=1,https://vietnam-motorcycletours.com/
"3/62 Đ. Đào Duy Từ, Phường 3, Đà Lạt, Lâm Đồng 670000 ",11.9331642,108.4324678,Vietnam Easy Rider - Motorcycle Tours,0365 338 143 ,0,,5.0,Acttraction,https://www.google.com/maps/place/Vietnam+Easy+Rider+-+Motorcycle+Tours/data=!4m7!3m6!1s0x317113cb038db351:0xabd83369811416d2!8m2!3d11.9331642!4d108.4324678!16s%2Fg%2F11h58f139m!19sChIJUbONA8sTcTER0hYUgWkz2Ks?authuser=0&hl=en&rclk=1,http://www.vietnameasyriders.com.vn/
"W8, KQH Đường Phù Đổng Thiên Vương, Phường 8, Đà Lạt, Lâm Đồng 67000 ",11.9609576,108.4433238,"Highland Sport Travel - Adventure Tours Dalat, Viet Nam",0965 331 182 ,0,,5.0,Acttraction,"https://www.google.com/maps/place/Highland+Sport+Travel+-+Adventure+Tours+Dalat,+Viet+Nam/data=!4m7!3m6!1s0x3171132e80f458eb:0xcc7190d1c1dd136a!8m2!3d11.9609576!4d108.4433238!16s%2Fg%2F11b6d1lrty!19sChIJ61j0gC4TcTERahPdwdGQccw?authuser=0&hl=en&rclk=1",https://highlandsporttravel.com/
,15.6998752,107.1940755,Vietnam On Two Wheels,0969 517 714 ,0,,5.0,Acttraction,https://www.google.com/maps/place/Vietnam+On+Two+Wheels/data=!4m7!3m6!1s0x6344df97c961b8fd:0x9486fab5089dcada!8m2!3d15.6998752!4d107.1940755!16s%2Fg%2F11ssvcs0k5!19sChIJ_bhhyZffRGMR2sqdCLX6hpQ?authuser=0&hl=en&rclk=1,https://vietnammotorbiketours.vn/
"79 Hẻm 36 Triệu Việt Vương, Phường Xuân Hương, Đà Lạt, Lâm Đồng 660000 ",11.9244895,108.4365447,MrVu’s Easy Riders Vietnam,0933 272 172 ,0,,5.0,Acttraction,https://www.google.com/maps/place/MrVu%E2%80%99s+Easy+Riders+Vietnam/data=!4m7!3m6!1s0x3171133aed413bb9:0xc220b2c7de1b376b!8m2!3d11.9244895!4d108.4365447!16s%2Fg%2F11c0xd2gc_!19sChIJuTtB7ToTcTERazcb3seyIMI?authuser=0&hl=en&rclk=1,https://mrvueasyrider.com/
"1/4bis Đường Phù Đổng Thiên Vương, Phường 8, Đà Lạt, Lâm Đồng ",11.9575249,108.4429733,Vietnam Motorbike Tour,0339 906 935 ,0,,5.0,Acttraction,https://www.google.com/maps/place/Vietnam+Motorbike+Tour/data=!4m7!3m6!1s0x3171132de6361795:0xa219baa19d78c481!8m2!3d11.9575249!4d108.4429733!16s%2Fg%2F11gdt8lxft!19sChIJlRc25i0TcTERgcR4naG6GaI?authuser=0&hl=en&rclk=1,http://tripthruvn.com/
"32A Khe Sanh, Phường 10, Đà Lạt, Lâm Đồng ",11.9393694,108.4592912,ORIGINAL DALAT EASY RIDERS Since 1991 - Top Gear Vietnam Special Easy Riders,0988 055 345 ,0,,5.0,Acttraction,https://www.google.com/maps/place/ORIGINAL+DALAT+EASY+RIDERS+Since+1991+-+Top+Gear+Vietnam+Special+Easy+Riders/data=!4m7!3m6!1s0x317113294039f8f7:0x2b2ca39a723ac66e!8m2!3d11.9393694!4d108.4592912!16s%2Fg%2F1tgby7l5!19sChIJ9_g5QCkTcTERbsY6cpqjLCs?authuser=0&hl=en&rclk=1,http://www.dalat-easyriders.com/
"29 Đ. Mai Hắc Đế, Phường 6, Đà Lạt, Lâm Đồng 670000 ",11.9472518,108.4296019,DaLat Private Tours,0868 606 979 ,0,,5.0,Acttraction,https://www.google.com/maps/place/DaLat+Private+Tours/data=!4m7!3m6!1s0x317112c4502cd2d3:0x139098eee90a870c!8m2!3d11.9472518!4d108.4296019!16s%2Fg%2F11c52k39ks!19sChIJ09IsUMQScTERDIcK6e6YkBM?authuser=0&hl=en&rclk=1,https://www.dalatprivatetours.com/
"12 Tô Vĩnh Diện, Phường 7, Đà Lạt, Lâm Đồng 670000 ",11.9595107,108.4241674,Vietnam Two Wheels - Easy Rider Tours,0982 628 882 ,0,,5.0,Acttraction,https://www.google.com/maps/place/Vietnam+Two+Wheels+-+Easy+Rider+Tours/data=!4m7!3m6!1s0x31716dba6fecd6d3:0xcb44a669cfc47e1a!8m2!3d11.9595107!4d108.4241674!16s%2Fg%2F11txfrj02r!19sChIJ09bsb7ptcTERGn7Ez2mmRMs?authuser=0&hl=en&rclk=1,https://www.vietnamtwowheels.com/
"25/34/4, Đường Nhà Chung, Phường 3, Đà Lạt, Lâm Đồng 670000 ",11.9340378,108.4380163,DaLat Easy Rider Club,0903 662 831 ,0,,5.0,Acttraction,https://www.google.com/maps/place/DaLat+Easy+Rider+Club/data=!4m7!3m6!1s0x317113f2af378017:0x45bd26335a424755!8m2!3d11.9340378!4d108.4380163!16s%2Fg%2F11g047849h!19sChIJF4A3r_ITcTERVUdCWjMmvUU?authuser=0&hl=en&rclk=1,https://dalat-easyrider.com.vn/
"106 Phan Chu Trinh, Phường 9, Đà Lạt, Lâm Đồng ",11.953302,108.4686923,Dốc Garden House & coffee shop,0987 356 835 ,0,,4.2,Acttraction,https://www.google.com/maps/place/D%E1%BB%91c+Garden+House+%26+coffee+shop/data=!4m7!3m6!1s0x3171134a4f4f7287:0xdb2840661b0b889!8m2!3d11.953302!4d108.4686923!16s%2Fg%2F11h90r0fbj!19sChIJh3JPT0oTcTERibiwYQaEsg0?authuser=0&hl=en&rclk=1,
"118 Đường Nguyễn An Ninh, Phường 06, Đà Lạt, Lâm Đồng ",11.9512747,108.4347329,Wolfpack Hostel Dalat,0902 737 372 ,0,,4.5,Acttraction,https://www.google.com/maps/place/Wolfpack+Hostel+Dalat/data=!4m7!3m6!1s0x317112d65d52ed29:0x651faef4051909ca!8m2!3d11.9512747!4d108.4347329!16s%2Fg%2F11b6hx0zcs!19sChIJKe1SXdYScTERygkZBfSuH2U?authuser=0&hl=en&rclk=1,http://wolfpackhostel.blogspot.com/
"C32 Khu Quy Hoạch Hoàng Văn Thụ, Phường 4, Đà Lạt, Lâm Đồng 67000 ",11.9373778,108.4291741,Vietnam Easy Riders - Rew Rew Adventures,0387 374 373 ,0,,5.0,Acttraction,https://www.google.com/maps/place/Vietnam+Easy+Riders+-+Rew+Rew+Adventures/data=!4m7!3m6!1s0x317113320b494a69:0x3fc7b606bd17fb51!8m2!3d11.9373778!4d108.4291741!16s%2Fg%2F11g6nhc7rj!19sChIJaUpJCzITcTERUfsXvQa2xz8?authuser=0&hl=en&rclk=1,http://rewrew.vn/
"Lo 181 KQH, Phan Đình Phùng, Phường 2, Đà Lạt, Lâm Đồng 670000 ",11.9489842,108.4345859,Easy Riders Vietnam,0909 596 580 ,0,,4.7,Acttraction,https://www.google.com/maps/place/Easy+Riders+Vietnam/data=!4m7!3m6!1s0x3171132951c07f2f:0xff3c57b544fb3803!8m2!3d11.9489842!4d108.4345859!16s%2Fg%2F1pp2tkx0f!19sChIJL3_AUSkTcTERAzj7RLVXPP8?authuser=0&hl=en&rclk=1,https://www.easy-riders.net/
"19B Đường Đặng Thái Thân, Phường 3, Đà Lạt, Lâm Đồng 670000 ",11.9292741,108.4487053,Dreamers: home and coffee,0865 665 603 ,0,,4.5,Acttraction,https://www.google.com/maps/place/Dreamers:+home+and+coffee/data=!4m7!3m6!1s0x317113f8df1dda15:0xaf7c508a91ef0390!8m2!3d11.9292741!4d108.4487053!16s%2Fg%2F11h455mzct!19sChIJFdod3_gTcTERkAPvkYpQfK8?authuser=0&hl=en&rclk=1,
"15 Đ. Trần Phú, Phường 3, Đà Lạt, Lâm Đồng 670000 ",11.9360895,108.4377113,St,0263 3821 421 ,0,,4.6,Acttraction,https://www.google.com/maps/place/St.+Nicholas+Cathedral+of+Da+Lat/data=!4m7!3m6!1s0x3171133190ba653b:0x3827e1006a34cc4a!8m2!3d11.9360895!4d108.4377113!16s%2Fg%2F120txk7j!19sChIJO2W6kDETcTERSsw0agDhJzg?authuser=0&hl=en&rclk=1,
"Phường 3, Da Lat, Lam Dong ",11.9029656,108.447548,Datanla New Alpine Coaster,0989 718 223 ,250000,₫250000,4.3,Acttraction,https://www.google.com/maps/place/Datanla+New+Alpine+Coaster/data=!4m7!3m6!1s0x317115cbf7acf219:0xb10a0fabd20ab2ce!8m2!3d11.9029656!4d108.447548!16s%2Fg%2F11h6t8gp5k!19sChIJGfKs98sVcTERzrIK0qsPCrE?authuser=0&hl=en&rclk=1,https://ticket-stations.com/Datanla-New-Alpine-da-lat
"4/36 Đ. Đào Duy Từ, Phường 3, Đà Lạt, Lâm Đồng 670000 ",11.9338232,108.4329213,Đen Đi Camping,0938 275 603 ,0,,5.0,Acttraction,https://www.google.com/maps/place/%C4%90en+%C4%90i+Camping/data=!4m7!3m6!1s0x317113e56607baf1:0xd54bfb5f9c0ef9c4!8m2!3d11.9338232!4d108.4329213!16s%2Fg%2F11sskzn4qf!19sChIJ8boHZuUTcTERxPkOnF_7S9U?authuser=0&hl=en&rclk=1,https://www.facebook.com/profile.php?id=100090437601737
"32 Trạng Trình, Phường 9, Đà Lạt, Lâm Đồng ",11.9520541,108.45573,Little House Coffee,0916 018 059 ,0,,4.4,Acttraction,https://www.google.com/maps/place/Little+House+Coffee/data=!4m7!3m6!1s0x31711302c1f268f7:0xd93d10cf8912125!8m2!3d11.9520541!4d108.45573!16s%2Fg%2F11j7kqj8yp!19sChIJ92jywQITcTERJSGR-AzRkw0?authuser=0&hl=en&rclk=1,
"hẻm kế bên quán ăn LẠ, Hẻm 2 Đ. Ngô Thì Sỹ, Phường 4, Đà Lạt, Lâm Đồng 670000 ",11.9336426,108.4256934,"Homestay ""Being Home""",0903 650 377 ,0,,4.2,Acttraction,https://www.google.com/maps/place/Homestay+%22Being+Home%22/data=!4m7!3m6!1s0x31716cd3198b2f5f:0x535646f900dcec28!8m2!3d11.9336426!4d108.4256934!16s%2Fg%2F11g8bt_5jc!19sChIJXy-LGdNscTERKOzcAPlGVlM?authuser=0&hl=en&rclk=1,https://www.facebook.com/lanhaHomestay
"57 Phan Bội Châu, Phường 1, Đà Lạt, Lâm Đồng ",11.9446386,108.4375466,Maze Bar,0903 040 202 ,0,,4.6,Acttraction,https://www.google.com/maps/place/Maze+Bar/data=!4m7!3m6!1s0x31711328c6801db3:0xcbb0a680bb459d24!8m2!3d11.9446386!4d108.4375466!16s%2Fg%2F11f03vq6v7!19sChIJsx2AxigTcTERJJ1Fu4CmsMs?authuser=0&hl=en&rclk=1,https://www.facebook.com/100roof.mazebar/
"77 Đường Hai Bà Trưng, Phường 6, Đà Lạt, Lâm Đồng 66108 ",11.9441878,108.4329268,One More Cafe,0829 341 835 ,0,,4.8,Acttraction,https://www.google.com/maps/place/One+More+Cafe/data=!4m7!3m6!1s0x317112d4861043e3:0xdef7805b043f86cb!8m2!3d11.9441878!4d108.4329268!16s%2Fg%2F11dxbp8td5!19sChIJ40MQhtQScTERy4Y_BFuA994?authuser=0&hl=en&rclk=1,https://www.facebook.com/onemorecafe77
"Phan Bội Châu, Phường 2, Đà Lạt, Lâm Đồng ",11.9438638,108.4380906,Maika Dalat Center,,0,,4.3,Acttraction,https://www.google.com/maps/place/Maika+Dalat+Center/data=!4m7!3m6!1s0x31711328ca14ddd3:0x563ed96987d4b3cf!8m2!3d11.9438638!4d108.4380906!16s%2Fg%2F11dxl76g60!19sChIJ090UyigTcTERz7PUh2nZPlY?authuser=0&hl=en&rclk=1,https://www.facebook.com/maikacondotelvietnam
"02 Đ. Cổ Loa, Phường 2, Đà Lạt, Lâm Đồng 670000 ",11.9549846,108.4354765,Mooka’s Home - Dalat Backpackers Hostel,0932 579 752 ,0,,4.8,Acttraction,https://www.google.com/maps/place/Mooka%E2%80%99s+Home+-+Dalat+Backpackers+Hostel/data=!4m7!3m6!1s0x317112d69814ac65:0xc4e885dd08677dcb!8m2!3d11.9549846!4d108.4354765!16s%2Fg%2F11c1s7qqxw!19sChIJZawUmNYScTERy31nCN2F6MQ?authuser=0&hl=en&rclk=1,https://mookahome.com/
"Dốc Nhà Làng, Hẻm 35 Trương Công Định, Phường 1, Đà Lạt, Lâm Đồng 670000 ",11.9434971,108.4348725,Ban Cacao - Vietnamese Chocolate maker,0901 455 978 ,0,,5.0,Acttraction,https://www.google.com/maps/place/Ban+Cacao+-+Vietnamese+Chocolate+maker/data=!4m7!3m6!1s0x3171133da8e7026b:0x9ed7bca1a409fa74!8m2!3d11.9434971!4d108.4348725!16s%2Fg%2F11vzcd5g8f!19sChIJawLnqD0TcTERdPoJpKG8154?authuser=0&hl=en&rclk=1,https://villagecacao.com/
"1/5/14, Nguyễn Hữu Cảnh, Phường 8, Đà Lạt, Lâm Đồng 670000 ",11.9656469,108.4411548,Easy Rider Mr,0916 524 750 ,0,,5.0,Acttraction,https://www.google.com/maps/place/Easy+Rider+Mr.Viet/data=!4m7!3m6!1s0x3171132a21976277:0x2fb983e6941ed9c9!8m2!3d11.9656469!4d108.4411548!16s%2Fg%2F11t_jy1_l8!19sChIJd2KXISoTcTERydkelOaDuS8?authuser=0&hl=en&rclk=1,https://easyridermrviet.com/
"57 Phan Bội Châu, Phường 1, Đà Lạt, Lâm Đồng ",11.9446386,108.4375466,100 Roof Bar,0898 084 117 ,0,,4.6,Acttraction,https://www.google.com/maps/place/100+Roof+Bar/data=!4m7!3m6!1s0x31711328ba16f285:0x554ac0e758d29cf2!8m2!3d11.9446386!4d108.4375466!16s%2Fg%2F11bxjjs699!19sChIJhfIWuigTcTER8pzSWOfASlU?authuser=0&hl=en&rclk=1,
"9B Dong Da Street Ward 3 (di len Doi Ro Bin: Cap Treo), Phường 3, Đà Lạt, Lâm Đồng ",11.9233329,108.4445704,Anna's Coffee House,0975 033 773 ,0,,4.7,Acttraction,https://www.google.com/maps/place/Anna%27s+Coffee+House/data=!4m7!3m6!1s0x31711346c4d19011:0x86c0269a01c7db88!8m2!3d11.9233329!4d108.4445704!16s%2Fg%2F11bxg2mf52!19sChIJEZDRxEYTcTERiNvHAZomwIY?authuser=0&hl=en&rclk=1,
"117 Đường Thánh Mẫu, Phường 7, Đà Lạt, Lâm Đồng ",11.9748047,108.4327525,Nhà thờ Giáo xứ Thánh Mẫu Đà Lạt,,0,,4.7,Acttraction,https://www.google.com/maps/place/Nh%C3%A0+th%E1%BB%9D+Gi%C3%A1o+x%E1%BB%A9+Th%C3%A1nh+M%E1%BA%ABu+%C4%90%C3%A0+L%E1%BA%A1t/data=!4m7!3m6!1s0x317112b43a90b5c3:0x6375b465dbd926b8!8m2!3d11.9748047!4d108.4327525!16s%2Fg%2F1td__z88!19sChIJw7WQOrQScTERuCbZ22W0dWM?authuser=0&hl=en&rclk=1,https://giothanhle.net/gio-le/nha-tho-thanh-mau-da-lat/
"3/62 Đ. Đào Duy Từ, Phường 3, Đà Lạt, Lâm Đồng 760000 ",11.9331614,108.4324675,Cam Ly Homestay,0397 354 503 ,0,,4.7,Acttraction,https://www.google.com/maps/place/Cam+Ly+Homestay/data=!4m7!3m6!1s0x31716cd23fb63901:0xbf6df122f6e8df9c!8m2!3d11.9331614!4d108.4324675!16s%2Fg%2F11b73lsc1y!19sChIJATm2P9JscTERnN_o9iLxbb8?authuser=0&hl=en&rclk=1,http://www.vietnameasyriders.com.vn/
"33 Đường Bà Triệu, Phường Xuân Hương, Đà Lạt, Lâm Đồng 670000 ",11.9372418,108.4342717,Note Dalat Hostel,0976 453 953 ,0,,4.7,Acttraction,https://www.google.com/maps/place/Note+Dalat+Hostel/data=!4m7!3m6!1s0x317112d7ab72225d:0xa3d91690945de3d7!8m2!3d11.9372418!4d108.4342717!16s%2Fg%2F11bwfltfsl!19sChIJXSJyq9cScTER1-NdlJAW2aM?authuser=0&hl=en&rclk=1,https://www.facebook.com/dalatnotehostel/
"23/23 Hải Thượng, Phường 5, Đà Lạt, Lâm Đồng ",11.9430492,108.4298033,Dalat Backpacker's Alley Hostel,0919 928 612 ,0,,4.5,Acttraction,https://www.google.com/maps/place/Dalat+Backpacker%27s+Alley+Hostel/data=!4m7!3m6!1s0x31711327ad59bdf9:0xde0f06b9ae0765cf!8m2!3d11.9430492!4d108.4298033!16s%2Fg%2F11gjhgjz0w!19sChIJ-b1ZrScTcTERz2UHrrkGD94?authuser=0&hl=en&rclk=1,
"116 Xô Viết Nghệ Tĩnh, Phường 7, Đà Lạt, Lâm Đồng ",11.971491,108.421871,La Chocotea,0833 031 503 ,0,,4.4,Acttraction,https://www.google.com/maps/place/La+Chocotea/data=!4m7!3m6!1s0x31716dc6109124bd:0xadef37c29b235c4!8m2!3d11.971491!4d108.421871!16s%2Fg%2F11j8mnv0gq!19sChIJvSSREMZtcTERxDWyKXzz3go?authuser=0&hl=en&rclk=1,https://facebook.com/lachocotea.chocolate.shop
"82 Đường Trương Công Định, Phường 1, Đà Lạt, Lâm Đồng ",11.9446492,108.4349821,Bicycle up Specialty coffee & Antique store,0263 3700 177 ,0,,4.6,Acttraction,https://www.google.com/maps/place/Bicycle+up+Specialty+coffee+%26+Antique+store/data=!4m7!3m6!1s0x3171132946349a3f:0xc89894a0c73139b8!8m2!3d11.9446492!4d108.4349821!16s%2Fg%2F1hm57qkmq!19sChIJP5o0RikTcTERuDkxx6CUmMg?authuser=0&hl=en&rclk=1,
"KDL HỒ TUYỀN LÂM, TỔ 18, P.3, Đà Lạt, Lâm Đồng 67000 ",11.9009431,108.4334992,THE SEEN HOUSE,0919 795 785 ,0,,4.6,Acttraction,https://www.google.com/maps/place/THE+SEEN+HOUSE/data=!4m7!3m6!1s0x3171155093fd91ab:0x909f87dd382d2228!8m2!3d11.9009431!4d108.4334992!16s%2Fg%2F11pkdn1vz_!19sChIJq5H9k1AVcTERKCItON2Hn5A?authuser=0&hl=en&rclk=1,https://www.facebook.com/theseenhouse/
"Tuyen Lam Lake, Zone VII.2, Phường 4, Ward 4, Lâm Đồng 670000 ",11.8868268,108.4235015,Dalat Edensee Lake Resort & Spa,0263 3831 515 ,0,,4.4,Natural,https://www.google.com/maps/place/Dalat+Edensee+Lake+Resort+%26+Spa/data=!4m7!3m6!1s0x317114aee92a8cad:0x19268f2b3bc7cec9!8m2!3d11.8868268!4d108.4235015!16s%2Fg%2F1tkl0tm2!19sChIJrYwq6a4UcTERyc7HOyuPJhk?authuser=0&hl=en&rclk=1,http://www.dalatedensee.com/
"51/1 Đ. Yết Kiêu, Phường 5, Đà Lạt, Lâm Đồng 66000 ",11.9491613,108.4254835,GiaoChi Legend Spa & Wellness,0933 010 021 ,0,,4.9,Acttraction,https://www.google.com/maps/place/GiaoChi+Legend+Spa+%26+Wellness/data=!4m7!3m6!1s0x31716d640dce1291:0x4a327c5e805dc0f9!8m2!3d11.9491613!4d108.4254835!16s%2Fg%2F11ldl_2q5y!19sChIJkRLODWRtcTER-cBdgF58Mko?authuser=0&hl=en&rclk=1,https://giaochilegend.vn/
"số 7 và 8, KDL Hồ Tuyền Lâm, Phường 3, Đà Lạt, Lâm Đồng 061000 ",11.8824243,108.4518585,Swiss-BelResort Tuyền Lâm,0263 3800 800 ,0,,4.4,Acttraction,https://www.google.com/maps/place/Swiss-BelResort+Tuy%E1%BB%81n+L%C3%A2m/data=!4m7!3m6!1s0x3171149554dcf44f:0xe83e1508f92bd940!8m2!3d11.8824243!4d108.4518585!16s%2Fg%2F11b6s8dz8t!19sChIJT_TcVJUUcTERQNkr-QgVPug?authuser=0&hl=en&rclk=1,https://samtuyenlamhotel.com.vn/
"13 Đường Khởi Nghĩa Bắc Sơn, Phường 10, Đà Lạt, Lâm Đồng 670000 ",11.9359846,108.4507598,TIGON DALAT HOSTEL,0834 814 981 ,0,,4.4,Acttraction,https://www.google.com/maps/place/TIGON+DALAT+HOSTEL/data=!4m7!3m6!1s0x3171133d5ce25757:0xd8ab161e0765091a!8m2!3d11.9359846!4d108.4507598!16s%2Fg%2F11f4pc3gtf!19sChIJV1fiXD0TcTERGgllBx4Wq9g?authuser=0&hl=en&rclk=1,https://www.facebook.com/tigondalat86/?ref=bookmarks
"251 Ankroet, Phường 7, Đà Lạt, Lâm Đồng ",11.9909688,108.3832025,FULL MOON FARMS,0343 591 700 ,0,,4.6,Acttraction,https://www.google.com/maps/place/FULL+MOON+FARMS/data=!4m7!3m6!1s0x31716d27348ac863:0xfda834bf19372dc6!8m2!3d11.9909688!4d108.3832025!16s%2Fg%2F11s4wvcx3r!19sChIJY8iKNCdtcTERxi03Gb80qP0?authuser=0&hl=en&rclk=1,http://www.fmfdalat.com/
"109 Nguyễn Văn Trỗi, Phường 2, Đà Lạt, Lâm Đồng ",11.9494153,108.4369656,Phat Tire Ventures Vietnam,0927 798 937 ,0,,4.9,Acttraction,https://www.google.com/maps/place/Phat+Tire+Ventures+Vietnam/data=!4m7!3m6!1s0x317112d7d668e47b:0xcdf5be3f790e2d20!8m2!3d11.9494153!4d108.4369656!16s%2Fg%2F11cn2k7whn!19sChIJe-Ro1tcScTERIC0OeT--9c0?authuser=0&hl=en&rclk=1,http://www.ptv-vietnam.com/
"Yên Bình/07 Đặng Thùy Trâm, Phường 4, Đà Lạt, Lâm Đồng 67000 ",11.940028,108.4253098,DALAT STREAM HOTEL-KHÁCH SẠN ĐẸP ĐÀ LẠT,0989 392 999 ,0,,4.9,Acttraction,https://www.google.com/maps/place/DALAT+STREAM+HOTEL-KH%C3%81CH+S%E1%BA%A0N+%C4%90%E1%BA%B8P+%C4%90%C3%80+L%E1%BA%A0T/data=!4m7!3m6!1s0x31716d9231ba89fd:0xe1028333503c868e!8m2!3d11.940028!4d108.4253098!16s%2Fg%2F11llswk524!19sChIJ_Ym6MZJtcTERjoY8UDODAuE?authuser=0&hl=en&rclk=1,https://dalatstreamhotel.com/
"Phường 4, Da Lat, Lam Dong ",11.9287272,108.435079,The Aratana Villa,0388 579 975 ,0,,4.8,Acttraction,https://www.google.com/maps/place/The+Aratana+Villa/data=!4m7!3m6!1s0x31711341adc85ebb:0xbd4c9eefb39cc801!8m2!3d11.9287272!4d108.435079!16s%2Fg%2F11lgjr7lzl!19sChIJu17IrUETcTERAcics--eTL0?authuser=0&hl=en&rclk=1,https://www.facebook.com/the.aratana.dalat
"Lá Garden Villa, Hẻm 47 Đ. Trịnh Hoài Đức, Phường 11, Đà Lạt, Lâm Đồng 670000 ",11.9455318,108.4812678,Lá Garden,0357 337 740 ,0,,4.9,Acttraction,https://www.google.com/maps/place/L%C3%A1+Garden/data=!4m7!3m6!1s0x3171130037043507:0xa4725d987bac753d!8m2!3d11.9455318!4d108.4812678!16s%2Fg%2F11vs9t1w8p!19sChIJBzUENwATcTERPXWse5hdcqQ?authuser=0&hl=en&rclk=1,https://www.facebook.com/Villa.LaGarden/
"38 Khe Sanh, Phường 10, Đà Lạt, Lâm Đồng ",11.929509,108.459361,Zen Valley Dalat,0263 3577 277 ,0,,4.5,Acttraction,https://www.google.com/maps/place/Zen+Valley+Dalat/data=!4m7!3m6!1s0x3171131a6a174c41:0x861f65b3946919f4!8m2!3d11.929509!4d108.459361!16s%2Fg%2F11b73n52_k!19sChIJQUwXahoTcTER9BlplLNlH4Y?authuser=0&hl=en&rclk=1,
"24/19, Van Xuan, Bon Dong 2, Thị trấn lạc dương , huyện Lạc Dương Lac Duong, Lâm Đồng 670000 ",12.0162927,108.4265925,Zanya Coffee,0837 031 614 ,0,,5.0,Acttraction,https://www.google.com/maps/place/Zanya+Coffee/data=!4m7!3m6!1s0x3171731ce3435ef5:0xb4d3897c0327d6ca!8m2!3d12.0162927!4d108.4265925!16s%2Fg%2F11hdq8225d!19sChIJ9V5D4xxzcTERytYnA3yJ07Q?authuser=0&hl=en&rclk=1,http://zanyacoffee.com/
"C32 Khu Quy Hoạch Hoàng Văn Thụ, Phường 4, Đà Lạt, Lâm Đồng 67000 ",11.9373771,108.4291655,Tiny Tigers Hostel,0979 180 902 ,0,,4.7,Acttraction,https://www.google.com/maps/place/Tiny+Tigers+Hostel/data=!4m7!3m6!1s0x31716d8650b4d3ed:0x3eb6eeb6e6f6c700!8m2!3d11.9373771!4d108.4291655!16s%2Fg%2F11v3y_1flm!19sChIJ7dO0UIZtcTERAMf25rbutj4?authuser=0&hl=en&rclk=1,https://www.facebook.com/tinytigershome/
"20 Đường Trương Công Định, Phường 1, Đà Lạt, Lâm Đồng ",11.9435711,108.4351795,Labata handmade shop,0918 361 890 ,0,,4.9,Acttraction,https://www.google.com/maps/place/Labata+handmade+shop/data=!4m7!3m6!1s0x31711329a6b5c34f:0x85459c039dc5c86a!8m2!3d11.9435711!4d108.4351795!16s%2Fg%2F11f0020zgc!19sChIJT8O1pikTcTERasjFnQOcRYU?authuser=0&hl=en&rclk=1,http://www.facebook.com/labatahandmadeshop
"14/61 Đ. Đào Duy Từ, Phường 4, Đà Lạt, Lâm Đồng 66000 ",11.93252,108.4339504,Laundry Cherry,0843 222 000 ,0,,4.9,Acttraction,https://www.google.com/maps/place/Laundry+Cherry/data=!4m7!3m6!1s0x3171131cb367062f:0x20f3f8f24d6f3b63!8m2!3d11.93252!4d108.4339504!16s%2Fg%2F11hzxfs0fr!19sChIJLwZnsxwTcTERYztvTfL48yA?authuser=0&hl=en&rclk=1,https://www.facebook.com/share/1AVAEGyQ7n/?mibextid=wwXIfr
"97 Đường Trần Khánh Dư, Phường 8, Đà Lạt, Lâm Đồng ",11.9624731,108.4420229,Thơm House,0961 207 249 ,0,,4.9,Acttraction,https://www.google.com/maps/place/Th%C6%A1m+House/data=!4m7!3m6!1s0x317113ef2459b041:0xfdff649233e468c9!8m2!3d11.9624731!4d108.4420229!16s%2Fg%2F11pkvdfgs4!19sChIJQbBZJO8TcTERyWjkM5Jk__0?authuser=0&hl=en&rclk=1,https://www.facebook.com/Thomhousedalat
"37/10/17 Hẻm Hoàng Diệu, Phường 3, Đà Lạt, Lâm Đồng 670000 ",11.9417996,108.4276553,Mr,0792 968 979 ,0,,4.0,Acttraction,https://www.google.com/maps/place/Mr.+Peace+backpacker%27s+House+Dalat/data=!4m7!3m6!1s0x3171135a87c4eb1f:0x3e79762ceba0cf2d!8m2!3d11.9417996!4d108.4276553!16s%2Fg%2F11vk_qcgkk!19sChIJH-vEh1oTcTERLc-g6yx2eT4?authuser=0&hl=en&rclk=1,
"36/50, 50 Đường Nguyễn Lương Bằng, Tp. Đà Lạt, Lâm Đồng 67000 ",11.9538963,108.4366147,May House - Home Hostel DALAT,0834 618 861 ,0,,4.5,Acttraction,https://www.google.com/maps/place/May+House+-+Home+Hostel+DALAT/data=!4m7!3m6!1s0x3171131a174a537d:0xdfb68c9ccd1d3571!8m2!3d11.9538963!4d108.4366147!16s%2Fg%2F11wtwtfhzt!19sChIJfVNKFxoTcTERcTUdzZyMtt8?authuser=0&hl=en&rclk=1,https://bighomedalat.com/
"37 Đường Hai Bà Trưng, Phường 6, Đà Lạt, Lâm Đồng 67000 ",11.9432714,108.4324821,Charm Spa - Best Spa Massage in Dalat,0362 489 189 ,0,,4.9,Acttraction,https://www.google.com/maps/place/Charm+Spa+-+Best+Spa+Massage+in+Dalat/data=!4m7!3m6!1s0x317113156fa85dcb:0xd017e36ae9f76b0c!8m2!3d11.9432714!4d108.4324821!16s%2Fg%2F11t_vlvkjf!19sChIJy12obxUTcTERDGv36WrjF9A?authuser=0&hl=en&rclk=1,https://charmspadalat.com/
"F18 Đ. Mạc Đĩnh Chi, Phường 5, Đà Lạt, Lâm Đồng ",11.9401599,108.4275417,Dalat Friendly Fun Hostel,0919 124 137 ,0,,4.7,Acttraction,https://www.google.com/maps/place/Dalat+Friendly+Fun+Hostel/data=!4m7!3m6!1s0x31711329f9338c69:0x10dab575dd0d26c6!8m2!3d11.9401599!4d108.4275417!16s%2Fg%2F11b6wmxwkg!19sChIJaYwz-SkTcTERxiYN3XW12hA?authuser=0&hl=en&rclk=1,
"City, 65 Đ. Thủ Khoa Huân, Phường 1, Đà Lạt, Lâm Đồng 66000 ",11.9403417,108.4332337,Dalat Central Stay,0961 680 392 ,0,,4.4,Acttraction,https://www.google.com/maps/place/Dalat+Central+Stay/data=!4m7!3m6!1s0x317113002f3f461b:0x82b8a59656a856ea!8m2!3d11.9403417!4d108.4332337!16s%2Fg%2F11wjnv9k2y!19sChIJG0Y_LwATcTER6laoVpaluII?authuser=0&hl=en&rclk=1,
"Tổ 2 Đường Đất Làng, Xuân Trường, Cầu Đất, Lâm Đồng ",11.8953778,108.5471365,Nhà Hoa Nắng Homestay Cầu Đất Đà Lạt,0908 496 361 ,0,,4.9,Acttraction,https://www.google.com/maps/place/Nh%C3%A0+Hoa+N%E1%BA%AFng+Homestay+C%E1%BA%A7u+%C4%90%E1%BA%A5t+%C4%90%C3%A0+L%E1%BA%A1t/data=!4m7!3m6!1s0x317117bd56e0d3d1:0x57f92e7f7ec62b04!8m2!3d11.8953778!4d108.5471365!16s%2Fg%2F11l72lfzq0!19sChIJ0dPgVr0XcTERBCvGfn8u-Vc?authuser=0&hl=en&rclk=1,https://www.facebook.com/nhahoanang.caudat?mibextid=YMEMSu
"Thon 3, Lâm Hà District, Lam Dong 111111 ",11.8982793,108.3348325,Midori Heritage Coffee Farm,0389 292 411 ,0,,4.7,Acttraction,https://www.google.com/maps/place/Midori+Heritage+Coffee+Farm/data=!4m7!3m6!1s0x317169fe80c7c5f1:0xf42975c38e99aaeb!8m2!3d11.8982793!4d108.3348325!16s%2Fg%2F11mdgpshsv!19sChIJ8cXHgP5pcTER66qZjsN1KfQ?authuser=0&hl=en&rclk=1,http://midorifarmvn.com/
"64 Đường Phù Đổng Thiên Vương, Phường 8, Đà Lạt, Lâm Đồng 670000 ",11.9598332,108.4427093,BRICS Boutique Dalat,0263 3525 678 ,0,,4.9,Acttraction,https://www.google.com/maps/place/BRICS+Boutique+Dalat/data=!4m7!3m6!1s0x3171130d4a2219d7:0x321cdb95ea24a68d!8m2!3d11.9598332!4d108.4427093!16s%2Fg%2F11y4zfsmpq!19sChIJ1xkiSg0TcTERjaYk6pXbHDI?authuser=0&hl=en&rclk=1,http://bricshotel.vn/
"4 Hoàng Diệu, Phường 5, Đà Lạt, Lâm Đồng 670000 ",11.9427861,108.4304576,Da Lat Mr,0865 966 279 ,0,,4.7,Acttraction,https://www.google.com/maps/place/Da+Lat+Mr.Happy+Homestay./data=!4m7!3m6!1s0x31711338ec614307:0x636c50b929255b65!8m2!3d11.9427861!4d108.4304576!16s%2Fg%2F11c7t45sqk!19sChIJB0Nh7DgTcTERZVslKblQbGM?authuser=0&hl=en&rclk=1,https://mrhappyhomestay.wixsite.com/dalat
"67/6 Hải Thượng, Phường Cam Ly, Đà Lạt, Lâm Đồng 67000 ",11.9441152,108.4301052,Villa Pink House Dalat,0867 624 671 ,0,,4.5,Acttraction,https://www.google.com/maps/place/Villa+Pink+House+Dalat/data=!4m7!3m6!1s0x3171132c7c2c1fa3:0x2107986857f334ce!8m2!3d11.9441152!4d108.4301052!16s%2Fg%2F1tyzwg_r!19sChIJox8sfCwTcTERzjTzV2iYByE?authuser=0&hl=en&rclk=1,https://www.facebook.com/VillaPinkHouseDaLat/
"Phan Đình Phùng, Xuân Hương, Đà Lạt, Lâm Đồng ",11.943606,108.4344565,Feliz Dalat Homestay,0858 033 549 ,0,,4.9,Acttraction,https://www.google.com/maps/place/Feliz+Dalat+Homestay/data=!4m7!3m6!1s0x3171132e6b287a45:0x34827cef3d0ddb35!8m2!3d11.943606!4d108.4344565!16s%2Fg%2F11rk8yqyth!19sChIJRXooay4TcTERNdsNPe98gjQ?authuser=0&hl=en&rclk=1,https://www.felizdalathomestay.com/
"3B Đ. Trịnh Hoài Đức, Phường 11, Đà Lạt, Lâm Đồng 670000 ",11.9446434,108.4792209,The GrandView Villa,0355 888 066 ,0,,4.8,Acttraction,https://www.google.com/maps/place/The+GrandView+Villa/data=!4m7!3m6!1s0x31711379fc053ce9:0x3b5074690dd4fa1d!8m2!3d11.9446434!4d108.4792209!16s%2Fg%2F11vdb534lg!19sChIJ6TwF_HkTcTERHfrUDWl0UDs?authuser=0&hl=en&rclk=1,https://www.facebook.com/gvvillada/
"91D Nguyễn Văn Trỗi, Phường 2, Đà Lạt, Lâm Đồng 670000 ",11.9487941,108.4375533,THEJ Hidden Arcade Cocktail Bar,0822 141 330 ,0,,5.0,Acttraction,https://www.google.com/maps/place/THEJ+Hidden+Arcade+Cocktail+Bar/data=!4m7!3m6!1s0x317113162a6599b5:0x4adf38462778a16a!8m2!3d11.9487941!4d108.4375533!16s%2Fg%2F11vs11dxm8!19sChIJtZllKhYTcTERaqF4J0Y430o?authuser=0&hl=en&rclk=1,https://www.facebook.com/profile.php?id=61556110794186
"Lâm Viên Square, Đ. Trần Quốc Toản, Phường 10, Đà Lạt, Lâm Đồng ",11.9381646,108.4448027,GO! Da Lat,0263 3545 088 ,0,,4.2,Acttraction,https://www.google.com/maps/place/GO!+Da+Lat/data=!4m7!3m6!1s0x31711324cc1c7593:0xf5f9cd223eca9770!8m2!3d11.9381646!4d108.4448027!16s%2Fg%2F1ptyc_5nf!19sChIJk3UczCQTcTERcJfKPiLN-fU?authuser=0&hl=en&rclk=1,https://go-vietnam.vn/
"A28 Nguyễn Hữu Cảnh, Phường 8, Đà Lạt, Lâm Đồng ",11.9688616,108.4416162,California Hotel,0263 2200 899 ,0,,4.9,Acttraction,https://www.google.com/maps/place/California+Hotel/data=!4m7!3m6!1s0x317113d478effe8f:0xb265f7debb580e02!8m2!3d11.9688616!4d108.4416162!16s%2Fg%2F11tfwrgp6g!19sChIJj_7veNQTcTERAg5Yu973ZbI?authuser=0&hl=en&rclk=1,https://www.facebook.com/profile.php?id=100087078666591
"2a Quang Trung, Phường 10, Đà Lạt, Lâm Đồng ",11.9433773,108.4560212,The Balcony Cocktail Bar DaLat,0778 638 961 ,0,,4.9,Acttraction,https://www.google.com/maps/place/The+Balcony+Cocktail+Bar+DaLat/data=!4m7!3m6!1s0x3171136d3a44a14b:0x528718c83a1d1a1f!8m2!3d11.9433773!4d108.4560212!16s%2Fg%2F11j085ydx5!19sChIJS6FEOm0TcTERHxodOsgYh1I?authuser=0&hl=en&rclk=1,https://www.facebook.com/thebalcony.speakeasybar/
"24 Đường Trương Công Định, Phường 1, Đà Lạt, Lâm Đồng ",11.9436277,108.4350645,Gemination Eatery & Bar Da Lat,0868 879 499 ,0,,4.9,Acttraction,https://www.google.com/maps/place/Gemination+Eatery+%26+Bar+Da+Lat/data=!4m7!3m6!1s0x317113ab467883d1:0x96698c1013dff24c!8m2!3d11.9436277!4d108.4350645!16s%2Fg%2F11kjlk3_sf!19sChIJ0YN4RqsTcTERTPLfExCMaZY?authuser=0&hl=en&rclk=1,http://gemination.vn/
"Palace I, Trần Quang Diệu, Phường 10, Đà Lạt, Lâm Đồng ",11.9443357,108.4697101,Bao Dai Palace 1,,0,,4.3,Acttraction,https://www.google.com/maps/place/Bao+Dai+Palace+1/data=!4m7!3m6!1s0x31711301835b2d11:0x8774cdd7f796e29a!8m2!3d11.9443357!4d108.4697101!16s%2Fg%2F1w4f5lr4!19sChIJES1bgwETcTERmuKW99fNdIc?authuser=0&hl=en&rclk=1,http://dinhbaodai.com/
"ấp Túy Sơn, Da Lat, Lam Dong ",11.949305,108.5479467,Thác hang cọp,,0,,3.9,Acttraction,https://www.google.com/maps/place/Th%C3%A1c+hang+c%E1%BB%8Dp/data=!4m7!3m6!1s0x317111a2889c1d17:0x6e09c4233a4297b2!8m2!3d11.949305!4d108.5479467!16s%2Fg%2F121jnq2d!19sChIJFx2ciKIRcTERspdCOiPECW4?authuser=0&hl=en&rclk=1,
"19 P. Ngọc Hà, Đội Cấn, Ba Đình, Hà Nội 100000 ",21.0356409,105.8326631,Ho Chi Minh Museum,024 3845 5435 ,40000,₫40000,4.2,Historical,https://www.google.com/maps/place/Ho+Chi+Minh+Museum/data=!4m7!3m6!1s0x3135aba02e1deb6f:0x949d893f040b49d1!8m2!3d21.0356409!4d105.8326631!16s%2Fm%2F03m5z77!19sChIJb-sdLqCrNTER0UkLBD-JnZQ?authuser=0&hl=en&rclk=1,https://baotanghochiminh.vn/
"1 Đ. Hoàng Hoa Thám, Đội Cấn, Ba Đình, Hà Nội ",21.0381582,105.8331705,Ho Chi Minh’s Stilt House,080 44287 ,0,,4.5,Historical,https://www.google.com/maps/place/Ho+Chi+Minh%E2%80%99s+Stilt+House/data=!4m7!3m6!1s0x3135aba6cb40909b:0x15d0fe7c07f55c3b!8m2!3d21.0381582!4d105.8331705!16s%2Fg%2F12xq69yv7!19sChIJm5BAy6arNTERO1z1B3z-0BU?authuser=0&hl=en&rclk=1,
"1 Hùng Vương, Điện Biên, Ba Đình, Hà Nội ",21.0368973,105.8346667,Ho Chi Minh's Mausoleum,,0,,4.5,Historical,https://www.google.com/maps/place/Ho+Chi+Minh%27s+Mausoleum/data=!4m7!3m6!1s0x3135aba15ec15d17:0x620e85c2cfe14d4c!8m2!3d21.0368973!4d105.8346667!16s%2Fm%2F02xbhg7!19sChIJF13BXqGrNTERTE3hz8KFDmI?authuser=0&hl=en&rclk=1,https://www.bqllang.gov.vn/
"2RPM+3WH, Hùng Vương, Điện Biên, Ba Đình, Hà Nội ",21.0351851,105.8348459,Quảng trường Ba Đình,,0,,4.7,Historical,https://www.google.com/maps/place/Qu%E1%BA%A3ng+tr%C6%B0%E1%BB%9Dng+Ba+%C4%90%C3%ACnh/data=!4m7!3m6!1s0x3135ab0078b06349:0xb95635c3691034f0!8m2!3d21.0351851!4d105.8348459!16s%2Fg%2F11xsk63rqx!19sChIJSWOweACrNTER8DQQacM1Vrk?authuser=0&hl=en&rclk=1,
"2RQG+5Q9, Hồ B52, Ngọc Hồ, Ba Đình, Hà Nội ",21.037924,105.8269902,Hồ B52,,0,,4.0,Historical,https://www.google.com/maps/place/H%E1%BB%93+B52/data=!4m7!3m6!1s0x3135ab00546ef5b1:0xf7c8e860b7e98c2a!8m2!3d21.037924!4d105.8269902!16s%2Fg%2F11xz3s2shb!19sChIJsfVuVACrNTERKozpt2DoyPc?authuser=0&hl=en&rclk=1,
"2RPR+W5H, Quán Thánh, Ba Đình, Hà Nội ",21.037315,105.8404741,Revolutionary Relic D67 Building and Bunker,,0,,4.8,Historical,https://www.google.com/maps/place/Revolutionary+Relic+D67+Building+and+Bunker/data=!4m7!3m6!1s0x3135ab0058cc7b29:0xedec256c896dda57!8m2!3d21.037315!4d105.8404741!16s%2Fg%2F11y2c4yff6!19sChIJKXvMWACrNTERV9ptiWwl7O0?authuser=0&hl=en&rclk=1,http://www.baotangvietnam.com/
"19c Hoàng Diệu, Điện Biên, Ba Đình, Hà Nội 100000 ",21.0352231,105.8402594,Imperial Citadel of Thang Long,024 3734 5427 ,100000,₫100000,4.4,Historical,https://www.google.com/maps/place/Imperial+Citadel+of+Thang+Long/data=!4m7!3m6!1s0x3135aba3381d7c49:0xb521a7d98f582937!8m2!3d21.0352231!4d105.8402594!16s%2Fm%2F05zw9vk!19sChIJSXwdOKOrNTERNylYj9mnIbU?authuser=0&hl=en&rclk=1,https://hoangthanhthanglong.vn/
"14/31/108 P. Ngọc Hà, Tổ 3B, Ba Đình, Hà Nội ",21.035708,105.831484,Bãi đỗ xe lăng bác,,0,,4.8,Historical,https://www.google.com/maps/place/B%C3%A3i+%C4%91%E1%BB%97+xe+l%C4%83ng+b%C3%A1c/data=!4m7!3m6!1s0x3135ab0006861a7b:0x1a2e0bb4c3f89d0e!8m2!3d21.035708!4d105.831484!16s%2Fg%2F11x8hn2vy3!19sChIJexqGBgCrNTERDp34w7QLLho?authuser=0&hl=en&rclk=1,
"28A Điện Biên Phủ, Điện Biên, Ba Đình, Hà Nội ",21.0325556,105.8398039,Hanoi Flagtower,024 3734 5427 ,1269008,₫1269008,4.5,Historical,https://www.google.com/maps/place/Hanoi+Flagtower/data=!4m7!3m6!1s0x3135aba2ba5b95c5:0xb86cf11749978de0!8m2!3d21.0325556!4d105.8398039!16zL20vMGY0cXQ4!19sChIJxZVbuqKrNTER4I2XSRfxbLg?authuser=0&hl=en&rclk=1,http://hoangthanhthanglong.com/
"2 P. Tố Tịch, Hàng Gai, Hoàn Kiếm, Hà Nội ",21.032938,105.8500103,Phố Hàng Quạt,,0,,4.7,Historical,https://www.google.com/maps/place/Ph%E1%BB%91+H%C3%A0ng+Qu%E1%BA%A1t/data=!4m7!3m6!1s0x3135ab9eff1bb1cf:0xe09393cd963791e!8m2!3d21.032938!4d105.8500103!16s%2Fg%2F11r2jc756j!19sChIJz7Eb_56rNTERHnlj2Tw5CQ4?authuser=0&hl=en&rclk=1,
"18 Bà Huyện Thanh Quan, Điện Biên, Ba Đình, Hà Nội ",21.0344062,105.8354606,Văn Phòng Trung Ương Đảng,,0,,5.0,Historical,https://www.google.com/maps/place/V%C4%83n+Ph%C3%B2ng+Trung+%C6%AF%C6%A1ng+%C4%90%E1%BA%A3ng/data=!4m7!3m6!1s0x3135ab5940fc25c5:0xc2d4f69173108207!8m2!3d21.0344062!4d105.8354606!16s%2Fg%2F11v4_5kct_!19sChIJxSX8QFmrNTERB4IQc5H21MI?authuser=0&hl=en&rclk=1,
"W2JR+3W, Yên Thổ, Yên Mỹ, Hưng Yên ",21.0320697,105.8343951,Hung Vuong – Tran Phu Intersection,,0,,4.8,Historical,https://www.google.com/maps/place/Hung+Vuong+%E2%80%93+Tran+Phu+Intersection/data=!4m7!3m6!1s0x3135ab001f81a765:0xfffb1ad7a067bc0c!8m2!3d21.0320697!4d105.8343951!16s%2Fg%2F11xt4s79xs!19sChIJZaeBHwCrNTERDLxnoNca-_8?authuser=0&hl=en&rclk=1,
"Cửa Bắc, 46 P. Phan Đình Phùng, Quán Thánh, Ba Đình, Hà Nội ",21.0405472,105.8410016,Di tích Cửa Bắc-Hà Nội,,0,,4.5,Historical,https://www.google.com/maps/place/Di+t%C3%ADch+C%E1%BB%ADa+B%E1%BA%AFc-H%C3%A0+N%E1%BB%99i/data=!4m7!3m6!1s0x3135abbad46fffff:0xc82ebac0a5dda0c3!8m2!3d21.0405472!4d105.8410016!16s%2Fg%2F1222zn1w!19sChIJ__9v1LqrNTERw6DdpcC6Lsg?authuser=0&hl=en&rclk=1,
"Mỹ Đình, Ba Đình, Hanoi 100000 ",21.0328276,105.8307561,Di sản xanh,0818 331 264 ,0,,,Historical,https://www.google.com/maps/place/Di+s%E1%BA%A3n+xanh/data=!4m7!3m6!1s0x3135ab09e979db17:0x9a1ec76ff8435037!8m2!3d21.0328276!4d105.8307561!16s%2Fg%2F11v0gcqc3b!19sChIJF9t56QmrNTERN1BD-G_HHpo?authuser=0&hl=en&rclk=1,
"2RHP+4FP, P.Tôn Đức Thắng, Văn Miếu – Quốc Tử Giám, Đống Đa, Hà Nội ",21.0286002,105.8358472,Constellation of Literature Pavilion,,0,,,Historical,https://www.google.com/maps/place/Constellation+of+Literature+Pavilion/data=!4m7!3m6!1s0x3135ab1eb8237511:0xd2fdb84e0698d4be!8m2!3d21.0286002!4d105.8358472!16s%2Fg%2F11vt1vw_f6!19sChIJEXUjuB6rNTERvtSYBk64_dI?authuser=0&hl=en&rclk=1,
"4 P. Hàng Chiếu, Đồng Xuân, Hoàn Kiếm, Hà Nội ",21.0373115,105.8521155,Ô Quan Chưởng,,0,,,Historical,https://www.google.com/maps/place/%C3%94+Quan+Ch%C6%B0%E1%BB%9Fng/data=!4m7!3m6!1s0x3135abd9b9d9be6f:0x3ba2056f9853dbf0!8m2!3d21.0373115!4d105.8521155!16s%2Fg%2F11t5x6hgng!19sChIJb77ZudmrNTER8NtTmG8Fojs?authuser=0&hl=en&rclk=1,
"18 Hoàng Diệu, Quán Thánh, Ba Đình, Hà Nội ",21.0366236,105.83929,Khu Khảo Cổ Hoàng Thành Thăng Long,024 3734 5427 ,0,,,Historical,https://www.google.com/maps/place/Khu+Kh%E1%BA%A3o+C%E1%BB%95+Ho%C3%A0ng+Th%C3%A0nh+Th%C4%83ng+Long/data=!4m7!3m6!1s0x3135ab83c83d3565:0x457ecb7931c6f9bc!8m2!3d21.0366236!4d105.83929!16s%2Fg%2F11mvm9qs9h!19sChIJZTU9yIOrNTERvPnGMXnLfkU?authuser=0&hl=en&rclk=1,https://hoangthanhthanglong.com/gioi-thieu/
"4c30b ngõ 82 hoàng đạo thành, kim giang, Ba Đình ",21.0361233,105.8400495,General Command Headquarters Bunker,,0,,,Historical,https://www.google.com/maps/place/General+Command+Headquarters+Bunker/data=!4m7!3m6!1s0x3135ab4def21523b:0x6f7832e5e212f262!8m2!3d21.0361233!4d105.8400495!16s%2Fg%2F11flb__1ss!19sChIJO1Ih702rNTERYvIS4uUyeG8?authuser=0&hl=en&rclk=1,
"Bốt Hàng Đậu, Quán Thánh, Ba Đình, Hà Nội ",21.0401167,105.8474541,Tháp Nước Hàng Đậu,,0,,,Historical,https://www.google.com/maps/place/Tha%CC%81p+N%C6%B0%C6%A1%CC%81c+Ha%CC%80ng+%C4%90%C3%A2%CC%A3u/data=!4m7!3m6!1s0x3135ab0015881f5d:0xde25d7433add5d3c!8m2!3d21.0401167!4d105.8474541!16s%2Fg%2F11x5cz_d1y!19sChIJXR-IFQCrNTERPF3dOkPXJd4?authuser=0&hl=en&rclk=1,
"40a P. Hàng Bài, Hàng Bài, Hoàn Kiếm, Hà Nội ",21.0218158,105.8523337,Di tích cổng trại Bảo an binh,,0,,4.7,Historical,https://www.google.com/maps/place/Di+t%C3%ADch+c%E1%BB%95ng+tr%E1%BA%A1i+B%E1%BA%A3o+an+binh/data=!4m7!3m6!1s0x3135abc8e028789b:0x9df343fe1e3644bf!8m2!3d21.0218158!4d105.8523337!16s%2Fg%2F11v5f0_nlp!19sChIJm3go4MirNTERv0Q2Hv5D850?authuser=0&hl=en&rclk=1,
"9 Hoàng Diệu, Quán Thánh, Ba Đình, Hà Nội ",21.0367807,105.8403694,Kinh Thien Palace,024 3734 5427 ,0,,4.4,Historical,https://www.google.com/maps/place/Kinh+Thien+Palace/data=!4m7!3m6!1s0x3135aba3541f3db9:0x41a629af5eb60451!8m2!3d21.0367807!4d105.8403694!16s%2Fg%2F1q67mjsm2!19sChIJuT0fVKOrNTERUQS2Xq8ppkE?authuser=0&hl=en&rclk=1,
"7 Thanh Niên, Trúc Bạch, Ba Đình, Hà Nội ",21.0469148,105.8369125,John McCain Memorial,,1711060,₫1711060,4.3,Historical,https://www.google.com/maps/place/John+McCain+Memorial/data=!4m7!3m6!1s0x3135abaee4578d97:0x98e7d1e72aa62aa4!8m2!3d21.0469148!4d105.8369125!16s%2Fg%2F11c1r2kdj8!19sChIJl41X5K6rNTERpCqmKufR55g?authuser=0&hl=en&rclk=1,http://www.vietnammustsee.com/
"2RPV+Q5F, Quán Thánh, Ba Đình, Hà Nội ",21.0369465,105.8429263,Cột cờ Bộ Quốc phòng,,0,,4.5,Historical,https://www.google.com/maps/place/C%E1%BB%99t+c%E1%BB%9D+B%E1%BB%99+Qu%E1%BB%91c+ph%C3%B2ng/data=!4m7!3m6!1s0x3135ab000f3d4c81:0x16630318c39cf3d5!8m2!3d21.0369465!4d105.8429263!16s%2Fg%2F11lv8fjq4k!19sChIJgUw9DwCrNTER1fOcwxgDYxY?authuser=0&hl=en&rclk=1,http://www.boquocphong.com/
"12 P. Lê Thái Tổ, Hàng Trống, Hoàn Kiếm, Hà Nội 100000 ",21.029694,105.851178,The People Square,,0,,4.0,Historical,https://www.google.com/maps/place/The+People+Square/data=!4m7!3m6!1s0x3135ab0014afbccd:0xd15a348e001eba6c!8m2!3d21.029694!4d105.851178!16s%2Fg%2F11mcf8pj2c!19sChIJzbyvFACrNTERbLoeAI40WtE?authuser=0&hl=en&rclk=1,
"2RJP+2H7, 58 P. Văn Miếu, Văn Miếu – Quốc Tử Giám, Đống Đa, Hà Nội ",21.0299908,105.8364262,Khu Thái Học - Thai Hoc Building,,0,,5.0,Historical,https://www.google.com/maps/place/Khu+Th%C3%A1i+H%E1%BB%8Dc+-+Thai+Hoc+Building/data=!4m7!3m6!1s0x3135ab00475819af:0x6148054ddfc7ee93!8m2!3d21.0299908!4d105.8364262!16s%2Fg%2F11x0pl75sh!19sChIJrxlYRwCrNTERk-7H300FSGE?authuser=0&hl=en&rclk=1,
"2QMQ+WJV, Ngh. 44/47 Trần Thái Tông, Dịch Vọng Hậu, Cầu Giấy, Hà Nội ",21.0348664,105.789049,Cổng làng Cốm Vòng,,0,,4.5,Historical,https://www.google.com/maps/place/C%E1%BB%95ng+l%C3%A0ng+C%E1%BB%91m+V%C3%B2ng/data=!4m7!3m6!1s0x3135ab66b9ab1593:0x6fdf1d25b8992314!8m2!3d21.0348664!4d105.789049!16s%2Fg%2F11f9_s7k50!19sChIJkxWruWarNTERFCOZuCUd328?authuser=0&hl=en&rclk=1,
"2 P. Lê Thạch, Tràng Tiền, Hoàn Kiếm, Hà Nội ",21.0266692,105.8553173,Di tích Bắc Bộ phủ,,0,,4.5,Historical,https://www.google.com/maps/place/Di+t%C3%ADch+B%E1%BA%AFc+B%E1%BB%99+ph%E1%BB%A7/data=!4m7!3m6!1s0x3135ab006b0bdd01:0x656585d93e625433!8m2!3d21.0266692!4d105.8553173!16s%2Fg%2F11lc_z2k1b!19sChIJAd0LawCrNTERM1RiPtmFZWU?authuser=0&hl=en&rclk=1,
"28A Điện Biên Phủ, Điện Biên, Ba Đình, Hà Nội 100000 ",21.0316838,105.8394108,Statue of Lenin,,0,,4.5,Historical,https://www.google.com/maps/place/Statue+of+Lenin/data=!4m7!3m6!1s0x3135aba2a076d347:0x27126a0324bc8a34!8m2!3d21.0316838!4d105.8394108!16s%2Fg%2F1pxyq7s39!19sChIJR9N2oKKrNTERNIq8JANqEic?authuser=0&hl=en&rclk=1,
"58 Quốc Tử Giám, Văn Miếu – Quốc Tử Giám, Đống Đa, Hà Nội ",21.0272253,105.8361164,"Văn Miếu, Quốc Tử Giám",,0,,,Historical,"https://www.google.com/maps/place/V%C4%83n+Mi%E1%BA%BFu,+Qu%E1%BB%91c+T%E1%BB%AD+Gi%C3%A1m/data=!4m7!3m6!1s0x3135ab000c09e8d3:0x89f358f7e2ab0e6f!8m2!3d21.0272253!4d105.8361164!16s%2Fg%2F11yjzvvlq2!19sChIJ0-gJDACrNTERbw6r4vdY84k?authuser=0&hl=en&rclk=1",
"32-36 P. Bát Đàn, Hàng Bồ, Hoàn Kiếm, Hà Nội 10000 ",21.0336757,105.8469334,Thọ Quạt cổ,,0,,5.0,Historical,https://www.google.com/maps/place/Th%E1%BB%8D+Qua%CC%A3t+c%E1%BB%95/data=!4m7!3m6!1s0x3135ab005232ebb7:0x776a4f028271475e!8m2!3d21.0336757!4d105.8469334!16s%2Fg%2F11xl8fh6cj!19sChIJt-syUgCrNTERXkdxggJPanc?authuser=0&hl=en&rclk=1,
"16 P. Lê Thái Tổ, Hàng Trống, Hoàn Kiếm, Hà Nội ",21.0290707,105.8511209,King Le Thai To's Temple,,0,,4.6,Cultural,https://www.google.com/maps/place/King+Le+Thai+To%27s+Temple/data=!4m7!3m6!1s0x3135ab95411e1cb5:0xd80559c71b13f374!8m2!3d21.0290707!4d105.8511209!16s%2Fg%2F11btrqr8j4!19sChIJtRweQZWrNTERdPMTG8dZBdg?authuser=0&hl=en&rclk=1,https://www.facebook.com/VuaLeThaiTo
"2R8M+FV8, Ng. Quan Thổ 1, phố. tỉnh, Đống Đa, Hà Nội ",21.016154,105.8346961,Đình Làng Thổ Quan,,0,,4.3,Historical,https://www.google.com/maps/place/%C4%90%C3%ACnh+L%C3%A0ng+Th%E1%BB%95+Quan/data=!4m7!3m6!1s0x3135ab838b2d54a7:0x6100df49d22941e5!8m2!3d21.016154!4d105.8346961!16s%2Fg%2F1jkwghttq!19sChIJp1Qti4OrNTER5UEp0knfAGE?authuser=0&hl=en&rclk=1,
"87 P. Lò Sũ, Lý Thái Tổ, Hoàn Kiếm, Hà Nội ",21.0310407,105.8537523,Martyrs’ Monument,,0,,4.3,Historical,https://www.google.com/maps/place/Martyrs%E2%80%99+Monument/data=!4m7!3m6!1s0x3135ab0053f99b77:0x8af4e697ab982a6c!8m2!3d21.0310407!4d105.8537523!16s%2Fg%2F11ydg6r19r!19sChIJd5v5UwCrNTERbCqYq5fm9Io?authuser=0&hl=en&rclk=1,
"2V74+PWP, Nguyễn Công Trứ, Phạm Đình Hổ, Hai Bà Trưng, Hà Nội ",21.0143371,105.8573206,Hanoi Historic Point - Ancient gate of hôpital vétérinaire de l'Indochine,,0,,5.0,Historical,https://www.google.com/maps/place/Hanoi+Historic+Point+-+Ancient+gate+of+h%C3%B4pital+v%C3%A9t%C3%A9rinaire+de+l%27Indochine/data=!4m7!3m6!1s0x3135abbbfef7aa77:0xd1b7ec2fa30a1453!8m2!3d21.0143371!4d105.8573206!16s%2Fg%2F11mqvm0qd2!19sChIJd6r3_rurNTERUxQKoy_st9E?authuser=0&hl=en&rclk=1,
"ngách 101 Ng. 285 P. Đội Cấn, Liễu Giai, Ba Đình, Hà Nội 100000 ",21.037665,105.818538,Villa Đội Cấn,,0,,3.0,Historical,https://www.google.com/maps/place/Villa+%C4%90%E1%BB%99i+C%E1%BA%A5n/data=!4m7!3m6!1s0x3135ab905e4b47fd:0xee8c4de3ce75c237!8m2!3d21.037665!4d105.818538!16s%2Fg%2F11r60kdbmf!19sChIJ_UdLXpCrNTERN8J1zuNNjO4?authuser=0&hl=en&rclk=1,
"P. Hàng Ngang, Hàng Đào, Hoàn Kiếm, Hà Nội 100000 ",21.034059,105.8506368,Hanoi Old Quarter,,499893,₫499893,4.6,Historical,https://www.google.com/maps/place/Hanoi+Old+Quarter/data=!4m7!3m6!1s0x3135abbe12384aa7:0x595317f27fe2548e!8m2!3d21.034059!4d105.8506368!16s%2Fg%2F11b8tc18h5!19sChIJp0o4Er6rNTERjlTif_IXU1k?authuser=0&hl=en&rclk=1,
"2RPQ+CF5, Hoàng Diệu, Điện Biên, Ba Đình, Hà Nội ",21.0360142,105.8387309,Bac Son Monument,,0,,4.6,Historical,https://www.google.com/maps/place/Bac+Son+Monument/data=!4m7!3m6!1s0x3135aba312d96263:0x3707546d28eeff5c!8m2!3d21.0360142!4d105.8387309!16s%2Fg%2F11c6vvrmpl!19sChIJY2LZEqOrNTERXP_uKG1UBzc?authuser=0&hl=en&rclk=1,
"33 Đinh Tiên Hoàng, Hàng Trống, Hoàn Kiếm, Hà Nội ",21.0265556,105.8533333,Tháp Hoà Phong,,0,,5.0,Cultural,https://www.google.com/maps/place/Th%C3%A1p+Ho%C3%A0+Phong/data=!4m7!3m6!1s0x3135ab00489f56ef:0x891c2a2f1419f1c2!8m2!3d21.0265556!4d105.8533333!16s%2Fg%2F11ykvvtzp4!19sChIJ71afSACrNTERwvEZFC8qHIk?authuser=0&hl=en&rclk=1,
"196 P. Quán Thánh, Quán Thánh, Ba Đình, Hà Nội ",21.042913,105.837011,Nhà Tưởng Niệm Liệt Sỹ Phường Quán Thánh,,0,,4.4,Historical,https://www.google.com/maps/place/Nh%C3%A0+T%C6%B0%E1%BB%9Fng+Ni%E1%BB%87m+Li%E1%BB%87t+S%E1%BB%B9+Ph%C6%B0%E1%BB%9Dng+Qu%C3%A1n+Th%C3%A1nh/data=!4m7!3m6!1s0x3135aba5ed2b0a63:0x8b2ef716cd75c85e!8m2!3d21.042913!4d105.837011!16s%2Fg%2F1jkwm2hgg!19sChIJYwor7aWrNTERXsh1zRb3Los?authuser=0&hl=en&rclk=1,
"2V56+P93, Đồng Nhân, Hai Bà Trưng, Hà Nội ",21.0092552,105.8609319,Ô Đống Mác,,0,,4.2,Historical,https://www.google.com/maps/place/%C3%94+%C4%90%E1%BB%91ng+M%C3%A1c/data=!4m7!3m6!1s0x3135abf656c1742f:0xb4340279353dce7f!8m2!3d21.0092552!4d105.8609319!16s%2Fg%2F1q5bnhz5x!19sChIJL3TBVvarNTERf849NXkCNLQ?authuser=0&hl=en&rclk=1,
"2Q3H+CQP, Mễ Trì Thượng, Mễ Trì, Nam Từ Liêm, Hà Nội ",21.00359,105.7794658,Cổng Làng Mễ Trì Thượng,,0,,4.7,Historical,https://www.google.com/maps/place/C%E1%BB%95ng+L%C3%A0ng+M%E1%BB%85+Tr%C3%AC+Th%C6%B0%E1%BB%A3ng/data=!4m7!3m6!1s0x313453007b97d997:0x374dc5686b69e448!8m2!3d21.00359!4d105.7794658!16s%2Fg%2F11wqb4s73v!19sChIJl9mXewBTNDERSORpa2jFTTc?authuser=0&hl=en&rclk=1,
"1 P. Triệu Quốc Đạt, Hàng Bông, Hoàn Kiếm, Hà Nội ",21.0267353,105.8471927,Statue of Dinh Van Thang,,0,,,Historical,https://www.google.com/maps/place/Statue+of+Dinh+Van+Thang/data=!4m7!3m6!1s0x3135ab943be2ad2f:0x18ae4ab58643b412!8m2!3d21.0267353!4d105.8471927!16s%2Fg%2F11c4mcthmh!19sChIJL63iO5SrNTERErRDhrVKrhg?authuser=0&hl=en&rclk=1,
"87 P. Lò Sũ, Lý Thái Tổ, Hoàn Kiếm, Hà Nội ",21.0310448,105.8535739,Cây đa đền Bà Kiệu,,0,,4.8,Cultural,https://www.google.com/maps/place/C%C3%A2y+%C4%91a+%C4%91%E1%BB%81n+B%C3%A0+Ki%E1%BB%87u/data=!4m7!3m6!1s0x3135ab001e9d63c1:0xe7e92b3b870e4c00!8m2!3d21.0310448!4d105.8535739!16s%2Fg%2F11wjkshsgf!19sChIJwWOdHgCrNTERAEwOhzsr6ec?authuser=0&hl=en&rclk=1,
"Đền thờ Phùng Hưng, P. Giảng Võ, Kim Mã, Đống Đa, Hà Nội ",21.0312839,105.8289344,LĂNG PHÙNG HƯNG,0359 013 687 ,0,,4.7,Historical,https://www.google.com/maps/place/L%C4%82NG+PH%C3%99NG+H%C6%AFNG/data=!4m7!3m6!1s0x3135ab755f1243fb:0xaf8929b8b26f993a!8m2!3d21.0312839!4d105.8289344!16s%2Fg%2F12vr8l5kt!19sChIJ-0MSX3WrNTEROplvsrgpia8?authuser=0&hl=en&rclk=1,
"Ngõ 14 P. Pháo Đài Láng, Láng Thượng, Đống Đa, Hà Nội ",21.0208537,105.8062755,Di tích Pháo đài Láng,,0,,4.7,Historical,https://www.google.com/maps/place/Di+t%C3%ADch+Ph%C3%A1o+%C4%91%C3%A0i+L%C3%A1ng/data=!4m7!3m6!1s0x3135abb9981dd3a3:0x577fcc0098d12594!8m2!3d21.0208537!4d105.8062755!16s%2Fg%2F11h90xmv6y!19sChIJo9MdmLmrNTERlCXRmADMf1c?authuser=0&hl=en&rclk=1,
"Vườn hoa Công lý, 43 P. Hai Bà Trưng, Trần Hưng Đạo, Hoàn Kiếm, Hà Nội ",21.0249776,105.8471339,Old Supreme Court,,0,,4.0,Historical,https://www.google.com/maps/place/Old+Supreme+Court/data=!4m7!3m6!1s0x3135abc7d7c13ac9:0x581302f410eb16f0!8m2!3d21.0249776!4d105.8471339!16s%2Fg%2F11kpj2jbf4!19sChIJyTrB18erNTER8BbrEPQCE1g?authuser=0&hl=en&rclk=1,
"117 Đ. Đại Cồ Việt, Bách Khoa, Hai Bà Trưng, Hà Nội ",21.0081369,105.8423696,Cây đa Bác Hồ,,0,,5.0,Historical,https://www.google.com/maps/place/C%C3%A2y+%C4%91a+B%C3%A1c+H%E1%BB%93/data=!4m7!3m6!1s0x3135ad00406a1bc3:0x65861132147ff1c2!8m2!3d21.0081369!4d105.8423696!16s%2Fg%2F11yccg70cv!19sChIJwxtqQACtNTERwvF_FDIRhmU?authuser=0&hl=en&rclk=1,
"XRWJ+MX8, Khương Mai, Thanh Xuân, Hà Nội ",20.9966541,105.8324555,Sân bay Bạch Mai (cũ),,0,,,Historical,https://www.google.com/maps/place/S%C3%A2n+bay+B%E1%BA%A1ch+Mai+%28c%C5%A9%29/data=!4m7!3m6!1s0x3135ad006426a8f3:0x63c10ace6f2b462d!8m2!3d20.9966541!4d105.8324555!16s%2Fg%2F11xw2cyjjh!19sChIJ86gmZACtNTERLUYrb84KwWM?authuser=0&hl=en&rclk=1,
"2VJ3+CC, French Quarter, Hoàn Kiếm, Hà Nội ",21.0310382,105.8537546,Tượng đài Cảm Tử,0934 224 310 ,0,,,Historical,https://www.google.com/maps/place/T%C6%B0%E1%BB%A3ng+%C4%91%C3%A0i+C%E1%BA%A3m+T%E1%BB%AD/data=!4m7!3m6!1s0x3135adb6714362f1:0x3d7d13e4ce61180a!8m2!3d21.0310382!4d105.8537546!16s%2Fg%2F11xgt3s67d!19sChIJ8WJDcbatNTERChhhzuQTfT0?authuser=0&hl=en&rclk=1,https://baoancontainer.vn/
"2R5R+G52, P. Xã Đàn, Phương Liên, Đống Đa, Hà Nội ",21.0087593,105.8403895,Ô Kim Hoa,,0,,4.0,Historical,https://www.google.com/maps/place/%C3%94+Kim+Hoa/data=!4m7!3m6!1s0x3135adc4f9cb1d93:0xf3fff69b6aae596e!8m2!3d21.0087593!4d105.8403895!16s%2Fg%2F11h04x4hqs!19sChIJkx3L-cStNTERblmuapv2__M?authuser=0&hl=en&rclk=1,
"2VVX+P78, Hồ Phúc Đồng, Phúc Đồng, Long Biên, Hà Nội ",21.0442798,105.8982038,Hồ Tân Thụy,,0,,,Historical,https://www.google.com/maps/place/H%E1%BB%93+T%C3%A2n+Th%E1%BB%A5y/data=!4m7!3m6!1s0x3135a90037f1d057:0x41a3ce0be562e3b8!8m2!3d21.0442798!4d105.8982038!16s%2Fg%2F11mld81p55!19sChIJV9DxNwCpNTERuONi5QvOo0E?authuser=0&hl=en&rclk=1,
"12 P. Lê Lai, Lý Thái Tổ, Hoàn Kiếm, Hà Nội 100000 ",21.02746,105.8544999,Tượng Vua Lý Thái Tổ,,0,,4.8,Historical,https://www.google.com/maps/place/T%C6%B0%E1%BB%A3ng+Vua+L%C3%BD+Th%C3%A1i+T%E1%BB%95/data=!4m7!3m6!1s0x3135ab004a93f99b:0x21f943bff53cf763!8m2!3d21.02746!4d105.8544999!16s%2Fg%2F11yhlh27n6!19sChIJm_mTSgCrNTERY_c89b9D-SE?authuser=0&hl=en&rclk=1,
"187 P. Trích Sài, Bưởi, Tây Hồ, Hà Nội ",21.0532558,105.8124744,Trich Sai temple,,0,,4.6,Cultural,https://www.google.com/maps/place/Trich+Sai+temple/data=!4m7!3m6!1s0x3135ab006d05285f:0xf9359c4b8f9ae613!8m2!3d21.0532558!4d105.8124744!16s%2Fg%2F11w1c64shg!19sChIJXygFbQCrNTERE-aaj0ucNfk?authuser=0&hl=en&rclk=1,
"19 P. Lê Thánh Tông, Phan Chu Trinh, Hoàn Kiếm, Hà Nội ",21.021168,105.8583442,Hội trường Nguỵ Như Kon Tum,,0,,4.5,Historical,https://www.google.com/maps/place/H%E1%BB%99i+tr%C6%B0%E1%BB%9Dng+Ngu%E1%BB%B5+Nh%C6%B0+Kon+Tum/data=!4m7!3m6!1s0x3135ab002732cdc9:0xc778b620a31954e1!8m2!3d21.021168!4d105.8583442!16s%2Fg%2F11x8glxz93!19sChIJyc0yJwCrNTER4VQZoyC2eMc?authuser=0&hl=en&rclk=1,
"76 P. Hàng Buồm, Hàng Buồm, Hoàn Kiếm, Hà Nội ",21.0357826,105.8510084,Bach Ma Temple,,921340,₫921340,4.5,Cultural,https://www.google.com/maps/place/Bach+Ma+Temple/data=!4m7!3m6!1s0x3135abbf47ca8df5:0xe66fe1153b046b!8m2!3d21.0357826!4d105.8510084!16s%2Fg%2F120w8hg8!19sChIJ9Y3KR7-rNTERawQ7FeFv5gA?authuser=0&hl=en&rclk=1,
"Đ. Lê Đức Thọ, Tdp Số 5, Nam Từ Liêm, Hà Nội ",21.0332125,105.7702927,Cổng gồm làng Phú Mỹ,0949 358 840 ,0,,4.9,Historical,https://www.google.com/maps/place/C%E1%BB%95ng+g%E1%BB%93m+l%C3%A0ng+Ph%C3%BA+M%E1%BB%B9/data=!4m7!3m6!1s0x313455fe30c3320b:0xc3799d3eb558c935!8m2!3d21.0332125!4d105.7702927!16s%2Fg%2F11vhcyz43c!19sChIJCzLDMP5VNDERNclYtT6decM?authuser=0&hl=en&rclk=1,
"1232 Đ. Láng, Láng Thượng, Đống Đa, Hà Nội ",21.0284933,105.8008055,Khu tưởng niệm Nhà thơ Tú Mỡ,,0,,4.7,Historical,https://www.google.com/maps/place/Khu+t%C6%B0%E1%BB%9Fng+ni%E1%BB%87m+Nh%C3%A0+th%C6%A1+T%C3%BA+M%E1%BB%A1/data=!4m7!3m6!1s0x3135ab9a6462c2cd:0x6c62d1978bfaa445!8m2!3d21.0284933!4d105.8008055!16s%2Fg%2F11stv5y09q!19sChIJzcJiZJqrNTERRaT6i5fRYmw?authuser=0&hl=en&rclk=1,
"2V86+QG5, Bạch Đằng, Hai Bà Trưng, Hà Nội ",21.0168934,105.8613504,Tượng Danh Y Lê Hữu Trác,,0,,5.0,Historical,https://www.google.com/maps/place/T%C6%B0%E1%BB%A3ng+Danh+Y+L%C3%AA+H%E1%BB%AFu+Tr%C3%A1c/data=!4m7!3m6!1s0x3135ab0043e39031:0xccc71c7f5fed895a!8m2!3d21.0168934!4d105.8613504!16s%2Fg%2F11wvglfwl7!19sChIJMZDjQwCrNTERWontX38cx8w?authuser=0&hl=en&rclk=1,
"83 Hoàng Quốc Việt, Cổ Nhuế, Cầu Giấy, Hà Nội ",21.0460621,105.7862625,Cổng làng Nghĩa Đô,,0,,5.0,Historical,https://www.google.com/maps/place/C%E1%BB%95ng+l%C3%A0ng+Ngh%C4%A9a+%C4%90%C3%B4/data=!4m7!3m6!1s0x3135abe542a8e537:0x18efce0349489c8d!8m2!3d21.0460621!4d105.7862625!16s%2Fg%2F11sy_30ghf!19sChIJN-WoQuWrNTERjZxISQPO7xg?authuser=0&hl=en&rclk=1,
"469 Đội Cấn, Vĩnh Phú, Ba Đình, Hà Nội ",21.0377714,105.8073614,Dốc tập lái,,0,,5.0,Historical,https://www.google.com/maps/place/D%E1%BB%91c+t%E1%BA%ADp+l%C3%A1i/data=!4m7!3m6!1s0x3135abbd11f895d3:0xfb93b94b8a78c2a6!8m2!3d21.0377714!4d105.8073614!16s%2Fg%2F11mw6lsdwt!19sChIJ05X4Eb2rNTERpsJ4iku5k_s?authuser=0&hl=en&rclk=1,
"1 Ng. 4C P. Đặng Văn Ngữ, Trung Tự, Đống Đa, Hà Nội 100000 ",21.0108959,105.831847,A401 Trường THPT Kim Liên,,0,,5.0,Historical,https://www.google.com/maps/place/A401+Tr%C6%B0%E1%BB%9Dng+THPT+Kim+Li%C3%AAn/data=!4m7!3m6!1s0x3135ab006478e171:0xf5667e40d8ecf363!8m2!3d21.0108959!4d105.831847!16s%2Fg%2F11xflwjctg!19sChIJceF4ZACrNTERY_Ps2EB-ZvU?authuser=0&hl=en&rclk=1,https://www.instagram.com/mesmerizing.a12?igsh=YnB0Z2ZvejVyZWl4
"XRX3+XP, Thanh Xuân Trung, Thanh Xuân, Hà Nội 100000 ",20.9999375,105.8043125,Co Loa Citadel,024 3961 1354 ,30000,₫30000,4.6,Historical,https://www.google.com/maps/place/Co+Loa+Citadel/data=!4m7!3m6!1s0x313500b2ffacb0a3:0x952a436b3aab36de!8m2!3d20.9999375!4d105.8043125!16s%2Fm%2F026wy2x!19sChIJo7Cs_7IANTER3jarOmtDKpU?authuser=0&hl=en&rclk=1,https://thanhcoloa.vn/
"3RR6+9VH, Phú Thượng, Tây Hồ, Hà Nội ",21.0909414,105.8122246,Bến nước đình làng Phú Xá,,0,,5.0,Historical,https://www.google.com/maps/place/B%E1%BA%BFn+n%C6%B0%E1%BB%9Bc+%C4%91%C3%ACnh+l%C3%A0ng+Ph%C3%BA+X%C3%A1/data=!4m7!3m6!1s0x3135ab0049828a09:0x73a9ae70e4f3e79c!8m2!3d21.0909414!4d105.8122246!16s%2Fg%2F11xrdvl1dj!19sChIJCYqCSQCrNTERnOfz5HCuqXM?authuser=0&hl=en&rclk=1,
"2RX6+369, Ng. 444 Đ. Thụy Khuê, Bưởi, Tây Hồ, Hà Nội ",21.0476589,105.8106069,Cổng làng Đông Xã,,0,,,Historical,https://www.google.com/maps/place/C%E1%BB%95ng+l%C3%A0ng+%C4%90%C3%B4ng+X%C3%A3/data=!4m7!3m6!1s0x3135ab005e373d9b:0x218166cfd42fc206!8m2!3d21.0476589!4d105.8106069!16s%2Fg%2F11mf4_n91v!19sChIJmz03XgCrNTERBsIv1M9mgSE?authuser=0&hl=en&rclk=1,
"2 An Dương Vương, Phú Xá, Tây Hồ, Hà Nội ",21.090547,105.8119339,Bến đò Phú Xá,,0,,4.7,Historical,https://www.google.com/maps/place/B%E1%BA%BFn+%C4%91%C3%B2+Ph%C3%BA+X%C3%A1/data=!4m7!3m6!1s0x3135abda341c8fc3:0xa377af61aeb65d41!8m2!3d21.090547!4d105.8119339!16s%2Fg%2F11vhgkshmt!19sChIJw48cNNqrNTERQV22rmGvd6M?authuser=0&hl=en&rclk=1,
"123 P. Lê Văn Hiến, Đông Ngạc, Bắc Từ Liêm, Hà Nội ",21.0749566,105.7728558,Hồ Đôla,0706 361 993 ,0,,5.0,Historical,https://www.google.com/maps/place/H%E1%BB%93+%C4%90%C3%B4la/data=!4m7!3m6!1s0x313455001e95cf41:0x47fb6ad0ca695507!8m2!3d21.0749566!4d105.7728558!16s%2Fg%2F11wxsfp5l0!19sChIJQc-VHgBVNDERB1VpytBq-0c?authuser=0&hl=en&rclk=1,
"3V47+GW2, Ngọc Thụy, Long Biên, Hà Nội ",21.0562636,105.8647788,Bia tưởng niệm liệt sĩ,,0,,4.3,Historical,https://www.google.com/maps/place/Bia+t%C6%B0%E1%BB%9Fng+ni%E1%BB%87m+li%E1%BB%87t+s%C4%A9/data=!4m7!3m6!1s0x3135aa2d8efdbd1b:0xc99ccb7f701252de!8m2!3d21.0562636!4d105.8647788!16s%2Fg%2F11cs2b_zc1!19sChIJG739ji2qNTER3lIScH_LnMk?authuser=0&hl=en&rclk=1,
"14/256/16 Đ. Bạch Đằng, Tổ 57+Tổ, Hoàn Kiếm, Hà Nội ",21.0269308,105.8607843,Đền Sơn Hải,,0,,,Cultural,https://www.google.com/maps/place/%C4%90%E1%BB%81n+S%C6%A1n+H%E1%BA%A3i/data=!4m7!3m6!1s0x3135ab42438d85a3:0xe1dae2d199572165!8m2!3d21.0269308!4d105.8607843!16s%2Fg%2F11kq4qc7wz!19sChIJo4WNQ0KrNTERZSFXmdHi2uE?authuser=0&hl=en&rclk=1,
"58 Quốc Tử Giám, Văn Miếu – Quốc Tử Giám, Đống Đa, Hà Nội ",21.0281175,105.8356692,Temple Of Literature,024 3845 2917 ,70000,₫70000,4.6,Cultural,https://www.google.com/maps/place/Temple+Of+Literature/data=!4m7!3m6!1s0x3135ab9926e7bd67:0x580e078874d5df1e!8m2!3d21.0281175!4d105.8356692!16zL20vMGI5aGp6!19sChIJZ73nJpmrNTERHt_VdIgHDlg?authuser=0&hl=en&rclk=1,http://vanmieu.gov.vn/
"2RX5+8CR, Ng. 530 Đ. Thụy Khuê, Bưởi, Tây Hồ, Hà Nội ",21.0483527,105.808526,Cổng Hầu làng An Thọ,,0,,,Historical,https://www.google.com/maps/place/C%E1%BB%95ng+H%E1%BA%A7u+l%C3%A0ng+An+Th%E1%BB%8D/data=!4m7!3m6!1s0x3135ab007bab59bd:0xf08d2bd00d8891ce!8m2!3d21.0483527!4d105.808526!16s%2Fg%2F11zj3_2kmt!19sChIJvVmrewCrNTERzpGIDdArjfA?authuser=0&hl=en&rclk=1,
"Đinh Tiên Hoàng, Hàng Trống, Hoàn Kiếm, Hà Nội ",21.0306883,105.8523861,Ngoc Son Temple,024 3942 2377 ,665280,₫665280,4.4,Cultural,https://www.google.com/maps/place/Ngoc+Son+Temple/data=!4m7!3m6!1s0x3135abc000809ea7:0xbb2716ec0282371d!8m2!3d21.0306883!4d105.8523861!16s%2Fm%2F0gtxhmt!19sChIJp56AAMCrNTERHTeCAuwWJ7s?authuser=0&hl=en&rclk=1,
"2R5P+9G6, P. Hoàng Tích Trí, Kim Liên, Đống Đa, Hà Nội ",21.0084002,105.8362682,Khu di tích tưởng niệm Chủ tịch Hồ Chí Minh,,0,,,Historical,https://www.google.com/maps/place/Khu+di+t%C3%ADch+t%C6%B0%E1%BB%9Fng+ni%E1%BB%87m+Ch%E1%BB%A7+t%E1%BB%8Bch+H%E1%BB%93+Ch%C3%AD+Minh/data=!4m7!3m6!1s0x3135ad004f8bd42d:0xe3624579fcdbd58f!8m2!3d21.0084002!4d105.8362682!16s%2Fg%2F11xm6xjg2h!19sChIJLdSLTwCtNTERj9Xb_HlFYuM?authuser=0&hl=en&rclk=1,
"XRV3+J6X, Thanh Xuân Trung, Thanh Xuân, Hà Nội ",20.9939002,105.8031926,Gò Thất Tinh,,0,,5.0,Historical,https://www.google.com/maps/place/G%C3%B2+Th%E1%BA%A5t+Tinh/data=!4m7!3m6!1s0x3135ad5afb738d1f:0xc7abd4ae2ffe96b3!8m2!3d20.9939002!4d105.8031926!16s%2Fg%2F11sp94vgby!19sChIJH41z-1qtNTERs5b-L67Uq8c?authuser=0&hl=en&rclk=1,
"3RVC+27, Phú Thượng, Tây Hồ, Hà Nội ",21.0926037,105.8207158,"Cầu Nhật Tân , Hà Nội , Việt Nam",,0,,4.8,Historical,"https://www.google.com/maps/place/C%E1%BA%A7u+Nh%E1%BA%ADt+T%C3%A2n+,+H%C3%A0+N%E1%BB%99i+,+Vi%E1%BB%87t+Nam/data=!4m7!3m6!1s0x3135ab00094f6825:0x1c7a84ff1e9e2f83!8m2!3d21.0926037!4d105.8207158!16s%2Fg%2F11xs3yn6fq!19sChIJJWhPCQCrNTERgy-eHv-Eehw?authuser=0&hl=en&rclk=1",
"276 P. Đặng Tiến Đông, Chợ Dừa, Đống Đa, Hà Nội ",21.0118837,105.8248407,Bia đá Gò Đống Đa,,0,,5.0,Historical,https://www.google.com/maps/place/Bia+%C4%91%C3%A1+G%C3%B2+%C4%90%E1%BB%91ng+%C4%90a/data=!4m7!3m6!1s0x3135ab007e256281:0xbf0972846506fe76!8m2!3d21.0118837!4d105.8248407!16s%2Fg%2F11vqrlgj21!19sChIJgWIlfgCrNTERdv4GZYRyCb8?authuser=0&hl=en&rclk=1,
"2VCR+WW5, Giéng, Làng Trạm, Long Biên, Hà Nội ",21.0222564,105.892367,Giếng làng Trạm,,0,,5.0,Historical,https://www.google.com/maps/place/Gi%E1%BA%BFng+l%C3%A0ng+Tr%E1%BA%A1m/data=!4m7!3m6!1s0x3135a900486a7e1f:0xe9dd0027cc8d49db!8m2!3d21.0222564!4d105.892367!16s%2Fg%2F11y8cb6ys_!19sChIJH35qSACpNTER20mNzCcA3ek?authuser=0&hl=en&rclk=1,
"XQ69+6P5, P. Văn Phú, Khu đô thị Văn Phú, Hà Đông, Hà Nội ",20.9605063,105.7693502,Cổng làng Văn Phú,,0,,4.7,Historical,https://www.google.com/maps/place/C%E1%BB%95ng+l%C3%A0ng+V%C4%83n+Ph%C3%BA/data=!4m7!3m6!1s0x31345344a58f32a7:0x25786a39876cf5f4!8m2!3d20.9605063!4d105.7693502!16s%2Fg%2F11y1j82v75!19sChIJpzKPpURTNDER9PVshzlqeCU?authuser=0&hl=en&rclk=1,
"2RX5+8J3, Ng. 514 Đ. Thụy Khuê, Bưởi, Tây Hồ, Hà Nội ",21.0482602,105.8090588,Cổng Xanh làng An Thọ,,0,,,Historical,https://www.google.com/maps/place/C%E1%BB%95ng+Xanh+l%C3%A0ng+An+Th%E1%BB%8D/data=!4m7!3m6!1s0x3135ab002a63c037:0xf3b7ed7b453eeb37!8m2!3d21.0482602!4d105.8090588!16s%2Fg%2F11y058hpvk!19sChIJN8BjKgCrNTERN-s-RXvtt_M?authuser=0&hl=en&rclk=1,
"12, Cổ Loa, Đông Anh, Hà Nội ",21.1108061,105.8770768,Di tích Loa Khẩu - Loa Khau Relic,,0,,5.0,Historical,https://www.google.com/maps/place/Di+t%C3%ADch+Loa+Kh%E1%BA%A9u+-+Loa+Khau+Relic/data=!4m7!3m6!1s0x3135070052cb7411:0x547c221e354b20b8!8m2!3d21.1108061!4d105.8770768!16s%2Fg%2F11m6n8cmzz!19sChIJEXTLUgAHNTERuCBLNR4ifFQ?authuser=0&hl=en&rclk=1,
"1/Đ. Bưởi/11 32, Tổ 1, Ba Đình, Hà Nội ",21.0306221,105.8040222,Đền Mẫu,,0,,,Cultural,https://www.google.com/maps/place/%C4%90%E1%BB%81n+M%E1%BA%ABu/data=!4m7!3m6!1s0x3135ab006394bbfd:0xbf7f14de133193c4!8m2!3d21.0306221!4d105.8040222!16s%2Fg%2F11ybwkn_g6!19sChIJ_buUYwCrNTERxJMxE94Uf78?authuser=0&hl=en&rclk=1,
"3Q9P+389, Xuân Đỉnh, Bắc Từ Liêm, Hà Nội ",21.0676711,105.7858545,Biểu tượng Chim Lạc,,0,,4.2,Historical,https://www.google.com/maps/place/Bi%E1%BB%83u+t%C6%B0%E1%BB%A3ng+Chim+L%E1%BA%A1c/data=!4m7!3m6!1s0x3135abd13789f3cb:0x9b21e7382d68314c!8m2!3d21.0676711!4d105.7858545!16s%2Fg%2F11fjnbbxk5!19sChIJy_OJN9GrNTERTDFoLTjnIZs?authuser=0&hl=en&rclk=1,
"Tiên Hội, Đông Hội, Đông Anh, Hà Nội ",21.1029588,105.8655306,Uncle Ho's Banyan,,0,,4.5,Historical,https://www.google.com/maps/place/Uncle+Ho%27s+Banyan/data=!4m7!3m6!1s0x313500edff16f8d7:0x8870ae483c09feb9!8m2!3d21.1029588!4d105.8655306!16s%2Fg%2F11c55w8yrt!19sChIJ1_gW_-0ANTERuf4JPEiucIg?authuser=0&hl=en&rclk=1,
"Ngã tư, Ng. Gốc Đề, Hoàng Văn Thụ, Hoàng Mai, Hà Nội ",20.9928181,105.8542699,Cây Bồ Đề - ngõ Gốc Đề,,0,,5.0,Historical,https://www.google.com/maps/place/C%C3%A2y+B%E1%BB%93+%C4%90%E1%BB%81+-+ng%C3%B5+G%E1%BB%91c+%C4%90%E1%BB%81/data=!4m7!3m6!1s0x3135ad0040b06d59:0xd1eaa1d99370331f!8m2!3d20.9928181!4d105.8542699!16s%2Fg%2F11vzlr6khb!19sChIJWW2wQACtNTERHzNwk9mh6tE?authuser=0&hl=en&rclk=1,
"22 Ngõ 157 Đức Giang, Thượng Thanh, Long Biên, Hà Nội ",21.067861,105.881,Bảo tàng kỹ thuật,,0,,4.5,Historical,https://www.google.com/maps/place/B%E1%BA%A3o+t%C3%A0ng+k%E1%BB%B9+thu%E1%BA%ADt/data=!4m7!3m6!1s0x3135a90027f1934d:0x9233b5d4d318b3a4!8m2!3d21.067861!4d105.881!16s%2Fg%2F11lv0nj00y!19sChIJTZPxJwCpNTERpLMY09S1M5I?authuser=0&hl=en&rclk=1,
"360 Ngõ 405, Tổ 38, Long Biên, Hà Nội ",21.058655,105.8615511,Cung Cấm,,0,,,Historical,https://www.google.com/maps/place/Cung+C%E1%BA%A5m+.+%C4%90%E1%BB%81n+R%E1%BB%ABng/data=!4m7!3m6!1s0x3135ab005eb9ada1:0xe517891c3898e175!8m2!3d21.058655!4d105.8615511!16s%2Fg%2F11x_zgjvq4!19sChIJoa25XgCrNTERdeGYOByJF-U?authuser=0&hl=en&rclk=1,
"P. Thọ Tháp, Dịch Vọng, Cầu Giấy, Hà Nội 10000 ",21.0307992,105.7918772,Hải Lê Complex,,0,,,Historical,https://www.google.com/maps/place/H%E1%BA%A3i+L%C3%AA+Complex/data=!4m7!3m6!1s0x3135abdacc397341:0xed75f897be62e2ef!8m2!3d21.0307992!4d105.7918772!16s%2Fg%2F11x5qpqpmr!19sChIJQXM5zNqrNTER7-Jivpf4de0?authuser=0&hl=en&rclk=1,
"Dịch Vọng, Cầu Giấy, Hanoi ",21.0347067,105.7923394,Di sản xanh,0867 500 460 ,0,,,Historical,https://www.google.com/maps/place/Di+s%E1%BA%A3n+xanh/data=!4m7!3m6!1s0x3135ab3da6142b8d:0xf1b7f4fa775140d2!8m2!3d21.0347067!4d105.7923394!16s%2Fg%2F11ydhmc8wn!19sChIJjSsUpj2rNTER0kBRd_r0t_E?authuser=0&hl=en&rclk=1,
"3Q8Q+C3Q, Xuân Đỉnh, Bắc Từ Liêm, Hà Nội ",21.0660777,105.7877408,Tượng đài Juan Bosch Gaviño,,0,,4.6,Historical,https://www.google.com/maps/place/T%C6%B0%E1%BB%A3ng+%C4%91%C3%A0i+Juan+Bosch+Gavi%C3%B1o/data=!4m7!3m6!1s0x3135ab9c60d6334f:0x386c858a4355f746!8m2!3d21.0660777!4d105.7877408!16s%2Fg%2F11gy4q48fq!19sChIJTzPWYJyrNTERRvdVQ4qFbDg?authuser=0&hl=en&rclk=1,
"10 Ng. 58 P. Việt Hưng, Việt Hưng, Long Biên, Hà Nội ",21.053209,105.900242,CỔNG ĐÌNH LÀNG LỆ MẬT,,0,,2.3,Historical,https://www.google.com/maps/place/C%E1%BB%94NG+%C4%90%C3%8CNH+L%C3%80NG+L%E1%BB%86+M%E1%BA%ACT/data=!4m7!3m6!1s0x3135a90043b5f9a5:0xb0595cf53f97a015!8m2!3d21.053209!4d105.900242!16s%2Fg%2F11vpgw65fr!19sChIJpfm1QwCpNTERFaCXP_VcWbA?authuser=0&hl=en&rclk=1,
"Số 6 Ngõ, 319 Đường An Dương Vương, Phú Thượng, Tây Hồ, Hà Nội ",21.0892733,105.8032658,Nhà Lưu Niệm Bác Hồ,024 3838 6307 ,0,,4.5,Historical,https://www.google.com/maps/place/Nh%C3%A0+L%C6%B0u+Ni%E1%BB%87m+B%C3%A1c+H%E1%BB%93/data=!4m7!3m6!1s0x3135ab3cae1a5095:0x98b4212252becf96!8m2!3d21.0892733!4d105.8032658!16s%2Fg%2F11g4cqnczb!19sChIJlVAarjyrNTERls--UiIhtJg?authuser=0&hl=en&rclk=1,
"3W32+J33, Phố Lệ Mật, Long Biên, Hà Nội ",21.0540055,105.9001628,Nhà Truyền Thống Làng Lệ Mật,,0,,5.0,Historical,https://www.google.com/maps/place/Nh%C3%A0+Truy%E1%BB%81n+Th%E1%BB%91ng+L%C3%A0ng+L%E1%BB%87+M%E1%BA%ADt/data=!4m7!3m6!1s0x3135a9952e89cbb9:0xd348d651dbe815c8!8m2!3d21.0540055!4d105.9001628!16s%2Fg%2F11s3r0cr9g!19sChIJucuJLpWpNTERyBXo21HWSNM?authuser=0&hl=en&rclk=1,
"XRJ3+3R2, Đ. Tân Triều, Tân Triều, Thanh Trì, Hà Nội ",20.9801533,105.804527,Cây Bồ Đề-Cây Di Tích Lịch Sử Văn Hoá Việt Nam,,0,,5.0,Historical,https://www.google.com/maps/place/C%C3%A2y+B%E1%BB%93+%C4%90%E1%BB%81-C%C3%A2y+Di+T%C3%ADch+L%E1%BB%8Bch+S%E1%BB%AD+V%C4%83n+Ho%C3%A1+Vi%E1%BB%87t+Nam/data=!4m7!3m6!1s0x3135ad6ff8d688eb:0x897a370a3421afd4!8m2!3d20.9801533!4d105.804527!16s%2Fg%2F11vbzfc82k!19sChIJ64jW-G-tNTER1K8hNAo3eok?authuser=0&hl=en&rclk=1,
"81 Huyền Trân Công Chúa, Hoà Hải, Ngũ Hành Sơn, Đà Nẵng 550000 ",16.0037104,108.2631605,The Marble Mountains,0236 3961 114 ,40000,₫40000,4.3,Natural,https://www.google.com/maps/place/The+Marble+Mountains/data=!4m7!3m6!1s0x31420dd4e14b2edb:0xbc6e1faf738be4c5!8m2!3d16.0037104!4d108.2631605!16s%2Fm%2F02623q9!19sChIJ2y5L4dQNQjERxeSLc68fbrw?authuser=0&hl=en&rclk=1,https://nguhanhson.org/
"W87R+C7R, Đ. Hai Bà Trưng, Hội An, Quảng Nam ",15.9136072,108.3406489,An Bang Beach,,1974188,₫1974188,4.3,Natural,https://www.google.com/maps/place/An+Bang+Beach/data=!4m7!3m6!1s0x31420df96d5396ab:0xed0d9e973a32b1ef!8m2!3d15.9136072!4d108.3406489!16s%2Fg%2F1pp2vlmtm!19sChIJq5ZTbfkNQjER77EyOpeeDe0?authuser=0&hl=en&rclk=1,
"Mr Johnny, Huỳnh Phúc Khánh/Cầu 18 Tháng 8, Phường Minh An, Hội An, Quảng Nam ",15.8761378,108.320572,Thu Bồn River,,789720,₫789720,4.7,Natural,https://www.google.com/maps/place/Thu+B%E1%BB%93n+River/data=!4m7!3m6!1s0x31420f17d826f39d:0x8b6d0ed1859ccf8c!8m2!3d15.8761378!4d108.320572!16s%2Fg%2F11r4937cmh!19sChIJnfMm2BcPQjERjM-chdEObYs?authuser=0&hl=en&rclk=1,
"28 Nguyễn Tất Thành, Tân An, Hội An, Quảng Nam ",15.8871571,108.3195603,Silk Village Hoi An - The Tourist,0235 3921 144 ,263240,₫263240,4.3,Attraction,https://www.google.com/maps/place/Silk+Village+Hoi+An+-+The+Tourist/data=!4m7!3m6!1s0x31420e6fedc51059:0xd3cb9c178ef079c7!8m2!3d15.8871571!4d108.3195603!16s%2Fg%2F11_v54ddg!19sChIJWRDF7W8OQjERx3nwjhecy9M?authuser=0&hl=en&rclk=1,http://www.hoiansilkvillage.com/
"26 Đường Phan Bội Châu, Cẩm Châu, Hội An, Quảng Nam 560000 ",15.8771322,108.3342679,Precious Heritage Art Gallery Museum,0949 820 698 ,0,,4.9,Historical,https://www.google.com/maps/place/Precious+Heritage+Art+Gallery+Museum/data=!4m7!3m6!1s0x31420dd5b5b29c61:0xf09543eb25ba142f!8m2!3d15.8771322!4d108.3342679!16s%2Fg%2F11g6_80x3r!19sChIJYZyytdUNQjERLxS6JetDlfA?authuser=0&hl=en&rclk=1,https://www.rehahnphotographer.com/precious-heritage-museum/
"Chậu Cây Cảnh Phân Đất Vi Sinh, thôn 1, Hội An, Quảng Nam ",15.8623813,108.3234697,Cam Kim Island,,743528,₫743528,4.6,Natural,https://www.google.com/maps/place/Cam+Kim+Island/data=!4m7!3m6!1s0x31420fd831760f7b:0xc6914fe86d461bff!8m2!3d15.8623813!4d108.3234697!16s%2Fg%2F11nwb5cfwp!19sChIJew92MdgPQjER_xtGbehPkcY?authuser=0&hl=en&rclk=1,
"35-27 Nguyễn Tri Phương, Cẩm Nam, Hội An, Quảng Nam ",15.8730756,108.3328651,Cam Nam Island,,1816356,₫1816356,4.5,Natural,https://www.google.com/maps/place/Cam+Nam+Island/data=!4m7!3m6!1s0x31420df13853d1cb:0x5f15dbcd030b7946!8m2!3d15.8730756!4d108.3328651!16s%2Fg%2F11nwb597v4!19sChIJy9FTOPENQjERRnkLA83bFV8?authuser=0&hl=en&rclk=1,https://ticket-stations.com/dao-ky-uc-hoi-an
"Khối Nam Diêu Duy Tân, Thanh Hà, Hội An, Quảng Nam ",15.8778859,108.3001023,Thanh Hà Terracotta Park,0235 3963 888 ,50000,₫50000,4.1,Natural,https://www.google.com/maps/place/Thanh+H%C3%A0+Terracotta+Park/data=!4m7!3m6!1s0x31420e5f32af2c31:0xa80391de731b1be8!8m2!3d15.8778859!4d108.3001023!16s%2Fg%2F11c3k541fv!19sChIJMSyvMl8OQjER6Bsbc96RA6g?authuser=0&hl=en&rclk=1,http://thanhhaterracotta.com/
"101 Nguyễn Thái Học, Phường Minh An, Hội An, Quảng Nam ",15.8764821,108.3277659,Old House of Tan Ky,0235 3861 474 ,1605764,₫1605764,4.2,Attraction,https://www.google.com/maps/place/Old+House+of+Tan+Ky/data=!4m7!3m6!1s0x31420e7e612c6eb5:0x2a1a73e0741e1d9b!8m2!3d15.8764821!4d108.3277659!16s%2Fm%2F0k6dzbn!19sChIJtW4sYX4OQjERmx0edOBzGio?authuser=0&hl=en&rclk=1,http://www.hoianworldheritage.org.vn/en/news/Monument/Old-House-of-Tan-Ky-11.hwh
"4 Nguyễn Thị Minh Khai, Phường Minh An, Hội An, Quảng Nam ",15.8771915,108.3258009,The Old House of Phung Hung,,1237228,₫1237228,3.7,Attraction,https://www.google.com/maps/place/The+Old+House+of+Phung+Hung/data=!4m7!3m6!1s0x31420e7c34901635:0x912cff1c7268dc3e!8m2!3d15.8771915!4d108.3258009!16s%2Fm%2F0k6dzc2!19sChIJNRaQNHwOQjERPtxochz_LJE?authuser=0&hl=en&rclk=1,
"Cẩm Thanh, Hội An, Quảng Nam ",15.8793771,108.3626103,Hoi An Village Experience,0914 740 292 ,1843803,₫1843803,4.9,Attraction,https://www.google.com/maps/place/Hoi+An+Village+Experience/data=!4m7!3m6!1s0x31420df52e49dc49:0xc9acaa00468dd9f!8m2!3d15.8793771!4d108.3626103!16s%2Fg%2F11thh7w8z4!19sChIJSdxJLvUNQjERn91oBKDKmgw?authuser=0&hl=en&rclk=1,http://www.hoianvillageexperience.com/
"33 Nguyễn Thái Học, Phường Minh An, Hội An, Quảng Nam ",15.8765833,108.3298399,Museum of Folk Culture,0235 3910 948 ,1700000,₫1700000,4.3,Historical,https://www.google.com/maps/place/Museum+of+Folk+Culture/data=!4m7!3m6!1s0x31420e7e551ddfc3:0x6b5df4f6f6573f7a!8m2!3d15.8765833!4d108.3298399!16s%2Fg%2F11btrs3tsv!19sChIJw98dVX4OQjERej9X9vb0XWs?authuser=0&hl=en&rclk=1,
"77 Trần Phú, Phường Minh An, Hội An, Quảng Nam 560000 ",15.8771093,108.3292184,Quan Thang Ancient House,,560000,₫560000,4.3,Attraction,https://www.google.com/maps/place/Quan+Thang+Ancient+House/data=!4m7!3m6!1s0x31420e7ef73c9e57:0xf5138fb1702dd577!8m2!3d15.8771093!4d108.3292184!16s%2Fg%2F11cjkq2fxs!19sChIJV548934OQjERd9UtcLGPE_U?authuser=0&hl=en&rclk=1,https://vietnamnet.vn/chiem-nguong-nha-go-lim-tinh-xao-cua-dai-gia-giau-co-bac-nhat-hoi-an-xua-2391568.html?fbclid=IwdGRleANBpDJleHRuA2FlbQIxMQABHuEiN92Y0GNg9t4PKqbZ3tm9LxydsV52nRX6OzwCj4chshcRq0XKuEmK7nrg_aem_m6cW01Lj4kAw2ZGW274SIg
"46 Trần Phú, Cẩm Châu, Hội An, Quảng Nam ",15.8774847,108.3306281,Fujian Assembly Hall,,789720,₫789720,4.4,Attraction,https://www.google.com/maps/place/Fujian+Assembly+Hall/data=!4m7!3m6!1s0x31420e7f12e29ded:0xeb30287015a0138b!8m2!3d15.8774847!4d108.3306281!16s%2Fg%2F11c1r681sf!19sChIJ7Z3iEn8OQjERixOgFXAoMOs?authuser=0&hl=en&rclk=1,
"V9GF+9PM, Cẩm Thanh, Hội An, Quảng Nam ",15.8758416,108.3742432,Ninh Lê,0905 541 696 ,0,,5.0,Attraction,https://www.google.com/maps/place/Ninh+L%C3%AA/data=!4m7!3m6!1s0x31420d03c1029fcf:0xf366ff743f3ec11e!8m2!3d15.8758416!4d108.3742432!16s%2Fg%2F11t5y1xrk5!19sChIJz58CwQMNQjERHsE-P3T_ZvM?authuser=0&hl=en&rclk=1,
"V8GF+HMQ, An Hội, Hội An, Quảng Nam ",15.876474,108.3242311,Hoi An sculpture promenade,,0,,4.0,Attraction,https://www.google.com/maps/place/Hoi+An+sculpture+promenade/data=!4m7!3m6!1s0x31420f383de08981:0x2ce20eb7f6d22585!8m2!3d15.876474!4d108.3242311!16s%2Fg%2F11g__5bfhd!19sChIJgYngPTgPQjERhSXS9rcO4iw?authuser=0&hl=en&rclk=1,
"V88F+4Q2, Cẩm Kim, Tp. Hội An, Quảng Nam ",15.865156,108.32423,Làng mộc Kim Bồng,,0,,4.6,Attraction,https://www.google.com/maps/place/L%C3%A0ng+m%E1%BB%99c+Kim+B%E1%BB%93ng/data=!4m7!3m6!1s0x31420f8ac65ddd09:0xdd301bcd3fa4019f!8m2!3d15.865156!4d108.32423!16s%2Fg%2F11v0v8fp64!19sChIJCd1dxooPQjERnwGkP80bMN0?authuser=0&hl=en&rclk=1,
"Nguyễn Hoàng, Phường Minh An, Hội An, Quảng Nam ",15.8759693,108.3260184,Hội An Night Market,,1120841,₫1120841,4.4,Shopping,https://www.google.com/maps/place/H%E1%BB%99i+An+Night+Market/data=!4m7!3m6!1s0x31420e7dc35f492d:0xa44b01b91d668df!8m2!3d15.8759693!4d108.3260184!16s%2Fg%2F11c5g5kv4y!19sChIJLUlfw30OQjER32jWkRuwRAo?authuser=0&hl=en&rclk=1,https://ticketdulich.com/hoi-an-night
"02 Đ. 2 Tháng 9, Phường, Hải Châu, Đà Nẵng 550000 ",16.0603007,108.2232677,Da Nang Museum of Cham Sculpture,0236 3572 935 ,60000,₫60000,4.2,Historical,https://www.google.com/maps/place/Da+Nang+Museum+of+Cham+Sculpture/data=!4m7!3m6!1s0x314219cdb3006a2d:0x62ca993f60c3a12c!8m2!3d16.0603007!4d108.2232677!16s%2Fm%2F02pvbjt!19sChIJLWoAs80ZQjERLKHDYD-ZymI?authuser=0&hl=en&rclk=1,http://chammuseum.vn/
"4 Trần Quốc Toản, Hải Châu, Đà Nẵng 550000 ",16.0661013,108.2243619,Da Nang Food Tour,0787 796 006 ,0,,4.5,Attraction,https://www.google.com/maps/place/Da+Nang+Food+Tour/data=!4m7!3m6!1s0x314218211e40911f:0xe1f91d885f1de98b!8m2!3d16.0661013!4d108.2243619!16s%2Fg%2F11cn9cb9by!19sChIJH5FAHiEYQjERi-kdX4gd-eE?authuser=0&hl=en&rclk=1,http://danangfoodtour.com/
"104 Thái Phiên, Phường Minh An, Hội An, Quảng Nam 550000 ",15.8819272,108.3264144,Ancient House,,0,,4.4,Attraction,https://www.google.com/maps/place/Ancient+House/data=!4m7!3m6!1s0x31420e7bd9e354cf:0xba63079e649aab81!8m2!3d15.8819272!4d108.3264144!16s%2Fg%2F11b67qjf8y!19sChIJz1Tj2XsOQjERgauaZJ4HY7o?authuser=0&hl=en&rclk=1,
"100 Nguyễn Phúc Tần, Phường Minh An, Hội An, Quảng Nam ",15.8749819,108.3229,Lantern Making Class,0768 516 156 ,0,,5.0,Attraction,https://www.google.com/maps/place/Lantern+Making+Class/data=!4m7!3m6!1s0x31420f5a3b9b9a9d:0x6c55f4428ae6a541!8m2!3d15.8749819!4d108.3229!16s%2Fg%2F11srxvr_03!19sChIJnZqbO1oPQjERQaXmikL0VWw?authuser=0&hl=en&rclk=1,
"thôn Vạn Lăng, Cẩm Thanh, Hội An, Quảng Nam 563800 ",15.8776011,108.3730249,Làng Dừa Xanh Coconut Basket Boat Tour,0905 936 985 ,131620,₫131620,4.8,Attraction,https://www.google.com/maps/place/L%C3%A0ng+D%E1%BB%ABa+Xanh+Coconut+Basket+Boat+Tour/data=!4m7!3m6!1s0x31420d30976462b5:0x7fa1fe0559942d2b!8m2!3d15.8776011!4d108.3730249!16s%2Fg%2F11flc6br9p!19sChIJtWJklzANQjERKy2UWQX-oX8?authuser=0&hl=en&rclk=1,http://basketboathoian.com/
"Đ. 2 Tháng 9, Hoà Cường Bắc, Hải Châu, Đà Nẵng 550000 ",16.0412139,108.2256332,Da Nang DownTown,,70000,₫70000,4.4,Attraction,https://www.google.com/maps/place/Da+Nang+DownTown/data=!4m7!3m6!1s0x314219e7a191cc17:0xe60f91d4055e3074!8m2!3d16.0412139!4d108.2256332!16s%2Fg%2F11c1s0n2xz!19sChIJF8yRoecZQjERdDBeBdSRD-Y?authuser=0&hl=en&rclk=1,https://ticketcheap.shop/da-nang-downtown
"Phạm Phán, Thanh Hà, Hội An, Quảng Nam ",15.8781302,108.3005058,"Thanh Ha Pottery Village, Hoi An",,1202665,₫1202665,4.3,Attraction,"https://www.google.com/maps/place/Thanh+Ha+Pottery+Village,+Hoi+An/data=!4m7!3m6!1s0x31420e587421d439:0x73a31b4ddd945e16!8m2!3d15.8781302!4d108.3005058!16s%2Fg%2F11g6cwm0lv!19sChIJOdQhdFgOQjERFl6U3U0bo3M?authuser=0&hl=en&rclk=1",http://hoiangov.vn/thanhha
"VCG6+XJJ, Hội An - Cù Lao Chàm, Tp. Hội An, Quảng Nam ",15.8774615,108.4115008,Đảo Cá Heo - Hội An,0235 3818 333 ,0,,4.8,Attraction,https://www.google.com/maps/place/%C4%90%E1%BA%A3o+C%C3%A1+Heo+-+H%E1%BB%99i+An/data=!4m7!3m6!1s0x31420d46df1f16f3:0xe9dc8e58240846b6!8m2!3d15.8774615!4d108.4115008!16s%2Fg%2F11h1dcrn0z!19sChIJ8xYf30YNQjERtkYIJFiO3Ok?authuser=0&hl=en&rclk=1,http://www.quangnam.gov.vn/
"19 Trần Phú, Cẩm Châu, Hội An, Quảng Nam ",15.8770038,108.331305,Hoi An Market,,763425,₫763425,4.4,Shopping,https://www.google.com/maps/place/Hoi+An+Market/data=!4m7!3m6!1s0x31420e7f74e9fb9d:0x227b7d9724e95f4f!8m2!3d15.8770038!4d108.331305!16s%2Fg%2F1tq8g0pn!19sChIJnfvpdH8OQjERT1_pJJd9eyI?authuser=0&hl=en&rclk=1,
"80 Trần Phú, Phường Minh An, Hội An, Quảng Nam ",15.8772894,108.3295509,Museum of Trade Ceramics,,2802980,₫2802980,4.2,Historical,https://www.google.com/maps/place/Museum+of+Trade+Ceramics/data=!4m7!3m6!1s0x31420e7efb9ee7eb:0xcb737d31aba2e61e!8m2!3d15.8772894!4d108.3295509!16s%2Fm%2F03m6075!19sChIJ6-ee-34OQjERHuaiqzF9c8s?authuser=0&hl=en&rclk=1,
"Trần Nhân Tông, Cẩm Thanh, Hội An, Quảng Nam ",15.873375,108.3752232,Hanh Coconut,0932 426 360 ,0,,4.3,Attraction,https://www.google.com/maps/place/Hanh+Coconut/data=!4m7!3m6!1s0x31420d3d85495939:0xfa48cfabc85d1291!8m2!3d15.873375!4d108.3752232!16s%2Fg%2F11h_0n_f4j!19sChIJOVlJhT0NQjERkRJdyKvPSPo?authuser=0&hl=en&rclk=1,
"Bàn cờ, Thọ Quang, Sơn Trà, Đà Nẵng ",16.1189365,108.2719826,Ban Co Peak,,1518953,₫1518953,4.6,Attraction,https://www.google.com/maps/place/Ban+Co+Peak/data=!4m7!3m6!1s0x31423d6e34ee0105:0x69e23a6263ffc6ec!8m2!3d16.1189365!4d108.2719826!16s%2Fg%2F11bbwpgtdk!19sChIJBQHuNG49QjER7Mb_Y2I64mk?authuser=0&hl=en&rclk=1,
"Cam thanh village, Hội An, Quảng Nam ",15.8838923,108.3699329,Coconut Boat Hoi An,0782 329 836 ,100000,₫100000,4.4,Attraction,https://www.google.com/maps/place/Coconut+Boat+Hoi+An/data=!4m7!3m6!1s0x31420dd6b048b553:0xba20ec1e12fbdb52!8m2!3d15.8838923!4d108.3699329!16s%2Fg%2F11nwb5j9f5!19sChIJU7VIsNYNQjERUtv7Eh7sILo?authuser=0&hl=en&rclk=1,https://hoianlaundryfreedelivery.com/hoi-an-coconut-boat-tour/
"V9Q5+4G5, Cẩm Sơn, Hội An, Quảng Nam ",15.8798934,108.3285955,coconut Basket Boat Tour With Tom,0778 503 777 ,100000,₫100000,5.0,Attraction,https://www.google.com/maps/place/coconut+Basket+Boat+Tour+With+Tom/data=!4m7!3m6!1s0x31420d00072157b5:0x9ca9c8dc26084075!8m2!3d15.8798934!4d108.3285955!16s%2Fg%2F11m5s9fpc6!19sChIJtVchBwANQjERdUAIJtzIqZw?authuser=0&hl=en&rclk=1,https://hoianlaundryfreedelivery.com/hoi-an-coconut-boat-tour/
"58 Nguyễn Thái Học, Phường Minh An, Hội An, Quảng Nam ",15.8765885,108.3285692,Diep Dong Nguyen House,,0,,4.1,Attraction,https://www.google.com/maps/place/Diep+Dong+Nguyen+House/data=!4m7!3m6!1s0x31420e7e590fdf5d:0xfc6c83a1a1f9441d!8m2!3d15.8765885!4d108.3285692!16s%2Fg%2F11b6mmb8rx!19sChIJXd8PWX4OQjERHUT5oaGDbPw?authuser=0&hl=en&rclk=1,
"V7GX+WQ6, làng gốm, khối Nam Diêu, Hội An, Quảng Nam ",15.8772925,108.2993814,Làng gốm Thanh Hà - Thanh Ha Pottery Village,,0,,4.4,Attraction,https://www.google.com/maps/place/L%C3%A0ng+g%E1%BB%91m+Thanh+H%C3%A0+-+Thanh+Ha+Pottery+Village/data=!4m7!3m6!1s0x31420f004e63987f:0x5e28b9a47b73f86e!8m2!3d15.8772925!4d108.2993814!16s%2Fg%2F11w9kl2m1_!19sChIJf5hjTgAPQjERbvhze6S5KF4?authuser=0&hl=en&rclk=1,
"thôn vạn lăng, Tổ 3, Hội An, Quảng Nam ",15.8777406,108.3727706,hangcoconut Basket Boat Ride,0706 233 340 ,90000,₫90000,5.0,Attraction,https://www.google.com/maps/place/hangcoconut+Basket+Boat+Ride/data=!4m7!3m6!1s0x31420d71bf5a8b37:0x9f544c682d035ac9!8m2!3d15.8777406!4d108.3727706!16s%2Fg%2F11l2hh6dj3!19sChIJN4tav3ENQjERyVoDLWhMVJ8?authuser=0&hl=en&rclk=1,http://hangcoconut.com/
"V8QG+CJF, Khu Vực 7, Hội An, Quảng Nam ",15.8885569,108.3265506,Chùa Chúc Thánh,,0,,4.6,Cultural,https://www.google.com/maps/place/Ch%C3%B9a+Ch%C3%BAc+Th%C3%A1nh/data=!4m7!3m6!1s0x31420e71c0000001:0xb5473eca740cd713!8m2!3d15.8885569!4d108.3265506!16s%2Fg%2F1thq7btm!19sChIJAQAAwHEOQjERE9cMdMo-R7U?authuser=0&hl=en&rclk=1,
"V8HG+CPQ, Đ. Phan Chu Trinh, Phường Minh An, Hội An, Quảng Nam ",15.8785894,108.3268736,Chùa Pháp Bảo,,0,,4.5,Cultural,https://www.google.com/maps/place/Ch%C3%B9a+Ph%C3%A1p+B%E1%BA%A3o/data=!4m7!3m6!1s0x31420e7ea0b1433b:0xedb478983519f3d6!8m2!3d15.8785894!4d108.3268736!16s%2Fg%2F1tfqnfgn!19sChIJO0OxoH4OQjER1vMZNZh4tO0?authuser=0&hl=en&rclk=1,
"554 Cửa Đại, St, Hội An, Quảng Nam 510000 ",15.87996,108.3376219,Laughing Roo Travel,,0,,5.0,Attraction,https://www.google.com/maps/place/Laughing+Roo+Travel/data=!4m7!3m6!1s0x31420d023e90f9b5:0xa99834979aca08a9!8m2!3d15.87996!4d108.3376219!16s%2Fg%2F11gwmdpyxz!19sChIJtfmQPgINQjERqQjKmpc0mKk?authuser=0&hl=en&rclk=1,http://laughingrootravel.com/
"Tổ 7 - Thôn Vạn lăng, Cẩm Thanh, Hội An, Quảng Nam 51000 ",15.8817848,108.3699939,Cocochill Hoi An – Coconut Village & Basket Boat,0905 958 630 ,0,,5.0,Attraction,https://www.google.com/maps/place/Cocochill+Hoi+An+%E2%80%93+Coconut+Village+%26+Basket+Boat/data=!4m7!3m6!1s0x31420d653c27a959:0x11d8d1249280efd5!8m2!3d15.8817848!4d108.3699939!16s%2Fg%2F11g0hzv_km!19sChIJWaknPGUNQjER1e-AkiTR2BE?authuser=0&hl=en&rclk=1,https://www.cocochillhoian.com/
"7 Nguyễn Huệ, Sơn Phong, Hội An, Quảng Nam 563890 ",15.8779694,108.3313562,Rehahn Gallery,0949 820 698 ,1107977,₫1107977,4.9,Attraction,https://www.google.com/maps/place/Rehahn+Gallery/data=!4m7!3m6!1s0x31420e7f41d2edc9:0x2e2d3b23596a3a54!8m2!3d15.8779694!4d108.3313562!16s%2Fg%2F11b6_cyw2s!19sChIJye3SQX8OQjERVDpqWSM7LS4?authuser=0&hl=en&rclk=1,https://www.rehahnphotographer.com/
"Tổ 4/Thôn Vạn Lăng, Cẩm Thanh, Hội An, Quảng Nam 560000 ",15.8764198,108.3735708,Hacoconut Coconut Basket Boat,0915 658 297 ,0,,4.9,Attraction,https://www.google.com/maps/place/Hacoconut+Coconut+Basket+Boat/data=!4m7!3m6!1s0x31420de36ea14dbb:0xc412dca7ef236a15!8m2!3d15.8764198!4d108.3735708!16s%2Fg%2F11fjyvkdsx!19sChIJu02hbuMNQjERFWoj76fcEsQ?authuser=0&hl=en&rclk=1,https://www.hacoconut.com/
"Tổ 9 Thôn Thanh Tam, Cẩm Thanh, Hội An, Quảng Nam 563800 ",15.8739327,108.3748477,Rừng Dừa Sơn Đông,0902 819 589 ,0,,4.5,Attraction,https://www.google.com/maps/place/R%E1%BB%ABng+D%E1%BB%ABa+S%C6%A1n+%C4%90%C3%B4ng/data=!4m7!3m6!1s0x31420d4d393d24af:0x606305d59f5f5919!8m2!3d15.8739327!4d108.3748477!16s%2Fg%2F11vx4d9ttx!19sChIJryQ9OU0NQjERGVlfn9UFY2A?authuser=0&hl=en&rclk=1,https://hoiantravelook.vn/
"Cửa Đại, Cẩm Sơn, Hội An, Quảng Nam 560000 ",15.8838444,108.3697691,Basket Boat Hoi An,0899 205 352 ,0,,5.0,Attraction,https://www.google.com/maps/place/Basket+Boat+Hoi+An/data=!4m7!3m6!1s0x31420e7bdb42d68f:0x78e99a70f1ee14d4!8m2!3d15.8838444!4d108.3697691!16s%2Fg%2F11j00t1g4h!19sChIJj9ZC23sOQjER1BTu8XCa6Xg?authuser=0&hl=en&rclk=1,https://hoianlaundryfreedelivery.com/hoi-an-coconut-boat-tour/
"Trường Sa, Hoà Hải, Ngũ Hành Sơn, Đà Nẵng ",15.9717259,108.2757816,Legend Danang Golf Resort,0236 3958 111 ,3450000,₫3450000,4.2,Attraction,https://www.google.com/maps/place/Legend+Danang+Golf+Resort/data=!4m7!3m6!1s0x314210f9acfb76a1:0x55c05d34f3e7b9fd!8m2!3d15.9717259!4d108.2757816!16s%2Fg%2F12hxp35ln!19sChIJoXb7rPkQQjER_bnn8zRdwFU?authuser=0&hl=en&rclk=1,http://dananggolfclub.com/
"24 Trần Phú, Cẩm Châu, Hội An, Quảng Nam ",15.8775421,108.3313724,Quan Cong Temple,0971 198 995 ,821923,₫821923,4.3,Cultural,https://www.google.com/maps/place/Quan+Cong+Temple/data=!4m7!3m6!1s0x31420e7f6c511f01:0xf1fb397be3ac0e2a!8m2!3d15.8775421!4d108.3313724!16s%2Fg%2F11gjw0b9k1!19sChIJAR9RbH8OQjERKg6s43s5-_E?authuser=0&hl=en&rclk=1,
"Nguyễn Phan Vinh, Cẩm An, Tp. Hội An, Quảng Nam ",15.9078772,108.3489037,Biển Tân Thành,,0,,4.4,Natural,https://www.google.com/maps/place/Bi%E1%BB%83n+T%C3%A2n+Th%C3%A0nh/data=!4m7!3m6!1s0x31420df19803a0c7:0x5623486d18cbd37b!8m2!3d15.9078772!4d108.3489037!16s%2Fg%2F11f32_8jfj!19sChIJx6ADmPENQjERe9PLGG1II1Y?authuser=0&hl=en&rclk=1,http://tanthanhbeach.com/
"Kiệt 210/6 Trần Nhân Tông, phường hội an đông, Hội An, Đà Nẵng 51300 ",15.8754198,108.3477821,Sunny rừng dừa - bamboo basket boat,0705 294 614 ,0,,5.0,Attraction,https://www.google.com/maps/place/Sunny+r%E1%BB%ABng+d%E1%BB%ABa+-+bamboo+basket+boat/data=!4m7!3m6!1s0x31420d47356e646f:0x5ca265553cec7a2e!8m2!3d15.8754198!4d108.3477821!16s%2Fg%2F11md0kpy6f!19sChIJb2RuNUcNQjERLnrsPFVlolw?authuser=0&hl=en&rclk=1,
"66 Đ. Bạch Đằng, Old Town, Hội An, Quảng Nam ",15.8760971,108.3297841,Hoi An Traditional Art Performance House,0235 3861 159 ,0,,4.5,Attraction,https://www.google.com/maps/place/Hoi+An+Traditional+Art+Performance+House/data=!4m7!3m6!1s0x31420e7e55a5baa9:0xd9d555d9b927d774!8m2!3d15.8760971!4d108.3297841!16s%2Fg%2F11c5b12hz_!19sChIJqbqlVX4OQjERdNcnudlV1dk?authuser=0&hl=en&rclk=1,
"94 Huyền Trân Công Chúa, Cẩm Châu, Hội An, Quảng Nam 51000 ",15.8749751,108.3411487,Memories of Hoi An,,540000,₫540000,4.6,Attraction,https://www.google.com/maps/place/Memories+of+Hoi+An/data=!4m7!3m6!1s0x31420db8f92188b3:0xb28f14b7a1296953!8m2!3d15.8749751!4d108.3411487!16s%2Fg%2F1tjmb4jc!19sChIJs4gh-bgNQjERU2kpobcUj7I?authuser=0&hl=en&rclk=1,http://ticketdulich.com/hoian-memories
"10b Trần Hưng Đạo, Phường Minh An, Hội An, Quảng Nam ",15.8802686,108.3294629,Hoi An Museum,0235 3862 367 ,2211216,₫2211216,4.2,Historical,https://www.google.com/maps/place/Hoi+An+Museum/data=!4m7!3m6!1s0x31420fbb67c19af9:0xd8d0dcae34aa403d!8m2!3d15.8802686!4d108.3294629!16s%2Fg%2F11fk3l6932!19sChIJ-ZrBZ7sPQjERPUCqNK7c0Ng?authuser=0&hl=en&rclk=1,http://hoianmuseum.com/
"Điện Phong, Điện Bàn, Quảng Nam 560000 ",15.8498209,108.2365204,Woodart Vietnam,0911 300 815 ,0,,5.0,Attraction,https://www.google.com/maps/place/Woodart+Vietnam/data=!4m7!3m6!1s0x31420f3c2e73e8ad:0xb46f7b432dffa989!8m2!3d15.8498209!4d108.2365204!16s%2Fg%2F11vrjmnj65!19sChIJrehzLjwPQjERian_LUN7b7Q?authuser=0&hl=en&rclk=1,https://woodartvietnam.com/blogs/news/hoi-an-3-hour-wood-carving-class-with-local-artist-in-a-hidden-pieceful-village
"Đường Trường Sa, Thịnh Mỹ, Hội An, Quảng Nam 56000 ",15.9038695,108.3475684,Củi Lũ Art Space - Coco Casa Art Gallery,0899 225 969 ,0,,4.9,Attraction,https://www.google.com/maps/place/C%E1%BB%A7i+L%C5%A9+Art+Space+-+Coco+Casa+Art+Gallery/data=!4m7!3m6!1s0x31420ddc5eb74229:0xe3b7fa21d8be1f39!8m2!3d15.9038695!4d108.3475684!16s%2Fg%2F11wr3wbkcd!19sChIJKUK3XtwNQjEROR--2CH6t-M?authuser=0&hl=en&rclk=1,https://cuiluartspace.com/
"Thôn Triêm Tây, Điện Bàn, Quảng Nam ",15.8721462,108.3054825,Triem Tay Gardens,0935 618 391 ,0,,4.2,Attraction,https://www.google.com/maps/place/Triem+Tay+Gardens/data=!4m7!3m6!1s0x31420ef4b5dcb475:0x5a13abaf824a31e!8m2!3d15.8721462!4d108.3054825!16s%2Fg%2F12hkr2014!19sChIJdbTctfQOQjERHqMk-Lo6oQU?authuser=0&hl=en&rclk=1,http://www.facebook.com/triemtaygardens
"R6FF+4P2, Duy Sơn, Duy Xuyên, Quảng Nam ",15.8227528,108.2242581,Núi Hòn Bằng,,0,,4.1,Natural,https://www.google.com/maps/place/N%C3%BAi+H%C3%B2n+B%E1%BA%B1ng/data=!4m7!3m6!1s0x314207bd18bac8b1:0xa8d1bb362c65840e!8m2!3d15.8227528!4d108.2242581!16s%2Fg%2F11gj73_r29!19sChIJsci6GL0HQjERDoRlLDa70ag?authuser=0&hl=en&rclk=1,
"V9X5+W4C, 81 Lạc Long Quân, Cẩm An, Hội An, Quảng Nam ",15.9018073,108.3600396,Cua Dai Beach,,384594,₫384594,4.1,Natural,https://www.google.com/maps/place/Cua+Dai+Beach/data=!4m7!3m6!1s0x31420d93ae161d09:0xdc008df0a8f90b4e!8m2!3d15.9018073!4d108.3600396!16s%2Fg%2F11gb3t8tsy!19sChIJCR0WrpMNQjERTgv5qPCNANw?authuser=0&hl=en&rclk=1,
"160 Nguyễn Duy Trinh, Hoà Hải, Ngũ Hành Sơn, Đà Nẵng 550000 ",15.995601,108.263743,Non Nuoc stone carving,0909 860 006 ,1658412,₫1658412,4.4,Attraction,https://www.google.com/maps/place/Non+Nuoc+stone+carving/data=!4m7!3m6!1s0x314210c0f90d0ceb:0xe4178fbac3df17b!8m2!3d15.995601!4d108.263743!16s%2Fg%2F1hhwdw0cp!19sChIJ6wwN-cAQQjERe_E9rPt4QQ4?authuser=0&hl=en&rclk=1,https://nonnuocart.com/
"229 Cửa Đại, Hội An Đông, Hội An, Đà Nẵng ",15.8855605,108.3505433,CSO Gallery Hoi An,0562 226 688 ,0,,5.0,Attraction,https://www.google.com/maps/place/CSO+Gallery+Hoi+An/data=!4m7!3m6!1s0x31420d0859a722c3:0x87e1dc3e0b6f8d5a!8m2!3d15.8855605!4d108.3505433!16s%2Fg%2F11sczqs9fx!19sChIJwyKnWQgNQjERWo1vCz7c4Yc?authuser=0&hl=en&rclk=1,https://www.facebook.com/csogallery
"34 Nguyễn Thái Học, Phường Minh An, Hội An, Quảng Nam ",15.8766736,108.329857,Museum of Traditional Medicine,,0,,3.7,Historical,https://www.google.com/maps/place/Museum+of+Traditional+Medicine/data=!4m7!3m6!1s0x31420fcf0740a2b9:0x749f820a56bb0e9c!8m2!3d15.8766736!4d108.329857!16s%2Fg%2F11h9g8bg4t!19sChIJuaJAB88PQjERnA67VgqCn3Q?authuser=0&hl=en&rclk=1,
"24 Lưu Qúy Kỳ, Phường Minh An, Hội An, Quảng Nam ",15.875072,108.3273525,Hoi An Lantern Boat Tour ( 호이안 랜턴 보트 투어 ),0792 602 287 ,0,,4.7,Attraction,https://www.google.com/maps/place/Hoi+An+Lantern+Boat+Tour+%28+%ED%98%B8%EC%9D%B4%EC%95%88+%EB%9E%9C%ED%84%B4+%EB%B3%B4%ED%8A%B8+%ED%88%AC%EC%96%B4+%29/data=!4m7!3m6!1s0x31420fb5a60d6687:0xb0df90cb15e1b7e1!8m2!3d15.875072!4d108.3273525!16s%2Fg%2F11q45bndnv!19sChIJh2YNprUPQjER4bfhFcuQ37A?authuser=0&hl=en&rclk=1,https://hoianlanternboat.com/
"Đông Hà 1, Cẩm Kim, Hội An, Quảng Nam ",15.8624374,108.3327616,Khu Dệt Chiếu Kim Bồng - KIM BONG TRADITIONAL MAT WEAVING,0903 534 199 ,0,,4.8,Attraction,https://www.google.com/maps/place/Khu+D%E1%BB%87t+Chi%E1%BA%BFu+Kim+B%E1%BB%93ng+-+KIM+BONG+TRADITIONAL+MAT+WEAVING/data=!4m7!3m6!1s0x31420fe2545affaf:0xedbe2487a28c5b99!8m2!3d15.8624374!4d108.3327616!16s%2Fg%2F11h6sg6b3g!19sChIJr_9aVOIPQjERmVuMoockvu0?authuser=0&hl=en&rclk=1,
"2737+P97, Hòn Thủy Sơn, Hoà Hải, Ngũ Hành Sơn, Đà Nẵng 550000 ",16.0042806,108.263425,Đỉnh Thượng Thai,,0,,4.5,Attraction,https://www.google.com/maps/place/%C4%90%E1%BB%89nh+Th%C6%B0%E1%BB%A3ng+Thai/data=!4m7!3m6!1s0x3142112261ecef6b:0x42f38d28acb2e01b!8m2!3d16.0042806!4d108.263425!16s%2Fg%2F11h1fx42tv!19sChIJa-_sYSIRQjERG-CyrCiN80I?authuser=0&hl=en&rclk=1,https://nguhanhson.org/
"Tổ 5 thôn Thanh Đông, Cẩm Thanh, Hội An, Quảng Nam ",15.8876499,108.3545654,Thanh Dong Organic Farm,0905 775 864 ,0,,4.8,Attraction,https://www.google.com/maps/place/Thanh+Dong+Organic+Farm/data=!4m7!3m6!1s0x31420dc73da7fecf:0x18c89ea19d8eebef!8m2!3d15.8876499!4d108.3545654!16s%2Fg%2F11c58sh9bf!19sChIJz_6nPccNQjER7-uOnaGeyBg?authuser=0&hl=en&rclk=1,https://www.thanhdongorganicfarm.com/
"Hòn Thủy Sơn, Hoà Hải, Ngũ Hành Sơn, Đà Nẵng 550000 ",16.0026808,108.2624698,Marble Mountains Ticket Booth (Gate A1),0236 2243 206 ,0,,4.2,Natural,https://www.google.com/maps/place/Marble+Mountains+Ticket+Booth+%28Gate+A1%29/data=!4m7!3m6!1s0x3142118de5644c0d:0x13eebb3f19ce7dbd!8m2!3d16.0026808!4d108.2624698!16s%2Fg%2F11sr823wp_!19sChIJDUxk5Y0RQjERvX3OGT-77hM?authuser=0&hl=en&rclk=1,http://www.nguhanhson.org/
"88 Nguyễn Thái Học, Phường Minh An, Hội An, Quảng Nam ",15.8765805,108.3282608,Vanda Tailors,0984 488 811 ,0,,4.8,Attraction,https://www.google.com/maps/place/Vanda+Tailors/data=!4m7!3m6!1s0x31420e7ea63886e3:0xb35728b12caae6f9!8m2!3d15.8765805!4d108.3282608!16s%2Fg%2F11bwkdsx65!19sChIJ44Y4pn4OQjER-eaqLLEoV7M?authuser=0&hl=en&rclk=1,https://vandatailors.com/
"V8GG+JQ5, Old Town, Hội An, Quảng Nam ",15.8765062,108.3269713,Bài Chòi Hội An,,0,,4.8,Attraction,https://www.google.com/maps/place/B%C3%A0i+Ch%C3%B2i+H%E1%BB%99i+An/data=!4m7!3m6!1s0x31420f1bee87f5a9:0x27925699af78e1b!8m2!3d15.8765062!4d108.3269713!16s%2Fg%2F11g22yml9n!19sChIJqfWH7hsPQjERG473mmkleQI?authuser=0&hl=en&rclk=1,
"19c Hoàng Diệu, Điện Biên, Ba Đình, Hà Nội 100000 ",21.0352231,105.8402594,Imperial Citadel of Thang Long,024 3734 5427 ,100000,₫100000,4.4,Attraction,https://www.google.com/maps/place/Imperial+Citadel+of+Thang+Long/data=!4m7!3m6!1s0x3135aba3381d7c49:0xb521a7d98f582937!8m2!3d21.0352231!4d105.8402594!16s%2Fm%2F05zw9vk!19sChIJSXwdOKOrNTERNylYj9mnIbU?authuser=0&hl=en&rclk=1,https://hoangthanhthanglong.vn/
"1 P. Hoả Lò, Trần Hưng Đạo, Hoàn Kiếm, Hà Nội ",21.0253297,105.8464781,Hoa Lo Prison,0825 112 668 ,50000,₫50000,4.5,Attraction,https://www.google.com/maps/place/Hoa+Lo+Prison/data=!4m7!3m6!1s0x3135ab96aa51de95:0x9701e10bee31af54!8m2!3d21.0253297!4d105.8464781!16zL20vMG45d3A!19sChIJld5RqparNTERVK8x7gvhAZc?authuser=0&hl=en&rclk=1,https://hoalo.vn/
"57B Đinh Tiên Hoàng, Hàng Bạc, Hoàn Kiếm, Hà Nội ",21.0316826,105.8533466,Thang Long Water Puppet Theatre,024 3824 9494 ,100000,₫100000,4.3,Attraction,https://www.google.com/maps/place/Thang+Long+Water+Puppet+Theatre/data=!4m7!3m6!1s0x3135abc013454289:0x4e5ea7a5d23aad1c!8m2!3d21.0316826!4d105.8533466!16s%2Fg%2F1tdp2j4q!19sChIJiUJFE8CrNTERHK060qWnXk4?authuser=0&hl=en&rclk=1,https://thanglongwaterpuppet.com/
"P. Hàng Ngang, Hàng Đào, Hoàn Kiếm, Hà Nội 100000 ",21.034059,105.8506368,Hanoi Old Quarter,,499912,₫499912,4.6,Attraction,https://www.google.com/maps/place/Hanoi+Old+Quarter/data=!4m7!3m6!1s0x3135abbe12384aa7:0x595317f27fe2548e!8m2!3d21.034059!4d105.8506368!16s%2Fg%2F11b8tc18h5!19sChIJp0o4Er6rNTERjlTif_IXU1k?authuser=0&hl=en&rclk=1,
"1 Tràng Tiền, Phan Chu Trinh, Hoàn Kiếm, Hà Nội ",21.0245045,105.8593698,Vietnam National Museum of History,024 3825 2853 ,40000,₫40000,4.3,Historical,https://www.google.com/maps/place/Vietnam+National+Museum+of+History/data=!4m7!3m6!1s0x3135abe9661234d7:0x7d497bffb5ce2892!8m2!3d21.0245045!4d105.8593698!16s%2Fm%2F03m5zhh!19sChIJ1zQSZumrNTERkijOtf97SX0?authuser=0&hl=en&rclk=1,http://www.baotanglichsu.vn/
"5 Đinh Tiên Hoàng, Hàng Trống, Hoàn Kiếm, Hà Nội ",21.0315956,105.8530717,Weekend Walking Street,,0,,4.5,Attraction,https://www.google.com/maps/place/Weekend+Walking+Street/data=!4m7!3m6!1s0x3135ab6ad059b3f3:0x94da406031625c16!8m2!3d21.0315956!4d105.8530717!16s%2Fg%2F11scnm7gq4!19sChIJ87NZ0GqrNTERFlxiMWBA2pQ?authuser=0&hl=en&rclk=1,
"P. Chùa Một Cột, Đội Cấn, Ba Đình, Hà Nội 100000 ",21.0358277,105.8336206,One Pillar Pagoda,,1684640,₫1684640,4.4,Cultural,https://www.google.com/maps/place/One+Pillar+Pagoda/data=!4m7!3m6!1s0x3135aba1728475ed:0xdbe7366fe9dfc2ae!8m2!3d21.0358277!4d105.8336206!16s%2Fm%2F03mdcwc!19sChIJ7XWEcqGrNTERrsLf6W8259s?authuser=0&hl=en&rclk=1,http://www.chuamotcot.vn/
"1 Hùng Vương, Điện Biên, Ba Đình, Hà Nội ",21.0368973,105.8346667,Ho Chi Minh's Mausoleum,,0,,4.5,Attraction,https://www.google.com/maps/place/Ho+Chi+Minh%27s+Mausoleum/data=!4m7!3m6!1s0x3135aba15ec15d17:0x620e85c2cfe14d4c!8m2!3d21.0368973!4d105.8346667!16s%2Fm%2F02xbhg7!19sChIJF13BXqGrNTERTE3hz8KFDmI?authuser=0&hl=en&rclk=1,https://www.bqllang.gov.vn/
"P. Trần Phú, Hàng Bông, Hoàn Kiếm, Hà Nội 100000 ",21.0307239,105.8441362,Hanoi Train Street,,0,,4.4,Attraction,https://www.google.com/maps/place/Hanoi+Train+Street/data=!4m7!3m6!1s0x3135abb85e1fd885:0x6fc790a6864444f8!8m2!3d21.0307239!4d105.8441362!16s%2Fg%2F11kbx9prh0!19sChIJhdgfXrirNTER-EREhqaQx28?authuser=0&hl=en&rclk=1,https://shippedaway.com/hanoi-train-street
"Đ. Nguyễn Văn Huyên, Quan Hoa, Cầu Giấy, Hà Nội 100000 ",21.0403422,105.7987354,Vietnam Museum of Ethnology,024 3756 2193 ,40000,₫40000,4.6,Historical,https://www.google.com/maps/place/Vietnam+Museum+of+Ethnology/data=!4m7!3m6!1s0x3135ab394353b821:0x47c950bb0f081a1c!8m2!3d21.0403422!4d105.7987354!16s%2Fm%2F03c23m3!19sChIJIbhTQzmrNTERHBoID7tQyUc?authuser=0&hl=en&rclk=1,http://www.vme.org.vn/
"1 Tràng Tiền, Phan Chu Trinh, Hoàn Kiếm, Hà Nội ",21.0242438,105.8576254,Hanoi Opera House,024 3933 0113 ,500000,₫500000,4.6,Attraction,https://www.google.com/maps/place/Hanoi+Opera+House/data=!4m7!3m6!1s0x3135abebf87e0011:0x647af200da508d2b!8m2!3d21.0242438!4d105.8576254!16s%2Fm%2F02pxggv!19sChIJEQB--OurNTERK41Q2gDyemQ?authuser=0&hl=en&rclk=1,http://hanoioperahouse.org.vn/
"76 P. Hàng Buồm, Hàng Buồm, Hoàn Kiếm, Hà Nội ",21.0357826,105.8510084,Bach Ma Temple,,665280,₫665280,4.5,Cultural,https://www.google.com/maps/place/Bach+Ma+Temple/data=!4m7!3m6!1s0x3135abbf47ca8df5:0xe66fe1153b046b!8m2!3d21.0357826!4d105.8510084!16s%2Fg%2F120w8hg8!19sChIJ9Y3KR7-rNTERawQ7FeFv5gA?authuser=0&hl=en&rclk=1,
"66 P. Nguyễn Thái Học, Điện Biên, Ba Đình, Hà Nội ",21.0307844,105.837084,Vietnam National Fine Arts Museum,024 3823 3084 ,40000,₫40000,4.5,Historical,https://www.google.com/maps/place/Vietnam+National+Fine+Arts+Museum/data=!4m7!3m6!1s0x3135ab98947bdbf5:0xfd421f83a4c0ac4e!8m2!3d21.0307844!4d105.837084!16s%2Fm%2F04drtc2!19sChIJ9dt7lJirNTERTqzApIMfQv0?authuser=0&hl=en&rclk=1,https://vnfam.vn/
"1 Tràng Tiền, Phan Chu Trinh, Hoàn Kiếm, Hà Nội ",21.0237437,105.8571392,Xe 2 tầng Hà Nội - Hop on hop off bus Vietnam Sightseeing,0828 605 096 ,342193,₫342193,4.9,Attraction,https://www.google.com/maps/place/Xe+2+t%E1%BA%A7ng+H%C3%A0+N%E1%BB%99i+-+Hop+on+hop+off+bus+Vietnam+Sightseeing/data=!4m7!3m6!1s0x3135ab006cd54b55:0xa700db1515d98fcd!8m2!3d21.0237437!4d105.8571392!16s%2Fg%2F11ty77vsr9!19sChIJVUvVbACrNTERzY_ZFRXbAKc?authuser=0&hl=en&rclk=1,https://vn-sightseeing.com/
"87 Mã Mây, Hàng Buồm, Hoàn Kiếm, Hà Nội ",21.034401,105.8535518,Heritage House,,0,,3.7,Attraction,https://www.google.com/maps/place/Heritage+House/data=!4m7!3m6!1s0x3135abc090a35731:0xf7e02c17391c077f!8m2!3d21.034401!4d105.8535518!16s%2Fg%2F11c5h2mkwx!19sChIJMVejkMCrNTERfwccORcs4Pc?authuser=0&hl=en&rclk=1,
"36 P. Lý Thường Kiệt, Trần Hưng Đạo, Hoàn Kiếm, Hà Nội ",21.0235876,105.8516497,Vietnamese Women's Museum,024 3936 5973 ,2290275,₫2290275,4.4,Historical,https://www.google.com/maps/place/Vietnamese+Women%27s+Museum/data=!4m7!3m6!1s0x3135ab0015696227:0x3826297573752daa!8m2!3d21.0235876!4d105.8516497!16s%2Fm%2F01084q02!19sChIJJ2JpFQCrNTERqi11c3UpJjg?authuser=0&hl=en&rclk=1,https://baotangphunu.org.vn/
"244 Đ. Võ Chí Công, Xuân La, Tây Hồ, Hà Nội 11200 ",21.0637675,105.8056261,Viewpoint Đầm sen Hang múa,0812 539 999 ,0,,4.3,Attraction,https://www.google.com/maps/place/Viewpoint+%C4%90%E1%BA%A7m+sen+Hang+m%C3%BAa/data=!4m7!3m6!1s0x31367bed7d2b1965:0x8dcba35af8dbdccb!8m2!3d21.0637675!4d105.8056261!16s%2Fg%2F11t9cc_yyb!19sChIJZRkrfe17NjERy9zb-Fqjy40?authuser=0&hl=en&rclk=1,
"P. Lê Thạch, Tràng Tiền, Hoàn Kiếm, Hà Nội ",21.0274259,105.8548704,Sword Lake Octagon House,,0,,4.6,Natural,https://www.google.com/maps/place/Sword+Lake+Octagon+House/data=!4m7!3m6!1s0x3135abeafd12769b:0xc7f2ecceefbb6c51!8m2!3d21.0274259!4d105.8548704!16s%2Fg%2F1jkvl8slf!19sChIJm3YS_eqrNTERUWy7787s8sc?authuser=0&hl=en&rclk=1,
"20 P. Tạ Hiện, Hàng Buồm, Hoàn Kiếm, Hà Nội ",21.0346767,105.8521574,International Intersection,,0,,4.2,Attraction,https://www.google.com/maps/place/International+Intersection/data=!4m7!3m6!1s0x3135abd5bdc5eb59:0x3f9edf8eed8b9684!8m2!3d21.0346767!4d105.8521574!16s%2Fg%2F11k0m_5c1l!19sChIJWevFvdWrNTERhJaL7Y7fnj8?authuser=0&hl=en&rclk=1,
"11 P. Hàng Vôi, Lý Thái Tổ, Hoàn Kiếm, Hà Nội ",21.0300768,105.8574661,Ceramic mosaic mural road,,0,,4.2,Attraction,https://www.google.com/maps/place/Ceramic+mosaic+mural+road/data=!4m7!3m6!1s0x3135abc1db7e4323:0x663e821278615f8f!8m2!3d21.0300768!4d105.8574661!16s%2Fm%2F0dd8sy6!19sChIJI0N-28GrNTERj19heBKCPmY?authuser=0&hl=en&rclk=1,
"2R98+66C, 16 P. Láng Hạ, Thành Công, Ba Đình, Hà Nội ",21.0180994,105.8154581,Indira Gandhi Park,,0,,4.2,Natural,https://www.google.com/maps/place/Indira+Gandhi+Park/data=!4m7!3m6!1s0x3135ab6459e32dc7:0x2b42ba7dd421ae69!8m2!3d21.0180994!4d105.8154581!16s%2Fg%2F15dp5221!19sChIJxy3jWWSrNTERaa4h1H26Qis?authuser=0&hl=en&rclk=1,https://viettravel.info/
"41 P. Vũ Phạm Hàm, Yên Hoà, Cầu Giấy, Hà Nội 10000 ",21.0196489,105.8001835,"Hanoi Tour Guide - Hanoi Tours, Activities & Things to Do",0936 199 495 ,0,,5.0,Attraction,"https://www.google.com/maps/place/Hanoi+Tour+Guide+-+Hanoi+Tours,+Activities+%26+Things+to+Do/data=!4m7!3m6!1s0x3135ab38ac313383:0x18565b56d04b1bd7!8m2!3d21.0196489!4d105.8001835!16s%2Fg%2F11r3s9dr40!19sChIJgzMxrDirNTER1xtL0FZbVhg?authuser=0&hl=en&rclk=1",
"8d Điện Biên Phủ, Cửa Nam, Hoàn Kiếm, Hà Nội ",21.0303425,105.8443106,기찻길 카페,,0,,3.8,Attraction,https://www.google.com/maps/place/%EA%B8%B0%EC%B0%BB%EA%B8%B8+%EC%B9%B4%ED%8E%98/data=!4m7!3m6!1s0x3135ab18bb2496d3:0xd6587ae564792537!8m2!3d21.0303425!4d105.8443106!16s%2Fg%2F11sk9k31mc!19sChIJ05YkuxirNTERNyV5ZOV6WNY?authuser=0&hl=en&rclk=1,
"1 P. Khâm Thiên, Khâm Thiên, Hai Bà Trưng, Hà Nội ",21.0187187,105.840816,Train street coffee,,0,,4.6,Attraction,https://www.google.com/maps/place/Train+street+coffee/data=!4m7!3m6!1s0x3135ab3223bf135d:0xdfb7769115eddbab!8m2!3d21.0187187!4d105.840816!16s%2Fg%2F11kqnwgtpg!19sChIJXRO_IzKrNTERq9vtFZF2t98?authuser=0&hl=en&rclk=1,
"54 P. Liễu Giai, Ngọc Khánh, Ba Đình, Hà Nội 100000 ",21.0321022,105.8126712,Sky Lotte Observation Deck,024 3333 6000 ,210000,₫210000,4.4,Attraction,https://www.google.com/maps/place/Sky+Lotte+Observation+Deck/data=!4m7!3m6!1s0x3135ab6c92399987:0xa35f66ba8443e5b3!8m2!3d21.0321022!4d105.8126712!16s%2Fg%2F11f_1k6vfw!19sChIJh5k5kmyrNTERs-VDhLpmX6M?authuser=0&hl=en&rclk=1,https://ticket-stations.com/lotte-view-ha-noi
,15.7939252,105.9102332,things to do in vietnam,0866 879 738 ,0,,,Attraction,https://www.google.com/maps/place/things+to+do+in+vietnam/data=!4m7!3m6!1s0xa2f402935eb4fcf:0x7badd17f27db22d2!8m2!3d15.7939252!4d105.9102332!16s%2Fg%2F11k483vvrl!19sChIJz0_rNSlALwoR0iLbJ3_RrXs?authuser=0&hl=en&rclk=1,
"2 Hùng Vương, Ngọc Hồ, Ba Đình, Hà Nội 118708 ",21.0393042,105.834477,Presidential Palace,,0,,4.3,Attraction,https://www.google.com/maps/place/Presidential+Palace/data=!4m7!3m6!1s0x3135aba6a048dfc1:0x353a1ec306bb704f!8m2!3d21.0393042!4d105.834477!16zL20vMGI0OHpt!19sChIJwd9IoKarNTERT3C7BsMeOjU?authuser=0&hl=en&rclk=1,http://vpctn.gov.vn/
"28A Điện Biên Phủ, Điện Biên, Ba Đình, Hà Nội 100000 ",21.0316838,105.8394108,Statue of Lenin,,0,,4.5,Attraction,https://www.google.com/maps/place/Statue+of+Lenin/data=!4m7!3m6!1s0x3135aba2a076d347:0x27126a0324bc8a34!8m2!3d21.0316838!4d105.8394108!16s%2Fg%2F1pxyq7s39!19sChIJR9N2oKKrNTERNIq8JANqEic?authuser=0&hl=en&rclk=1,
"50 P. Đào Duy Từ, Hàng Buồm, Hoàn Kiếm, Hà Nội ",21.035588,105.85279,Cultural Exchange Center,,394875,₫394875,4.4,Attraction,https://www.google.com/maps/place/Cultural+Exchange+Center/data=!4m7!3m6!1s0x3135abc754952f7f:0x79a5229a38d0387f!8m2!3d21.035588!4d105.85279!16s%2Fg%2F11bx1zg8j5!19sChIJfy-VVMerNTERfzjQOJoipXk?authuser=0&hl=en&rclk=1,
"Hà Nội, Hoàn Kiếm, Trần Hưng Đạo, Chợ 19-12 ",21.0248362,105.847773,하노이 북스트리트,,0,,4.2,Attraction,https://www.google.com/maps/place/%ED%95%98%EB%85%B8%EC%9D%B4+%EB%B6%81%EC%8A%A4%ED%8A%B8%EB%A6%AC%ED%8A%B8/data=!4m7!3m6!1s0x3135abe7e522fc13:0xb3dd0c603b8e47c0!8m2!3d21.0248362!4d105.847773!16s%2Fg%2F11sstpwf7w!19sChIJE_wi5eerNTERwEeOO2AM3bM?authuser=0&hl=en&rclk=1,
"28A Điện Biên Phủ, Điện Biên, Ba Đình, Hà Nội ",21.0325556,105.8398039,Hanoi Flagtower,024 3734 5427 ,1269128,₫1269128,4.5,Attraction,https://www.google.com/maps/place/Hanoi+Flagtower/data=!4m7!3m6!1s0x3135aba2ba5b95c5:0xb86cf11749978de0!8m2!3d21.0325556!4d105.8398039!16zL20vMGY0cXQ4!19sChIJxZVbuqKrNTER4I2XSRfxbLg?authuser=0&hl=en&rclk=1,http://hoangthanhthanglong.com/
"41-36 P. Lương Ngọc Quyến, Hàng Buồm, Hoàn Kiếm, Hà Nội ",21.034621,105.85234,Ta Hien Beer Street,,763425,₫763425,4.3,Attraction,https://www.google.com/maps/place/Ta+Hien+Beer+Street/data=!4m7!3m6!1s0x3135abc0c715ae77:0x18dc10a721595cba!8m2!3d21.034621!4d105.85234!16s%2Fg%2F11h7s4jlnz!19sChIJd64Vx8CrNTERulxZIacQ3Bg?authuser=0&hl=en&rclk=1,http://ticketdulich.com/old-quarter-food-tour-hanoi
"48 P. Hàng Ngang, Hàng Đào, Hoàn Kiếm, Hà Nội ",21.034384,105.850446,The Memorial House of Ho Chi Minh,,0,,,Attraction,https://www.google.com/maps/place/The+Memorial+House+of+Ho+Chi+Minh/data=!4m7!3m6!1s0x3135abbf104598fb:0xf8ddf7bf496f742e!8m2!3d21.034384!4d105.850446!16s%2Fg%2F11c2l1l_gx!19sChIJ-5hFEL-rNTERLnRvSb_33fg?authuser=0&hl=en&rclk=1,
"458 P. Minh Khai, Thanh Lương, Hai Bà Trưng, Hà Nội 100000 ",20.996341,105.8680046,VinKE & Thủy cung Times City,,0,,,Attraction,https://www.google.com/maps/place/VinKE+%26+Th%E1%BB%A7y+cung+Times+City/data=!4m7!3m6!1s0x3135ac04d73a728b:0x860684496d96f110!8m2!3d20.996341!4d105.8680046!16s%2Fg%2F11btrshq6x!19sChIJi3I61wSsNTEREPGWbUmEBoY?authuser=0&hl=en&rclk=1,https://booking.vinwonders.com/vi-VND/search?code=HNVKA&adultQuantity=1?utm_source=GG_Business_SEO&utm_medium=&utm_campaign=Vi__VW_Hanoi____&utm_id=&utm_content=
"2 Ng. 76 An Dương, Yên Phụ, Tây Hồ, Hà Nội 100000 ",21.0549222,105.8399222,VietClimb,024 6662 4352 ,0,,,Attraction,https://www.google.com/maps/place/VietClimb/data=!4m7!3m6!1s0x3135aa4d44cc8725:0x7586ea6c73c21483!8m2!3d21.0549222!4d105.8399222!16s%2Fg%2F12m99cdrt!19sChIJJYfMRE2qNTERgxTCc2zqhnU?authuser=0&hl=en&rclk=1,https://vietclimb.vn/
"1 Đ. Hoàng Hoa Thám, Đội Cấn, Ba Đình, Hà Nội ",21.0381582,105.8331705,Ho Chi Minh’s Stilt House,080 44287 ,0,,,Attraction,https://www.google.com/maps/place/Ho+Chi+Minh%E2%80%99s+Stilt+House/data=!4m7!3m6!1s0x3135aba6cb40909b:0x15d0fe7c07f55c3b!8m2!3d21.0381582!4d105.8331705!16s%2Fg%2F12xq69yv7!19sChIJm5BAy6arNTERO1z1B3z-0BU?authuser=0&hl=en&rclk=1,
"614 Đ. Lạc Long Quân, Nhật Tân, Tây Hồ, Hà Nội 100000 ",21.0729824,105.8172732,Ho Tay Water Park,024 3718 4222 ,0,,,Natural,https://www.google.com/maps/place/Ho+Tay+Water+Park/data=!4m7!3m6!1s0x3135ab18d7dc24f3:0x34eeb08f44fdabfb!8m2!3d21.0729824!4d105.8172732!16s%2Fg%2F1tk88lqb!19sChIJ8yTc1xirNTER-6v9RI-w7jQ?authuser=0&hl=en&rclk=1,https://www.congvienhotay.vn/
"Ngã 3 P. Nhật Chiêu, Nhật Tân, Tây Hồ, Hà Nội ",21.0742133,105.8197456,Thung lũng hoa hồ Tây,0839 968 968 ,0,,4.3,Attraction,https://www.google.com/maps/place/Thung+lu%CC%83ng+hoa+h%C3%B4%CC%80+T%C3%A2y/data=!4m7!3m6!1s0x3135aaf187a14047:0x668363dae64c6eda!8m2!3d21.0742133!4d105.8197456!16s%2Fg%2F11cm3y51s8!19sChIJR0Chh_GqNTER2m5M5tpjg2Y?authuser=0&hl=en&rclk=1,
"12 Hương Viên, Đồng Nhân, Hai Bà Trưng, Hà Nội ",21.0120671,105.8551715,Đền Hai Bà Trưng,,1447738,₫1447738,4.4,Cultural,https://www.google.com/maps/place/%C4%90%E1%BB%81n+Hai+B%C3%A0+Tr%C6%B0ng/data=!4m7!3m6!1s0x3135abf47da4a69f:0xd0449601b489b7ff!8m2!3d21.0120671!4d105.8551715!16s%2Fm%2F0pl22cm!19sChIJn6akffSrNTER_7eJtAGWRNA?authuser=0&hl=en&rclk=1,
"9 Hoàng Diệu, Quán Thánh, Ba Đình, Hà Nội ",21.0367807,105.8403694,Kinh Thien Palace,024 3734 5427 ,0,,4.4,Attraction,https://www.google.com/maps/place/Kinh+Thien+Palace/data=!4m7!3m6!1s0x3135aba3541f3db9:0x41a629af5eb60451!8m2!3d21.0367807!4d105.8403694!16s%2Fg%2F1q67mjsm2!19sChIJuT0fVKOrNTERUQS2Xq8ppkE?authuser=0&hl=en&rclk=1,
"24 P. Hai Bà Trưng, Tràng Tiền, Hoàn Kiếm, Hà Nội ",21.0251125,105.8534719,Bảo Tàng I-Museum,,0,,4.0,Historical,https://www.google.com/maps/place/B%E1%BA%A3o+T%C3%A0ng+I-Museum/data=!4m7!3m6!1s0x3135ab006f73ca01:0x34c0116b8812c24a!8m2!3d21.0251125!4d105.8534719!16s%2Fg%2F11vycvbpmk!19sChIJAcpzbwCrNTERSsISiGsRwDQ?authuser=0&hl=en&rclk=1,https://ticket-stations.com/bao-tang-I-Museum-ha-noi
"Duy Tân, Dịch Vọng, Cầu Giấy, Hà Nội 10000 ",21.0281979,105.7908333,Cau Giay Park,,0,,4.4,Natural,https://www.google.com/maps/place/Cau+Giay+Park/data=!4m7!3m6!1s0x3135ab4ee3d2b0f7:0x5ae05f0cc5533cd8!8m2!3d21.0281979!4d105.7908333!16s%2Fg%2F11c0rhsmdh!19sChIJ97DS406rNTER2DxTxQxf4Fo?authuser=0&hl=en&rclk=1,
"Ngõ 264 Âu Cơ, Nhật Tân, Tây Hồ, Hà Nội 100000 ",21.078522,105.8352668,Bãi Đá Sông Hồng,0902 558 899 ,0,,4.3,Attraction,https://www.google.com/maps/place/B%C3%A3i+%C4%90%C3%A1+S%C3%B4ng+H%C3%B4%CC%80ng/data=!4m7!3m6!1s0x3135aa6755e18ac1:0xc76a4044f61ea958!8m2!3d21.078522!4d105.8352668!16s%2Fg%2F11c2lqx4zp!19sChIJwYrhVWeqNTERWKke9kRAasc?authuser=0&hl=en&rclk=1,https://baidasonghong.com/
"40b P. Hàng Bông, Hàng Gai, Hoàn Kiếm, Hà Nội ",21.0308501,105.8479863,Apricot Gallery,024 3828 8965 ,0,,4.3,Attraction,https://www.google.com/maps/place/Apricot+Gallery/data=!4m7!3m6!1s0x3135ab9651b63b6f:0x5fcf14017e3f5a34!8m2!3d21.0308501!4d105.8479863!16s%2Fg%2F1tsr0p4l!19sChIJbzu2UZarNTERNFo_fgEUz18?authuser=0&hl=en&rclk=1,http://www.apricotgallery.com.vn/
"364 Đ. Lạc Long Quân, Xuân La, Tây Hồ, Hà Nội ",21.0662416,105.8108955,Van Nien pagoda,024 3836 3055 ,0,,4.7,Cultural,https://www.google.com/maps/place/Van+Nien+pagoda/data=!4m7!3m6!1s0x3135aae6874e6cfd:0x318ce140bb637a53!8m2!3d21.0662416!4d105.8108955!16s%2Fg%2F122wnfm2!19sChIJ_WxOh-aqNTERU3pju0DhjDE?authuser=0&hl=en&rclk=1,https://chuavannien.vn/
"Hang Trong, Hoàn Kiếm, Hanoi ",21.0286669,105.8521484,Hoàn Kiếm Lake,,0,,4.7,Natural,https://www.google.com/maps/place/Ho%C3%A0n+Ki%E1%BA%BFm+Lake/data=!4m7!3m6!1s0x3135ab953357c995:0x1babf6bb4f9a20e!8m2!3d21.0286669!4d105.8521484!16zL20vMGdwNjV3!19sChIJlclXM5WrNTERDqL5tGu_ugE?authuser=0&hl=en&rclk=1,
"Cổng số 2 Viện Hàn Lâm Khoa học và Công nghệ Việt Nam, 18 Hoàng Quốc Việt, Nghĩa Đô, Cầu Giấy, Hà Nội 100000 ",21.0479802,105.8005853,Vietnam National Museum of Nature,024 6686 9034 ,0,,4.4,Historical,https://www.google.com/maps/place/Vietnam+National+Museum+of+Nature/data=!4m7!3m6!1s0x3135abe2e461cdf9:0x1117704c594907a9!8m2!3d21.0479802!4d105.8005853!16s%2Fg%2F122840vy!19sChIJ-c1h5OKrNTERqQdJWUxwFxE?authuser=0&hl=en&rclk=1,http://vnmn.ac.vn/
"52 P. Lương Ngọc Quyến, Hàng Buồm, Hoàn Kiếm, Hà Nội ",21.0348154,105.8513888,The Sinh Tourist Formerly Well - Known As SinhCafe Since 1993,024 3926 1568 ,0,,4.6,Attraction,https://www.google.com/maps/place/The+Sinh+Tourist+Formerly+Well+-+Known+As+SinhCafe+Since+1993/data=!4m7!3m6!1s0x4500399edec6dc69:0xe90d8f01a7201dab!8m2!3d21.0348154!4d105.8513888!16s%2Fg%2F11kb115wwy!19sChIJadzG3p45AEURqx0gpwGPDek?authuser=0&hl=en&rclk=1,https://www.thesinhtourist.vn/office
"73 P. Quán Sứ, Trần Hưng Đạo, Hoàn Kiếm, Hà Nội ",21.0244934,105.8453387,Chùa Quán Sứ,024 3942 2427 ,1210950,₫1210950,4.7,Cultural,https://www.google.com/maps/place/Ch%C3%B9a+Qu%C3%A1n+S%E1%BB%A9/data=!4m7!3m6!1s0x3135ab914657567d:0x3d48871a5753466e!8m2!3d21.0244934!4d105.8453387!16s%2Fm%2F05m_5gq!19sChIJfVZXRpGrNTERbkZTVxqHSD0?authuser=0&hl=en&rclk=1,https://m.facebook.com/chuaquansu.73quansu/
"190 P. Quán Thánh, Quán Thánh, Ba Đình, Hà Nội 118810 ",21.0430175,105.8365462,Quan Thanh Temple,,1711125,₫1711125,4.5,Cultural,https://www.google.com/maps/place/Quan+Thanh+Temple/data=!4m7!3m6!1s0x3135aba58b5921c3:0x31329cb3632aabef!8m2!3d21.0430175!4d105.8365462!16s%2Fm%2F09gnzj1!19sChIJwyFZi6WrNTER76sqY7OcMjE?authuser=0&hl=en&rclk=1,https://www.facebook.com/p/%C4%90%E1%BB%81n-Qu%C3%A1n-Th%C3%A1nh-Ba-%C4%90%C3%ACnh-H%C3%A0-N%E1%BB%99i-100080846146473/
"18 P. Yên Ninh, Street, Ba Đình, Hà Nội 100000 ",21.0433853,105.8443685,Asia Pioneer Travel & DMC,0983 145 799 ,0,,5.0,Attraction,https://www.google.com/maps/place/Asia+Pioneer+Travel+%26+DMC/data=!4m7!3m6!1s0x3135abc95a550cc3:0xfd8925e41be949bd!8m2!3d21.0433853!4d105.8443685!16s%2Fg%2F11vwjv9yqh!19sChIJwwxVWsmrNTERvUnpG-Qlif0?authuser=0&hl=en&rclk=1,https://asiapioneertravel.com/
"P. Từ Hoa Đ. Nghi Tàm, làng, Tây Hồ, Hà Nội 100000 ",21.0585474,105.8330295,Chùa Kim Liên,,0,,4.6,Cultural,https://www.google.com/maps/place/Ch%C3%B9a+Kim+Li%C3%AAn/data=!4m7!3m6!1s0x3135aa54589a7855:0xdbe7f5ed9ef07f79!8m2!3d21.0585474!4d105.8330295!16s%2Fm%2F0tkg4zl!19sChIJVXiaWFSqNTEReX_wnu3159s?authuser=0&hl=en&rclk=1,
"B2-R1, 27, Khu đô thị Royal City, Thanh Xuân, Hà Nội ",21.0032321,105.8138941,HLC Starry Sky Art Museum,024 6666 3306 ,0,,4.7,Historical,https://www.google.com/maps/place/HLC+Starry+Sky+Art+Museum/data=!4m7!3m6!1s0x3135ad00361b40b3:0x68c219629fa7290c!8m2!3d21.0032321!4d105.8138941!16s%2Fg%2F11wmmrrhsw!19sChIJs0AbNgCtNTERDCmnn2IZwmg?authuser=0&hl=en&rclk=1,https://www.facebook.com/share/19vkbGrN7e/
"67 P. Lý Thường Kiệt, Trần Hưng Đạo, Hoàn Kiếm, Hà Nội ",21.0242944,105.8458167,Hanoi Police Museum,,0,,4.2,Historical,https://www.google.com/maps/place/Hanoi+Police+Museum/data=!4m7!3m6!1s0x3135ab915034a1e3:0x7b2340a794969259!8m2!3d21.0242944!4d105.8458167!16s%2Fg%2F1td02j6m!19sChIJ46E0UJGrNTERWZKWlKdAI3s?authuser=0&hl=en&rclk=1,http://facebook.com/hanoipm
"50 P. Lý Quốc Sư, Hàng Trống, Hoàn Kiếm, Hà Nội ",21.0295603,105.8491086,Ly Trieu Quoc Su Pagoda,,0,,4.4,Cultural,https://www.google.com/maps/place/Ly+Trieu+Quoc+Su+Pagoda/data=!4m7!3m6!1s0x3135ab959ecdc06d:0xe70f7d76df0aa935!8m2!3d21.0295603!4d105.8491086!16s%2Fg%2F12291bhc!19sChIJbcDNnpWrNTERNakK33Z9D-c?authuser=0&hl=en&rclk=1,
"Lô 8 Ng.25A Đ. Lê Văn Lương, Trung Hoà, Cầu Giấy, Hà Nội 11358 ",21.0090516,105.8103905,Travel Sense Asia | Trusted Tour Operator in Asia,024 3665 6656 ,0,,4.9,Attraction,https://www.google.com/maps/place/Travel+Sense+Asia+%7C+Trusted+Tour+Operator+in+Asia/data=!4m7!3m6!1s0x3135ab632f852559:0x554472ecfe090ebd!8m2!3d21.0090516!4d105.8103905!16s%2Fg%2F11gzs3y4vk!19sChIJWSWFL2OrNTERvQ4J_uxyRFU?authuser=0&hl=en&rclk=1,https://travelsense.asia/
"50 Ng. Huyện, Hàng Trống, Hoàn Kiếm, Hà Nội 15000 ",21.0294483,105.8482421,Toptour - Vietnam Tour Booking,0982 449 966 ,0,,4.3,Attraction,https://www.google.com/maps/place/Toptour+-+Vietnam+Tour+Booking/data=!4m7!3m6!1s0x3135abb37adda45f:0x3bc4a72732f4d9dd!8m2!3d21.0294483!4d105.8482421!16s%2Fg%2F11t4dsw3fs!19sChIJX6TderOrNTER3dn0MienxDs?authuser=0&hl=en&rclk=1,https://vietnamshop.com.vn/
"Trung tâm tinh hoa làng nghề Việt, thôn 5 Đ. Bát Tràng, Xuân Quan, Gia Lâm, Hà Nội ",20.972973,105.916164,Bat Trang Pottery Museum,0866 959 288 ,60000,₫60000,4.3,Historical,https://www.google.com/maps/place/Bat+Trang+Pottery+Museum/data=!4m7!3m6!1s0x3135af9437b105d1:0x6260fe4cbbdaac04!8m2!3d20.972973!4d105.916164!16s%2Fg%2F11pwwt3yh9!19sChIJ0QWxN5SvNTERBKzau0z-YGI?authuser=0&hl=en&rclk=1,http://ceramuseum.com/
"51 P. Văn Miếu, Văn Miếu – Quốc Tử Giám, Đống Đa, Hà Nội ",21.0278139,105.8361659,Shop Craft Link,024 3733 6101 ,0,,4.4,Attraction,https://www.google.com/maps/place/Shop+Craft+Link/data=!4m7!3m6!1s0x3135ab991827f177:0x7b21fb6cc9dca4c5!8m2!3d21.0278139!4d105.8361659!16s%2Fg%2F1tsygp03!19sChIJd_EnGJmrNTERxaTcyWz7IXs?authuser=0&hl=en&rclk=1,http://www.craftlink.com.vn/vn/about-craftlink/Gioi-thieu-Craft-Link.html
"161 P. Phùng Hưng, Cửa Đông, Hoàn Kiếm, Hà Nội 10000 ",21.031191,105.8448755,Hanoi Train Street,,0,,4.4,Attraction,https://www.google.com/maps/place/Hanoi+Train+Street/data=!4m7!3m6!1s0x3135ab4346bb20b7:0xf8b7aefbc13789ef!8m2!3d21.031191!4d105.8448755!16s%2Fg%2F11y2hvlh5s!19sChIJtyC7RkOrNTER74k3wfuut_g?authuser=0&hl=en&rclk=1,
"49 P. Hai Bà Trưng, Trần Hưng Đạo, Hoàn Kiếm, Hà Nội ",21.0257363,105.8460596,Maison Centrale,,0,,4.6,Attraction,https://www.google.com/maps/place/Maison+Centrale/data=!4m7!3m6!1s0x3135ab81cc203c89:0xac7edada70d837bf!8m2!3d21.0257363!4d105.8460596!16s%2Fg%2F11styzfbzt!19sChIJiTwgzIGrNTERvzfYcNrafqw?authuser=0&hl=en&rclk=1,
"18 Hoàng Diệu, Quán Thánh, Ba Đình, Hà Nội ",21.0366236,105.83929,Khu Khảo Cổ Hoàng Thành Thăng Long,024 3734 5427 ,100000,₫100000,4.3,Attraction,https://www.google.com/maps/place/Khu+Kh%E1%BA%A3o+C%E1%BB%95+Ho%C3%A0ng+Th%C3%A0nh+Th%C4%83ng+Long/data=!4m7!3m6!1s0x3135ab83c83d3565:0x457ecb7931c6f9bc!8m2!3d21.0366236!4d105.83929!16s%2Fg%2F11mvm9qs9h!19sChIJZTU9yIOrNTERvPnGMXnLfkU?authuser=0&hl=en&rclk=1,https://hoangthanhthanglong.com/gioi-thieu/
"P. Cảm Hội/8B5 P. Lò Đúc, Đồng Nhân, Hai Bà Trưng, Hà Nội 100000 ",21.011398,105.8617128,Free Walking Tours Hanoi,0971 986 466 ,0,,4.8,Attraction,https://www.google.com/maps/place/Free+Walking+Tours+Hanoi/data=!4m7!3m6!1s0x3135abf0d1c25eef:0x598d26f378d1abff!8m2!3d21.011398!4d105.8617128!16s%2Fg%2F11gcbjtbgv!19sChIJ717C0fCrNTER_6vRePMmjVk?authuser=0&hl=en&rclk=1,http://freewalkingtourshanoi.com/
"362 P. Kim Mã, Ngọc Khánh, Ba Đình, Hà Nội ",21.0306606,105.8042492,Voi Phuc Temple,,0,,4.7,Cultural,https://www.google.com/maps/place/Voi+Phuc+Temple/data=!4m7!3m6!1s0x3135ab69f884c831:0xd13cf06c842c397e!8m2!3d21.0306606!4d105.8042492!16s%2Fg%2F121rcvmk!19sChIJMciE-GmrNTERfjkshGzwPNE?authuser=0&hl=en&rclk=1,
"78a Đ. Trần Nhật Duật, Đồng Xuân, Hoàn Kiếm, Hà Nội ",21.0376372,105.8525438,Hanoi Street Food Tour,0966 960 188 ,0,,4.8,Attraction,https://www.google.com/maps/place/Hanoi+Street+Food+Tour/data=!4m7!3m6!1s0x3135abbf7b08fe7f:0x10cad5c153143fa8!8m2!3d21.0376372!4d105.8525438!16s%2Fg%2F11bccm35wn!19sChIJf_4Ie7-rNTERqD8UU8HVyhA?authuser=0&hl=en&rclk=1,https://www.hanoistreetfoodtour.com/
"6 Ngõ 19 P. Nhà Chung, Hàng Trống, Hoàn Kiếm, Hà Nội ",21.0284054,105.8500917,Nusmile Homestay & Travel Agent,0834 732 691 ,0,,4.6,Attraction,https://www.google.com/maps/place/Nusmile+Homestay+%26+Travel+Agent/data=!4m10!3m9!1s0x3135abed0bb2dc29:0x671f02f3287c3189!5m2!4m1!1i2!8m2!3d21.0284054!4d105.8500917!16s%2Fg%2F11tfh_zbdn!19sChIJKdyyC-2rNTERiTF8KPMCH2c?authuser=0&hl=en&rclk=1,
"290 P. Khâm Thiên, Thổ Quan, Đống Đa, Hà Nội ",21.0195465,105.833658,Chùa Linh Ứng,,0,,4.5,Cultural,https://www.google.com/maps/place/Ch%C3%B9a+Linh+%E1%BB%A8ng/data=!4m7!3m6!1s0x3135ab832215395f:0x3c34a040cd66c937!8m2!3d21.0195465!4d105.833658!16s%2Fg%2F1vnnfvyw!19sChIJXzkVIoOrNTERN8lmzUCgNDw?authuser=0&hl=en&rclk=1,
"19 Hàng Than, Trúc Bạch, Ba Đình, Hà Nội 100000 ",21.042421,105.8473468,Hồng Phúc Tự - Hòe Nhai Pagoda,,0,,4.5,Cultural,https://www.google.com/maps/place/H%E1%BB%93ng+Ph%C3%BAc+T%E1%BB%B1+-+H%C3%B2e+Nhai+Pagoda/data=!4m7!3m6!1s0x3135abb7588c265f:0x84c79838ecafab38!8m2!3d21.042421!4d105.8473468!16s%2Fg%2F121rpy09!19sChIJXyaMWLerNTEROKuv7DiYx4Q?authuser=0&hl=en&rclk=1,
"No. 13 P. Hàng Muối, Lý Thái Tổ, Hoàn Kiếm, Hà Nội 100000 ",21.0342448,105.854766,Pu Luong Excursions,0975 432 588 ,0,,4.9,Attraction,https://www.google.com/maps/place/Pu+Luong+Excursions/data=!4m7!3m6!1s0x3135abbd80d684cd:0x30ea313098be9148!8m2!3d21.0342448!4d105.854766!16s%2Fg%2F11tjl826zq!19sChIJzYTWgL2rNTERSJG-mDAx6jA?authuser=0&hl=en&rclk=1,https://puluongexcursions.com/
"91 P. Thợ Nhuộm, Trần Hưng Đạo, Hoàn Kiếm, Hà Nội ",21.0220927,105.8499201,Motorbike City Tours - Hanoi Motorbike Tours Led By Women,0988 402 008 ,0,,5.0,Attraction,https://www.google.com/maps/place/Motorbike+City+Tours+-+Hanoi+Motorbike+Tours+Led+By+Women/data=!4m7!3m6!1s0x3135ab6447baa701:0x65a1f865c0b96c7b!8m2!3d21.0220927!4d105.8499201!16s%2Fg%2F11gm6qhsgk!19sChIJAae6R2SrNTERe2y5wGX4oWU?authuser=0&hl=en&rclk=1,http://motorbikecitytours.com/
"14 P. Thanh Hà, st, Hoàn Kiếm, Hà Nội 100000 ",21.0376192,105.8521546,Halong Hideaway Cruise,0965 651 133 ,0,,4.9,Attraction,https://www.google.com/maps/place/Halong+Hideaway+Cruise/data=!4m7!3m6!1s0x3135abb8a291b045:0x645b42fe51c109c1!8m2!3d21.0376192!4d105.8521546!16s%2Fg%2F11c1nlm3x6!19sChIJRbCRorirNTERwQnBUf5CW2Q?authuser=0&hl=en&rclk=1,http://halonghideaway.com/
"3b P. Hàng Tre, Phố cổ Hà Nội, Hoàn Kiếm, Hà Nội ",21.033617,105.8550014,Hanoi Backstreet Tours - Hanoi Jeep Tours - Hanoi Vespa Tours - Hanoi Motorbike Tours,0972 158 383 ,0,,5.0,Attraction,https://www.google.com/maps/place/Hanoi+Backstreet+Tours+-+Hanoi+Jeep+Tours+-+Hanoi+Vespa+Tours+-+Hanoi+Motorbike+Tours/data=!4m7!3m6!1s0x3135abc07f452b17:0x88323178a31e0abb!8m2!3d21.033617!4d105.8550014!16s%2Fg%2F11c2md97zx!19sChIJFytFf8CrNTERuwoeo3gxMog?authuser=0&hl=en&rclk=1,http://hanoibackstreettours.com/
"33 Tràng Tiền, Hoàn Kiếm, Hà Nội ",21.0248321,105.854907,Nhà hàng Thai Opera,0707 565 566 ,0,,4.9,Attraction,https://www.google.com/maps/place/Nh%C3%A0+h%C3%A0ng+Thai+Opera/data=!4m7!3m6!1s0x3135ab32a635caeb:0x578b89a43b8edd61!8m2!3d21.0248321!4d105.854907!16s%2Fg%2F11l245zb7d!19sChIJ68o1pjKrNTERYd2OO6SJi1c?authuser=0&hl=en&rclk=1,http://www.thaiopera.vn/
"12 P. Hàng Vải, Hàng Bồ, Hoàn Kiếm, Hà Nội ",21.0354879,105.8480191,Crossing Vietnam Tour,0387 665 555 ,0,,5.0,Attraction,https://www.google.com/maps/place/Crossing+Vietnam+Tour/data=!4m7!3m6!1s0x3135ab9d16610fcd:0xf1dc9c8006f7a0e2!8m2!3d21.0354879!4d105.8480191!16s%2Fg%2F11h64p031b!19sChIJzQ9hFp2rNTER4qD3BoCc3PE?authuser=0&hl=en&rclk=1,http://www.crossingvietnamtour.com/
"316 Đ. Nguyễn Trãi, Street, Đống Đa, Hà Nội ",21.0031002,105.8200269,North Vietnam Tours,0912 965 545 ,0,,5.0,Attraction,https://www.google.com/maps/place/North+Vietnam+Tours/data=!4m7!3m6!1s0x3135ab9d1e7eee27:0xcda59d1efeea4d7f!8m2!3d21.0031002!4d105.8200269!16s%2Fg%2F11c3q50bsb!19sChIJJ-5-Hp2rNTERf03q_h6dpc0?authuser=0&hl=en&rclk=1,https://travelnorthvietnam.com/
"16 P. Tố Tịch, Hàng Trống, Hoàn Kiếm, Hà Nội 100000 ",21.0325985,105.8501297,MR LINH’S ADVENTURES - Offbeat Tour Operator,0936 489 068 ,0,,4.3,Attraction,https://www.google.com/maps/place/MR+LINH%E2%80%99S+ADVENTURES+-+Offbeat+Tour+Operator/data=!4m7!3m6!1s0x3135abeeb82e6e49:0xf308ae33e166043a!8m2!3d21.0325985!4d105.8501297!16s%2Fg%2F1233pfldr!19sChIJSW4uuO6rNTEROgRm4TOuCPM?authuser=0&hl=en&rclk=1,http://www.mrlinhadventure.com/
"44P P. Hàng Giầy, st, Hoàn Kiếm, Hà Nội 100000 ",21.0346573,105.8514099,Hagiang Buffalo Tour,0865 805 759 ,0,,4.9,Attraction,https://www.google.com/maps/place/Hagiang+Buffalo+Tour/data=!4m7!3m6!1s0x3135aba42f2fcc43:0x50458bfb1c964367!8m2!3d21.0346573!4d105.8514099!16s%2Fg%2F11svmnnn2p!19sChIJQ8wvL6SrNTERZ0OWHPuLRVA?authuser=0&hl=en&rclk=1,http://www.hagiangbuffalotour.com/
"31a P. Văn Miếu, Văn Miếu – Quốc Tử Giám, Đống Đa, Hà Nội 100000 ",21.0286321,105.8365654,Hanoi Local Tour - Hanoi Tours & Day Trips from Hanoi,0822 366 968 ,0,,5.0,Attraction,https://www.google.com/maps/place/Hanoi+Local+Tour+-+Hanoi+Tours+%26+Day+Trips+from+Hanoi/data=!4m7!3m6!1s0x3135abdf418b2387:0x5425c9b0e4805be1!8m2!3d21.0286321!4d105.8365654!16s%2Fg%2F11fhzg9z7s!19sChIJhyOLQd-rNTER4VuA5LDJJVQ?authuser=0&hl=en&rclk=1,https://www.hanoilocaltour.com/
"Hanoi University, 290 Đ. Nguyễn Trãi, P. Văn Quán, Thanh Xuân, Hà Nội ",20.987035,105.7963062,Vietnam Motorcycle Tours | VietnamBikers,0985 333 066 ,0,,5.0,Attraction,https://www.google.com/maps/place/Vietnam+Motorcycle+Tours+%7C+VietnamBikers/data=!4m7!3m6!1s0x3135ad94ab218b83:0xc551b29e7755c4ab!8m2!3d20.987035!4d105.7963062!16s%2Fg%2F11fs5cvz7g!19sChIJg4shq5StNTERq8RVd56yUcU?authuser=0&hl=en&rclk=1,https://vietnammotorcycletours.com/
"34 Xóm Hạ Hồi Hà Nội, Hanoi City, 100000 ",21.0211549,105.8466778,"Hanoi Backpacker Booking Office - Tour, Open Bus",0915 245 362 ,0,,5.0,Attraction,"https://www.google.com/maps/place/Hanoi+Backpacker+Booking+Office+-+Tour,+Open+Bus/data=!4m7!3m6!1s0x3135ab314b57c7ab:0x1d259f72adf77ce7!8m2!3d21.0211549!4d105.8466778!16s%2Fg%2F11v_5lm69p!19sChIJq8dXSzGrNTER53z3rXKfJR0?authuser=0&hl=en&rclk=1",https://www.instagram.com/backpacker.com.vn
"15bis P. Lý Nam Đế, Hàng Mã, Hoàn Kiếm, Hà Nội 10000 ",21.0388335,105.8458942,Threeland Travel | Trusted Vietnam Tour Operator,024 3926 2056 ,0,,4.3,Attraction,https://www.google.com/maps/place/Threeland+Travel+%7C+Trusted+Vietnam+Tour+Operator/data=!4m7!3m6!1s0x3135abc0516d0c6d:0xa6bbb194951d127!8m2!3d21.0388335!4d105.8458942!16s%2Fg%2F1hf1x44jh!19sChIJbQxtUcCrNTERJ9FRSRm7awo?authuser=0&hl=en&rclk=1,https://threeland.com/
"Kim Mã, Long Biên, Hanoi 100000 ",21.0054864,105.9036897,Nông trại hữu cơ Tuệ Viên,0972 340 568 ,0,,4.4,Attraction,https://www.google.com/maps/place/N%C3%B4ng+tr%E1%BA%A1i+h%E1%BB%AFu+c%C6%A1+Tu%E1%BB%87+Vi%C3%AAn/data=!4m7!3m6!1s0x3135a934f5b533e3:0x7435262258df1b4d!8m2!3d21.0054864!4d105.9036897!16s%2Fg%2F11b60039_2!19sChIJ4zO19TSpNTERTRvfWCImNXQ?authuser=0&hl=en&rclk=1,
"32 Ng. 106 Đ. Hoàng Quốc Việt, Cổ Nhuế, Bắc Từ Liêm, Hà Nội 100000 ",21.0469102,105.7943346,Indochina Motorbike Tours - Best Motorcycle Tour Operator in Vietnam Laos Cambodia,0904 223 923 ,0,,5.0,Attraction,https://www.google.com/maps/place/Indochina+Motorbike+Tours+-+Best+Motorcycle+Tour+Operator+in+Vietnam+Laos+Cambodia/data=!4m7!3m6!1s0x3135ab3ab7ec8897:0x42706ef476b7358d!8m2!3d21.0469102!4d105.7943346!16s%2Fg%2F11f_2hj5zj!19sChIJl4jstzqrNTERjTW3dvRucEI?authuser=0&hl=en&rclk=1,https://indochinamotorbiketours.com/homepage.html
"Tòa TASCO BUILDING HH2, 2 Đ. Phạm Hùng, Mễ Trì Hạ, Nam Từ Liêm, Hà Nội 100000 ",21.015564,105.782896,Vietnam Discovery Travel JSC,0989 383 767 ,0,,4.7,Attraction,https://www.google.com/maps/place/Vietnam+Discovery+Travel+JSC/data=!4m7!3m6!1s0x3135ab5a3582380b:0x114732ccb136bb08!8m2!3d21.015564!4d105.782896!16s%2Fg%2F11hzymw2h1!19sChIJCziCNVqrNTERCLs2scwyRxE?authuser=0&hl=en&rclk=1,https://vietnamdiscovery.com/
"Lot 7 Đền Lừ 1, Hoàng Văn Thụ, ward, Hà Nội 100000 ",20.9855351,105.8605613,Explore Real Asia Co,0903 411 916 ,0,,5.0,Attraction,"https://www.google.com/maps/place/Explore+Real+Asia+Co.,+Ltd+%28ERA+Tour+Vietnam%29/data=!4m7!3m6!1s0x3135ac1651d6969d:0x2e79fd0678324688!8m2!3d20.9855351!4d105.8605613!16s%2Fg%2F11gfhdk__2!19sChIJnZbWURasNTERiEYyeAb9eS4?authuser=0&hl=en&rclk=1",https://explorerealasia.com/
"34 P. Nguyễn Hữu Huân, Lý Thái Tổ, Hoàn Kiếm, Hà Nội 100000 ",21.0342042,105.8542841,"Offroad Vietnam, Hanoi Office - Vietnam Motorbike Tours & Rentals",0913 047 509 ,0,,4.7,Attraction,"https://www.google.com/maps/place/Offroad+Vietnam,+Hanoi+Office+-+Vietnam+Motorbike+Tours+%26+Rentals/data=!4m7!3m6!1s0x3135abd6bf9bb4f1:0xb99a7879f3c9f746!8m2!3d21.0342042!4d105.8542841!16s%2Fg%2F11gdkpvtxs!19sChIJ8bSbv9arNTERRvfJ83l4mrk?authuser=0&hl=en&rclk=1",https://offroadvietnam.com/
"ATS HOTEL, 33B Phạm Ngũ Lão, Phan Chu Trinh, Hoàn Kiếm, Hà Nội 100000 ",21.0223852,105.8596261,VIETNAM BACKSTREET TOURS,0976 788 488 ,0,,5.0,Attraction,https://www.google.com/maps/place/VIETNAM+BACKSTREET+TOURS/data=!4m7!3m6!1s0x3135ab4ada1675c9:0x7232528da714c6b9!8m2!3d21.0223852!4d105.8596261!16s%2Fg%2F11t_gtqbfj!19sChIJyXUW2kqrNTERucYUp41SMnI?authuser=0&hl=en&rclk=1,http://vietnambackstreettours.com/
"XVQV+3FC, Ng. 122 Phố Vĩnh Tuy, Vĩnh Phú, Hai Bà Trưng, Hà Nội ",20.9876851,105.893639,Cuong's Motorbike Adventure,8491876515 ,0,,4.8,Attraction,https://www.google.com/maps/place/Cuong%27s+Motorbike+Adventure/data=!4m7!3m6!1s0x3135ac02722a1981:0xd28f5b0b9c8955b!8m2!3d20.9876851!4d105.893639!16s%2Fg%2F11gbfbnrm1!19sChIJgRkqcgKsNTERW5XIubD1KA0?authuser=0&hl=en&rclk=1,http://www.cuongs-motorbike-adventure.com/
"29 Ngõ 35 - Đặng Thai Mai, Quảng An, Tây Hồ, Hà Nội 100000 ",21.0621399,105.8255668,Rentabike Vietnam West Lake - Motorbike Rental + Tours,0904 392 423 ,0,,4.7,Natural,https://www.google.com/maps/place/Rentabike+Vietnam+West+Lake+-+Motorbike+Rental+%2B+Tours/data=!4m7!3m6!1s0x3135abbe16958a57:0xfb2c4fc4858b9728!8m2!3d21.0621399!4d105.8255668!16s%2Fg%2F1thnl7md!19sChIJV4qVFr6rNTERKJeLhcRPLPs?authuser=0&hl=en&rclk=1,http://www.rentabikevn.com/
"20 Ng. Huyện, Hàng Trống, Hoàn Kiếm, Hà Nội 100000 ",21.0297933,105.8485808,Lily’s Travel Agency,0964 378 689 ,0,,4.8,Attraction,https://www.google.com/maps/place/Lily%E2%80%99s+Travel+Agency/data=!4m7!3m6!1s0x3135ab95be370687:0xf6a0adefb7ff01c!8m2!3d21.0297933!4d105.8485808!16s%2Fg%2F11b75jyw29!19sChIJhwY3vpWrNTERHPB_-94Kag8?authuser=0&hl=en&rclk=1,http://lilystravelagency.com/
"48 P. Lương Văn Can, Hàng Gai, Hoàn Kiếm, Hà Nội 100000 ",21.0327469,105.8504278,La Belle Vie Spa,024 6686 9163 ,990000,₫990000,4.9,Attraction,https://www.google.com/maps/place/La+Belle+Vie+Spa/data=!4m7!3m6!1s0x3135abc06ea2c327:0x42f5590945d75a1c!8m2!3d21.0327469!4d105.8504278!16s%2Fg%2F11hd5bckln!19sChIJJ8OibsCrNTERHFrXRQlZ9UI?authuser=0&hl=en&rclk=1,http://hanoilabelleviespa.vn/
"3rd Floor, PaxSky Building 70 Hoa Ma Str.., Hai Ba Trung Dis.., Hanoi, Vietnam hà nội, Hanoi City, 10000 ",21.0154407,105.85341,Elite of the Seas - Best Luxury Cruise in Halong bay,024 3933 5419 ,0,,5.0,Attraction,https://www.google.com/maps/place/Elite+of+the+Seas+-+Best+Luxury+Cruise+in+Halong+bay/data=!4m7!3m6!1s0x3135abe86ecdbec9:0xfd271f22787fe1d7!8m2!3d21.0154407!4d105.85341!16s%2Fg%2F11jg0v6px_!19sChIJyb7NbuirNTER1-F_eCIfJ_0?authuser=0&hl=en&rclk=1,http://eliteoftheseas.com/
"101 P. Hàng Gà, Hàng Bồ, Hoàn Kiếm, Hà Nội ",21.0339917,105.8470682,Lifted Coffee & Brunch,0906 262 107 ,0,,4.3,Attraction,https://www.google.com/maps/place/Lifted+Coffee+%26+Brunch/data=!4m7!3m6!1s0x3135abbe7df09e6d:0x3bb757f187f26072!8m2!3d21.0339917!4d105.8470682!16s%2Fg%2F11g7_bz74h!19sChIJbZ7wfb6rNTERcmDyh_FXtzs?authuser=0&hl=en&rclk=1,https://www.facebook.com/liftedcoffeehn/
"9 Đ. Tây Hồ, Quảng An, Tây Hồ, Hà Nội 10000 ",21.0660537,105.8260158,Lalina Kids Cafe & Restaurant,0936 285 660 ,0,,4.6,Attraction,https://www.google.com/maps/place/Lalina+Kids+Cafe+%26+Restaurant/data=!4m7!3m6!1s0x3135ab6fc7784379:0xc53f31ecef6fe32b!8m2!3d21.0660537!4d105.8260158!16s%2Fg%2F11m9l69yjs!19sChIJeUN4x2-rNTERK-Nv7-wxP8U?authuser=0&hl=en&rclk=1,https://www.facebook.com/lalinakidscafe
"in the alley, 89 Mã Mây, Hàng Buồm, Hoàn Kiếm, Hà Nội 100000 ",21.0343596,105.8534812,Nola Cafe & Bar,0865 596 190 ,0,,4.7,Attraction,https://www.google.com/maps/place/Nola+Cafe+%26+Bar/data=!4m7!3m6!1s0x3135ab3d56e72d0f:0xda7783c8c1783743!8m2!3d21.0343596!4d105.8534812!16s%2Fg%2F11s4cdx8tw!19sChIJDy3nVj2rNTERQzd4wciDd9o?authuser=0&hl=en&rclk=1,https://www.facebook.com/Nola.in.hanoi
"Tran Phu Building, P. Dương Đình Nghệ, Yên Hoà, Cầu Giấy, Hà Nội 100000 ",21.0241969,105.7920069,Vietnamtour,0948 333 087 ,0,,5.0,Attraction,https://www.google.com/maps/place/Vietnamtour.in+-+No.1+Vietnam+Tour+Operator+for+Indians/data=!4m7!3m6!1s0x313501113aef2299:0x301117633f8d1ebe!8m2!3d21.0241969!4d105.7920069!16s%2Fg%2F11kpn6q897!19sChIJmSLvOhEBNTERvh6NP2MXETA?authuser=0&hl=en&rclk=1,https://vietnamtour.in/
"17 P. Lý Quốc Sư, Hàng Trống, Hoàn Kiếm, Hà Nội ",21.030519,105.8489661,An handmade - Hemp fabric gift shop,0945 081 539 ,0,,4.9,Attraction,https://www.google.com/maps/place/An+handmade+-+Hemp+fabric+gift+shop/data=!4m7!3m6!1s0x3135abda55f15b73:0xf1eb49faeb3c1e90!8m2!3d21.030519!4d105.8489661!16s%2Fg%2F11rtvnstf0!19sChIJc1vxVdqrNTERkB486_pJ6_E?authuser=0&hl=en&rclk=1,http://vietnamhempfabric.com/
"16 P. Thi Sách, Phạm Đình Hổ, Hai Bà Trưng, Hà Nội 100000 ",21.0174856,105.8542815,Mon Chéri Cruises Head Office,0984 749 958 ,0,,4.8,Attraction,https://www.google.com/maps/place/Mon+Ch%C3%A9ri+Cruises+Head+Office/data=!4m7!3m6!1s0x3135abee9a7d4285:0x9bc2c5b839a45331!8m2!3d21.0174856!4d105.8542815!16s%2Fg%2F11gcqwjp49!19sChIJhUJ9mu6rNTERMVOkObjFwps?authuser=0&hl=en&rclk=1,https://www.monchericruises.com/
"18/296 Bac Cau/1A Ward, street, Long Biên, Hà Nội 130000 ",21.0731639,105.8528058,Vietnam Exclusive Travel,0986 560 345 ,0,,5.0,Attraction,https://www.google.com/maps/place/Vietnam+Exclusive+Travel/data=!4m7!3m6!1s0x3135ab00736a924f:0x3215042fae937750!8m2!3d21.0731639!4d105.8528058!16s%2Fg%2F11wfqsczd1!19sChIJT5JqcwCrNTERUHeTri8EFTI?authuser=0&hl=en&rclk=1,https://www.vietnamexclusivetravel.com/
"15 P. Lý Nam Đế, Hàng Mã, Hoàn Kiếm, Hà Nội ",21.038516,105.8458146,Friends Travel Vietnam,0904 329 289 ,0,,4.9,Attraction,https://www.google.com/maps/place/Friends+Travel+Vietnam/data=!4m7!3m6!1s0x3135abbf4eeb00cf:0xf391613fe329bd87!8m2!3d21.038516!4d105.8458146!16s%2Fg%2F11gb3rk2tx!19sChIJzwDrTr-rNTERh70p4z9hkfM?authuser=0&hl=en&rclk=1,https://www.friendstravelvietnam.com/
"189 P. Trích Sài, Bưởi, Tây Hồ, Hà Nội 100000 ",21.0534554,105.8123061,Zó Project,0366 602 928 ,0,,4.3,Attraction,https://www.google.com/maps/place/Z%C3%B3+Project/data=!4m7!3m6!1s0x3135ab97b438f8d5:0x51b697960da41b2e!8m2!3d21.0534554!4d105.8123061!16s%2Fg%2F11cnczb0sk!19sChIJ1fg4tJerNTERLhukDZaXtlE?authuser=0&hl=en&rclk=1,
"54 P. Bát Sứ, Hàng Bồ, Hoàn Kiếm, Hà Nội 100000 ",21.0344603,105.8472944,TiredCity 54 Bát Sứ,0973 081 661 ,0,,5.0,Attraction,https://www.google.com/maps/place/TiredCity+54+B%C3%A1t+S%E1%BB%A9/data=!4m7!3m6!1s0x3135ab7b5fc984cb:0x695992ac85e8fd4e!8m2!3d21.0344603!4d105.8472944!16s%2Fg%2F11xs8b238c!19sChIJy4TJX3urNTERTv3ohaySWWk?authuser=0&hl=en&rclk=1,https://tiredcity.com/
"57 P. Trần Quốc Toản, Trần Hưng Đạo, Hoàn Kiếm, Hà Nội ",21.02016,105.8472878,BestPrice Travel,0904 699 428 ,0,,4.8,Attraction,https://www.google.com/maps/place/BestPrice+Travel/data=!4m7!3m6!1s0x3135ac6c2cc7ac69:0x5ce29006574d093d!8m2!3d21.02016!4d105.8472878!16s%2Fg%2F1hm27fhwv!19sChIJaazHLGysNTERPQlNVwaQ4lw?authuser=0&hl=en&rclk=1,https://www.bestpricetravel.com/
"79 P. Lý Nam Đế, Cửa Đông, Ward, Hà Nội 100000 ",21.0335694,105.8447462,Dream Beans Coffee Roastery,0934 683 020 ,0,,4.9,Attraction,https://www.google.com/maps/place/Dream+Beans+Coffee+Roastery/data=!4m7!3m6!1s0x3135ab4a0a68e905:0x13684b07b5af0ad!8m2!3d21.0335694!4d105.8447462!16s%2Fg%2F11g0g4sk9z!19sChIJBeloCkqrNTERrfBae7CENgE?authuser=0&hl=en&rclk=1,http://facebook.com/hanoidreambeans
"40 Ngõ 56 Ngô Sỹ Liên, Văn Miếu – Quốc Tử Giám, Đống Đa, Hà Nội ",21.0271074,105.8386043,Lotus Train Service,0984 492 618 ,0,,3.9,Attraction,https://www.google.com/maps/place/Lotus+Train+Service/data=!4m7!3m6!1s0x3135ab321f001625:0xb9224932f1579bf9!8m2!3d21.0271074!4d105.8386043!16s%2Fg%2F11f6240xrq!19sChIJJRYAHzKrNTER-ZtX8TJJIrk?authuser=0&hl=en&rclk=1,https://lotustrain.com/
"21 P. Hàng Chĩnh, Hàng Buồm, Hoàn Kiếm, Hà Nội ",21.0354648,105.853488,Style Motorbikes Hanoi - Helmet and Bike Shop,0766 101 086 ,0,,4.8,Attraction,https://www.google.com/maps/place/Style+Motorbikes+Hanoi+-+Helmet+and+Bike+Shop/data=!4m7!3m6!1s0x3135abc0aebf215d:0x6986ee86364760aa!8m2!3d21.0354648!4d105.853488!16s%2Fg%2F11bxgnhs34!19sChIJXSG_rsCrNTERqmBHNobuhmk?authuser=0&hl=en&rclk=1,http://www.stylemotorbikes.com/
"rd Vinaconex 9/23 Đ. Phạm Hùng, Mễ Trì, Nam Từ Liêm, Hà Nội 10000 ",21.0154564,105.783066,Vietnam Visa Services,0946 583 583 ,0,,4.9,Attraction,https://www.google.com/maps/place/Vietnam+Visa+Services/data=!4m7!3m6!1s0x3135ab7b5f3d7c5d:0x831df887c3f705e0!8m2!3d21.0154564!4d105.783066!16s%2Fg%2F11lgl_h4s8!19sChIJXXw9X3urNTER4AX3w4f4HYM?authuser=0&hl=en&rclk=1,https://www.vietnam-visa.com/
"348 91/21, Đông Hội, Đông Anh, Hà Nội 100000 ",21.0789585,105.8690842,Golden Footstep Travel,0973 353 257 ,0,,5.0,Attraction,https://www.google.com/maps/place/Golden+Footstep+Travel/data=!4m7!3m6!1s0x3135ab5db7df89d9:0xf250add69ad87286!8m2!3d21.0789585!4d105.8690842!16s%2Fg%2F11kbb2lk8h!19sChIJ2Ynft12rNTERhnLYmtatUPI?authuser=0&hl=en&rclk=1,https://goldenfootstep.com/
"70 P. Hàng Mã, Phố cổ Hà Nội, Hoàn Kiếm, Hà Nội 100000 ",21.0366786,105.8474313,The One Hostel Hanoi,024 3932 0991 ,0,,4.8,Attraction,https://www.google.com/maps/place/The+One+Hostel+Hanoi/data=!4m7!3m6!1s0x3135ab59a7970da5:0xf0cec38c506899bf!8m2!3d21.0366786!4d105.8474313!16s%2Fg%2F11sjlnj5sd!19sChIJpQ2Xp1mrNTERv5loUIzDzvA?authuser=0&hl=en&rclk=1,https://onehostels.com/
"13 P. Lương Ngọc Quyến, Hàng Buồm, Hoàn Kiếm, Hà Nội ",21.0349132,105.8530043,Peony garden spa,0916 400 858 ,0,,4.8,Attraction,https://www.google.com/maps/place/Peony+garden+spa/data=!4m7!3m6!1s0x3135ab860ecf6449:0x56f3e888aa9e5047!8m2!3d21.0349132!4d105.8530043!16s%2Fg%2F11stpnfj1c!19sChIJSWTPDoarNTERR1Ceqojo81Y?authuser=0&hl=en&rclk=1,http://peonygardenspahanoi.com/
"16 P. Lê Thái Tổ, Hàng Trống, Hoàn Kiếm, Hà Nội 100000 ",21.0285657,105.8510704,Lotus Water Puppet Theater,024 3938 1173 ,0,,4.2,Attraction,https://www.google.com/maps/place/Lotus+Water+Puppet+Theater/data=!4m7!3m6!1s0x3135ab953d432e65:0xf6a90cd0dc603723!8m2!3d21.0285657!4d105.8510704!16s%2Fg%2F11c3kllgl6!19sChIJZS5DPZWrNTERIzdg3NAMqfY?authuser=0&hl=en&rclk=1,https://ticket-stations.com/M%C3%BAa%20r%E1%BB%91i%20n%C6%B0%E1%BB%9Bc%20b%C3%B4ng%20sen%20H%C3%A0%20N%E1%BB%99i
"264 P. Chùa Quỳnh, Bạch Mai, Hai Bà Trưng, Hà Nội 100000 ",21.0005669,105.8546855,ONETRIP WITH LOCAL TRAVEL CO,0978 999 270 ,0,,5.0,Attraction,"https://www.google.com/maps/place/ONETRIP+WITH+LOCAL+TRAVEL+CO.,+LTD/data=!4m7!3m6!1s0x3135ab8c07a7344f:0x46ea45461dadd284!8m2!3d21.0005669!4d105.8546855!16s%2Fg%2F11fmvd7mz4!19sChIJTzSnB4yrNTERhNKtHUZF6kY?authuser=0&hl=en&rclk=1",https://onetripwithlocal.com/
"11 Mã Mây, Hàng Buồm, Hoàn Kiếm, Hà Nội 111000 ",21.0360416,105.8531875,Mad Monkey Hanoi,024 3233 3039 ,0,,4.7,Attraction,https://www.google.com/maps/place/Mad+Monkey+Hanoi/data=!4m7!3m6!1s0x3135aba082fb6bed:0xc9b6bb7730944657!8m2!3d21.0360416!4d105.8531875!16s%2Fg%2F11scznmc9c!19sChIJ7Wv7gqCrNTERV0aUMHe7tsk?authuser=0&hl=en&rclk=1,http://www.madmonkeyhostels.com/hanoi
"10 P. Chương Dương Độ, Chương Dương Độ, Hoàn Kiếm, Hà Nội ",21.0283489,105.859306,The Hangout Tattoo Studio - Ha Noi,0862 629 692 ,0,,5.0,Attraction,https://www.google.com/maps/place/The+Hangout+Tattoo+Studio+-+Ha+Noi/data=!4m7!3m6!1s0x3135ab4cb11003e3:0x745e44fbb063dfbb!8m2!3d21.0283489!4d105.859306!16s%2Fg%2F11tfxtfxwx!19sChIJ4wMQsUyrNTERu99jsPtEXnQ?authuser=0&hl=en&rclk=1,https://thehangouttattoo.com/hanoi/
"42 Hàng Cót, Hàng Mã, Hoàn Kiếm, Hà Nội 100000 ",21.0376129,105.8469619,Hanoian Central Hotel & Spa,024 3933 1166 ,0,,4.8,Attraction,https://www.google.com/maps/place/Hanoian+Central+Hotel+%26+Spa/data=!4m7!3m6!1s0x3135ab56be763667:0x9cbff0125f2f4fdf!8m2!3d21.0376129!4d105.8469619!16s%2Fg%2F11nn5677b2!19sChIJZzZ2vlarNTER308vXxLwv5w?authuser=0&hl=en&rclk=1,http://hanoiancentralhotel.com/
"98 Đ. Tô Ngọc Vân, Street, Tây Hồ, Hà Nội 100000 ",21.067517,105.8212244,Aquatics Hub,0969 685 445 ,0,,4.9,Attraction,https://www.google.com/maps/place/Aquatics+Hub/data=!4m7!3m6!1s0x3135ab00070724df:0xe595a4f40c85035a!8m2!3d21.067517!4d105.8212244!16s%2Fg%2F11vzdr1zq9!19sChIJ3yQHBwCrNTERWgOFDPSkleU?authuser=0&hl=en&rclk=1,http://aquaticshub.com/
"94 Mã Mây, Hàng Buồm, Hoàn Kiếm, Hà Nội ",21.0342503,105.8532333,La Siesta Classic Ma May,024 3926 3641 ,0,,4.8,Attraction,https://www.google.com/maps/place/La+Siesta+Classic+Ma+May/data=!4m7!3m6!1s0x3135abc090f166ef:0xc47de571ccee8f97!8m2!3d21.0342503!4d105.8532333!16s%2Fg%2F11b6ml3q14!19sChIJ72bxkMCrNTERl4_uzHHlfcQ?authuser=0&hl=en&rclk=1,https://lasiestahotels.vn/mamay/
"33 P. Đường Thành, Phố cổ Hà Nội, Hoàn Kiếm, Hà Nội 100000 ",21.0333031,105.8464439,Peridot Spa (Grand),024 3828 0099 ,0,,5.0,Attraction,https://www.google.com/maps/place/Peridot+Spa+%28Grand%29/data=!4m7!3m6!1s0x3135ab3997c9f865:0xed6bbc5b808b3b49!8m2!3d21.0333031!4d105.8464439!16s%2Fg%2F11k3dmt6w1!19sChIJZfjJlzmrNTERSTuLgFu8a-0?authuser=0&hl=en&rclk=1,https://peridotgrandhotel.com/service/peridot-spa/
"33A P. Văn Miếu, Văn Miếu – Quốc Tử Giám, Đống Đa, Hà Nội ",21.0285574,105.8364338,Indigo Store,024 3719 3090 ,0,,4.8,Attraction,https://www.google.com/maps/place/Indigo+Store/data=!4m7!3m6!1s0x3135abbfb80454b5:0x1d025a6dc79025d7!8m2!3d21.0285574!4d105.8364338!16s%2Fg%2F12mjyh5xv!19sChIJtVQEuL-rNTER1yWQx21aAh0?authuser=0&hl=en&rclk=1,https://www.facebook.com/IndigoStoreHanoi
"P. Yên Thái/1 P. Hàng Mành, Hàng Gai, Hoàn Kiếm, Hà Nội 100000 ",21.0320742,105.848136,Little Hanoi Deluxe Hotel,0989 014 721 ,0,,4.7,Attraction,https://www.google.com/maps/place/Little+Hanoi+Deluxe+Hotel/data=!4m7!3m6!1s0x3135abbe3e3d1edf:0x90f9e13f990be4cc!8m2!3d21.0320742!4d105.848136!16s%2Fg%2F11dym5r23v!19sChIJ3x49Pr6rNTERzOQLmT_h-ZA?authuser=0&hl=en&rclk=1,http://www.littlehanoideluxehotel.com/
"Dam Village, Nam, Quản Bạ, Hà Giang ",23.0342908,105.025403,Nai Nam Dam Waterfall,,0,,4.2,Natural,https://www.google.com/maps/place/Nai+Nam+Dam+Waterfall/data=!4m7!3m6!1s0x36cc7553715d3363:0x6bd0c21a1426e356!8m2!3d23.0342908!4d105.025403!16s%2Fg%2F11hbqky9mt!19sChIJYzNdcVN1zDYRVuMmFBrC0Gs?authuser=0&hl=en&rclk=1,
"23G5+V6G, ĐT181, Lùng Tám, Quản Bạ, Hà Giang ",23.027182,105.058064,Viewpoint - Thung lũng Lùng Tám,,0,,4.9,Attraction,https://www.google.com/maps/place/Viewpoint+-+Thung+l%C5%A9ng+L%C3%B9ng+T%C3%A1m/data=!4m7!3m6!1s0x36cb8b685d1b978f:0xeed22a9886929662!8m2!3d23.027182!4d105.058064!16s%2Fg%2F11j2r5wvd7!19sChIJj5cbXWiLyzYRYpaShpgq0u4?authuser=0&hl=en&rclk=1,
"22MX+R23, Lùng Tám, Quản Bạ, Hà Giang ",23.0345058,105.0475623,Thung lũng Lùng Tám,,0,,4.7,Attraction,https://www.google.com/maps/place/Thung+l%C5%A9ng+L%C3%B9ng+T%C3%A1m/data=!4m7!3m6!1s0x36cbf54e088fa36b:0xba4b4dc429356e59!8m2!3d23.0345058!4d105.0475623!16s%2Fg%2F11qh20s8m_!19sChIJa6OPCE71yzYRWW41KcRNS7o?authuser=0&hl=en&rclk=1,
"R45P+GF4, Yên Dịnh, Bắc Mê, Hà Giang ",22.8087552,105.136212,Village Viewpoint,,0,,3.0,Attraction,https://www.google.com/maps/place/Village+Viewpoint/data=!4m7!3m6!1s0x36cb85803155b4a9:0x84f7d7d58597f2b2!8m2!3d22.8087552!4d105.136212!16s%2Fg%2F11vd6pq0qz!19sChIJqbRVMYCFyzYRsvKXhdXX94Q?authuser=0&hl=en&rclk=1,
"W36G+F5M, Unnamed Road, Tùng Bá, Vị Xuyên, Hà Giang ",22.9112086,105.0754362,Xiav Waterfall,,0,,4.8,Natural,https://www.google.com/maps/place/Xiav+Waterfall/data=!4m7!3m6!1s0x36cb897d006f932b:0x3f392c70690c9b30!8m2!3d22.9112086!4d105.0754362!16s%2Fg%2F11jmxbv9z5!19sChIJK5NvAH2JyzYRMJsMaXAsOT8?authuser=0&hl=en&rclk=1,
"city, 415 20 Tháng 8, Phương Độ, Hà Giang ",22.8286494,104.9573511,Ha Giang Motorbike Tours,0936 616 633 ,0,,5.0,Attraction,https://www.google.com/maps/place/Ha+Giang+Motorbike+Tours/data=!4m7!3m6!1s0x36cc790075d832d5:0x396aaf2838bea329!8m2!3d22.8286494!4d104.9573511!16s%2Fg%2F11y03ctrq7!19sChIJ1TLYdQB5zDYRKaO-OCivajk?authuser=0&hl=en&rclk=1,
"QL4C, Quản Bạ, Hà Giang ",23.0492816,104.9926772,Quan Ba ​​Heaven Gate,,1881000,₫1881000,4.5,Attraction,https://www.google.com/maps/place/Quan+Ba+%E2%80%8B%E2%80%8BHeaven+Gate/data=!4m7!3m6!1s0x36cc0ad0bf6c067b:0x67d865ad9b9da91d!8m2!3d23.0492816!4d104.9926772!16s%2Fg%2F11b8_64k5z!19sChIJewZsv9AKzDYRHamdm61l2Gc?authuser=0&hl=en&rclk=1,
"Quyết Tiến, Quản Bạ District, Hà Giang ",23.0265916,104.9702126,Thach Son Than Buckwheat Flowers Fields,,0,,4.1,Attraction,https://www.google.com/maps/place/Thach+Son+Than+Buckwheat+Flowers+Fields/data=!4m7!3m6!1s0x36cc74c45fdf670f:0xb9b20816c7237cdf!8m2!3d23.0265916!4d104.9702126!16s%2Fg%2F11fy2gls2m!19sChIJD2ffX8R0zDYR33wjxxYIsrk?authuser=0&hl=en&rclk=1,
"WX2V+FVH, Unnamed Road, Thuận Hoà, Vị Xuyên, Hà Giang ",22.9011828,104.994742,Little Ma Pi Leng canyon,,0,,4.3,Attraction,https://www.google.com/maps/place/Little+Ma+Pi+Leng+canyon/data=!4m7!3m6!1s0x36cc7729e4410c39:0xbcc47935bf26c32c!8m2!3d22.9011828!4d104.994742!16s%2Fg%2F11fwc99nry!19sChIJOQxB5Cl3zDYRLMMmvzV5xLw?authuser=0&hl=en&rclk=1,
"RXFH+88W, Đường lên đỉnh Cấm, P. Nguyễn Trãi, Hà Giang ",22.8233677,104.9783376,Ha Giang City Viewpoint,,0,,4.8,Attraction,https://www.google.com/maps/place/Ha+Giang+City+Viewpoint/data=!4m7!3m6!1s0x36cc79e7a8974679:0xfe1a56c72657ae0e!8m2!3d22.8233677!4d104.9783376!16s%2Fg%2F11h_9lg3b4!19sChIJeUaXqOd5zDYRDq5XJsdWGv4?authuser=0&hl=en&rclk=1,
"XWWC+33, Minh Tân, Vị Xuyên, Hà Giang ",22.9952348,104.9201672,Tham Luong Cave (Hang Tham Luồng),0867 231 123 ,0,,4.6,Natural,https://www.google.com/maps/place/Tham+Luong+Cave+%28Hang+Tham+Lu%E1%BB%93ng%29/data=!4m7!3m6!1s0x36cc73dfd0b2c6f3:0x744b02b0997d7e85!8m2!3d22.9952348!4d104.9201672!16s%2Fg%2F11s4hml82p!19sChIJ88ay0N9zzDYRhX59mbACS3Q?authuser=0&hl=en&rclk=1,
"Thôn Nà Thác, Phương Độ, Hà Giang, 310000 ",22.8172782,104.9327688,Nà Thác Palms,0911 783 679 ,0,,4.5,Attraction,https://www.google.com/maps/place/N%C3%A0+Th%C3%A1c+Palms/data=!4m7!3m6!1s0x36cc7a2ad7af9d7f:0xbe942335edf8fd43!8m2!3d22.8172782!4d104.9327688!16s%2Fg%2F11bw4w3kbr!19sChIJf52v1yp6zDYRQ_347TUjlL4?authuser=0&hl=en&rclk=1,https://www.facebook.com/palm.nathac.1
"Thôn Lùng Thàng, Quản Bạ District, Hà Giang 310000 ",23.0266642,104.9707146,Ha Giang Trip Rest Stop - Stone God Mountain,0355 533 666 ,0,,5.0,Natural,https://www.google.com/maps/place/Ha+Giang+Trip+Rest+Stop+-+Stone+God+Mountain/data=!4m7!3m6!1s0x36cc7584a0eca26d:0x422a82ecd4ad5fd1!8m2!3d23.0266642!4d104.9707146!16s%2Fg%2F11vj3xcnvn!19sChIJbaLsoIR1zDYR0V-t1OyCKkI?authuser=0&hl=en&rclk=1,
"Phương Độ, Ha Giang, Hà Giang ",22.816149,104.9349991,Hồng Thiệp Hà Giang ( Ha Giang Loop Tour ),0352 020 200 ,0,,4.7,Attraction,https://www.google.com/maps/place/H%E1%BB%93ng+Thi%E1%BB%87p+H%C3%A0+Giang+%28+Ha+Giang+Loop+Tour+%29/data=!4m7!3m6!1s0x36cc7bfe386c4a8d:0x86906ad79bd1b8e!8m2!3d22.816149!4d104.9349991!16s%2Fg%2F11g0_qwgvh!19sChIJjUpsOP57zDYRjhu9ea0GaQg?authuser=0&hl=en&rclk=1,
"W2VF+VP2, Thuận Hoà, Vị Xuyên, Hà Giang ",22.9446355,105.0242805,Ruộng Bậc Thang Hoa Tam Giác Mạch,0868 394 597 ,0,,4.8,Attraction,https://www.google.com/maps/place/Ru%E1%BB%99ng+B%E1%BA%ADc+Thang+Hoa+Tam+Gi%C3%A1c+M%E1%BA%A1ch/data=!4m7!3m6!1s0x36cc77004f41a68f:0x2da73628adb472d2!8m2!3d22.9446355!4d105.0242805!16s%2Fg%2F11y9slh9d6!19sChIJj6ZBTwB3zDYR0nK0rSg2py0?authuser=0&hl=en&rclk=1,
"V38C+HMF, Nậm Rịa, Vị Xuyên, Hà Giang ",22.8664298,105.0716758,Hang Bó Ly - Tùng Bá,0357 132 550 ,0,,4.2,Attraction,https://www.google.com/maps/place/Hang+B%C3%B3+Ly+-+T%C3%B9ng+B%C3%A1/data=!4m7!3m6!1s0x36cb892a5f485a75:0x984a283074f75c57!8m2!3d22.8664298!4d105.0716758!16s%2Fg%2F11sstm29n6!19sChIJdVpIXyqJyzYRV1z3dDAoSpg?authuser=0&hl=en&rclk=1,
"RXW7+J9G, Pho Quang, Vị Xuyên, Hà Giang ",22.8465652,104.9634389,Thach Lam Vien - Ha Giang,0989 441 888 ,0,,3.8,Attraction,https://www.google.com/maps/place/Thach+Lam+Vien+-+Ha+Giang/data=!4m7!3m6!1s0x36cc79dd41bd656d:0xd6aff18a2867f2bf!8m2!3d22.8465652!4d104.9634389!16s%2Fg%2F11c6v6cgw0!19sChIJbWW9Qd15zDYRv_JnKIrxr9Y?authuser=0&hl=en&rclk=1,
"39/6 An Cư, Tổ Dân Phố Số 6, Hà Giang ",22.8274375,104.9841875,Hà Giang cột mốc số 0,,0,,4.7,Attraction,https://www.google.com/maps/place/H%C3%A0+Giang+c%E1%BB%99t+m%E1%BB%91c+s%E1%BB%91+0/data=!4m7!3m6!1s0x36cc7924a35684b7:0xe447e169aee981b6!8m2!3d22.8274375!4d104.9841875!16s%2Fg%2F11fhwkvv37!19sChIJt4RWoyR5zDYRtoHprmnhR-Q?authuser=0&hl=en&rclk=1,http://facebook.com/km0.hagiang
"Thôn, Lùng Tao, Vị Xuyên, Hà Giang ",22.7633109,104.8592223,Đặng văn hỵ -Tour Tây Côn Lĩnh 2428m,0366 178 677 ,0,,4.0,Attraction,https://www.google.com/maps/place/%C4%90%E1%BA%B7ng+v%C4%83n+h%E1%BB%B5+-Tour+T%C3%A2y+C%C3%B4n+L%C4%A9nh+2428m/data=!4m7!3m6!1s0x36cc7dbeff9d43f7:0xe9e7c73d28515bc8!8m2!3d22.7633109!4d104.8592223!16s%2Fg%2F11t_qlgg50!19sChIJ90Od_759zDYRyFtRKD3H5-k?authuser=0&hl=en&rclk=1,https://www.facebook.com/profile.php?id=100041140608247&mibextid=LQQJ4d
"477 Nguyễn Trãi, P. Nguyễn Trãi, Hà Giang ",22.8251833,104.9838458,Hải Đăng Travel,,0,,,Attraction,https://www.google.com/maps/place/H%E1%BA%A3i+%C4%90%C4%83ng+Travel/data=!4m7!3m6!1s0x36cc79000e4db5d1:0x23e9d48c8518177!8m2!3d22.8251833!4d104.9838458!16s%2Fg%2F11ldw2hwbr!19sChIJ0bVNDgB5zDYRd4FRyEidPgI?authuser=0&hl=en&rclk=1,
"70 Nguyễn Thái Học, P. Minh Khai, Hà Giang ",22.8216226,104.9850609,sunwin,0866 544 029 ,0,,,Attraction,https://www.google.com/maps/place/sunwin/data=!4m7!3m6!1s0x36cc794c14d417f5:0x52812473f586ea9a!8m2!3d22.8216226!4d104.9850609!16s%2Fg%2F11wr3t5_lw!19sChIJ9RfUFEx5zDYRmuqG9XMkgVI?authuser=0&hl=en&rclk=1,
"RXRJ+72X, P. Quang Trung, Hà Giang ",22.8407422,104.9801035,Thái Sơn du lịch Hà Giang,0387 641 679 ,0,,5.0,Attraction,https://www.google.com/maps/place/Th%C3%A1i+S%C6%A1n+du+l%E1%BB%8Bch+H%C3%A0+Giang/data=!4m7!3m6!1s0x36cc79eae9635a19:0x65fecff7cb24a6fe!8m2!3d22.8407422!4d104.9801035!16s%2Fg%2F11vbtt7tyd!19sChIJGVpj6ep5zDYR_qYky_fP_mU?authuser=0&hl=en&rclk=1,https://www.facebook.com/profile.php?id=61552061062371&mibextid=2JQ9oc
"VX28+XJ, Pho Quang, Vị Xuyên, Hà Giang ",22.8523589,104.9665841,Phong quang quán,0988 843 884 ,0,,5.0,Attraction,https://www.google.com/maps/place/Phong+quang+qu%C3%A1n/data=!4m7!3m6!1s0x36cc79000efa7d47:0x89d56689f86d28be!8m2!3d22.8523589!4d104.9665841!16s%2Fg%2F11w1l_jl2j!19sChIJR336DgB5zDYRviht-Ilm1Yk?authuser=0&hl=en&rclk=1,
"Thôn, Lùng Tao, Vị Xuyên, Hà Giang 310000 ",22.7626476,104.8591811,Tour Tây côn lĩnh Cu đậu,0339 955 238 ,0,,,Attraction,https://www.google.com/maps/place/Tour+T%C3%A2y+c%C3%B4n+l%C4%A9nh+Cu+%C4%91%E1%BA%ADu/data=!4m7!3m6!1s0x36cc7dbaeb5535af:0x58ca5a50d5a68d6b!8m2!3d22.7626476!4d104.8591811!16s%2Fg%2F11v9vbl21m!19sChIJrzVV67p9zDYRa42m1VBaylg?authuser=0&hl=en&rclk=1,
"2XF8+FWG, Quyết Tiến, Quản Bạ, Hà Giang 310000 ",23.0236914,104.9673187,United Triangle Circuits,,0,,4.4,Attraction,https://www.google.com/maps/place/United+Triangle+Circuits/data=!4m7!3m6!1s0x36cc74c142c88441:0x97429f70656974b8!8m2!3d23.0236914!4d104.9673187!16s%2Fg%2F11g6qtrfwr!19sChIJQYTIQsF0zDYRuHRpZXCfQpc?authuser=0&hl=en&rclk=1,http://caonguyenhotel.vn/
"Lùng Tao, Vị Xuyên District, Hà Giang ",22.7688005,104.8619109,Định Đặng Tour - Trekking Tây Côn Lĩnh 2428m,0964 237 080 ,0,,4.6,Attraction,https://www.google.com/maps/place/%C4%90%E1%BB%8Bnh+%C4%90%E1%BA%B7ng+Tour+-+Trekking+T%C3%A2y+C%C3%B4n+L%C4%A9nh+2428m/data=!4m7!3m6!1s0x36cc7dda06c89bff:0x59f0ea670448204c!8m2!3d22.7688005!4d104.8619109!16s%2Fg%2F11ssq7xmpw!19sChIJ_5vIBtp9zDYRTCBIBGfq8Fk?authuser=0&hl=en&rclk=1,https://www.facebook.com/Team-3-TV-102598317764671/?tepa=SEARCH_BOX
"QXHR+WF, Đạo Đức, Vị Xuyên, Hà Giang ",22.7797977,104.9911539,LIEN LOTUS,,0,,,Attraction,https://www.google.com/maps/place/LIEN+LOTUS/data=!4m7!3m6!1s0x36cc7900369bbfad:0x492d24207efb5c07!8m2!3d22.7797977!4d104.9911539!16s%2Fg%2F11ldqh9m3r!19sChIJrb-bNgB5zDYRB1z7fiAkLUk?authuser=0&hl=en&rclk=1,
"23G5+V6G, ĐT181, Lùng Tám, Quản Bạ, Hà Giang ",23.027394,105.05662,Núi Gió Lùng Tám,,0,,5.0,Natural,https://www.google.com/maps/place/N%C3%BAi+Gi%C3%B3+L%C3%B9ng+T%C3%A1m/data=!4m7!3m6!1s0x36cb8b007bb98117:0xa5bbcab9055e1b8a!8m2!3d23.027394!4d105.05662!16s%2Fg%2F11ldsl1b8g!19sChIJF4G5ewCLyzYRihteBbnKu6U?authuser=0&hl=en&rclk=1,
"city, 92Q Nguyễn Trãi, St, Hà Giang, 310000 ",22.8102762,104.9791846,"Local Ha Giang Loop Tours, Hotel & Rentals",0387 540 762 ,0,,5.0,Attraction,"https://www.google.com/maps/place/Local+Ha+Giang+Loop+Tours,+Hotel+%26+Rentals/data=!4m7!3m6!1s0x36cc7935a065806d:0xf3c09f2e8aa35a8b!8m2!3d22.8102762!4d104.9791846!16s%2Fg%2F11w1mbbspc!19sChIJbYBloDV5zDYRi1qjii6fwPM?authuser=0&hl=en&rclk=1",http://www.localhagiangtours.com/
"Minh Tân, Vị Xuyên District, Hà Giang 310000 ",22.9922668,104.9303356,Điểm Dừng Nghỉ - Checkin Bắc Sum Pass,0826 162 323 ,0,,4.3,Attraction,https://www.google.com/maps/place/%C4%90i%E1%BB%83m+D%E1%BB%ABng+Ngh%E1%BB%89+-+Checkin+B%E1%BA%AFc+Sum+Pass/data=!4m7!3m6!1s0x36cc73454cee607f:0x6c2bf4f201bc0914!8m2!3d22.9922668!4d104.9303356!16s%2Fg%2F11lf8lb33f!19sChIJf2DuTEVzzDYRFAm8AfL0K2w?authuser=0&hl=en&rclk=1,
"RVMC+FQ, Phương Tiến, Vị Xuyên, Hà Giang ",22.8340163,104.871819,Ruộng bậc thang thôn Xà Phìn,,0,,4.6,Attraction,https://www.google.com/maps/place/Ru%E1%BB%99ng+b%E1%BA%ADc+thang+th%C3%B4n+X%C3%A0+Ph%C3%ACn/data=!4m7!3m6!1s0x36cc7bab7b868d0d:0x5e4bd27267258c2b!8m2!3d22.8340163!4d104.871819!16s%2Fg%2F11l5nc6lbn!19sChIJDY2Ge6t7zDYRK4wlZ3LSS14?authuser=0&hl=en&rclk=1,
"03 Nguyễn Du, P. Nguyễn Trãi, Hà Giang, 20000 ",22.8129511,104.9811384,Ẩm Thực Cô Lan,0839 949 686 ,0,,5.0,Attraction,https://www.google.com/maps/place/%E1%BA%A8m+Th%E1%BB%B1c+C%C3%B4+Lan/data=!4m7!3m6!1s0x36cc79826bcad581:0x9076f8b1fd8ceb20!8m2!3d22.8129511!4d104.9811384!16s%2Fg%2F11jzh7kq2h!19sChIJgdXKa4J5zDYRIOuM_bH4dpA?authuser=0&hl=en&rclk=1,
"XWVV+PWC, Minh Tân, Vị Xuyên, Hà Giang ",22.9943173,104.9447676,HA GIANG LOOP VIEW,,0,,,Attraction,https://www.google.com/maps/place/HA+GIANG+LOOP+VIEW/data=!4m7!3m6!1s0x36cc7500103b087f:0xb5daff407cc8ff!8m2!3d22.9943173!4d104.9447676!16s%2Fg%2F11ml4s47ww!19sChIJfwg7EAB1zDYR_8h8QP_atQA?authuser=0&hl=en&rclk=1,
"QXP8+WMC, Phương Thiện, Hà Giang ",22.7875361,104.9654181,Suối Châng,,0,,5.0,Attraction,https://www.google.com/maps/place/Su%E1%BB%91i+Ch%C3%A2ng/data=!4m7!3m6!1s0x36cc790049b06669:0xaa7329b86a82451b!8m2!3d22.7875361!4d104.9654181!16s%2Fg%2F11xzskkh28!19sChIJaWawSQB5zDYRG0WCargpc6o?authuser=0&hl=en&rclk=1,
"Dam Village, Nam, Quản Bạ, Hà Giang 310000 ",23.0353016,105.016796,Bai tắm Spring,0986 847 423 ,0,,4.9,Attraction,https://www.google.com/maps/place/Bai+t%E1%BA%AFm+Spring/data=!4m7!3m6!1s0x36cc0b4ed3a62d7f:0xf8c1d52bf80d8a0c!8m2!3d23.0353016!4d105.016796!16s%2Fg%2F11fv7s08nb!19sChIJfy2m004LzDYRDIoN-CvVwfg?authuser=0&hl=en&rclk=1,
"MXX7+X2H, Đạo Đức, Vị Xuyên, Hà Giang ",22.699942,104.9626242,Primitive skills,,0,,,Attraction,https://www.google.com/maps/place/Primitive+skills/data=!4m7!3m6!1s0x36cc7f0065ec1da9:0xbbb0de289279d6a6!8m2!3d22.699942!4d104.9626242!16s%2Fg%2F11vpy22gbc!19sChIJqR3sZQB_zDYRptZ5kijesLs?authuser=0&hl=en&rclk=1,
"2X4J+RP, Quyết Tiến, Quản Bạ, Hà Giang ",23.0070633,104.9818181,Hang hoàng lan,,0,,4.9,Attraction,https://www.google.com/maps/place/Hang+ho%C3%A0ng+lan/data=!4m7!3m6!1s0x36cc75003fade245:0xc666f1d243bb9a1a!8m2!3d23.0070633!4d104.9818181!16s%2Fg%2F11x6s286rm!19sChIJReKtPwB1zDYRGpq7Q9LxZsY?authuser=0&hl=en&rclk=1,
"X4M8+GMJ, ĐT181, Thái An, Quản Bạ, Hà Giang ",22.9838466,105.1166376,泰安峽谷,,0,,5.0,Attraction,https://www.google.com/maps/place/%E6%B3%B0%E5%AE%89%E5%B3%BD%E8%B0%B7/data=!4m7!3m6!1s0x36cb8b8df9f9ac65:0x214cf064b4e7ffc0!8m2!3d22.9838466!4d105.1166376!16s%2Fg%2F11pq4ypqb0!19sChIJZaz5-Y2LyzYRwP_ntGTwTCE?authuser=0&hl=en&rclk=1,
"VWV7+6J, Pho Quang, Vị Xuyên, Hà Giang ",22.8931121,104.9141148,Cồng Thôn Lùng Giàng B,,0,,5.0,Attraction,https://www.google.com/maps/place/C%E1%BB%93ng+Th%C3%B4n+L%C3%B9ng+Gi%C3%A0ng+B/data=!4m7!3m6!1s0x36cc710026a1ce2b:0xc5c70f74c3bd0f09!8m2!3d22.8931121!4d104.9141148!16s%2Fg%2F11y83ln7xv!19sChIJK86hJgBxzDYRCQ-9w3QPx8U?authuser=0&hl=en&rclk=1,
"RWH3+CF, Phương Độ, Hà Giang ",22.8286201,104.9037145,Ruộng Bậc Thang - Lùng Vài,,0,,4.8,Attraction,https://www.google.com/maps/place/Ru%E1%BB%99ng+B%E1%BA%ADc+Thang+-+L%C3%B9ng+V%C3%A0i/data=!4m7!3m6!1s0x36cc7bf11b57a669:0x72fb7c0e78470521!8m2!3d22.8286201!4d104.9037145!16s%2Fg%2F11qbj47l83!19sChIJaaZXG_F7zDYRIQVHeA58-3I?authuser=0&hl=en&rclk=1,
"Đông Hà, Quản Bạ District, Hà Giang ",23.0398306,105.0287899,Climbing Nặm Đăm,0354 502 065 ,0,,,Attraction,https://www.google.com/maps/place/Climbing+N%E1%BA%B7m+%C4%90%C4%83m/data=!4m7!3m6!1s0x36cc0b071d062671:0x3f04548eef7a4337!8m2!3d23.0398306!4d105.0287899!16s%2Fg%2F11qq2g2836!19sChIJcSYGHQcLzDYRN0N6745UBD8?authuser=0&hl=en&rclk=1,
"XWVH+3JX, QL4C, Minh Tân, Vị Xuyên, Hà Giang ",22.9927499,104.9291164,Quán tạp hoá- điểm ngắm cảnh,,0,,4.6,Attraction,https://www.google.com/maps/place/Qu%C3%A1n+t%E1%BA%A1p+ho%C3%A1-+%C4%91i%E1%BB%83m+ng%E1%BA%AFm+c%E1%BA%A3nh/data=!4m7!3m6!1s0x36cc73d83fe517dd:0xcb29ae90c945e0a0!8m2!3d22.9927499!4d104.9291164!16s%2Fg%2F11pbhb_vfp!19sChIJ3RflP9hzzDYRoOBFyZCuKcs?authuser=0&hl=en&rclk=1,
"2X84+8Q, Quyết Tiến, Quản Bạ, Hà Giang ",23.015766,104.956959,Vườn hoa hồng nhà Thuyên,,0,,5.0,Attraction,https://www.google.com/maps/place/V%C6%B0%E1%BB%9Dn+hoa+h%E1%BB%93ng+nh%C3%A0+Thuy%C3%AAn/data=!4m7!3m6!1s0x36cc75001038ce17:0x7ed7e823830fd785!8m2!3d23.015766!4d104.956959!16s%2Fg%2F11w49qp6qn!19sChIJF844EAB1zDYRhdcPgyPo134?authuser=0&hl=en&rclk=1,
"RWQM+H93, Lùng Vài - Hạ Thành, Vị Xuyên, Hà Giang ",22.8388848,104.9334069,Sân khấu chính,,0,,5.0,Attraction,https://www.google.com/maps/place/S%C3%A2n+kh%E1%BA%A5u+ch%C3%ADnh/data=!4m7!3m6!1s0x36cc7bc5c27d053f:0xf933c1857987146f!8m2!3d22.8388848!4d104.9334069!16s%2Fg%2F11r8dlcxjt!19sChIJPwV9wsV7zDYRbxSHeYXBM_k?authuser=0&hl=en&rclk=1,
"RVHR+8H, Phương Độ, Hà Giang ",22.8283315,104.8914974,Vườn trà cổ thụ Lùng Vài,0367 299 638 ,0,,5.0,Attraction,https://www.google.com/maps/place/V%C6%B0%E1%BB%9Dn+tr%C3%A0+c%E1%BB%95+th%E1%BB%A5+L%C3%B9ng+V%C3%A0i/data=!4m7!3m6!1s0x36cc7b62c459faaf:0x4c88fbc1a65f64fc!8m2!3d22.8283315!4d104.8914974!16s%2Fg%2F11y1wj8pdh!19sChIJr_pZxGJ7zDYR_GRfpsH7iEw?authuser=0&hl=en&rclk=1,
"2X52+XP, Quyết Tiến, Quản Bạ, Hà Giang ",23.009929,104.951792,Hoa hồng Thuyên Em,,0,,,Attraction,https://www.google.com/maps/place/Hoa+h%E1%BB%93ng+Thuy%C3%AAn+Em/data=!4m7!3m6!1s0x36cc75007e37e7e1:0xbbba0c246f27aa15!8m2!3d23.009929!4d104.951792!16s%2Fg%2F11w21bylfd!19sChIJ4ec3fgB1zDYRFaonbyQMurs?authuser=0&hl=en&rclk=1,
"XW5X+JV9, Minh Tân, Vị Xuyên, Hà Giang ",22.9590407,104.9497214,Suối Minh Tân,,0,,4.4,Attraction,https://www.google.com/maps/place/Su%E1%BB%91i+Minh+T%C3%A2n/data=!4m7!3m6!1s0x36cc75f2e996c28d:0x54387a024a6c839e!8m2!3d22.9590407!4d104.9497214!16s%2Fg%2F11h3l36r9j!19sChIJjcKW6fJ1zDYRnoNsSgJ6OFQ?authuser=0&hl=en&rclk=1,
"V25C+69, Ngọc đường, Hà Giang ",22.858082,105.020917,My project,,0,,,Attraction,https://www.google.com/maps/place/My+project/data=!4m7!3m6!1s0x36cc7700680a6265:0x6b8110497235757c!8m2!3d22.858082!4d105.020917!16s%2Fg%2F11mlc7hb0_!19sChIJZWIKaAB3zDYRfHU1ckkQgWs?authuser=0&hl=en&rclk=1,
"RX3H+29G, Phương Thiện, Tp. Hà Giang, Hà Giang ",22.8025588,104.9784494,Săn mây vờn núi,,0,,,Natural,https://www.google.com/maps/place/S%C4%83n+m%C3%A2y+v%E1%BB%9Dn+n%C3%BAi/data=!4m7!3m6!1s0x36cc793adbe15355:0x5d64bb08ef5c8219!8m2!3d22.8025588!4d104.9784494!16s%2Fg%2F11kc5w011y!19sChIJVVPh2zp5zDYRGYJc7wi7ZF0?authuser=0&hl=en&rclk=1,
"PWR2+F2H, Thác Tăng, Cao Bồ, Vị Xuyên, Hà Giang ",22.741199,104.9001224,Kít Đa nghề,0363 831 875 ,0,,,Attraction,https://www.google.com/maps/place/K%C3%ADt+%C4%90a+ngh%E1%BB%81/data=!4m7!3m6!1s0x36cc7d005c8f306f:0xd547bae0313bef5a!8m2!3d22.741199!4d104.9001224!16s%2Fg%2F11yb372km8!19sChIJbzCPXAB9zDYRWu87MeC6R9U?authuser=0&hl=en&rclk=1,
"QV79+96W, Thôn, Lùng Tao, Vị Xuyên, Hà Giang ",22.7634818,104.8680829,"Thôn Lùng Tao, xã Cao Bồ, huyện Vị Xuyên",,0,,4.0,Attraction,"https://www.google.com/maps/place/Th%C3%B4n+L%C3%B9ng+Tao,+x%C3%A3+Cao+B%E1%BB%93,+huy%E1%BB%87n+V%E1%BB%8B+Xuy%C3%AAn/data=!4m7!3m6!1s0x36cc7d6d45228d21:0x5b7289386ff07eea!8m2!3d22.7634818!4d104.8680829!16s%2Fg%2F11vd41lhxs!19sChIJIY0iRW19zDYR6n7wbziJcls?authuser=0&hl=en&rclk=1",
"THÔN MỊCH A XÃ THUẬN HOÀ HUYỆN VỊ XUYÊN, thủy điện, sông miện 5, Hà Giang 310000 ",22.9377687,105.0256263,Navieng coffee,0988 137 816 ,0,,5.0,Attraction,https://www.google.com/maps/place/Navieng+coffee/data=!4m7!3m6!1s0x36cc7752252fac19:0x88cc818809b598d5!8m2!3d22.9377687!4d105.0256263!16s%2Fg%2F11w2gs0kg5!19sChIJGawvJVJ3zDYR1Zi1CYiBzIg?authuser=0&hl=en&rclk=1,
"P3RR+288, Kim Linh, Tp. Hà Giang, Hà Giang ",22.7400477,105.0908147,Khu du lịch sinh thái Trọng Doanh,,0,,5.0,Attraction,https://www.google.com/maps/place/Khu+du+l%E1%BB%8Bch+sinh+th%C3%A1i+Tr%E1%BB%8Dng+Doanh/data=!4m7!3m6!1s0x36cb8186d94d1d19:0x65460a82f87b09d4!8m2!3d22.7400477!4d105.0908147!16s%2Fg%2F11svm3wksg!19sChIJGR1N2YaByzYR1Al7-IIKRmU?authuser=0&hl=en&rclk=1,
"383 QL34, Ngọc Hà, Hà Giang ",22.838129,105.006588,Nhà cô Sen-chú Trung,,0,,,Attraction,https://www.google.com/maps/place/Nh%C3%A0+c%C3%B4+Sen-ch%C3%BA+Trung/data=!4m7!3m6!1s0x36cc790004d0d191:0xc42602f0923f7f67!8m2!3d22.838129!4d105.006588!16s%2Fg%2F11w_lc1nq0!19sChIJkdHQBAB5zDYRZ38_kvACJsQ?authuser=0&hl=en&rclk=1,
"Thuận Hòa, Vị Xuyên District, Hà Giang ",22.9070737,104.9986083,Cát Lý Camping,0974 484 291 ,0,,4.6,Attraction,https://www.google.com/maps/place/C%C3%A1t+L%C3%BD+Camping/data=!4m7!3m6!1s0x36cc77b014bb6099:0xaed47e9b4b8c5d8!8m2!3d22.9070737!4d104.9986083!16s%2Fg%2F11l5h93wzw!19sChIJmWC7FLB3zDYR2MW4tOlH7Qo?authuser=0&hl=en&rclk=1,https://www.booking.com/Pulse-0X2hTj
"QXW4+WV9, Phương Thiện, Hà Giang ",22.797285,104.9572356,Cao Bành,,0,,4.9,Attraction,https://www.google.com/maps/place/Cao+B%C3%A0nh/data=!4m7!3m6!1s0x36cc79934d9c67d3:0x8534b5232dd5ef8f!8m2!3d22.797285!4d104.9572356!16s%2Fg%2F11rjmsdy39!19sChIJ02ecTZN5zDYRj-_VLSO1NIU?authuser=0&hl=en&rclk=1,
"P252+F7W, Phú Linh, Vị Xuyên, Hà Giang ",22.7087479,105.000702,Đập tràn hồ Noong,,0,,,Attraction,https://www.google.com/maps/place/%C4%90%E1%BA%ADp+tr%C3%A0n+h%E1%BB%93+Noong/data=!4m7!3m6!1s0x36cc7f007472977f:0xf9408410e96a5068!8m2!3d22.7087479!4d105.000702!16s%2Fg%2F11x_lh1w9r!19sChIJf5dydAB_zDYRaFBq6RCEQPk?authuser=0&hl=en&rclk=1,
"W2XR+P3, Thuận Hoà, Vị Xuyên, Hà Giang ",22.9492994,105.0401374,A Boong Waterfall,,0,,4.3,Natural,https://www.google.com/maps/place/A+Boong+Waterfall/data=!4m7!3m6!1s0x36cb8b37f48ad1c5:0xf9bdb5de1695c9e8!8m2!3d22.9492994!4d105.0401374!16s%2Fg%2F11rvcyhl4x!19sChIJxdGK9DeLyzYR6MmVFt61vfk?authuser=0&hl=en&rclk=1,
"2W5X+RRC, Quyết Tiến, Quản Bạ, Hà Giang ",23.0095583,104.9495142,Vườn Hoa Hồng Quyết Tiến,,0,,3.3,Attraction,https://www.google.com/maps/place/V%C6%B0%E1%BB%9Dn+Hoa+H%E1%BB%93ng+Quy%E1%BA%BFt+Ti%E1%BA%BFn/data=!4m7!3m6!1s0x36cc7503a2a03615:0x777af9458fcb65fb!8m2!3d23.0095583!4d104.9495142!16s%2Fg%2F11rbx62lxp!19sChIJFTagogN1zDYR-2XLj0X5enc?authuser=0&hl=en&rclk=1,
"RXJM+9H3, Trần Hưng Đạo, P. Nguyễn Trãi, Hà Giang ",22.8306283,104.9837868,Bảo tàng Hà Giang - Ha Giang Museum,0327 868 869 ,30,₫30,4.6,Historical,https://www.google.com/maps/place/B%E1%BA%A3o+t%C3%A0ng+H%C3%A0+Giang+-+Ha+Giang+Museum/data=!4m7!3m6!1s0x36cc79b5695338c7:0xbba286a2ef64e365!8m2!3d22.8306283!4d104.9837868!16s%2Fg%2F11cpbxz37v!19sChIJxzhTabV5zDYRZeNk76KGors?authuser=0&hl=en&rclk=1,http://facebook.com/BaotangtinhHaGiang
"SỐ 176, TỔ 4, THỊ TRẤN TAM SƠN, Hà Giang ",22.8210489,104.9877771,Viettel Post Hub Quản Bạ - Hà Giang,1900 8095 ,0,,,Attraction,https://www.google.com/maps/place/Viettel+Post+Hub+Qu%E1%BA%A3n+B%E1%BA%A1+-+H%C3%A0+Giang/data=!4m7!3m6!1s0x36cc796f70279d77:0x8549c3256255a5af!8m2!3d22.8210489!4d104.9877771!16s%2Fg%2F11t99msfcg!19sChIJd50ncG95zDYRr6VVYiXDSYU?authuser=0&hl=en&rclk=1,https://viettelpost.com.vn/#one3
"QXF4+FWH, Phương Thiện, Hà Giang ",22.7736784,104.9573594,Thôn Gia Vài Chill,0389 080 044 ,0,,4.7,Attraction,https://www.google.com/maps/place/Th%C3%B4n+Gia+V%C3%A0i+Chill/data=!4m7!3m6!1s0x36cc7934a1944185:0x3f26b437241bab97!8m2!3d22.7736784!4d104.9573594!16s%2Fg%2F11sjd93z2w!19sChIJhUGUoTR5zDYRl6sbJDe0Jj8?authuser=0&hl=en&rclk=1,
"MX79+R6W, Cao Bồ, Vị Xuyên, Hà Giang ",22.6646052,104.9680914,Nhà hàng Homsstay,,0,,,Attraction,https://www.google.com/maps/place/Nh%C3%A0+h%C3%A0ng+Homsstay/data=!4m7!3m6!1s0x36cc8100411abec5:0x472f470ac57b30e5!8m2!3d22.6646052!4d104.9680914!16s%2Fg%2F11zhs3wxcg!19sChIJxb4aQQCBzDYR5TB7xQpHL0c?authuser=0&hl=en&rclk=1,
"Thôn Nà Thác, Ha Giang, Hà Giang ",22.8152233,104.9346149,Long ancient tea,0388 892 108 ,0,,5.0,Attraction,https://www.google.com/maps/place/Long+ancient+tea/data=!4m7!3m6!1s0x36cc7badc07c48dd:0x18d535c6a8186548!8m2!3d22.8152233!4d104.9346149!16s%2Fg%2F11sx3qph8w!19sChIJ3Uh8wK17zDYRSGUYqMY11Rg?authuser=0&hl=en&rclk=1,https://www.facebook.com/long.trashantuyet
"2X83+HM, Quyết Tiến, Quản Bạ, Hà Giang ",23.016488,104.95421,Vương Quốc Hoa Hồng Mê Linh,,0,,,Attraction,https://www.google.com/maps/place/V%C6%B0%C6%A1ng+Qu%E1%BB%91c+Hoa+H%E1%BB%93ng+M%C3%AA+Linh/data=!4m7!3m6!1s0x36cc75005cf9fe6b:0xc3e777f4e8c5a648!8m2!3d23.016488!4d104.95421!16s%2Fg%2F11mcmjjb1f!19sChIJa_75XAB1zDYRSKbF6PR358M?authuser=0&hl=en&rclk=1,
"271-269, QL4C, P. Quang Trung, Hà Giang ",22.8463313,104.9843055,Con đường thác đổ (thác nước tự nhiên),,0,,4.3,Attraction,https://www.google.com/maps/place/Con+%C4%91%C6%B0%E1%BB%9Dng+th%C3%A1c+%C4%91%E1%BB%95+%28th%C3%A1c+n%C6%B0%E1%BB%9Bc+t%E1%BB%B1+nhi%C3%AAn%29/data=!4m7!3m6!1s0x36cc79c25089ac25:0x8d122ee6ac6ccf75!8m2!3d22.8463313!4d104.9843055!16s%2Fg%2F11fn8g1mg4!19sChIJJayJUMJ5zDYRdc9srOYuEo0?authuser=0&hl=en&rclk=1,
"209 Nguyễn Trãi, P. Nguyễn Trãi, Hà Giang ",22.8165845,104.9810472,Gội đầu dưỡng sinh Minh Châu,,0,,5.0,Attraction,https://www.google.com/maps/place/G%E1%BB%99i+%C4%91%E1%BA%A7u+d%C6%B0%E1%BB%A1ng+sinh+Minh+Ch%C3%A2u/data=!4m7!3m6!1s0x36cc795c7db7d6e7:0xbd2d6a7695aa7929!8m2!3d22.8165845!4d104.9810472!16s%2Fg%2F11kb98td_6!19sChIJ59a3fVx5zDYRKXmqlXZqLb0?authuser=0&hl=en&rclk=1,
"55b Nguyễn Thái Học, P. Minh Khai, Hà Giang ",22.8212564,104.9847122,Massage food body xông hơi tắm lá thuốc dao đỏ,0853 528 222 ,0,,5.0,Attraction,https://www.google.com/maps/place/Massage+food+body+x%C3%B4ng+h%C6%A1i+t%E1%BA%AFm+l%C3%A1+thu%E1%BB%91c+dao+%C4%91%E1%BB%8F/data=!4m7!3m6!1s0x36cc79be672081af:0x6f19f53994552071!8m2!3d22.8212564!4d104.9847122!16s%2Fg%2F11qnkz01ql!19sChIJr4EgZ755zDYRcSBVlDn1GW8?authuser=0&hl=en&rclk=1,
"ĐT181, Thái An, Quản Bạ, Hà Giang ",22.9778365,105.1362376,Hướng dẫn du lịch leo núi ba tiên,0382 069 118 ,0,,4.3,Natural,https://www.google.com/maps/place/H%C6%B0%E1%BB%9Bng+d%E1%BA%ABn+du+l%E1%BB%8Bch+leo+n%C3%BAi+ba+ti%C3%AAn/data=!4m7!3m6!1s0x36cb8dc8eedc4223:0xb778c83f0cce4382!8m2!3d22.9778365!4d105.1362376!16s%2Fg%2F11sk3mvhj_!19sChIJI0Lc7siNyzYRgkPODD_IeLc?authuser=0&hl=en&rclk=1,
"VW5C+M5, Phương Tiến, Vị Xuyên, Hà Giang ",22.8591778,104.9204046,3 Phương,,0,,,Attraction,https://www.google.com/maps/place/3+Ph%C6%B0%C6%A1ng/data=!4m7!3m6!1s0x36cc7b005a131bcd:0x20541ec2faa911fe!8m2!3d22.8591778!4d104.9204046!16s%2Fg%2F11ymly1bzl!19sChIJzRsTWgB7zDYR_hGp-sIeVCA?authuser=0&hl=en&rclk=1,
"V3FW+QP, Tùng Bá, Vị Xuyên, Hà Giang ",22.8743857,105.096794,Dốc đỏ Hồng Minh,,0,,,Attraction,https://www.google.com/maps/place/D%E1%BB%91c+%C4%91%E1%BB%8F+H%E1%BB%93ng+Minh/data=!4m7!3m6!1s0x36cb89001fd7c02d:0xdeba852db4cae25d!8m2!3d22.8743857!4d105.096794!16s%2Fg%2F11yn7b2sg1!19sChIJLcDXHwCJyzYRXeLKtC2Fut4?authuser=0&hl=en&rclk=1,
"Khuoi My, Ha Giang, Hà Giang 310000 ",22.820944,104.9247953,Cloud Bar Ha Giang,0366 885 955 ,0,,4.0,Attraction,https://www.google.com/maps/place/Cloud+Bar+Ha+Giang/data=!4m7!3m6!1s0x36cc7ba6b1f15fdb:0xcf7d4d48a685502a!8m2!3d22.820944!4d104.9247953!16s%2Fg%2F11wmwb28cx!19sChIJ21_xsaZ7zDYRKlCFpkhNfc8?authuser=0&hl=en&rclk=1,https://tvpalm.com/
"ngõ 205 Nguyễn Thái Học, P. Trần Phú, Hà Giang, 20000 ",22.8286897,104.9857157,Bia Tươi - Lẩu - Nướng Cầu Mới,0839 949 686 ,0,,,Attraction,https://www.google.com/maps/place/Bia+T%C6%B0%C6%A1i+-+L%E1%BA%A9u+-+N%C6%B0%E1%BB%9Bng+C%E1%BA%A7u+M%E1%BB%9Bi/data=!4m7!3m6!1s0x36cc79018770e661:0xf0a1423ac08fbf29!8m2!3d22.8286897!4d104.9857157!16s%2Fg%2F11y79ypxkp!19sChIJYeZwhwF5zDYRKb-PwDpCofA?authuser=0&hl=en&rclk=1,
"Vĩnh Nguyên, Nha Trang, Khánh Hòa ",12.213404,109.2411157,Con Sẻ Tre Tourist Village,,1237158,₫1237158,4.1,Attraction,https://www.google.com/maps/place/Con+S%E1%BA%BB+Tre+Tourist+Village/data=!4m7!3m6!1s0x3170671ea4683ed5:0xa164c8c1e59be92e!8m2!3d12.213404!4d109.2411157!16s%2Fg%2F1tflcq_7!19sChIJ1T5opB5ncDERLumb5cHIZKE?authuser=0&hl=en&rclk=1,https://ticket-stations.com/nha-trang-vinpearl-harbour
"76Q4+88H, Phạm Văn Đồng, Ba Làng, Nha Trang, Khánh Hòa 650000 ",12.2883043,109.2058634,Beach Nha Trang,,0,,4.8,Natural,https://www.google.com/maps/place/Beach+Nha+Trang/data=!4m7!3m6!1s0x31706736d868cf47:0x3d1a40a7b5d8c60b!8m2!3d12.2883043!4d109.2058634!16s%2Fg%2F11f5vfbypk!19sChIJR89o2DZncDERC8bYtadAGj0?authuser=0&hl=en&rclk=1,
"61 Hai Tháng Tư, Vĩnh Phước, Nha Trang, Khánh Hòa 650000 ",12.2653665,109.1953678,Po Nagar Temple,,120000,₫120000,4.5,Cultural,https://www.google.com/maps/place/Po+Nagar+Temple/data=!4m7!3m6!1s0x3170678c61b8f251:0x115f6f97f1af1d7c!8m2!3d12.2653665!4d109.1953678!16s%2Fm%2F02x5pgr!19sChIJUfK4YYxncDERfB2v8ZdvXxE?authuser=0&hl=en&rclk=1,https://ticketdulich.com/thap-ba-mud-bath
"865M+FCJ, Phạm Văn Đồng, Vĩnh Lương, Nha Trang, Khánh Hòa ",12.3087182,109.2335133,Đèo Lương Sơn,,0,,4.7,Attraction,https://www.google.com/maps/place/%C4%90%C3%A8o+L%C6%B0%C6%A1ng+S%C6%A1n/data=!4m7!3m6!1s0x31706924d07d5499:0xdbcb169b124df950!8m2!3d12.3087182!4d109.2335133!16s%2Fg%2F11nx18skc_!19sChIJmVR90CRpcDERUPlNEpsWy9s?authuser=0&hl=en&rclk=1,
"Vĩnh Phước, Nha Trang, Khánh Hòa 650000 ",12.27292,109.2064934,Hon Chong,,1052900,₫1052900,4.3,Attraction,https://www.google.com/maps/place/Hon+Chong/data=!4m7!3m6!1s0x317067ebf764f3e1:0x669216540dfca111!8m2!3d12.27292!4d109.2064934!16s%2Fg%2F11b6nt3f42!19sChIJ4fNk9-tncDEREaH8DVQWkmY?authuser=0&hl=en&rclk=1,https://ticket-stations.com/tour-1-day-nha-trang
"02 Nguyễn Thị Minh Khai, Lộc Thọ, Nha Trang, Khánh Hòa 650000 ",12.2387251,109.1960177,Эко Вояж Тур - Eco Voyage Tourism,0965 059 688 ,0,,5.0,Attraction,https://www.google.com/maps/place/%D0%AD%D0%BA%D0%BE+%D0%92%D0%BE%D1%8F%D0%B6+%D0%A2%D1%83%D1%80+-+Eco+Voyage+Tourism/data=!4m7!3m6!1s0x317067002ceed8c9:0x3c764774f051c97b!8m2!3d12.2387251!4d109.1960177!16s%2Fg%2F11xdq7gx84!19sChIJydjuLABncDERe8lR8HRHdjw?authuser=0&hl=en&rclk=1,https://ecovoyage-vietnam.ru/
"Phước Trung, Nha Trang, Khánh Hòa ",12.1812258,109.1654693,The Fairy Forest,0914 485 538 ,0,,4.5,Attraction,https://www.google.com/maps/place/The+Fairy+Forest/data=!4m7!3m6!1s0x31705f269a6c1fa1:0xb70aaec84f905b25!8m2!3d12.1812258!4d109.1654693!16s%2Fg%2F11sv7bw05j!19sChIJoR9smiZfcDERJVuQT8iuCrc?authuser=0&hl=en&rclk=1,
"7688+9XC, Phạm Văn Đồng, Vĩnh Thọ, Nha Trang, Khánh Hòa 650000 ",12.2659491,109.2173962,Double Rocks,,0,,5.0,Attraction,https://www.google.com/maps/place/Double+Rocks/data=!4m7!3m6!1s0x3170677ef92e007b:0x92c6e546af80dc81!8m2!3d12.2659491!4d109.2173962!16s%2Fg%2F11mw767jc1!19sChIJewAu-X5ncDERgdyAr0blxpI?authuser=0&hl=en&rclk=1,
"86H6+W24, Phạm Văn Đồng, Vĩnh Lương, Nha Trang, Khánh Hòa ",12.3297624,109.2100849,Hang Heo,,0,,4.0,Attraction,https://www.google.com/maps/place/Hang+Heo/data=!4m7!3m6!1s0x317068359f85bd3f:0xdf408b0e3825838a!8m2!3d12.3297624!4d109.2100849!16s%2Fg%2F11c1tt87sz!19sChIJP72FnzVocDERioMlOA6LQN8?authuser=0&hl=en&rclk=1,
"56HR+79, Vĩnh Nguyên, Nha Trang, Khánh Hòa ",12.178223,109.2409796,Tour Hòn Tằm Nha Trang,,600000,₫600000,3.8,Attraction,https://www.google.com/maps/place/Tour+H%C3%B2n+T%E1%BA%B1m+Nha+Trang/data=!4m7!3m6!1s0x317061cb18aefb71:0x77a3aef933641665!8m2!3d12.178223!4d109.2409796!16s%2Fg%2F11kc8f_5nt!19sChIJcfuuGMthcDERZRZkM_muo3c?authuser=0&hl=en&rclk=1,
"Đảo Hòn Tằm, Vĩnh Nguyên, Nha Trang, Khánh Hòa 650000 ",12.1789019,109.245158,Đảo Hòn Tằm,0384 181 805 ,430000,₫430000,4.3,Attraction,https://www.google.com/maps/place/%C4%90%E1%BA%A3o+H%C3%B2n+T%E1%BA%B1m/data=!4m7!3m6!1s0x31706103cb7fbff9:0x73727b09b1e0f7aa!8m2!3d12.1789019!4d109.245158!16s%2Fg%2F11kwrwrffs!19sChIJ-b9_ywNhcDERqvfgsQl7cnM?authuser=0&hl=en&rclk=1,https://nhatrangholiday.vn/hon-tam-nha-trang/
"56PF+R5F, Vĩnh Nguyên, Nha Trang, Khánh Hòa ",12.1862041,109.2233903,Vinh San Ho 2,0946 857 766 ,0,,4.0,Attraction,https://www.google.com/maps/place/Vinh+San+Ho+2/data=!4m7!3m6!1s0x317061002f6d5035:0x21ad1e38cbb1cdf5!8m2!3d12.1862041!4d109.2233903!16s%2Fg%2F11vrh48wpr!19sChIJNVBtLwBhcDER9c2xyzgerSE?authuser=0&hl=en&rclk=1,https://vinhsanhonhatrang.com/
"A204, Khu dân cư du lịch và sinh thái, Ô LK, Phú Quý, Nha Trang, Khánh Hòa 650000 ",12.1977903,109.2093606,Journeys Your Way Co,0378 760 445 ,0,,,Attraction,"https://www.google.com/maps/place/Journeys+Your+Way+Co.,Ltd/data=!4m7!3m6!1s0x3170611aaf83b565:0xe70bc45661ded4ea!8m2!3d12.1977903!4d109.2093606!16s%2Fg%2F11w1d5j_qv!19sChIJZbWDrxphcDER6tTeYVbEC-c?authuser=0&hl=en&rclk=1",
"Cuối hẻm 007, tổ 13, Cồn Ngọc Thảo, Nha Trang, Khánh Hòa 650000 ",12.2648668,109.1875681,The Woodhouse Campsite,0338 461 425 ,0,,5.0,Attraction,https://www.google.com/maps/place/The+Woodhouse+Campsite/data=!4m7!3m6!1s0x31705d9751a5ba03:0x653849ac7f9b5f4a!8m2!3d12.2648668!4d109.1875681!16s%2Fg%2F11wxrhqlj5!19sChIJA7qlUZddcDERSl-bf6xJOGU?authuser=0&hl=en&rclk=1,https://web.facebook.com/profile.php?id=61569924314216
"Alley 53 Nguyễn Thiện Thuật, Lộc Thọ, Nha Trang, Khánh Hòa 650000 ",12.239498,109.1938696,Nha Trang International Food Alley,,0,,4.7,Attraction,https://www.google.com/maps/place/Nha+Trang+International+Food+Alley/data=!4m7!3m6!1s0x31706700696dd105:0x1963a0033db5aeb3!8m2!3d12.239498!4d109.1938696!16s%2Fg%2F11y2r6cy0n!19sChIJBdFtaQBncDERs661PQOgYxk?authuser=0&hl=en&rclk=1,
"76XP+RPH, Vĩnh Hải, Nha Trang, Khánh Hòa ",12.2990475,109.2367903,Biển Bãi Tiên Nha Trang,,0,,4.4,Natural,https://www.google.com/maps/place/Bi%E1%BB%83n+B%C3%A3i+Ti%C3%AAn+Nha+Trang/data=!4m7!3m6!1s0x317069006850fcc5:0xeb1fe675d8d60627!8m2!3d12.2990475!4d109.2367903!16s%2Fg%2F11wfm06ggb!19sChIJxfxQaABpcDERJwbW2HXmH-s?authuser=0&hl=en&rclk=1,
"Trần Phú Quảng trường, Hai tháng Tư, Lộc Thọ, Nha Trang, Khánh Hòa 650000 ",12.240404,109.1969225,Tram Huong Tower,,1447738,₫1447738,4.4,Attraction,https://www.google.com/maps/place/Tram+Huong+Tower/data=!4m7!3m6!1s0x3170677bd4d40413:0x7643676250775d06!8m2!3d12.240404!4d109.1969225!16s%2Fg%2F1vnrn2yy!19sChIJEwTU1HtncDERBl13UGJnQ3Y?authuser=0&hl=en&rclk=1,https://ticket-stations.com/tour-1-day-nha-trang
"Ana Marina, Đường Nguyễn Cơ Thạch, Nha Trang, Khánh Hòa ",12.2943976,109.2214253,Flyboard Nha Trang,0359 796 989 ,0,,4.6,Attraction,https://www.google.com/maps/place/Flyboard+Nha+Trang/data=!4m7!3m6!1s0x3170678c797317b1:0x85b99df8f113d19b!8m2!3d12.2943976!4d109.2214253!16s%2Fg%2F11b88q5222!19sChIJsRdzeYxncDERm9ET8fiduYU?authuser=0&hl=en&rclk=1,
"Đại lộ, Nguyễn Tất Thành, Phước Trung, Nha Trang, Khánh Hòa 650000 ",12.1852992,109.1614966,Khu Du Lịch Trăm Trứng -100 Egg Theme Park,0963 046 363 ,10000,₫10000,4.7,Natural,https://www.google.com/maps/place/Khu+Du+L%E1%BB%8Bch+Tr%C4%83m+Tr%E1%BB%A9ng+-100+Egg+Theme+Park/data=!4m7!3m6!1s0x31705f012ba93507:0x6a8a170ebf23662a!8m2!3d12.1852992!4d109.1614966!16s%2Fg%2F11fns4zw60!19sChIJBzWpKwFfcDERKmYjvw4Ximo?authuser=0&hl=en&rclk=1,http://tramtrung.vn/
"868G+2M7, Lương Sơn, Nha Trang, Khánh Hòa ",12.3150261,109.2266623,Luong Son Mountain Pass Sightseeing,,0,,,Natural,https://www.google.com/maps/place/Luong+Son+Mountain+Pass+Sightseeing/data=!4m7!3m6!1s0x317069004a4b86f3:0x8180192cf33273dc!8m2!3d12.3150261!4d109.2266623!16s%2Fg%2F11yjfk7tkz!19sChIJ84ZLSgBpcDER3HMy8ywZgIE?authuser=0&hl=en&rclk=1,
"44 Trần Phú, Lộc Thọ, Nha Trang, Khánh Hòa 650000 ",12.2408433,109.19619,KID WORLD NHA TRANG,028 6658 6863 ,0,,4.1,Attraction,https://www.google.com/maps/place/KID+WORLD+NHA+TRANG/data=!4m7!3m6!1s0x317067007cb571b1:0x536551b0d99292ba!8m2!3d12.2408433!4d109.19619!16s%2Fg%2F11w2gsp6w6!19sChIJsXG1fABncDERupKS2bBRZVM?authuser=0&hl=en&rclk=1,https://thegioibaby.vn/
"Võ Thị Sáu, Vĩnh Trường, Nha Trang, Khánh Hòa ",12.1988469,109.2028101,Văn phòng du lịch Trương Tour,0905 075 768 ,0,,5.0,Attraction,https://www.google.com/maps/place/V%C4%83n+ph%C3%B2ng+du+l%E1%BB%8Bch+Tr%C6%B0%C6%A1ng+Tour/data=!4m7!3m6!1s0x317061001ae1a63d:0x2210511a2846c059!8m2!3d12.1988469!4d109.2028101!16s%2Fg%2F11wpns0ywg!19sChIJPabhGgBhcDERWcBGKBpRECI?authuser=0&hl=en&rclk=1,
"7546+JW4, Vĩnh Ngọc, Nha Trang, Khánh Hòa ",12.2566319,109.1623771,Aurélie Eiffel Tower Viêtnam,,0,,2.8,Attraction,https://www.google.com/maps/place/Aur%C3%A9lie+Eiffel+Tower+Vi%C3%AAtnam/data=!4m7!3m6!1s0x31705d007845001f:0xc8535eba066aaf5d!8m2!3d12.2566319!4d109.1623771!16s%2Fg%2F11y2kwpnm_!19sChIJHwBFeABdcDERXa9qBrpeU8g?authuser=0&hl=en&rclk=1,
"65HX+WP2, Lộc Thọ, Nha Trang, Khánh Hòa 650000 ",12.2297576,109.1992635,Thanh Giong Statue,,0,,4.2,Attraction,https://www.google.com/maps/place/Thanh+Giong+Statue/data=!4m7!3m6!1s0x317067fd1c4b4f79:0x998e7ea392c9671b!8m2!3d12.2297576!4d109.1992635!16s%2Fg%2F11tt5dxfcc!19sChIJeU9LHP1ncDERG2fJkqN-jpk?authuser=0&hl=en&rclk=1,
"40b Trần Phú, Lộc Thọ, Nha Trang, Khánh Hòa 650000 ",12.2350661,109.1984689,Inflatable,,0,,3.8,Attraction,https://www.google.com/maps/place/Inflatable/data=!4m7!3m6!1s0x317067007e5c96ff:0x792c02fd87d7077c!8m2!3d12.2350661!4d109.1984689!16s%2Fg%2F11vzb3dqfc!19sChIJ_5ZcfgBncDERfAfXh_0CLHk?authuser=0&hl=en&rclk=1,
"2 Trần Phú, P, Nha Trang, Khánh Hòa 650000 ",12.2393617,109.1973461,Flagpole of Nha Trang Beach,,0,,4.6,Natural,https://www.google.com/maps/place/Flagpole+of+Nha+Trang+Beach/data=!4m7!3m6!1s0x317067002c21d22b:0x972a4a739e633ac8!8m2!3d12.2393617!4d109.1973461!16s%2Fg%2F11wwfry3hq!19sChIJK9IhLABncDERyDpjnnNKKpc?authuser=0&hl=en&rclk=1,
"65XW+WMR, 16 Trần Phú, Vạn Thạnh, Nha Trang, Khánh Hòa 650000 ",12.2494251,109.1968526,Champa Private Beach,,0,,4.6,Natural,https://www.google.com/maps/place/Champa+Private+Beach/data=!4m7!3m6!1s0x3170678e8b6f8d3f:0x412c6bb0f831d598!8m2!3d12.2494251!4d109.1968526!16s%2Fg%2F11v418rghk!19sChIJP41vi45ncDERmNUx-LBrLEE?authuser=0&hl=en&rclk=1,
vịnh ,12.2150436,109.2391242,Vinpearl Harbour,,0,,4.8,Attraction,https://www.google.com/maps/place/Vinpearl+Harbour/data=!4m7!3m6!1s0x317067dd892c2b21:0x595c8af8eeaab57c!8m2!3d12.2150436!4d109.2391242!16s%2Fg%2F11f9zz7sl4!19sChIJISssid1ncDERfLWq7viKXFk?authuser=0&hl=en&rclk=1,
"84 Xuân Lạc, Vĩnh Ngọc, Nha Trang, Khánh Hòa ",12.275765,109.1605183,Stand Up Paddle Station - Sunset Watching Tour,0902 999 621 ,0,,4.9,Attraction,https://www.google.com/maps/place/Stand+Up+Paddle+Station+-+Sunset+Watching+Tour/data=!4m7!3m6!1s0x31705d003ab665f1:0x737adde7165f9265!8m2!3d12.275765!4d109.1605183!16s%2Fg%2F11x0_7720c!19sChIJ8WW2OgBdcDERZZJfFufdenM?authuser=0&hl=en&rclk=1,https://vitaminseatravel.vn/
"75XX+HM, Vĩnh Hải, Nha Trang, Khánh Hòa ",12.2989001,109.1992106,mountain of angels,,0,,4.7,Natural,https://www.google.com/maps/place/mountain+of+angels/data=!4m7!3m6!1s0x317069007222dab9:0xdd9abdbef7f69147!8m2!3d12.2989001!4d109.1992106!16s%2Fg%2F11ld66mhfn!19sChIJudoicgBpcDERR5H29769mt0?authuser=0&hl=en&rclk=1,
"Hòn Miễu, Nha Trang, Khánh Hòa ",12.1943501,109.2290438,Paradise Beach on Soi Island,0943 571 616 ,190000,₫190000,4.3,Natural,https://www.google.com/maps/place/Paradise+Beach+on+Soi+Island/data=!4m7!3m6!1s0x317061004a9fd63b:0x6a4a212b678fc8ef!8m2!3d12.1943501!4d109.2290438!16s%2Fg%2F11vwmnrkhw!19sChIJO9afSgBhcDER78iPZyshSmo?authuser=0&hl=en&rclk=1,http://honsoi.vn/
"Vĩnh Nguyên, Nha Trang, Khánh Hòa ",12.1878273,109.2264791,Bai Tranh Beach,0905 279 979 ,615420,₫615420,4.1,Natural,https://www.google.com/maps/place/Bai+Tranh+Beach/data=!4m7!3m6!1s0x317060daf9eb50b3:0x77904f5f6ae684a6!8m2!3d12.1878273!4d109.2264791!16s%2Fg%2F1hm4b8h4w!19sChIJs1Dr-dpgcDERpoTmal9PkHc?authuser=0&hl=en&rclk=1,https://www.facebook.com/baitranhnhatrang
"57H8+94, Nha Trang, Khánh Hòa ",12.178408,109.26531,MV Rainbow Minion,,0,,5.0,Attraction,https://www.google.com/maps/place/MV+Rainbow+Minion/data=!4m7!3m6!1s0x317061000036acd7:0x685a3b36d235f5be!8m2!3d12.178408!4d109.26531!16s%2Fg%2F11x_5t0480!19sChIJ16w2AABhcDERvvU10jY7Wmg?authuser=0&hl=en&rclk=1,http://divevietnam.com/
"29 Trần Phú, Lộc Thọ, Nha Trang, Khánh Hòa 650000 ",12.230567,109.1986255,시티투어버스,,0,,4.2,Attraction,https://www.google.com/maps/place/%EC%8B%9C%ED%8B%B0%ED%88%AC%EC%96%B4%EB%B2%84%EC%8A%A4/data=!4m7!3m6!1s0x317067004ddc8499:0xc888cfd6ce50b2d6!8m2!3d12.230567!4d109.1986255!16s%2Fg%2F11x77nmcz0!19sChIJmYTcTQBncDER1rJQztbPiMg?authuser=0&hl=en&rclk=1,
"Thôn Xuân Lạc, Vĩnh Ngọc, Nha Trang, Khánh Hòa ",12.2724477,109.1647409,Cai River,,1600934,₫1600934,4.7,Natural,https://www.google.com/maps/place/Cai+River/data=!4m7!3m6!1s0x31705db28b41e4d9:0xc357147f73c2a976!8m2!3d12.2724477!4d109.1647409!16s%2Fg%2F11lh5557zv!19sChIJ2eRBi7JdcDERdqnCc38UV8M?authuser=0&hl=en&rclk=1,
"66CV+7M, Vĩnh Nguyên, Nha Trang, Khánh Hòa ",12.2206509,109.2442469,Làng dân tộc,,0,,4.9,Attraction,https://www.google.com/maps/place/L%C3%A0ng+d%C3%A2n+t%E1%BB%99c/data=!4m7!3m6!1s0x3170672c11885b03:0xc0ae1edb6730c6db!8m2!3d12.2206509!4d109.2442469!16s%2Fg%2F11s5vj95t1!19sChIJA1uIESxncDER28YwZ9sersA?authuser=0&hl=en&rclk=1,
"56WG+86P, Trí Nguyên, Nha Trang, Khánh Hòa ",12.1950344,109.2256954,Hồ cá Trí Nguyên,0943 571 616 ,0,,4.4,Attraction,https://www.google.com/maps/place/H%E1%BB%93+c%C3%A1+Tr%C3%AD+Nguy%C3%AAn/data=!4m7!3m6!1s0x3170610044f1811d:0xdb6805891d85e53a!8m2!3d12.1950344!4d109.2256954!16s%2Fg%2F11w40yf79n!19sChIJHYHxRABhcDEROuWFHYkFaNs?authuser=0&hl=en&rclk=1,https://honsoi.vn/vi/trang-chu
"56HW+JP, Nha Trang, Khánh Hòa ",12.1790102,109.2467675,Point Nemo,,0,,4.5,Attraction,https://www.google.com/maps/place/Point+Nemo/data=!4m7!3m6!1s0x317061000f71d6f3:0x4170deb051b692f2!8m2!3d12.1790102!4d109.2467675!16s%2Fg%2F11xkj8mgrb!19sChIJ89ZxDwBhcDER8pK2UbDecEE?authuser=0&hl=en&rclk=1,
"98 Trần Nhật Duật, Phước Hoà, Nha Trang, Khánh Hòa 650000 ",12.2339432,109.1864657,Xích lô du lịch Nha Trang,0327 655 556 ,0,,4.6,Attraction,https://www.google.com/maps/place/X%C3%ADch+l%C3%B4+du+l%E1%BB%8Bch+Nha+Trang/data=!4m7!3m6!1s0x31705d00442c8adf:0xd8a9d8ae87228cfd!8m2!3d12.2339432!4d109.1864657!16s%2Fg%2F11x1pjl4gk!19sChIJ34osRABdcDER_Ywih67Yqdg?authuser=0&hl=en&rclk=1,
"668Q+JP7, Vĩnh Nguyên, Nha Trang, Khánh Hòa ",12.2165251,109.2393116,Cổng vào Vinwonder (trung tâm),,0,,4.5,Attraction,https://www.google.com/maps/place/C%E1%BB%95ng+v%C3%A0o+Vinwonder+%28trung+t%C3%A2m%29/data=!4m7!3m6!1s0x31706700297fbaad:0x68bcd83a50895d26!8m2!3d12.2165251!4d109.2393116!16s%2Fg%2F11v_0c12z5!19sChIJrbp_KQBncDERJl2JUDrYvGg?authuser=0&hl=en&rclk=1,
"Đồng bé 3, Vĩnh Lương, Nha Trang, Khánh Hòa 65000 ",12.2737598,109.2026479,Vườn vẽ chân đất,0913 147 387 ,0,,,Attraction,https://www.google.com/maps/place/V%C6%B0%E1%BB%9Dn+v%E1%BA%BD+ch%C3%A2n+%C4%91%E1%BA%A5t/data=!4m7!3m6!1s0x3170695ee426d5cb:0x5b7e2e530343fb43!8m2!3d12.2737598!4d109.2026479!16s%2Fg%2F11yj760ycf!19sChIJy9Um5F5pcDERQ_tDA1Mufls?authuser=0&hl=en&rclk=1,https://web.facebook.com/profile.php?id=100088167708215
"66H2+C25, Trần Phú, Lộc Thọ, Nha Trang, Khánh Hòa ",12.228502,109.2001208,Cây tra cổ thụ,,0,,,Attraction,https://www.google.com/maps/place/C%C3%A2y+tra+c%E1%BB%95+th%E1%BB%A5/data=!4m7!3m6!1s0x317067002f4376d9:0x59b0fe45ee2319b2!8m2!3d12.228502!4d109.2001208!16s%2Fg%2F11x_lscmfp!19sChIJ2XZDLwBncDERshkj7kX-sFk?authuser=0&hl=en&rclk=1,
"212 Trần Quý Cáp, Phương Sài, Nha Trang, Khánh Hòa 650000 ",12.251084,109.1852161,QuangKhai Travel,0962 818 174 ,0,,,Attraction,https://www.google.com/maps/place/QuangKhai+Travel/data=!4m7!3m6!1s0x31705d0041490541:0xf8a685bd23084c93!8m2!3d12.251084!4d109.1852161!16s%2Fg%2F11wxxzkmtx!19sChIJQQVJQQBdcDERk0wII72Fpvg?authuser=0&hl=en&rclk=1,
"10b Phạm Văn Đồng, Vĩnh Hải, Nha Trang, Khánh Hòa 650000 ",12.2751944,109.2023611,Beach Jam,,0,,,Natural,https://www.google.com/maps/place/Beach+Jam/data=!4m7!3m6!1s0x317067000260a159:0x567281537d5d2c38!8m2!3d12.2751944!4d109.2023611!16s%2Fg%2F11ycyx0n1_!19sChIJWaFgAgBncDEROCxdfVOBclY?authuser=0&hl=en&rclk=1,
"Đảo, Nha Trang - Hòn Tằm, Vĩnh Nguyên, Nha Trang, Khánh Hòa 650000 ",12.2025559,109.2174144,MerPerle Hòn Tằm Pier - Cảng Hòn Tằm,,0,,4.5,Attraction,https://www.google.com/maps/place/MerPerle+H%C3%B2n+T%E1%BA%B1m+Pier+-+C%E1%BA%A3ng+H%C3%B2n+T%E1%BA%B1m/data=!4m7!3m6!1s0x31706734de3838ab:0x7196d8dffc8c7fea!8m2!3d12.2025559!4d109.2174144!16s%2Fg%2F11f126js0_!19sChIJqzg43jRncDER6n-M_N_YlnE?authuser=0&hl=en&rclk=1,https://ticket-stations.com/vinwonders-nha-trang-ticket
"667Q+GR7, Nha Trang - Vinpearl Land, Cầu Đá, Nha Trang, Khánh Hòa ",12.2137968,109.2395567,Night Wonder,,0,,4.7,Attraction,https://www.google.com/maps/place/Night+Wonder/data=!4m7!3m6!1s0x31706700106cec23:0xc7cb91ca590e15da!8m2!3d12.2137968!4d109.2395567!16s%2Fg%2F11m6m13dfw!19sChIJI-xsEABncDER2hUOWcqRy8c?authuser=0&hl=en&rclk=1,
"Vĩnh Nguyên, Nha Trang, Khánh Hòa ",12.2173198,109.2405176,Vinpearl Harbour Nha Trang,,0,,4.4,Attraction,https://www.google.com/maps/place/Vinpearl+Harbour+Nha+Trang/data=!4m7!3m6!1s0x317067000f57d675:0x63bb4c9c4ac20fc3!8m2!3d12.2173198!4d109.2405176!16s%2Fg%2F11vqp1ghkf!19sChIJddZXDwBncDERww_CSpxMu2M?authuser=0&hl=en&rclk=1,https://vinwonders.com/vn/vinpearl-harbour/
"100 Trần Phú, Lộc Thọ, Nha Trang, Khánh Hòa ",12.225895,109.200234,Bãi biển,,0,,4.7,Natural,https://www.google.com/maps/place/B%C3%A3i+bi%E1%BB%83n/data=!4m7!3m6!1s0x317067001efc621d:0xf3f77be6ede11773!8m2!3d12.225895!4d109.200234!16s%2Fg%2F11x6sm3ygs!19sChIJHWL8HgBncDERcxfh7eZ79_M?authuser=0&hl=en&rclk=1,
"56FW+4J7, Hòn Tằm, Vĩnh Nguyên, Nha Trang, Khánh Hòa ",12.1727981,109.2465355,Khu du lịch đảo yến Đông Tằm,,0,,4.5,Attraction,https://www.google.com/maps/place/Khu+du+l%E1%BB%8Bch+%C4%91%E1%BA%A3o+y%E1%BA%BFn+%C4%90%C3%B4ng+T%E1%BA%B1m/data=!4m7!3m6!1s0x317061be68583715:0x770cf834cf328549!8m2!3d12.1727981!4d109.2465355!16s%2Fg%2F11tgdvpn_0!19sChIJFTdYaL5hcDERSYUyzzT4DHc?authuser=0&hl=en&rclk=1,
"Trần Phú, Vĩnh Nguyên, Nha Trang, Khánh Hòa ",12.2175666,109.2071443,Bach Dang Park,,0,,4.3,Natural,https://www.google.com/maps/place/Bach+Dang+Park/data=!4m7!3m6!1s0x31706746b8393b07:0x8d87d2200e30f753!8m2!3d12.2175666!4d109.2071443!16s%2Fg%2F1w97rx1t!19sChIJBzs5uEZncDERU_cwDiDSh40?authuser=0&hl=en&rclk=1,https://thodianhatrang.vn/cong-vien-bach-dang-nha-trang
"02 Đồng Nai, Phường Nam, Nha Trang, Khánh Hòa 650000 ",12.2467123,109.1813751,FNBMaps,0935 542 260 ,0,,,Attraction,https://www.google.com/maps/place/FNBMaps.Com+Nha+Trang/data=!4m7!3m6!1s0x31705d9576bd8da7:0xfee5fd7e6890f48a!8m2!3d12.2467123!4d109.1813751!16s%2Fg%2F11xrffbj5h!19sChIJp429dpVdcDERivSQaH795f4?authuser=0&hl=en&rclk=1,https://fnbmaps.com/nha-trang
"3 Ngô Văn Sở, Vĩnh Hải, Nha Trang, Khánh Hòa ",12.2917414,109.208326,Núi Một,,0,,4.5,Natural,https://www.google.com/maps/place/N%C3%BAi+M%E1%BB%99t/data=!4m7!3m6!1s0x3170690031d8d341:0x754dabb6629d7a7!8m2!3d12.2917414!4d109.208326!16s%2Fg%2F11xnw8v_wp!19sChIJQdPYMQBpcDERp9cpZrvaVAc?authuser=0&hl=en&rclk=1,
"hồ Kênh, Hạ 1, Nha Trang, Khánh Hòa ",12.1867858,109.1537042,Zcamp Nha Trang,0796 796 868 ,0,,4.2,Attraction,https://www.google.com/maps/place/Zcamp+Nha+Trang/data=!4m7!3m6!1s0x31705f18dd3f4e0f:0x184dd16f62a7eac2!8m2!3d12.1867858!4d109.1537042!16s%2Fg%2F11tcs4xtr0!19sChIJD04_3RhfcDERwuqnYm_RTRg?authuser=0&hl=en&rclk=1,https://www.facebook.com/profile.php?id=100082999464330
"6638+R6Q, Cầu Đá, Nha Trang, Khánh Hòa ",12.2035335,109.2158409,Cáp Treo Vinpearl Harbour Nha Trang,,0,,4.6,Attraction,https://www.google.com/maps/place/C%C3%A1p+Treo+Vinpearl+Harbour+Nha+Trang/data=!4m7!3m6!1s0x317067004bfdc6f1:0xbb2c01c576f0a893!8m2!3d12.2035335!4d109.2158409!16s%2Fg%2F11ld9xw4l2!19sChIJ8cb9SwBncDERk6jwdsUBLLs?authuser=0&hl=en&rclk=1,https://ticket-stations.com/nha-trang-vinpearl-harbour
"49.05 Đường số 8, Khu đô thị Hà Quang 2, Nha Trang, Khánh Hòa 650000 ",12.2435652,109.1780933,sarang spa nha trang(사랑스파),0969 791 482 ,0,,4.3,Attraction,https://www.google.com/maps/place/sarang+spa+nha+trang%28%EC%82%AC%EB%9E%91%EC%8A%A4%ED%8C%8C%29/data=!4m7!3m6!1s0x31705d005ed19613:0x3f66a06519422227!8m2!3d12.2435652!4d109.1780933!16s%2Fg%2F11y94nmdpq!19sChIJE5bRXgBdcDERJyJCGWWgZj8?authuser=0&hl=en&rclk=1,
"52c Nguyễn Thị Minh Khai, Tân Tiến, Nha Trang, Khánh Hòa 650000 ",12.2381868,109.1916178,Công Ty TNHH MIA-TRAVEL,0788 623 458 ,0,,4.3,Attraction,https://www.google.com/maps/place/C%C3%B4ng+Ty+TNHH+MIA-TRAVEL/data=!4m7!3m6!1s0x317067e109deb347:0x56f931ebcb1bb25e!8m2!3d12.2381868!4d109.1916178!16s%2Fg%2F11kpk8zwr5!19sChIJR7PeCeFncDERXrIby-sx-VY?authuser=0&hl=en&rclk=1,https://miatravel-tourcar.com/
"Dac Loc industrial Park, Núi Dốc Thị, Nha Trang, Khánh Hòa 65000 ",12.3012961,109.1619911,Công Viên Đồi Hóng,0975 303 551 ,0,,5.0,Natural,https://www.google.com/maps/place/C%C3%B4ng+Vi%C3%AAn+%C4%90%E1%BB%93i+H%C3%B3ng/data=!4m7!3m6!1s0x317043434b4e6005:0x73bfed732f42defc!8m2!3d12.3012961!4d109.1619911!16s%2Fg%2F11vr4gmdlm!19sChIJBWBOS0NDcDER_N5CL3Ptv3M?authuser=0&hl=en&rclk=1,
"56VJ+5R, Nha Trang, Khánh Hòa ",12.1929269,109.2320194,Soi Beach on Soi Island,0943 571 616 ,130000,₫130000,4.5,Natural,https://www.google.com/maps/place/Soi+Beach+on+Soi+Island/data=!4m7!3m6!1s0x317061aa14901535:0x85b10ab4d5db6d4b!8m2!3d12.1929269!4d109.2320194!16s%2Fg%2F11fjv59nvn!19sChIJNRWQFKphcDERS23b1bQKsYU?authuser=0&hl=en&rclk=1,https://honsoi.vn/
"667Q+MH, Nha Trang, Khánh Hòa ",12.2147746,109.2393371,Tháp Đồng hồ Vinpearl Habour,,0,,4.5,Cultural,https://www.google.com/maps/place/Th%C3%A1p+%C4%90%E1%BB%93ng+h%E1%BB%93+Vinpearl+Habour/data=!4m7!3m6!1s0x3170670073db6849:0xf512067291d18cce!8m2!3d12.2147746!4d109.2393371!16s%2Fg%2F11vzz3rjw4!19sChIJSWjbcwBncDERzozRkXIGEvU?authuser=0&hl=en&rclk=1,
"1 Yersin, Lộc Thọ, Nha Trang, Khánh Hòa 650000 ",12.24922,109.1958648,Tohe Art & Craft Nha Trang,0968 979 479 ,0,,5.0,Attraction,https://www.google.com/maps/place/Tohe+Art+%26+Craft+Nha+Trang/data=!4m7!3m6!1s0x317067005502c56d:0xb6a422fa7cd64d7f!8m2!3d12.24922!4d109.1958648!16s%2Fg%2F11m6s97hkh!19sChIJbcUCVQBncDERf03WfPoipLY?authuser=0&hl=en&rclk=1,https://www.tohenhatrang.com/
"Nha Trang Center, Trần Phú, Lộc Thọ, Nha Trang, Khánh Hòa 650000 ",12.233215,109.1972188,SUNDAY GAME_Nha Trang Center,0938 784 847 ,0,,,Attraction,https://www.google.com/maps/place/SUNDAY+GAME_Nha+Trang+Center/data=!4m7!3m6!1s0x317067004afb57cd:0x885c81a551f39303!8m2!3d12.233215!4d109.1972188!16s%2Fg%2F11xgnw0w1_!19sChIJzVf7SgBncDERA5PzUaWBXIg?authuser=0&hl=en&rclk=1,
"58 Đ. 23 Tháng 10, Phương Sài, Nha Trang, Khánh Hòa 650000 ",12.2520574,109.1767915,기념품 NET HANDMADE GIFT,,0,,4.5,Attraction,https://www.google.com/maps/place/%EA%B8%B0%EB%85%90%ED%92%88+NET+HANDMADE+GIFT/data=!4m7!3m6!1s0x31705da5040a7811:0xd27019bfcc2931e8!8m2!3d12.2520574!4d109.1767915!16s%2Fg%2F11y1kqh8j6!19sChIJEXgKBKVdcDER6DEpzL8ZcNI?authuser=0&hl=en&rclk=1,
"Vịnh, Nha Trang, Khánh Hòa ",12.1835909,109.222939,Lặn Biển LabiXa,0968 698 984 ,0,,4.3,Attraction,https://www.google.com/maps/place/L%C4%83%CC%A3n+Bi%C3%AA%CC%89n+LabiXa/data=!4m7!3m6!1s0x317061109c189d91:0x9f356b8c8bb43913!8m2!3d12.1835909!4d109.222939!16s%2Fg%2F11gjt8wc13!19sChIJkZ0YnBBhcDEREzm0i4xrNZ8?authuser=0&hl=en&rclk=1,
"65W4+VQC, Vĩnh Thái, Nha Trang, Khánh Hòa ",12.2471857,109.1568763,The Old Nha Trang Traditional Craft Village,0935 813 079 ,0,,4.7,Attraction,https://www.google.com/maps/place/The+Old+Nha+Trang+Traditional+Craft+Village/data=!4m7!3m6!1s0x31705d00674cfb85:0xfc77c87bb193bc47!8m2!3d12.2471857!4d109.1568763!16s%2Fg%2F11vywdxqg4!19sChIJhftMZwBdcDERR7yTsXvId_w?authuser=0&hl=en&rclk=1,http://langnghenhatrangxua.com/
"Trần Phú, Nha Trang, Khánh Hòa 650000 ",12.2282572,109.2005359,Yes Beach Nha Trang,0559 662 420 ,0,,4.3,Natural,https://www.google.com/maps/place/Yes+Beach+Nha+Trang/data=!4m7!3m6!1s0x317067b17c8ae795:0x6e4bc055ca687170!8m2!3d12.2282572!4d109.2005359!16s%2Fg%2F11ygz7zk09!19sChIJleeKfLFncDERcHFoylXAS24?authuser=0&hl=en&rclk=1,
"65HF+H7C, Vĩnh Thái, Nha Trang, Khánh Hòa ",12.2289389,109.1731278,Hội Quán Thuỷ Sinh Mộc,,0,,4.0,Attraction,https://www.google.com/maps/place/H%E1%BB%99i+Qu%C3%A1n+Thu%E1%BB%B7+Sinh+M%E1%BB%99c/data=!4m7!3m6!1s0x31705df2f06f9995:0x9e4eda97f434f1a!8m2!3d12.2289389!4d109.1731278!16s%2Fg%2F11p_54_jsg!19sChIJlZlv8PJdcDERGk9Df6nt5Ak?authuser=0&hl=en&rclk=1,
"08 Trường Sơn, Vĩnh Nguyên, Nha Trang, Khánh Hòa 57129 ",12.213557,109.1999237,Làng nghề Trường Sơn - Trường Sơn Craft Village,0258 3882 292 ,0,,4.7,Attraction,https://www.google.com/maps/place/L%C3%A0ng+ngh%E1%BB%81+Tr%C6%B0%E1%BB%9Dng+S%C6%A1n+-+Tr%C6%B0%E1%BB%9Dng+S%C6%A1n+Craft+Village/data=!4m7!3m6!1s0x31706745517ab043:0x6dcf164c392b42a3!8m2!3d12.213557!4d109.1999237!16s%2Fg%2F11ckky2c3y!19sChIJQ7B6UUVncDERo0IrOUwWz20?authuser=0&hl=en&rclk=1,
"7685+M7G, Vĩnh Thọ, Nha Trang, Khánh Hòa ",12.2666886,109.2081884,Chùa Từ Tôn,0908 791 115 ,0,,4.6,Cultural,https://www.google.com/maps/place/Ch%C3%B9a+T%E1%BB%AB+T%C3%B4n/data=!4m7!3m6!1s0x317067eb4b39af11:0x16b1404c9969827!8m2!3d12.2666886!4d109.2081884!16s%2Fg%2F1tfskgzx!19sChIJEa85S-tncDERJ5iWyQQUawE?authuser=0&hl=en&rclk=1,
"10 Trần Phú, Vạn Thạnh, Nha Trang, Khánh Hòa 650000 ",12.2509604,109.195996,Yersin museum,0258 3829 540 ,0,,4.4,Historical,https://www.google.com/maps/place/Yersin+museum/data=!4m7!3m6!1s0x3170678389a5225b:0x23589f875f17ba6f!8m2!3d12.2509604!4d109.195996!16s%2Fg%2F11j8mfsjpq!19sChIJWyKliYNncDERb7oXX4efWCM?authuser=0&hl=en&rclk=1,
"668R+W2G, Nha Trang, Khánh Hòa ",12.2166162,109.23996,Quảng trường Thần Thoại,,0,,4.8,Attraction,https://www.google.com/maps/place/Qu%E1%BA%A3ng+tr%C6%B0%E1%BB%9Dng+Th%E1%BA%A7n+Tho%E1%BA%A1i/data=!4m7!3m6!1s0x317067002ef8b0af:0xcf773bc756e2e7aa!8m2!3d12.2166162!4d109.23996!16s%2Fg%2F11v_0bw881!19sChIJr7D4LgBncDERqufiVsc7d88?authuser=0&hl=en&rclk=1,
"653P+MW8, Nguyễn Tất Thành, Phước Đồng, Nha Trang, Khánh Hòa ",12.2041728,109.1873414,Binh Tan Roundabout,,0,,4.5,Attraction,https://www.google.com/maps/place/Binh+Tan+Roundabout/data=!4m7!3m6!1s0x31705d9e5b7dc1c9:0x68e6d4e52fd2e548!8m2!3d12.2041728!4d109.1873414!16s%2Fg%2F11qprzrcqm!19sChIJycF9W55dcDERSOXSL-XU5mg?authuser=0&hl=en&rclk=1,
"6638+73X, Vĩnh Hoà, Nha Trang, Khánh Hòa ",12.2026555,109.2164665,THE LOUNGE TOURPIK,0707 548 640 ,0,,5.0,Attraction,https://www.google.com/maps/place/THE+LOUNGE+TOURPIK/data=!4m7!3m6!1s0x31706700262095c3:0x9c4e719012fb1adc!8m2!3d12.2026555!4d109.2164665!16s%2Fg%2F11y9m_mx4l!19sChIJw5UgJgBncDER3Br7EpBxTpw?authuser=0&hl=en&rclk=1,http://tourpik.com/
"G07 Vinpearl, Harbour, Nha Trang, Khánh Hòa 65000 ",12.2164255,109.2388523,Tháp nước Quảng trường VinWonders,,0,,4.7,Cultural,https://www.google.com/maps/place/Th%C3%A1p+n%C6%B0%E1%BB%9Bc+Qu%E1%BA%A3ng+tr%C6%B0%E1%BB%9Dng+VinWonders/data=!4m7!3m6!1s0x31706700779e060b:0x27c39f1140c52415!8m2!3d12.2164255!4d109.2388523!16s%2Fg%2F11vxqsbd7s!19sChIJCwaedwBncDERFSTFQBGfwyc?authuser=0&hl=en&rclk=1,
"34 Đ. Ng. Đức Kế, Tân Tiến, Nha Trang, Khánh Hòa 650000 ",12.2394226,109.1893567,Công ty TNHH BOB Nha Trang,0976 879 969 ,0,,,Attraction,https://www.google.com/maps/place/C%C3%B4ng+ty+TNHH+BOB+Nha+Trang/data=!4m7!3m6!1s0x31706700366fb667:0xb3b960f07745cbae!8m2!3d12.2394226!4d109.1893567!16s%2Fg%2F11wp7l1pd2!19sChIJZ7ZvNgBncDERrstFd_BgubM?authuser=0&hl=en&rclk=1,
"1266 Lê Hồng Phong, Phước Trung, Nha Trang, Khánh Hòa ",12.2121514,109.1935109,Si tuyển nhi nhi,0936 294 941 ,0,,,Attraction,https://www.google.com/maps/place/Si+tuy%E1%BB%83n+nhi+nhi/data=!4m7!3m6!1s0x317067c7e555d40d:0x7d24cdb271c67dd7!8m2!3d12.2121514!4d109.1935109!16s%2Fg%2F11lrx_172b!19sChIJDdRV5cdncDER133GcbLNJH0?authuser=0&hl=en&rclk=1,
"hẻm 2 Đ. Núi Một, Tân Tiến, Nha Trang, Khánh Hòa 652080 ",12.2455117,109.188892,NhaTrang Tourist,0931 609 239 ,0,,5.0,Attraction,https://www.google.com/maps/place/NhaTrang+Tourist/data=!4m7!3m6!1s0x317067598bd50947:0x6767699508686fe!8m2!3d12.2455117!4d109.188892!16s%2Fg%2F11jbn88x3t!19sChIJRwnVi1lncDER_oaGUJl2dgY?authuser=0&hl=en&rclk=1,
"65RC+5MV, Đường Võ Nguyên Giáp, Vĩnh Thái, Nha Trang, Khánh Hòa ",12.2404921,109.1716847,"Biểu tượng kiến trúc ""SEE YOU AGAIN""",,0,,4.3,Attraction,https://www.google.com/maps/place/Bi%E1%BB%83u+t%C6%B0%E1%BB%A3ng+ki%E1%BA%BFn+tr%C3%BAc+%22SEE+YOU+AGAIN%22/data=!4m7!3m6!1s0x31705d39c7caacd9:0x161e6ab61c0c9db6!8m2!3d12.2404921!4d109.1716847!16s%2Fg%2F11vb125382!19sChIJ2azKxzldcDERtp0MHLZqHhY?authuser=0&hl=en&rclk=1,
"657V+F2R, Lê Hồng Phong, Phước Trung, Nha Trang, Khánh Hòa ",12.2137277,109.1925158,Vòng xoay Lê Hồng Phong,,0,,4.4,Attraction,https://www.google.com/maps/place/V%C3%B2ng+xoay+L%C3%AA+H%E1%BB%93ng+Phong/data=!4m7!3m6!1s0x317067b6cca93841:0x2691c9b524d7b100!8m2!3d12.2137277!4d109.1925158!16s%2Fg%2F11gsbgf0_l!19sChIJQTipzLZncDERALHXJLXJkSY?authuser=0&hl=en&rclk=1,
"Thôn Ngã Hai , Xã Khánh Phú, Huyện Khánh Vĩnh, Nha Trang, Khánh Hòa 650000 ",12.2562466,109.1909192,Khu Du Lịch Sinh Thái Tiên Long Farm,,0,,5.0,Attraction,https://www.google.com/maps/place/Khu+Du+L%E1%BB%8Bch+Sinh+Th%C3%A1i+Ti%C3%AAn+Long+Farm/data=!4m7!3m6!1s0x31706720e02e4b41:0xda1d8682bd06e2cc!8m2!3d12.2562466!4d109.1909192!16s%2Fg%2F11t5ptwqyz!19sChIJQUsu4CBncDERzOIGvYKGHdo?authuser=0&hl=en&rclk=1,
"76R9+QJ, Nha Trang, Khánh Hòa ",12.2918964,109.2190167,Freedive & Scubadiving Viet Nam,,0,,4.9,Attraction,https://www.google.com/maps/place/Freedive+%26+Scubadiving+Viet+Nam/data=!4m7!3m6!1s0x3170690053c653e7:0x199e15f1a4df03de!8m2!3d12.2918964!4d109.2190167!16s%2Fg%2F11lctmd_qk!19sChIJ51PGUwBpcDER3gPfpPEVnhk?authuser=0&hl=en&rclk=1,
"66CV+HQ9, Hòn Tre, Vĩnh Nguyên, Nha Trang, Khánh Hòa ",12.2214225,109.244483,Khu vườn Nhật,,0,,4.9,Attraction,https://www.google.com/maps/place/Khu+v%C6%B0%E1%BB%9Dn+Nh%E1%BA%ADt/data=!4m7!3m6!1s0x317067005252eacd:0x3a0e6e7e9d5c3a6a!8m2!3d12.2214225!4d109.244483!16s%2Fg%2F11y4knww7f!19sChIJzepSUgBncDERajpcnX5uDjo?authuser=0&hl=en&rclk=1,
"43 Đ. Hoàng Đình Giong, Phước Long, Nha Trang, Khánh Hòa 500000 ",12.213241,109.1849504,GreenOasis Đầm Bấy,0896 388 883 ,0,,,Attraction,https://www.google.com/maps/place/GreenOasis+%C4%90%E1%BA%A7m+B%E1%BA%A5y/data=!4m7!3m6!1s0x31705d85d081fca9:0xb753d3231bfcf927!8m2!3d12.213241!4d109.1849504!16s%2Fg%2F11xh67s51t!19sChIJqfyB0IVdcDERJ_n8GyPTU7c?authuser=0&hl=en&rclk=1,https://greentripvn.com/
"2 Đ. Nguyễn Công Trứ, Vạn Thạnh, Nha Trang, Khánh Hòa 650000 ",12.2563143,109.1942181,TRƯƠNG DANH,,0,,,Attraction,https://www.google.com/maps/place/TR%C6%AF%C6%A0NG+DANH/data=!4m7!3m6!1s0x31706719ed5725cb:0xa928c81e16604407!8m2!3d12.2563143!4d109.1942181!16s%2Fg%2F11jz30vzjl!19sChIJyyVX7RlncDERB0RgFh7IKKk?authuser=0&hl=en&rclk=1,
"56JV+2HF, Hòn Tằm, Nha Trang, Khánh Hòa ",12.1800637,109.2439131,Bãi biển Hòn Tằm,,0,,4.4,Natural,https://www.google.com/maps/place/B%C3%A3i+bi%E1%BB%83n+H%C3%B2n+T%E1%BA%B1m/data=!4m7!3m6!1s0x3170616e0212f829:0xc6bb4bc87375b1d0!8m2!3d12.1800637!4d109.2439131!16s%2Fg%2F11sdr21z_k!19sChIJKfgSAm5hcDER0LF1c8hLu8Y?authuser=0&hl=en&rclk=1,
"46 Trần Phú, Lộc Thọ, Nha Trang, Khánh Hòa 650000 ",12.2392841,109.197092,April 2nd Square,,100,₫100,4.7,Attraction,https://www.google.com/maps/place/April+2nd+Square/data=!4m7!3m6!1s0x3170670440c4a309:0x4b6cddf8aa9ba969!8m2!3d12.2392841!4d109.197092!16s%2Fg%2F11j8zcc2zf!19sChIJCaPEQARncDERaambqvjdbEs?authuser=0&hl=en&rclk=1,http://www.thodiadulich.vn/
"668R+R9R, P, Nha Trang, Khánh Hòa ",12.2169252,109.2411506,Phiêu lưu hầm mỏ,,0,,4.7,Attraction,https://www.google.com/maps/place/Phi%C3%AAu+l%C6%B0u+h%E1%BA%A7m+m%E1%BB%8F/data=!4m7!3m6!1s0x31706700057c10bf:0x50fed61fc7bf17df!8m2!3d12.2169252!4d109.2411506!16s%2Fg%2F11y67d_p_b!19sChIJvxB8BQBncDER3xe_xx_W_lA?authuser=0&hl=en&rclk=1,
"15 Trần Đường, Phương Sài, Nha Trang, Khánh Hòa 650000 ",12.2491319,109.1844118,Vo Van Ky Park,,0,,4.2,Natural,https://www.google.com/maps/place/Vo+Van+Ky+Park/data=!4m7!3m6!1s0x31705d7f03126097:0xc2be0c025bea9ba6!8m2!3d12.2491319!4d109.1844118!16s%2Fg%2F1tkrj8tt!19sChIJl2ASA39dcDERppvqWwIMvsI?authuser=0&hl=en&rclk=1,
"102 Trần Phú, Lộc Thọ, Nha Trang, Khánh Hòa 650000 ",12.2252325,109.2020369,Bãi biển Nha Trang,,0,,4.8,Natural,https://www.google.com/maps/place/B%C3%A3i+bi%E1%BB%83n+Nha+Trang/data=!4m7!3m6!1s0x31705dd49df29ed7:0x354f73ff34a407c0!8m2!3d12.2252325!4d109.2020369!16s%2Fg%2F11vc0x6ppr!19sChIJ157yndRdcDERwAekNP9zTzU?authuser=0&hl=en&rclk=1,https://www.facebook.com/nhatrangbeach79
"559X+MF5, Phước Hạ, Nha Trang, Khánh Hòa ",12.1691288,109.1987411,Sao Biển Island,,0,,4.0,Natural,https://www.google.com/maps/place/Sao+Bi%E1%BB%83n+Island/data=!4m7!3m6!1s0x317061ae7c0e8e41:0xf722bee31686947a!8m2!3d12.1691288!4d109.1987411!16s%2Fg%2F11h4kcc9pv!19sChIJQY4OfK5hcDERepSGFuO-Ivc?authuser=0&hl=en&rclk=1,
"667R+722, Vĩnh Nguyên, Nha Trang, Khánh Hòa ",12.2131342,109.2400006,Fusion House,,0,,5.0,Attraction,https://www.google.com/maps/place/Fusion+House/data=!4m7!3m6!1s0x317067004465fc2b:0x9245217df525f488!8m2!3d12.2131342!4d109.2400006!16s%2Fg%2F11vxqs639p!19sChIJK_xlRABncDERiPQl9X0hRZI?authuser=0&hl=en&rclk=1,
"752J+W68, Đồi Trại Thủy, Nha Trang, Khánh Hòa 650000 ",12.252293,109.1805732,Đồi Phương Sơn,0901 927 323 ,0,,2.5,Natural,https://www.google.com/maps/place/%C4%90%E1%BB%93i+Ph%C6%B0%C6%A1ng+S%C6%A1n/data=!4m7!3m6!1s0x31705ddf41727921:0x1ecbaac3c6846b9b!8m2!3d12.252293!4d109.1805732!16s%2Fg%2F11khsfv33j!19sChIJIXlyQd9dcDERm2uExsOqyx4?authuser=0&hl=en&rclk=1,
"56P9+HF, Trí Nguyên, Nha Trang, Khánh Hòa ",12.186381,109.2195976,Hòn Tằm- khu tắm bùn Nha Trang,,0,,,Attraction,https://www.google.com/maps/place/H%C3%B2n+T%E1%BA%B1m-+khu+t%E1%BA%AFm+b%C3%B9n+Nha+Trang/data=!4m7!3m6!1s0x317061006dd6f1f5:0x5c82e2c206a6244d!8m2!3d12.186381!4d109.2195976!16s%2Fg%2F11mf2dr293!19sChIJ9fHWbQBhcDERTSSmBsLiglw?authuser=0&hl=en&rclk=1,
"667R+99W, Vĩnh Nguyên, Nha Trang, Khánh Hòa ",12.2132715,109.2393394,Bến tàu Vinpearl,,0,,4.6,Attraction,https://www.google.com/maps/place/B%E1%BA%BFn+t%C3%A0u+Vinpearl/data=!4m7!3m6!1s0x31706700751b5d5f:0xb52a57c11dad1ac8!8m2!3d12.2132715!4d109.2393394!16s%2Fg%2F11w7p4hg1_!19sChIJX10bdQBncDERyBqtHcFXKrU?authuser=0&hl=en&rclk=1,
"34 Tô Hiến Thành, Tân Tiến, Nha Trang, Khánh Hòa 65000 ",12.2387354,109.1921819,Yolo Ocean Camp - Tour đảo Nha Trang,0877 553 370 ,0,,4.9,Attraction,https://www.google.com/maps/place/Yolo+Ocean+Camp+-+Tour+%C4%91%E1%BA%A3o+Nha+Trang/data=!4m7!3m6!1s0x31705d7f3f2121d3:0xf2275cf58cc91b82!8m2!3d12.2387354!4d109.1921819!16s%2Fg%2F11s7w_fs9g!19sChIJ0yEhP39dcDERghvJjPVcJ_I?authuser=0&hl=en&rclk=1,https://yolooceancamp.com/
"11 Bạch Đằng, Tân Tiến, Nha Trang, Khánh Hòa 650000 ",12.2433774,109.1882869,Phòng vé Thành Chương NT,0946 777 215 ,0,,3.7,Attraction,https://www.google.com/maps/place/Ph%C3%B2ng+v%C3%A9+Th%C3%A0nh+Ch%C6%B0%C6%A1ng+NT/data=!4m7!3m6!1s0x317067c3628ba8ef:0x886bb803f5a63a27!8m2!3d12.2433774!4d109.1882869!16s%2Fg%2F11ptvfhp6z!19sChIJ76iLYsNncDERJzqm9QO4a4g?authuser=0&hl=en&rclk=1,
"104 Trần Phú, Vĩnh Hoà, Nha Trang, Khánh Hòa 650000 ",12.2340421,109.1983363,Checkin Nha Trang,,0,,5.0,Attraction,https://www.google.com/maps/place/Checkin+Nha+Trang/data=!4m7!3m6!1s0x3170671c2ce2753d:0x1f750142337721ce!8m2!3d12.2340421!4d109.1983363!16s%2Fg%2F11lng503yr!19sChIJPXXiLBxncDERziF3M0IBdR8?authuser=0&hl=en&rclk=1,
"756X+QMG, Vạn Thạnh, Nha Trang, Khánh Hòa 650000 ",12.2619378,109.1992045,Trần Phú Bridge,,0,,4.6,Attraction,https://www.google.com/maps/place/Tr%E1%BA%A7n+Ph%C3%BA+Bridge/data=!4m7!3m6!1s0x3170678e07624901:0xa8ec9251d44ad1b8!8m2!3d12.2619378!4d109.1992045!16s%2Fg%2F11clvtswvj!19sChIJAUliB45ncDERuNFK1FGS7Kg?authuser=0&hl=en&rclk=1,
"Ba Làng, Nha Trang, Khánh Hòa 650000 ",12.287106,109.2046145,XÓM Trường,0379 220 168 ,0,,5.0,Attraction,https://www.google.com/maps/place/X%C3%93M+Tr%C6%B0%E1%BB%9Dng/data=!4m7!3m6!1s0x3170698adefee425:0x767c414c571c9938!8m2!3d12.287106!4d109.2046145!16s%2Fg%2F11l25c09tn!19sChIJJeT-3oppcDEROJkcV0xBfHY?authuser=0&hl=en&rclk=1,
"668R+W2G, Nha Trang, Khánh Hòa ",12.2167184,109.2402453,Sân khấu thực cảnh Tata Show,,0,,4.4,Attraction,https://www.google.com/maps/place/S%C3%A2n+kh%E1%BA%A5u+th%E1%BB%B1c+c%E1%BA%A3nh+Tata+Show/data=!4m7!3m6!1s0x317067001c4ef379:0xfb1049c1bd218f5!8m2!3d12.2167184!4d109.2402453!16s%2Fg%2F11y4vbpc8q!19sChIJefNOHABncDER9RjSG5wEsQ8?authuser=0&hl=en&rclk=1,
"667R+W2J, Vĩnh Nguyên, Nha Trang, Khánh Hòa ",12.2148326,109.240019,Quảng trường Harbour,,0,,5.0,Attraction,https://www.google.com/maps/place/Qu%E1%BA%A3ng+tr%C6%B0%E1%BB%9Dng+Harbour/data=!4m7!3m6!1s0x317067004a61d9c3:0xb990b914acd58e8d!8m2!3d12.2148326!4d109.240019!16s%2Fg%2F11y4vdl78y!19sChIJw9lhSgBncDERjY7VrBS5kLk?authuser=0&hl=en&rclk=1,
"56HV+WFH, Nha Trang - Hòn Tằm, Nha Trang, Khánh Hòa ",12.1798187,109.2437335,Trò chơi dưới nước biển nhân tạo,,0,,3.7,Natural,https://www.google.com/maps/place/Tr%C3%B2+ch%C6%A1i+d%C6%B0%E1%BB%9Bi+n%C6%B0%E1%BB%9Bc+bi%E1%BB%83n+nh%C3%A2n+t%E1%BA%A1o/data=!4m7!3m6!1s0x31706181598f93fb:0x7961acd01034ff79!8m2!3d12.1798187!4d109.2437335!16s%2Fg%2F11tfzkcdkg!19sChIJ-5OPWYFhcDERef80ENCsYXk?authuser=0&hl=en&rclk=1,
56GQ+44 베트남 칸호아 냐짱 ,12.1752544,109.2378166,혼땀섬 스킨스쿠버 씨워킹 체험장,,0,,3.0,Attraction,https://www.google.com/maps/place/%ED%98%BC%EB%95%80%EC%84%AC+%EC%8A%A4%ED%82%A8%EC%8A%A4%EC%BF%A0%EB%B2%84+%EC%94%A8%EC%9B%8C%ED%82%B9+%EC%B2%B4%ED%97%98%EC%9E%A5/data=!4m7!3m6!1s0x317061005ca5b2e7:0x8b2a059fbbee66ab!8m2!3d12.1752544!4d109.2378166!16s%2Fg%2F11ygl4bm8j!19sChIJ57KlXABhcDERq2buu58FKos?authuser=0&hl=en&rclk=1,
"100 Nguyễn Trãi, Tân Tiến, Nha Trang, Khánh Hòa 650000 ",12.2443112,109.18664,Улица с железной дорогой,,0,,4.4,Attraction,https://www.google.com/maps/place/%D0%A3%D0%BB%D0%B8%D1%86%D0%B0+%D1%81+%D0%B6%D0%B5%D0%BB%D0%B5%D0%B7%D0%BD%D0%BE%D0%B9+%D0%B4%D0%BE%D1%80%D0%BE%D0%B3%D0%BE%D0%B9/data=!4m7!3m6!1s0x31705d8682d277d1:0xcfe44fccc07e76b5!8m2!3d12.2443112!4d109.18664!16s%2Fg%2F11j301mrmz!19sChIJ0XfSgoZdcDERtXZ-wMxP5M8?authuser=0&hl=en&rclk=1,
"66CW+VWM, Vĩnh Nguyên, Nha Trang, Khánh Hòa ",12.2224512,109.2469301,Paramotor Flying Service,0946 168 436 ,0,,5.0,Attraction,https://www.google.com/maps/place/Paramotor+Flying+Service/data=!4m7!3m6!1s0x3170670017349149:0xb31bc90c64813cc3!8m2!3d12.2224512!4d109.2469301!16s%2Fg%2F11xcgc336p!19sChIJSZE0FwBncDERwzyBZAzJG7M?authuser=0&hl=en&rclk=1,
"669V+Q8, Vĩnh Nguyên, Nha Trang, Khánh Hòa ",12.219901,109.243388,홍학 호수,,0,,4.9,Attraction,https://www.google.com/maps/place/%ED%99%8D%ED%95%99+%ED%98%B8%EC%88%98/data=!4m7!3m6!1s0x317067002f4cb099:0x48fb940f1c940442!8m2!3d12.219901!4d109.243388!16s%2Fg%2F11wxwvw1g_!19sChIJmbBMLwBncDERQgSUHA-U-0g?authuser=0&hl=en&rclk=1,
"668R+25W, Vĩnh Nguyên, Nha Trang, Khánh Hòa ",12.2148729,109.240068,Sân khấu thực cảnh Vũ hội Monte Carlo,,0,,5.0,Attraction,https://www.google.com/maps/place/S%C3%A2n+kh%E1%BA%A5u+th%E1%BB%B1c+c%E1%BA%A3nh+V%C5%A9+h%E1%BB%99i+Monte+Carlo/data=!4m7!3m6!1s0x3170670015f3308d:0x41c7072190300565!8m2!3d12.2148729!4d109.240068!16s%2Fg%2F11y4vfw89m!19sChIJjTDzFQBncDERZQUwkCEHx0E?authuser=0&hl=en&rclk=1,
"669V+Q8, Vĩnh Nguyên, Nha Trang, Khánh Hòa ",12.2194002,109.2433269,Sân Khấu xiếc thú,,0,,4.8,Attraction,https://www.google.com/maps/place/S%C3%A2n+Kh%E1%BA%A5u+xi%E1%BA%BFc+th%C3%BA/data=!4m7!3m6!1s0x317067781f211665:0xbb1a103ab669b46f!8m2!3d12.2194002!4d109.2433269!16s%2Fg%2F11t_t6jplw!19sChIJZRYhH3hncDERb7RptjoQGrs?authuser=0&hl=en&rclk=1,
"150 Ngô Đến, Vĩnh Phước, Nha Trang, Khánh Hòa 650000 ",12.2689526,109.1922663,Phu setup,,0,,,Attraction,https://www.google.com/maps/place/Phu+setup/data=!4m7!3m6!1s0x3170670078670ced:0xde048402d0f03360!8m2!3d12.2689526!4d109.1922663!16s%2Fg%2F11m6phmtn2!19sChIJ7QxneABncDERYDPw0AKEBN4?authuser=0&hl=en&rclk=1,
"277 Đ. Lương Định Của, Vĩnh Ngọc, Nha Trang, Khánh Hòa ",12.263531,109.1698312,機織り工場,,0,,4.0,Attraction,https://www.google.com/maps/place/%E6%A9%9F%E7%B9%94%E3%82%8A%E5%B7%A5%E5%A0%B4/data=!4m7!3m6!1s0x31705d007db453d7:0x986d5f2a0f8f8a89!8m2!3d12.263531!4d109.1698312!16s%2Fg%2F11vpccdm27!19sChIJ11O0fQBdcDERiYqPDypfbZg?authuser=0&hl=en&rclk=1,
"Phước Trung, Nha Trang, Khánh Hòa ",12.1881986,109.1566435,KDL Galina Lake View,0899 995 179 ,0,,4.1,Natural,https://www.google.com/maps/place/KDL+Galina+Lake+View/data=!4m7!3m6!1s0x31705f03ee4d331b:0x1a241b0510f86609!8m2!3d12.1881986!4d109.1566435!16s%2Fg%2F11gtgbwps7!19sChIJGzNN7gNfcDERCWb4EAUbJBo?authuser=0&hl=en&rclk=1,http://www.galinalakeview.com/
"75FG+46Q, Vĩnh Ngọc, Nha Trang, Khánh Hòa ",12.2728375,109.1756094,아이리조트 스파(베트남),,0,,4.5,Attraction,https://www.google.com/maps/place/%EC%95%84%EC%9D%B4%EB%A6%AC%EC%A1%B0%ED%8A%B8+%EC%8A%A4%ED%8C%8C%28%EB%B2%A0%ED%8A%B8%EB%82%A8%29/data=!4m7!3m6!1s0x31705d00746d5ff9:0x9d5e7b0e11e40ae6!8m2!3d12.2728375!4d109.1756094!16s%2Fg%2F11y8zj_rdt!19sChIJ-V9tdABdcDER5grkEQ57Xp0?authuser=0&hl=en&rclk=1,
"669R+566, Vĩnh Nguyên, Nha Trang, Khánh Hòa ",12.2176494,109.2415589,Sân khấu nhạc nước,,0,,4.4,Attraction,https://www.google.com/maps/place/S%C3%A2n+kh%E1%BA%A5u+nh%E1%BA%A1c+n%C6%B0%E1%BB%9Bc/data=!4m7!3m6!1s0x3170671996224f59:0xaac97b64bfcae1f6!8m2!3d12.2176494!4d109.2415589!16s%2Fg%2F11t_sm1hrg!19sChIJWU8ilhlncDER9uHKv2R7yao?authuser=0&hl=en&rclk=1,
"6638+8X, Khánh Hòa, 35956 ",12.2032684,109.2174836,Cáp Treo Vinpearl Harbour Nha Trang,1900 8095 ,0,,2.0,Attraction,https://www.google.com/maps/place/C%C3%A1p+Treo+Vinpearl+Harbour+Nha+Trang/data=!4m7!3m6!1s0x31348f0a2380879b:0x96b0ec48a50ba3c2!8m2!3d12.2032684!4d109.2174836!16s%2Fg%2F11s6f3dqr8!19sChIJm4eAIwqPNDERwqMLpUjssJY?authuser=0&hl=en&rclk=1,https://viettelpost.com.vn/
"4 Đ. Nguyễn Bỉnh Khiêm, Vạn Thạnh, Nha Trang, Khánh Hòa 650000 ",12.2576055,109.1921179,Bờ kè Hà Ra,,0,,,Attraction,https://www.google.com/maps/place/B%E1%BB%9D+k%C3%A8+H%C3%A0+Ra/data=!4m7!3m6!1s0x3170670017f9499d:0x25a4467e4129baf5!8m2!3d12.2576055!4d109.1921179!16s%2Fg%2F11xz3c66hg!19sChIJnUn5FwBncDER9bopQX5GpCU?authuser=0&hl=en&rclk=1,
"75FG+258, Vĩnh Ngọc, Nha Trang, Khánh Hòa ",12.2725279,109.1754562,I-Resort Swimming Pool,,0,,4.4,Attraction,https://www.google.com/maps/place/I-Resort+Swimming+Pool/data=!4m7!3m6!1s0x31705d00114b88a9:0x48aeea8b7121c0a5!8m2!3d12.2725279!4d109.1754562!16s%2Fg%2F11v_159l9d!19sChIJqYhLEQBdcDERpcAhcYvqrkg?authuser=0&hl=en&rclk=1,
"669Q+HQP Vịnh, Nha Trang, Khánh Hòa ",12.2187222,109.2388889,Bè Nuôi Cá,,0,,,Attraction,https://www.google.com/maps/place/B%C3%A8+Nu%C3%B4i+C%C3%A1/data=!4m7!3m6!1s0x3170670041eb3e73:0x4873f988aa98f698!8m2!3d12.2187222!4d109.2388889!16s%2Fg%2F11zhnvjppx!19sChIJcz7rQQBncDERmPaYqoj5c0g?authuser=0&hl=en&rclk=1,
"31 Thái Thông, Vĩnh Thái, Nha Trang, Khánh Hòa 57000 ",12.2473682,109.1582287,Nha Trang Xua Workshop,0981 484 073 ,0,,5.0,Attraction,https://www.google.com/maps/place/Nha+Trang+Xua+Workshop/data=!4m7!3m6!1s0x31705d52593a4b0b:0x4ce4133d4a2a932d!8m2!3d12.2473682!4d109.1582287!16s%2Fg%2F11zk18ssfb!19sChIJC0s6WVJdcDERLZMqSj0T5Ew?authuser=0&hl=en&rclk=1,https://langnghenhatrangxua.com/home
"Lộc Thọ, Nha Trang, Khánh Hòa 650000 ",12.2387911,109.1967488,Tri Nguyen Aquarium,0943 571 616 ,0,,3.6,Attraction,https://www.google.com/maps/place/Tri+Nguyen+Aquarium/data=!4m7!3m6!1s0x317060d22e09b6fb:0x3171af26c9326eaa!8m2!3d12.2387911!4d109.1967488!16s%2Fg%2F1z44b09v5!19sChIJ-7YJLtJgcDERqm4yySavcTE?authuser=0&hl=en&rclk=1,http://thodianhatrang.vn/
"666R+W9X, Vĩnh Nguyên, Nha Trang, Khánh Hòa ",12.212373,109.2409769,Biểu diễn moto nước,,0,,4.8,Attraction,https://www.google.com/maps/place/Bi%E1%BB%83u+di%E1%BB%85n+moto+n%C6%B0%E1%BB%9Bc/data=!4m7!3m6!1s0x3170670070fa4553:0x59e4cc6484062f0!8m2!3d12.212373!4d109.2409769!16s%2Fg%2F11ycggq565!19sChIJU0X6cABncDER8GJASMZMngU?authuser=0&hl=en&rclk=1,
"19, Vĩnh Ngọc, Nha Trang, Khánh Hòa ",12.2720223,109.174662,Hồ Tạo sóng I-Resort,,0,,4.6,Attraction,https://www.google.com/maps/place/H%E1%BB%93+T%E1%BA%A1o+s%C3%B3ng+I-Resort/data=!4m7!3m6!1s0x31705d00387c25c9:0xa7db4bbf5dbf27c9!8m2!3d12.2720223!4d109.174662!16s%2Fg%2F11vxttsfmy!19sChIJySV8OABdcDERySe_Xb9L26c?authuser=0&hl=en&rclk=1,
"108 Đ. Thạch Sơn, TT. Sa Pa, Sa Pa, Lào Cai ",22.3355743,103.8479672,"Cloud Yard, Ham Rong Mountain",,0,,4.5,Natural,"https://www.google.com/maps/place/Cloud+Yard,+Ham+Rong+Mountain/data=!4m7!3m6!1s0x36cd41ec853dfee1:0x5a97ccbb9036fef2!8m2!3d22.3355743!4d103.8479672!16s%2Fg%2F11fw95x_kx!19sChIJ4f49hexBzTYR8v42kLvMl1o?authuser=0&hl=en&rclk=1",
"Ngõ 88 Đường Điện Biên Phủ, TT. Sa Pa, Sa Pa, Lào Cai ",22.3502499,103.8553306,Sapa Story,0868 152 111 ,0,,4.1,Attraction,https://www.google.com/maps/place/Sapa+Story/data=!4m7!3m6!1s0x36cd41d87da53ec7:0x1624e64492a5a35c!8m2!3d22.3502499!4d103.8553306!16s%2Fg%2F11smvkjxqk!19sChIJxz6lfdhBzTYRXKOlkkTmJBY?authuser=0&hl=en&rclk=1,https://www.facebook.com/SapaStoryvn
"QL4D, Sơn Bình, Tam Đường, Lào Cai ",22.3723777,103.7575047,Rong May Glass Bridge,0386 679 610 ,300000,₫300000,4.4,Attraction,https://www.google.com/maps/place/Rong+May+Glass+Bridge/data=!4m7!3m6!1s0x36cd43efa645f6b7:0xb5f2f5201dd720b8!8m2!3d22.3723777!4d103.7575047!16s%2Fg%2F11rsrz9nt6!19sChIJt_ZFpu9DzTYRuCDXHSD18rU?authuser=0&hl=en&rclk=1,https://ticket-stations.com/rong-may-sapa
"Thôn, Cát Cát, Sa Pa, Lào Cai ",22.3310248,103.8339731,Cat Cat Tourism Village,0943 602 200 ,0,,4.1,Attraction,https://www.google.com/maps/place/Cat+Cat+Tourism+Village/data=!4m7!3m6!1s0x36cd416818be0e47:0xcca9570ce4ef98f!8m2!3d22.3310248!4d103.8339731!16s%2Fg%2F11b6r09l6x!19sChIJRw6-GGhBzTYRj_lOznCVygw?authuser=0&hl=en&rclk=1,http://bancatcatsapa.vn/
"8RJH+FQ6, Cát Cát, Sa Pa, Lào Cai ",22.3312974,103.8295029,Sin Chai Village,,1710963,₫1710963,4.4,Attraction,https://www.google.com/maps/place/Sin+Chai+Village/data=!4m7!3m6!1s0x36cd411e037ee577:0x7309347b31ae7066!8m2!3d22.3312974!4d103.8295029!16s%2Fg%2F11ty4jfb7p!19sChIJd-V-Ax5BzTYRZnCuMXs0CXM?authuser=0&hl=en&rclk=1,
"8V7G+MJC, Lao Chải, Sa Pa, Lào Cai ",22.314183,103.8765109,Mường Hoa Valley,,618579,₫618579,4.6,Attraction,https://www.google.com/maps/place/M%C6%B0%E1%BB%9Dng+Hoa+Valley/data=!4m7!3m6!1s0x36cd40ceae54d205:0xda1a10e93ef56ca3!8m2!3d22.314183!4d103.8765109!16s%2Fg%2F11c527gywb!19sChIJBdJUrs5AzTYRo2z1PukQGto?authuser=0&hl=en&rclk=1,
"Ta Van, Sa Pa, Lao Cai ",22.307573,103.893106,Thung Lũng Mường Hoa,0782 443 321 ,0,,4.7,Attraction,https://www.google.com/maps/place/Thung+L%C5%A9ng+M%C6%B0%E1%BB%9Dng+Hoa/data=!4m7!3m6!1s0x36cd418297613a89:0x4a28580daa769a59!8m2!3d22.307573!4d103.893106!16s%2Fg%2F11h6lprj5c!19sChIJiTphl4JBzTYRWZp2qg1YKEo?authuser=0&hl=en&rclk=1,
"Thác Bạc, TT. Sa Pa, Sa Pa, Lào Cai ",22.3350189,103.8397264,"Sapa Cycling, Trekking, Homestay, Motorbike Tours Company",0386 664 688 ,0,,5.0,Attraction,"https://www.google.com/maps/place/Sapa+Cycling,+Trekking,+Homestay,+Motorbike+Tours+Company/data=!4m7!3m6!1s0x36cd417416430083:0xe08f7c1dec491211!8m2!3d22.3350189!4d103.8397264!16s%2Fg%2F11sz2nhyw_!19sChIJgwBDFnRBzTYRERJJ7B18j-A?authuser=0&hl=en&rclk=1",http://www.sapacyclingtours.com/
"số 68 Violet, Phường Cầu Mây, Sa Pa, Lào Cai 330000 ",22.3273593,103.8459589,Moana Sapa,0853 693 666 ,770000,₫770000,4.2,Attraction,https://www.google.com/maps/place/Moana+Sapa/data=!4m7!3m6!1s0x36cd414f8d144b39:0xe883d4d35db228da!8m2!3d22.3273593!4d103.8459589!16s%2Fg%2F11mhxq6gq6!19sChIJOUsUjU9BzTYR2iiyXdPUg-g?authuser=0&hl=en&rclk=1,https://www.facebook.com/profile.php?id=100095461925872&mibextid=LQQJ4d
"Đường Lên, TT. Sa Pa, Sa Pa, Lào Cai ",22.334574,103.8477709,Ham Rong Sa Pa Eco-Tourism Area,0862 880 246 ,30000,₫30000,4.3,Attraction,https://www.google.com/maps/place/Ham+Rong+Sa+Pa+Eco-Tourism+Area/data=!4m7!3m6!1s0x36cd4114b1f62c81:0x6fc75725fb1beaf7!8m2!3d22.334574!4d103.8477709!16s%2Fg%2F11csrhhs0r!19sChIJgSz2sRRBzTYR9-ob-yVXx28?authuser=0&hl=en&rclk=1,http://www.hamrongsapa.com/
"San Sả Hồ, Sa Pa, Lao Cai ",22.3618874,103.777723,Silver Waterfall Sa Pa,,500000,₫500000,4.2,Natural,https://www.google.com/maps/place/Silver+Waterfall+Sa+Pa/data=!4m7!3m6!1s0x36cd4363ffb06d7b:0x57e2b82ba8da7884!8m2!3d22.3618874!4d103.777723!16s%2Fg%2F1235qq1b!19sChIJe22w_2NDzTYRhHjaqCu44lc?authuser=0&hl=en&rclk=1,https://ticket-stations.com/tour-thac-bac-sapa
"8V76+G88, Unnamed, Road, Sa Pa, Lào Cai ",22.3137965,103.8608301,Check-in Point,,1447738,₫1447738,4.6,Attraction,https://www.google.com/maps/place/Check-in+Point/data=!4m7!3m6!1s0x36cd412edff3aed5:0xf960ffe137a1c9e7!8m2!3d22.3137965!4d103.8608301!16s%2Fg%2F11c54dgw9g!19sChIJ1a7z3y5BzTYR58mhN-H_YPk?authuser=0&hl=en&rclk=1,https://baetravel.vn/
"51 Thành Công, TT. Sa Pa, Sa Pa, Lào Cai 330000 ",22.3440984,103.8496305,Ansapa Village,0965 377 887 ,0,,4.1,Attraction,https://www.google.com/maps/place/Ansapa+Village/data=!4m7!3m6!1s0x36cd410c3314babd:0xfe415c0a42af9e7e!8m2!3d22.3440984!4d103.8496305!16s%2Fg%2F11c4ff7whm!19sChIJvboUMwxBzTYRfp6vQgpcQf4?authuser=0&hl=en&rclk=1,
"QL4D, Sa Pả, Sa Pa, Lào Cai ",22.352825,103.858697,Sapa Green Valley,0972 133 444 ,0,,4.4,Attraction,https://www.google.com/maps/place/Sapa+Green+Valley/data=!4m7!3m6!1s0x36cd414102e9dbd3:0xbd9c6214d8a731d!8m2!3d22.352825!4d103.858697!16s%2Fg%2F11r6_hy8hc!19sChIJ09vpAkFBzTYRHXOKTSHG2Qs?authuser=0&hl=en&rclk=1,
"8RPR+8J5, TT. Sa Pa, Sa Pa, Lào Cai ",22.3357601,103.8416023,Sa Pa- thành phố trong sương,,0,,4.5,Attraction,https://www.google.com/maps/place/Sa+Pa-+th%C3%A0nh+ph%E1%BB%91+trong+s%C6%B0%C6%A1ng/data=!4m7!3m6!1s0x36cd41002f8ab297:0x3b00a65611c38d4d!8m2!3d22.3357601!4d103.8416023!16s%2Fg%2F11y49ymh74!19sChIJl7KKLwBBzTYRTY3DEVamADs?authuser=0&hl=en&rclk=1,
"9Q28+W5R, Sơn Bình, Tam Đường, Lai Châu ",22.3523571,103.7653944,Sapa Heaven Gate,,2821772,₫2821772,4.2,Attraction,https://www.google.com/maps/place/Sapa+Heaven+Gate/data=!4m7!3m6!1s0x36cd43404526bf77:0x635e0cb2cd8b99ef!8m2!3d22.3523571!4d103.7653944!16s%2Fg%2F11h0g_kzw0!19sChIJd78mRUBDzTYR75mLzbIMXmM?authuser=0&hl=en&rclk=1,
"Unnamed Road, Sa Pa, Lào Cai ",22.3224202,103.885442,Sa Pa Sha,0335 263 743 ,0,,4.8,Attraction,https://www.google.com/maps/place/Sa+Pa+Sha/data=!4m7!3m6!1s0x36cd412cedf9dbd5:0x402124df83b0b242!8m2!3d22.3224202!4d103.885442!16s%2Fg%2F11h598pkwj!19sChIJ1dv57SxBzTYRQrKwg98kIUA?authuser=0&hl=en&rclk=1,
"8V9Q+JH4, Unnamed, Road, Sa Pa, Lào Cai ",22.3192048,103.8885289,Sky Hill,,0,,4.9,Attraction,https://www.google.com/maps/place/Sky+Hill/data=!4m7!3m6!1s0x36cd41ac288f17fd:0x56a21ea59baba3fc!8m2!3d22.3192048!4d103.8885289!16s%2Fg%2F11l68pjpxy!19sChIJ_RePKKxBzTYR_KOrm6UeolY?authuser=0&hl=en&rclk=1,
"98 Nguyễn Chí Thanh, TT. Sa Pa, Sa Pa, Lào Cai ",22.3392371,103.8303873,Swing Sapa,0981 887 888 ,0,,3.8,Attraction,https://www.google.com/maps/place/Swing+Sapa/data=!4m7!3m6!1s0x36cd4165147cd01f:0xbbff0c2a86c0267b!8m2!3d22.3392371!4d103.8303873!16s%2Fg%2F11l244_c86!19sChIJH9B8FGVBzTYReybAhioM_7s?authuser=0&hl=en&rclk=1,
"Đ. Thạch Sơn, TT. Sa Pa, Sa Pa, Lào Cai ",22.3359257,103.842361,Sapa Park,0567 526 666 ,0,,4.2,Natural,https://www.google.com/maps/place/Sapa+Park/data=!4m7!3m6!1s0x36cd416c9cb4777d:0x6f5fa91da98bfd34!8m2!3d22.3359257!4d103.842361!16s%2Fg%2F1hhl10q5r!19sChIJfXe0nGxBzTYRNP2LqR2pX28?authuser=0&hl=en&rclk=1,
"41B Mường Hoa, TT. Sa Pa, Sa Pa, Lào Cai ",22.3303149,103.8454835,The Bench,,0,,5.0,Attraction,https://www.google.com/maps/place/The+Bench/data=!4m7!3m6!1s0x36cd41002b7fae13:0xb1962d3d21a30f33!8m2!3d22.3303149!4d103.8454835!16s%2Fg%2F11y0_0fkc5!19sChIJE65_KwBBzTYRMw-jIT0tlrE?authuser=0&hl=en&rclk=1,
"8VQ2+MF2 Văn phòng Sapa, TT. Sa Pa, Sa Pa, Lào Cai ",22.3391484,103.8511439,Chợ Phiên Vùng Cao,0819 625 858 ,0,,4.8,Attraction,https://www.google.com/maps/place/Ch%E1%BB%A3+Phi%C3%AAn+V%C3%B9ng+Cao/data=!4m7!3m6!1s0x36cd410043ee0557:0x88f77b7d90704f0f!8m2!3d22.3391484!4d103.8511439!16s%2Fg%2F11wqdmwy_8!19sChIJVwXuQwBBzTYRD09wkH1794g?authuser=0&hl=en&rclk=1,http://sapatrip.vn/
"8RGP+WCJ, TT. Sa Pa, Sa Pa, Lào Cai ",22.326953,103.8371743,Sacred forest,,0,,3.8,Attraction,https://www.google.com/maps/place/Sacred+forest/data=!4m7!3m6!1s0x36cd4100043914e7:0x89427dfd1f66de57!8m2!3d22.326953!4d103.8371743!16s%2Fg%2F11x8nxwzfy!19sChIJ5xQ5BABBzTYRV95mH_19Qok?authuser=0&hl=en&rclk=1,
"Sa Pả, Sa Pa, Lao Cai ",22.3614418,103.8706165,Vườn Hồng Cổ Sa Pa,0982 845 836 ,0,,4.3,Attraction,https://www.google.com/maps/place/V%C6%B0%E1%BB%9Dn+H%E1%BB%93ng+C%E1%BB%95+Sa+Pa/data=!4m7!3m6!1s0x36cd410c799e55bd:0x523dd3fdfb631fbe!8m2!3d22.3614418!4d103.8706165!16s%2Fg%2F11h_0ll9mm!19sChIJvVWeeQxBzTYRvh9j-_3TPVI?authuser=0&hl=en&rclk=1,https://www.facebook.com/Vuonhoahongcosapa
"Ngõ 081 Đường Điện Biên Phủ, TT. Sa Pa, Sa Pa, Lào Cai 330000 ",22.351191,103.8572819,Làng nghề thổ cẩm Lan Rừng (Lan Rung Brocade),0355 315 674 ,0,,4.4,Attraction,https://www.google.com/maps/place/L%C3%A0ng+ngh%E1%BB%81+th%E1%BB%95+c%E1%BA%A9m+Lan+R%E1%BB%ABng+%28Lan+Rung+Brocade%29/data=!4m7!3m6!1s0x36cd412dcb18c79d:0x8b18758b91f78f05!8m2!3d22.351191!4d103.8572819!16s%2Fg%2F11l23qfwv0!19sChIJnccYyy1BzTYRBY_3kYt1GIs?authuser=0&hl=en&rclk=1,https://thocamlanrung.com/
"8RMR+PJJ, TT. Sa Pa, Sa Pa, Lào Cai ",22.3343384,103.84151,Sapa-Love-Market,,0,,3.3,Shopping,https://www.google.com/maps/place/Sapa-Love-Market/data=!4m7!3m6!1s0x36cd416d2f1cb7cf:0x265f194489a6f903!8m2!3d22.3343384!4d103.84151!16s%2Fg%2F11kn333y85!19sChIJz7ccL21BzTYRA_mmiUQZXyY?authuser=0&hl=en&rclk=1,https://www.facebook.com/SapaLoveMarketSince1906/
"Sơn Bình, Sa Pa, Lao Cai ",22.3516849,103.765448,Sky Gate of O Quy Ho,0967 359 329 ,0,,4.4,Attraction,https://www.google.com/maps/place/Sky+Gate+of+O+Quy+Ho/data=!4m7!3m6!1s0x36cd43c0b7e2f393:0xfff18a4e86f37835!8m2!3d22.3516849!4d103.765448!16s%2Fg%2F11fb2xdn4s!19sChIJk_Pit8BDzTYRNXjzhk6K8f8?authuser=0&hl=en&rclk=1,http://congtroioquyho.com/
"8V3X+HG3, TL152, Mường Hoa, Sa Pa, Lào Cai ",22.3037947,103.8985983,Ancient Stone Carving,,0,,,Attraction,https://www.google.com/maps/place/Ancient+Stone+Carving/data=!4m7!3m6!1s0x36cd410053068f35:0x6191c600128817a!8m2!3d22.3037947!4d103.8985983!16s%2Fg%2F11xw940l7t!19sChIJNY8GUwBBzTYReoEoAWAcGQY?authuser=0&hl=en&rclk=1,
"Phan Xi Păng P, Cát Cát, Sa Pa, Lào Cai 02143 ",22.332289,103.8363714,Gu Outdoor Sapa,0335 555 858 ,0,,4.9,Attraction,https://www.google.com/maps/place/Gu+Outdoor+Sapa/data=!4m7!3m6!1s0x36cd41001d2a8f5f:0x13458e96dd245860!8m2!3d22.332289!4d103.8363714!16s%2Fg%2F11vq494g_6!19sChIJX48qHQBBzTYRYFgk3ZaORRM?authuser=0&hl=en&rclk=1,
"Đ. Thạch Sơn, TT. Sa Pa, Sa Pa, Lào Cai 31786 ",22.3352539,103.8415385,Sapa Square,,0,,4.5,Attraction,https://www.google.com/maps/place/Sapa+Square/data=!4m7!3m6!1s0x36cd4125cb4fb5c7:0xe2b96844e07cf79c!8m2!3d22.3352539!4d103.8415385!16s%2Fg%2F11qpjtn7cd!19sChIJx7VPyyVBzTYRnPd84ERoueI?authuser=0&hl=en&rclk=1,
"8VF4+3GR, TL152, Lao Chải, Sa Pa, Lào Cai ",22.3233711,103.8562539,Sunset view,,0,,4.2,Attraction,https://www.google.com/maps/place/Sunset+view/data=!4m7!3m6!1s0x36cd410fe9ab4431:0x4796cbd79c8525b5!8m2!3d22.3233711!4d103.8562539!16s%2Fg%2F11kjk74v22!19sChIJMUSr6Q9BzTYRtSWFnNfLlkc?authuser=0&hl=en&rclk=1,
"9RH4+WX3, Ô quý hồ, TT. Sa Pa, Sa Pa, Lào Cai ",22.3797696,103.8074152,Sapa hillside peak,,0,,5.0,Attraction,https://www.google.com/maps/place/Sapa+hillside+peak/data=!4m7!3m6!1s0x36cd410000f8f53b:0x14de758760d626ff!8m2!3d22.3797696!4d103.8074152!16s%2Fg%2F11vt63ms55!19sChIJO_X4AABBzTYR_ybWYId13hQ?authuser=0&hl=en&rclk=1,
"Lao Chai, Sa Pa, Lao Cai 100886 ",22.3229753,103.8632464,Bản Mòng Sapa - Mong Village Resort Sapa,0862 096 116 ,0,,4.3,Attraction,https://www.google.com/maps/place/B%E1%BA%A3n+M%C3%B2ng+Sapa+-+Mong+Village+Resort+Sapa/data=!4m7!3m6!1s0x36cd419249dd4e95:0x4d47cdc95f8d02a5!8m2!3d22.3229753!4d103.8632464!16s%2Fg%2F11j84tsl3z!19sChIJlU7dSZJBzTYRpQKNX8nNR00?authuser=0&hl=en&rclk=1,https://banmong.vn/
"San Sả Hồ, Tam Đường District, Lai Chau ",22.3034485,103.7751452,The roof of Indochina,,186890,₫186890,4.7,Attraction,https://www.google.com/maps/place/The+roof+of+Indochina/data=!4m7!3m6!1s0x36cd45dd3c096f09:0x1e89e2476d9a6ed0!8m2!3d22.3034485!4d103.7751452!16s%2Fg%2F11qpf5sdp6!19sChIJCW8JPN1FzTYR0G6abUfiiR4?authuser=0&hl=en&rclk=1,https://ticket-stations.com/fansipan-cable-car-ticket
"8RPV+GGV, TT. Sa Pa, Sa Pa, Lào Cai ",22.3363608,103.8437852,Sapa,,0,,4.8,Attraction,https://www.google.com/maps/place/Sapa/data=!4m7!3m6!1s0x36cd41003bc6d1f5:0xd418a9e76e76c072!8m2!3d22.3363608!4d103.8437852!16s%2Fg%2F11wv80w3qm!19sChIJ9dHGOwBBzTYRcsB2buepGNQ?authuser=0&hl=en&rclk=1,
"8RHM+3JH, Cát Cát, Sa Pa, Lào Cai ",22.3276871,103.8341096,Si bridge,,0,,4.4,Attraction,https://www.google.com/maps/place/Si+bridge/data=!4m7!3m6!1s0x36cd4151ef60adc9:0x726e19be7a5b04b8!8m2!3d22.3276871!4d103.8341096!16s%2Fg%2F11frdmn0lj!19sChIJya1g71FBzTYRuARber4ZbnI?authuser=0&hl=en&rclk=1,
"9R74+5VM, QL4D, TT. Sa Pa, Sa Pa, Lào Cai ",22.3629644,103.8071695,VƯỜN NHÀ BÀ NGA,,0,,5.0,Attraction,https://www.google.com/maps/place/V%C6%AF%E1%BB%9CN+NH%C3%80+B%C3%80+NGA/data=!4m7!3m6!1s0x36cd43d46e63e49b:0xf94be047fa56408a!8m2!3d22.3629644!4d103.8071695!16s%2Fg%2F11rrpr212f!19sChIJm-RjbtRDzTYRikBW-kfgS_k?authuser=0&hl=en&rclk=1,
"8V6G+69J, Lao Chải, Sa Pa, Lào Cai ",22.3105914,103.8758962,Lao Chai Valley View,,0,,4.7,Attraction,https://www.google.com/maps/place/Lao+Chai+Valley+View/data=!4m7!3m6!1s0x36cd412af231b1f1:0x6af2556a67585a56!8m2!3d22.3105914!4d103.8758962!16s%2Fg%2F11fhlxjpwf!19sChIJ8bEx8ipBzTYRVlpYZ2pV8mo?authuser=0&hl=en&rclk=1,
"Ta Phin, Sa Pa, Lao Cai ",22.402822,103.8367867,Ta Phin Cave,,1420000,₫1420000,3.9,Natural,https://www.google.com/maps/place/Ta+Phin+Cave/data=!4m7!3m6!1s0x36cd6a09db582c37:0xfa82d4da871fca9f!8m2!3d22.402822!4d103.8367867!16s%2Fg%2F11rxtt_dpc!19sChIJNyxY2wlqzTYRn8ofh9rUgvo?authuser=0&hl=en&rclk=1,https://www.facebook.com/Hang-%C4%90%E1%BB%99ng-T%E1%BA%A3-Ph%C3%ACn-108153653906073
"7VVR+WXM, Giàng Tả Chải - Tả Van, Tả Van, Sa Pa, Lào Cai ",22.2948258,103.8924168,Bamboo Forest,,0,,4.2,Attraction,https://www.google.com/maps/place/Bamboo+Forest/data=!4m7!3m6!1s0x36cd4774d16f617f:0x3af23f62fc7ee472!8m2!3d22.2948258!4d103.8924168!16s%2Fg%2F11gxm78m_m!19sChIJf2Fv0XRHzTYRcuR-_GI_8jo?authuser=0&hl=en&rclk=1,
"8V6F+6Q9, Unnamed, Road, Sa Pa, Lào Cai ",22.3027053,103.9114829,Sapa tour guide,0363 332 631 ,0,,5.0,Attraction,https://www.google.com/maps/place/Sapa+tour+guide/data=!4m7!3m6!1s0x36cd41fa44c256d9:0xd79d72a0387cc8ad!8m2!3d22.3027053!4d103.9114829!16s%2Fg%2F11j909mhl_!19sChIJ2VbCRPpBzTYRrch8OKByndc?authuser=0&hl=en&rclk=1,
"8RHM+3FG, Cát Cát, Sa Pa, Lào Cai ",22.327903,103.834018,bản thác,,0,,4.5,Attraction,https://www.google.com/maps/place/b%E1%BA%A3n+th%C3%A1c/data=!4m7!3m6!1s0x36cd41001b9ef8e3:0xee24c765f7178518!8m2!3d22.327903!4d103.834018!16s%2Fg%2F11y3rmbh88!19sChIJ4_ieGwBBzTYRGIUX92XHJO4?authuser=0&hl=en&rclk=1,
"9Q46+HG4, QL4D, Sơn Bình, Tam Đường, Lào Cai ",22.356382,103.7613147,The Lonely Tree of O Quy Ho,0987 981 999 ,0,,4.5,Attraction,https://www.google.com/maps/place/The+Lonely+Tree+of+O+Quy+Ho/data=!4m7!3m6!1s0x36cd43e7af37d5d9:0x7a609f0424fef0cb!8m2!3d22.356382!4d103.7613147!16s%2Fg%2F11jp_dtr0k!19sChIJ2dU3r-dDzTYRy_D-JASfYHo?authuser=0&hl=en&rclk=1,
"8RJH+FWX, Cát Cát, Sa Pa, Lào Cai ",22.3314199,103.8297812,Fansipan sa,,0,,,Attraction,https://www.google.com/maps/place/Fansipan+sa/data=!4m7!3m6!1s0x36cd41004b2f5447:0x15555eea554d38ec!8m2!3d22.3314199!4d103.8297812!16s%2Fg%2F11ybhc_tpp!19sChIJR1QvSwBBzTYR7DhNVepeVRU?authuser=0&hl=en&rclk=1,
"8RQJ+5X3, TT. Sa Pa, Sa Pa, Lào Cai ",22.3378782,103.8324215,Hoang Lien National Park,,0,,4.6,Natural,https://www.google.com/maps/place/Hoang+Lien+National+Park/data=!4m7!3m6!1s0x36cd4165ed927453:0x90954ce1f1b3160b!8m2!3d22.3378782!4d103.8324215!16s%2Fg%2F11c37kxpwl!19sChIJU3SS7WVBzTYRCxaz8eFMlZA?authuser=0&hl=en&rclk=1,
"8RQF+RPH, xóm 3, Sa Pa, Lào Cai ",22.3393389,103.8241542,Sunworld Fairground,0948 308 888 ,0,,4.5,Attraction,https://www.google.com/maps/place/Sunworld+Fairground/data=!4m7!3m6!1s0x36cd41d5cf7af05f:0x4767b9869d1acdb8!8m2!3d22.3393389!4d103.8241542!16s%2Fg%2F11st8htnnq!19sChIJX_B6z9VBzTYRuM0anYa5Z0c?authuser=0&hl=en&rclk=1,
"Ta Phin, Sa Pa, Lao Cai ",22.392538,103.841775,Amy’s Garden Sapa,,0,,,Attraction,https://www.google.com/maps/place/Amy%E2%80%99s+Garden+Sapa/data=!4m7!3m6!1s0x36cd418124e6ce8f:0xdc93772d2710730!8m2!3d22.392538!4d103.841775!16s%2Fg%2F11rgckvcsh!19sChIJj87mJIFBzTYRMAdx0nI3yQ0?authuser=0&hl=en&rclk=1,
"Mường Hoa, Sa Pa, Lao Cai ",22.3041235,103.89864,Sapa Ancient Stone Gallery,,1447738,₫1447738,4.0,Attraction,https://www.google.com/maps/place/Sapa+Ancient+Stone+Gallery/data=!4m7!3m6!1s0x36cd40c968c8a393:0x42bc438f510da22a!8m2!3d22.3041235!4d103.89864!16s%2Fg%2F1z44bb780!19sChIJk6PIaMlAzTYRKqINUY9DvEI?authuser=0&hl=en&rclk=1,
"Ngõ 781 Đường Điện Biên Phủ, TT. Sa Pa, Sa Pa, Lào Cai ",22.3393818,103.841367,Sapa,,0,,,Attraction,https://www.google.com/maps/place/Sapa/data=!4m7!3m6!1s0x36cd410072d23e93:0x427402fbfcbc5075!8m2!3d22.3393818!4d103.841367!16s%2Fg%2F11x6jl4w8r!19sChIJkz7ScgBBzTYRdVC8_PsCdEI?authuser=0&hl=en&rclk=1,
"8V2X+57, Mường Hoa, Sa Pa, Lào Cai ",22.2999475,103.8992522,Farm house of the Tavan valley,,0,,3.8,Attraction,https://www.google.com/maps/place/Farm+house+of+the+Tavan+valley/data=!4m7!3m6!1s0x36cd47ac2113a255:0x155822d3d5cde24b!8m2!3d22.2999475!4d103.8992522!16s%2Fg%2F11txrx1wwb!19sChIJVaITIaxHzTYRS-LN1dMiWBU?authuser=0&hl=en&rclk=1,
"8VC2+8GW, TL152, TT. Sa Pa, Sa Pa, Lào Cai ",22.3208583,103.8513314,Ruộng Bậc Thang,,0,,3.0,Attraction,https://www.google.com/maps/place/Ru%E1%BB%99ng+B%E1%BA%ADc+Thang/data=!4m7!3m6!1s0x36cd41afdc08a817:0x971dd4ff53cde69b!8m2!3d22.3208583!4d103.8513314!16s%2Fg%2F11p52qnm59!19sChIJF6gI3K9BzTYRm-bNU__UHZc?authuser=0&hl=en&rclk=1,
"Tổ 13 Xã Ô Quý Hồ, Lào Cai ",22.3593317,103.8088693,Đồi chè Ô Quý Hồ,,0,,4.4,Natural,https://www.google.com/maps/place/%C4%90%E1%BB%93i+ch%C3%A8+%C3%94+Qu%C3%BD+H%E1%BB%93/data=!4m7!3m6!1s0x36cd43aa1cc6c0ff:0x9543d068cc8e8d15!8m2!3d22.3593317!4d103.8088693!16s%2Fg%2F11gxs0pkrl!19sChIJ_8DGHKpDzTYRFY2OzGjQQ5U?authuser=0&hl=en&rclk=1,
"8V2W+W7W, Tả Van, Sa Pa, Lào Cai ",22.302352,103.8957159,Suối Mường Hoa,,0,,4.7,Attraction,https://www.google.com/maps/place/Su%E1%BB%91i+M%C6%B0%E1%BB%9Dng+Hoa/data=!4m7!3m6!1s0x36cd41032a6ab86b:0x3df7bd79efbf00fa!8m2!3d22.302352!4d103.8957159!16s%2Fg%2F11sjk2fcz3!19sChIJa7hqKgNBzTYR-gC_73m99z0?authuser=0&hl=en&rclk=1,
"QL4D, Sơn Bình, Tam Đường, Lai Châu ",22.3527515,103.7653048,O Quy Ho Pass Viewpoint,,100,₫100,4.5,Attraction,https://www.google.com/maps/place/O+Quy+Ho+Pass+Viewpoint/data=!4m7!3m6!1s0x36d2d8a9e3518af5:0xd25b33292c5b2ffd!8m2!3d22.3527515!4d103.7653048!16s%2Fg%2F11d_tyvn3c!19sChIJ9YpR46nY0jYR_S9bLCkzW9I?authuser=0&hl=en&rclk=1,http://www.deooquyho.com/
"9V24+X8W, QL4D, TT. Sa Pa, Sa Pa, Lào Cai ",22.3523664,103.8556407,梯田風景,,0,,4.8,Attraction,https://www.google.com/maps/place/%E6%A2%AF%E7%94%B0%E9%A2%A8%E6%99%AF/data=!4m7!3m6!1s0x36cd41004da033b1:0x621759241a616d41!8m2!3d22.3523664!4d103.8556407!16s%2Fg%2F11x3bmn4pg!19sChIJsTOgTQBBzTYRQW1hGiRZF2I?authuser=0&hl=en&rclk=1,
"8W43+PW, Mường Hoa, Sa Pa, Lào Cai ",22.306824,103.904768,Hau Thao sunset view point,,0,,5.0,Attraction,https://www.google.com/maps/place/Hau+Thao+sunset+view+point/data=!4m7!3m6!1s0x36cd41001e0b7c19:0x2f8975aa54f75c2f!8m2!3d22.306824!4d103.904768!16s%2Fg%2F11lf4w64y1!19sChIJGXwLHgBBzTYRL1z3VKp1iS8?authuser=0&hl=en&rclk=1,
"289 Nguyễn Chí Thanh, TX, Sa Pa, Lào Cai ",22.344221,103.8204656,Pơ Mu Sapa,0397 688 310 ,0,,4.8,Attraction,https://www.google.com/maps/place/P%C6%A1+Mu+Sapa/data=!4m7!3m6!1s0x36cd43399cb1c203:0x137c7e016f64f0e0!8m2!3d22.344221!4d103.8204656!16s%2Fg%2F11ty26tgh6!19sChIJA8KxnDlDzTYR4PBkbwF-fBM?authuser=0&hl=en&rclk=1,
"Xuân Viên, TT. Sa Pa, Sa Pa, Lào Cai 33000 ",22.3369586,103.8442968,Sapa Lake Square,,0,,4.6,Natural,https://www.google.com/maps/place/Sapa+Lake+Square/data=!4m7!3m6!1s0x36cd417418684e65:0x7f119b9690e67d86!8m2!3d22.3369586!4d103.8442968!16s%2Fg%2F11hynlkn0j!19sChIJZU5oGHRBzTYRhn3mkJabEX8?authuser=0&hl=en&rclk=1,
"9RXR+J35, Tả Phìn, Sa Pa, Lào Cai ",22.3990052,103.8402317,Suối du lịch cộng đồng Tả Phìn,0982 608 455 ,0,,4.5,Attraction,https://www.google.com/maps/place/Su%E1%BB%91i+du+l%E1%BB%8Bch+c%E1%BB%99ng+%C4%91%E1%BB%93ng+T%E1%BA%A3+Ph%C3%ACn/data=!4m7!3m6!1s0x36cd414ab0dd2471:0x272c6cef1add73e9!8m2!3d22.3990052!4d103.8402317!16s%2Fg%2F11n5mnhg76!19sChIJcSTdsEpBzTYR6XPdGu9sLCc?authuser=0&hl=en&rclk=1,
"8RMQ+PH9, Hoàng Liên, TT. Sa Pa, Sa Pa, Lào Cai ",22.3342914,103.8389915,Homestay Mao,,0,,,Attraction,https://www.google.com/maps/place/Homestay+Mao/data=!4m7!3m6!1s0x36cd41000180cab3:0x2ed34a64fea97060!8m2!3d22.3342914!4d103.8389915!16s%2Fg%2F11w7krgj_j!19sChIJs8qAAQBBzTYRYHCp_mRK0y4?authuser=0&hl=en&rclk=1,
"9QWP+J7H Cầu, ĐT155, khe lạnh, Sa Pa, Lào Cai ",22.396369,103.785719,Sophie's Waterfall,,0,,5.0,Natural,https://www.google.com/maps/place/Sophie%27s+Waterfall/data=!4m7!3m6!1s0x36cd439f5e452111:0x4fdf0d2067e5a819!8m2!3d22.396369!4d103.785719!16s%2Fg%2F11khs1szwp!19sChIJESFFXp9DzTYRGajlZyAN308?authuser=0&hl=en&rclk=1,
"9R92+GQF, xóm 8, Sa Pa, Lào Cai ",22.368813,103.8019362,VMM CP3 Ô Quý Hồ,,0,,,Attraction,https://www.google.com/maps/place/VMM+CP3+%C3%94+Qu%C3%BD+H%E1%BB%93/data=!4m7!3m6!1s0x36cd4300072894b3:0x620a9913ed40dfcf!8m2!3d22.368813!4d103.8019362!16s%2Fg%2F11xzc3tmdh!19sChIJs5QoBwBDzTYRz99A7ROZCmI?authuser=0&hl=en&rclk=1,
"8Q4G+955, San Sả Hồ, Sa Pa, Lào Cai ",22.3058976,103.7754712,Dai Hong Chung Watchtower,,0,,4.7,Attraction,https://www.google.com/maps/place/Dai+Hong+Chung+Watchtower/data=!4m7!3m6!1s0x36cd45263709936d:0xa5d086394dffb0ab!8m2!3d22.3058976!4d103.7754712!16s%2Fg%2F11h3gr_8c2!19sChIJbZMJNyZFzTYRq7D_TTmG0KU?authuser=0&hl=en&rclk=1,
"8RPR+486, Ng. Cầu Mây, TT. Sa Pa, Sa Pa, Lào Cai ",22.3352985,103.8407547,썬월드,,0,,4.5,Attraction,https://www.google.com/maps/place/%EC%8D%AC%EC%9B%94%EB%93%9C/data=!4m7!3m6!1s0x36cd410017ca70dd:0xfe073407c3c4b47d!8m2!3d22.3352985!4d103.8407547!16s%2Fg%2F11xl1sc65c!19sChIJ3XDKFwBBzTYRfbTEwwc0B_4?authuser=0&hl=en&rclk=1,
"9RVV+X86, Tả Phìn, Sa Pa, Lào Cai ",22.3949072,103.843269,Vietlott,,0,,,Attraction,https://www.google.com/maps/place/Vietlott/data=!4m7!3m6!1s0x36cd41bcb9881157:0x1cabf61a12fb5407!8m2!3d22.3949072!4d103.843269!16s%2Fg%2F11s61pbk4q!19sChIJVxGIubxBzTYRB1T7Ehr2qxw?authuser=0&hl=en&rclk=1,
"8Q3G+Q4G, San Sả Hồ, Sa Pa, Lào Cai ",22.3045255,103.775793,Nine level waterfall,,0,,4.8,Natural,https://www.google.com/maps/place/Nine+level+waterfall/data=!4m7!3m6!1s0x36cd450034779e55:0x3f90f6bda7710144!8m2!3d22.3045255!4d103.775793!16s%2Fg%2F11vxps65f6!19sChIJVZ53NABFzTYRRAFxp732kD8?authuser=0&hl=en&rclk=1,
"9VG2+WJF, Sa Pả, Sa Pa, Lào Cai ",22.3773113,103.8515496,Tu Viện Cổ Tả Phìn,0987 323 904 ,0,,4.1,Attraction,https://www.google.com/maps/place/Tu+Vi%E1%BB%87n+C%E1%BB%95+T%E1%BA%A3+Ph%C3%ACn/data=!4m7!3m6!1s0x36cd41c73bb1cbf3:0xddb47b0b551306bb!8m2!3d22.3773113!4d103.8515496!16s%2Fg%2F1hd_rtwwn!19sChIJ88uxO8dBzTYRuwYTVQt7tN0?authuser=0&hl=en&rclk=1,
"Ngõ 66 Violet, TT. Sa Pa, Sa Pa, Lào Cai 31100 ",22.3252329,103.8451412,PHANSI Viewpoint,0913 885 812 ,0,,4.8,Attraction,https://www.google.com/maps/place/PHANSI+Viewpoint/data=!4m7!3m6!1s0x36cd410016390495:0x8b18b03fe766a1fa!8m2!3d22.3252329!4d103.8451412!16s%2Fg%2F11xmhzt08j!19sChIJlQQ5FgBBzTYR-qFm5z-wGIs?authuser=0&hl=en&rclk=1,https://www.facebook.com/share/16paAtXs1R/
"8VCC+HW, Lao Chải, Sa Pa, Lào Cai ",22.3214898,103.8723481,Khu vực săn mây Hầu Thào,,0,,4.3,Attraction,https://www.google.com/maps/place/Khu+v%E1%BB%B1c+s%C4%83n+m%C3%A2y+H%E1%BA%A7u+Th%C3%A0o/data=!4m7!3m6!1s0x36cd410067773eb5:0xd13d661a8f1ee9a8!8m2!3d22.3214898!4d103.8723481!16s%2Fg%2F11y74nn_qj!19sChIJtT53ZwBBzTYRqOkejxpmPdE?authuser=0&hl=en&rclk=1,
"7WV4+76Q, Unnamed Road, Tả Van, Sa Pa, Lào Cai ",22.2932124,103.9055941,Water fall,,0,,4.0,Attraction,https://www.google.com/maps/place/Water+fall/data=!4m7!3m6!1s0x36cd47c2bf9c46e1:0x1d53fd65e1e72f05!8m2!3d22.2932124!4d103.9055941!16s%2Fg%2F11ngdd_hsw!19sChIJ4Uacv8JHzTYRBS_n4WX9Ux0?authuser=0&hl=en&rclk=1,
"785 Đường Điện Biên Phủ, TT. Sa Pa, Sa Pa, Lào Cai ",22.3415564,103.8320097,Du Lịch Thiểu Số,0214 3773 388 ,0,,4.8,Attraction,https://www.google.com/maps/place/Du+L%E1%BB%8Bch+Thi%E1%BB%83u+S%E1%BB%91/data=!4m7!3m6!1s0x36cd416c7b4e71b5:0xc04834c8a7d19b83!8m2!3d22.3415564!4d103.8320097!16s%2Fg%2F11ck6j_btz!19sChIJtXFOe2xBzTYRg5vRp8g0SMA?authuser=0&hl=en&rclk=1,
7VQX+9J 베트남 라오까이 사빠 ,22.2884349,103.8990537,waterfall,,0,,,Natural,https://www.google.com/maps/place/waterfall/data=!4m7!3m6!1s0x36cd47003aaaf0a3:0x947a69a813a10162!8m2!3d22.2884349!4d103.8990537!16s%2Fg%2F11x_7lw71_!19sChIJo_CqOgBHzTYRYgGhE6hpepQ?authuser=0&hl=en&rclk=1,
"Lao Chai, Sa Pa, Lao Cai ",22.3240755,103.8621358,Sky Mountain View,0886 011 995 ,0,,,Natural,https://www.google.com/maps/place/Sky+Mountain+View/data=!4m7!3m6!1s0x36cd41006a24d33d:0x58cd57ce8ba497e8!8m2!3d22.3240755!4d103.8621358!16s%2Fg%2F11ylsb4d6j!19sChIJPdMkagBBzTYR6Jeki85XzVg?authuser=0&hl=en&rclk=1,
"Trại Cá Tầm, Cá Hồi Ngũ Chỉ Sơn Trekking, Thôn Can Hồ A, Việt Nam, Sa Pa, Lào Cai 31710 ",22.413924,103.7949688,Ngũ Chỉ Sơn Trekking Sapa,0815 718 718 ,0,,4.9,Attraction,https://www.google.com/maps/place/Ng%C5%A9+Ch%E1%BB%89+S%C6%A1n+Trekking+Sapa/data=!4m7!3m6!1s0x36cd694dd8e3372d:0x8ce7c33afa425302!8m2!3d22.413924!4d103.7949688!16s%2Fg%2F11k9j1gr9s!19sChIJLTfj2E1pzTYRAlNC-jrD54w?authuser=0&hl=en&rclk=1,https://nguchisontrekking.com/
"Đầu cầu, Sa Pa, Lao Cai ",22.3099496,103.8755985,Ly Stream Lao Chai,0988 807 807 ,0,,4.5,Attraction,https://www.google.com/maps/place/Ly+Stream+Lao+Chai/data=!4m7!3m6!1s0x36cd40d164b05b71:0x3927faaf89e67287!8m2!3d22.3099496!4d103.8755985!16s%2Fg%2F11hd21py5m!19sChIJcVuwZNFAzTYRh3Lmia_6Jzk?authuser=0&hl=en&rclk=1,
"7VPR+VGQ Ta Van - Seo My Ty, Tả Van, Sa Pa, Lào Cai ",22.287213,103.8913456,Huy Farm,,0,,3.0,Attraction,https://www.google.com/maps/place/Huy+Farm/data=!4m7!3m6!1s0x36cd4789e9c53259:0x2a232c8d7c827683!8m2!3d22.287213!4d103.8913456!16s%2Fg%2F11p9x2k21q!19sChIJWTLF6YlHzTYRg3aCfI0sIyo?authuser=0&hl=en&rclk=1,
"QL4D, San Sả Hồ, Sa Pa, Lào Cai ",22.3610085,103.7908703,Biển Mây Ô Quý Hồ Sa Pa,0986 020 020 ,0,,4.1,Natural,https://www.google.com/maps/place/Bi%E1%BB%83n+M%C3%A2y+%C3%94+Qu%C3%BD+H%E1%BB%93+Sa+Pa/data=!4m7!3m6!1s0x36cd431bef9c1889:0xfd03ae7c85fae5ef!8m2!3d22.3610085!4d103.7908703!16s%2Fg%2F11mpy99jff!19sChIJiRic7xtDzTYR7-X6hXyuA_0?authuser=0&hl=en&rclk=1,
"Km30, Chu Lìn 1, Sa Pả, Sa Pa, Lào Cai ",22.3738108,103.8736193,Lanka garden,,0,,5.0,Attraction,https://www.google.com/maps/place/Lanka+garden/data=!4m7!3m6!1s0x36cd416bb7d7fe29:0x93b9d07416a4b7e0!8m2!3d22.3738108!4d103.8736193!16s%2Fg%2F11rz99v380!19sChIJKf7Xt2tBzTYR4LekFnTQuZM?authuser=0&hl=en&rclk=1,
"Khu Cổng trời, Tam Đường District, Lai Chau 30000 ",22.3528084,103.7648421,Khu Du Lịch Cổng Trời Ô Quy Hồ,0967 359 329 ,0,,4.5,Attraction,https://www.google.com/maps/place/Khu+Du+L%E1%BB%8Bch+C%E1%BB%95ng+Tr%E1%BB%9Di+%C3%94+Quy+H%E1%BB%93/data=!4m7!3m6!1s0x36cd43c1642f5489:0x997795afcc8be85!8m2!3d22.3528084!4d103.7648421!16s%2Fg%2F11w4bbjr5f!19sChIJiVQvZMFDzTYRhb7I_Fp5lwk?authuser=0&hl=en&rclk=1,https://congtroioquyho.com/
"8RGM+VGP, Cát Cát, Sa Pa, Lào Cai ",22.3272042,103.8338336,Nhà hát CatCat,,0,,4.1,Attraction,https://www.google.com/maps/place/Nh%C3%A0+h%C3%A1t+CatCat/data=!4m7!3m6!1s0x36cd41432fbf47d3:0x2a4c795a02a3f65a!8m2!3d22.3272042!4d103.8338336!16s%2Fg%2F11cm1cyyvn!19sChIJ00e_L0NBzTYRWvajAlp5TCo?authuser=0&hl=en&rclk=1,
"100 Đường Điện Biên Phủ, Tổ 4 - Phường, Sa Pa, Lào Cai 330000 ",22.3472895,103.8560915,Homestay Coldwinter,0918 979 968 ,0,,,Attraction,https://www.google.com/maps/place/Homestay+Coldwinter/data=!4m7!3m6!1s0x36cd41089e44bbb7:0xce33377f3b2f7086!8m2!3d22.3472895!4d103.8560915!16s%2Fg%2F11rgh7bhy1!19sChIJt7tEnghBzTYRhnAvO383M84?authuser=0&hl=en&rclk=1,
"Séo Trung Hồ, Sa Pa, Lao Cai ",22.2577485,103.9316915,Du Lịch Thác JGooooo,0912 534 036 ,0,,4.7,Attraction,https://www.google.com/maps/place/Du+L%E1%BB%8Bch+Th%C3%A1c+JGooooo/data=!4m7!3m6!1s0x36cd397d58b17081:0xc1e9dec8e016bef5!8m2!3d22.2577485!4d103.9316915!16s%2Fg%2F11p07grpfd!19sChIJgXCxWH05zTYR9b4W4Mje6cE?authuser=0&hl=en&rclk=1,
"9QWP+4RW, ĐT155, Ngũ Chỉ Sơn, Sa Pa, Lào Cai ",22.395361,103.7870921,Cắm Trại - Bản Khoang - Sapa,,0,,3.7,Attraction,https://www.google.com/maps/place/C%E1%BA%AFm+Tr%E1%BA%A1i+-+B%E1%BA%A3n+Khoang+-+Sapa/data=!4m7!3m6!1s0x36cd4398501a1f63:0x76313066b548b8b!8m2!3d22.395361!4d103.7870921!16s%2Fg%2F11r2j2y8j_!19sChIJYx8aUJhDzTYRi4tUawYTYwc?authuser=0&hl=en&rclk=1,
"8RMV+52G, 26 Đ. Đông Lợi, TT. Sa Pa, Sa Pa, Lào Cai ",22.3329203,103.8424891,Phố Đèn Lồng Sapa,,0,,4.5,Attraction,https://www.google.com/maps/place/Ph%E1%BB%91+%C4%90%C3%A8n+L%E1%BB%93ng+Sapa/data=!4m7!3m6!1s0x36cd418cf265ffa5:0x2aded66b15b17cd3!8m2!3d22.3329203!4d103.8424891!16s%2Fg%2F11t5wqz_lm!19sChIJpf9l8oxBzTYR03yxFWvW3io?authuser=0&hl=en&rclk=1,
"7WX3+5G7, Giàng Tả Chải - Tả Van, Tả Van, Sa Pa, Lào Cai ",22.2979248,103.903792,Sissi's Batik & Trekking,0346 161 352 ,0,,5.0,Attraction,https://www.google.com/maps/place/Sissi%27s+Batik+%26+Trekking/data=!4m7!3m6!1s0x36cd4700756a9a6b:0xea3aeabb4541f34a!8m2!3d22.2979248!4d103.903792!16s%2Fg%2F11y3lr5bfh!19sChIJa5pqdQBHzTYRSvNBRbvqOuo?authuser=0&hl=en&rclk=1,
"Thôn san 2, Sa Pa, Lao Cai 333000 ",22.3029038,103.8587098,Duy Đức family,0386 462 482 ,0,,1.0,Attraction,https://www.google.com/maps/place/Duy+%C4%90%E1%BB%A9c+family/data=!4m7!3m6!1s0x36cd4724f02a48af:0x749402ddcff08920!8m2!3d22.3029038!4d103.8587098!16s%2Fg%2F11vrcfn72f!19sChIJr0gq8CRHzTYRIInwz90ClHQ?authuser=0&hl=en&rclk=1,
"TL 152 Giang Ta Chai, Mường Hoa, Sa Pa, Lào Cai ",22.3003814,103.9090294,Lala Tour,0963 996 874 ,0,,5.0,Attraction,https://www.google.com/maps/place/Lala+Tour/data=!4m7!3m6!1s0x36cd472ebe821713:0x71e59cf492783b89!8m2!3d22.3003814!4d103.9090294!16s%2Fg%2F11vdf0flfq!19sChIJExeCvi5HzTYRiTt4kvSc5XE?authuser=0&hl=en&rclk=1,https://instagram.com/lalavangthi?utm_source=qr&igshid=MzNlNGNkZWQ4Mg==
"8RHM+2F9, Cát Cát, Sa Pa, Lào Cai ",22.3275375,103.8337344,Selfier Cat Cat,,0,,,Attraction,https://www.google.com/maps/place/Selfier+Cat+Cat/data=!4m7!3m6!1s0x36cd41004c7880a7:0x3284565cad2a0a5c!8m2!3d22.3275375!4d103.8337344!16s%2Fg%2F11mkcmt66r!19sChIJp4B4TABBzTYRXAoqrVxWhDI?authuser=0&hl=en&rclk=1,
"Phạm Xuân Huân, TT. Sa Pa, Sa Pa, Lào Cai 330000 ",22.3345018,103.8422135,Authentic Sapa Tour,0986 189 666 ,0,,5.0,Attraction,https://www.google.com/maps/place/Authentic+Sapa+Tour/data=!4m7!3m6!1s0x36cd4113260ef4b9:0xc34b46110e05c597!8m2!3d22.3345018!4d103.8422135!16s%2Fg%2F11y66wqvyd!19sChIJufQOJhNBzTYRl8UFDhFGS8M?authuser=0&hl=en&rclk=1,http://authenticsapatour.com/
"8V5F+H4J, Lao Chải, Sa Pa, Lào Cai ",22.310154,103.872193,Tiểu đỉnh Lao Chải,,0,,4.8,Attraction,https://www.google.com/maps/place/Ti%E1%BB%83u+%C4%91%E1%BB%89nh+Lao+Ch%E1%BA%A3i/data=!4m7!3m6!1s0x36cd41b7e676b7f3:0xae30559b075ba245!8m2!3d22.310154!4d103.872193!16s%2Fg%2F11ts684_qc!19sChIJ87d25rdBzTYRRaJbB5tVMK4?authuser=0&hl=en&rclk=1,
"QL4D đường Điện Biên Phủ, TT. Sa Pa, Sa Pa, Lào Cai 31752 ",22.3643915,103.7996966,Vườn Mai Anh Đào Sapa,,0,,2.8,Attraction,https://www.google.com/maps/place/V%C6%B0%E1%BB%9Dn+Mai+Anh+%C4%90%C3%A0o+Sapa/data=!4m7!3m6!1s0x36cd434095bd986b:0xa51408c599eae727!8m2!3d22.3643915!4d103.7996966!16s%2Fg%2F11wwhyr679!19sChIJa5i9lUBDzTYRJ-fqmcUIFKU?authuser=0&hl=en&rclk=1,
"9QF5+528, QL4D, TT. Sa Pa, Sa Pa, Lào Cai ",22.3729009,103.7575804,גשר הזכוכית,,0,,4.7,Attraction,https://www.google.com/maps/place/%D7%92%D7%A9%D7%A8+%D7%94%D7%96%D7%9B%D7%95%D7%9B%D7%99%D7%AA%E2%80%AD/data=!4m7!3m6!1s0x36cd430020862bad:0xcf17110d54d04bd0!8m2!3d22.3729009!4d103.7575804!16s%2Fg%2F11x8qwvd9n!19sChIJrSuGIABDzTYR0EvQVA0RF88?authuser=0&hl=en&rclk=1,
"Tổ 2 Phường Ô Quý Hồ, TT. Sa Pa, Sa Pa, Lào Cai 333100 ",22.366536,103.793316,Điểm du lịch & nhà hàng Mộng Mơ SaPa,0376 879 046 ,0,,4.8,Attraction,https://www.google.com/maps/place/%C4%90i%E1%BB%83m+du+l%E1%BB%8Bch+%26+nh%C3%A0+h%C3%A0ng+M%E1%BB%99ng+M%C6%A1+SaPa/data=!4m7!3m6!1s0x36cd431440780481:0xc983de99ce9a16ef!8m2!3d22.366536!4d103.793316!16s%2Fg%2F11ty7b2qn3!19sChIJgQR4QBRDzTYR7xaazpneg8k?authuser=0&hl=en&rclk=1,
"Số 031 phố Cầu Mây, TT. Sa Pa, Sa Pa, Lào Cai 330000 ",22.3334227,103.842728,Điểm Bán Vé Cáp Treo Fansipan - VeCapTreoSapa,0969 158 878 ,0,,4.9,Attraction,https://www.google.com/maps/place/%C4%90i%E1%BB%83m+B%C3%A1n+V%C3%A9+C%C3%A1p+Treo+Fansipan+-+VeCapTreoSapa/data=!4m7!3m6!1s0x36cd418f01373167:0x13ac6b58ce2cb95c!8m2!3d22.3334227!4d103.842728!16s%2Fg%2F11tf71937x!19sChIJZzE3AY9BzTYRXLkszlhrrBM?authuser=0&hl=en&rclk=1,https://vecaptreosapa.com/
"8RQX+MRQ, Đường Điện Biên Phủ, TT. Sa Pa, Sa Pa, Lào Cai ",22.3392033,103.8496112,CHỢ TÌNH SAPA,,0,,4.5,Attraction,https://www.google.com/maps/place/CH%E1%BB%A2+T%C3%8CNH+SAPA/data=!4m7!3m6!1s0x36cd410021a77c99:0xe8944713bae19857!8m2!3d22.3392033!4d103.8496112!16s%2Fg%2F11wx6y6q84!19sChIJmXynIQBBzTYRV5jhuhNHlOg?authuser=0&hl=en&rclk=1,
"Cổng trời ô quý hô mây ngàn, Sơn Bình, Lai châu, Lai Châu ",22.3556012,103.7608333,Ô quy hồ-MÂY NGÀN,0329 574 391 ,0,,4.8,Attraction,https://www.google.com/maps/place/%C3%94+quy+h%E1%BB%93-M%C3%82Y+NG%C3%80N/data=!4m7!3m6!1s0x36cd431d25134691:0xe2ad3cdd644802b3!8m2!3d22.3556012!4d103.7608333!16s%2Fg%2F11w7d64_nk!19sChIJkUYTJR1DzTYRswJIZN08reI?authuser=0&hl=en&rclk=1,
"32 Fansipan, TT. Sa Pa, Sa Pa, Lào Cai ",22.3332441,103.8404137,Hang Pho Temple,0916 279 888 ,0,,4.5,Cultural,https://www.google.com/maps/place/Hang+Pho+Temple/data=!4m7!3m6!1s0x36cd416bb635919d:0x18353a88560b958a!8m2!3d22.3332441!4d103.8404137!16s%2Fg%2F1tcw_v40!19sChIJnZE1tmtBzTYRipULVog6NRg?authuser=0&hl=en&rclk=1,https://www.vietfuntravel.com.vn/blog/du-lich-sapa-den-hang-pho.html
"Sở Than, Sa Pa, Lao Cai 330000 ",22.3376354,103.8404975,Bán đất Sa Pa 1058m2,0903 264 727 ,0,,,Attraction,https://www.google.com/maps/place/B%C3%A1n+%C4%91%E1%BA%A5t+Sa+Pa+1058m2/data=!4m7!3m6!1s0x36cd416ccd4bcab9:0x6094912c6c8ae77e!8m2!3d22.3376354!4d103.8404975!16s%2Fg%2F11vdvjy000!19sChIJucpLzWxBzTYRfueKbCyRlGA?authuser=0&hl=en&rclk=1,
"8VP2+M2P, TT. Sa Pa, Sa Pa, Lào Cai ",22.3367174,103.8500667,Mau Son Temple,,0,,4.2,Cultural,https://www.google.com/maps/place/Mau+Son+Temple/data=!4m7!3m6!1s0x36cd4113dd758ad5:0x4b82e10db0ec8abf!8m2!3d22.3367174!4d103.8500667!16s%2Fg%2F11c1tb8jxf!19sChIJ1Yp13RNBzTYRv4rssA3hgks?authuser=0&hl=en&rclk=1,
"Ta Phin, Sa Pa, Lao Cai ",22.3922608,103.8342943,Mã Si H`Mông Homestay,0918 643 700 ,0,,4.8,Attraction,https://www.google.com/maps/place/M%C3%A3+Si+H%60M%C3%B4ng+Homestay/data=!4m7!3m6!1s0x36cd41d4cc051621:0x100b2e487588410!8m2!3d22.3922608!4d103.8342943!16s%2Fg%2F11r8cvbdxq!19sChIJIRYFzNRBzTYREIRYh-SyAAE?authuser=0&hl=en&rclk=1,
"536 Đường Điện Biên Phủ, TT. Sa Pa, Sa Pa, Lào Cai 31000 ",22.3402759,103.8466817,Nhà Hàng - Khách Sạn - Tâm Tình Sapa,0987 292 066 ,0,,2.8,Attraction,https://www.google.com/maps/place/Nh%C3%A0+H%C3%A0ng+-+Kh%C3%A1ch+S%E1%BA%A1n+-+T%C3%A2m+T%C3%ACnh+Sapa/data=!4m7!3m6!1s0x36cd4108ac46cdb5:0xc6c8f094266f7dcb!8m2!3d22.3402759!4d103.8466817!16s%2Fg%2F11ks48k82k!19sChIJtc1GrAhBzTYRy31vJpTwyMY?authuser=0&hl=en&rclk=1,https://www.facebook.com/profile.php?id=100011049633817
"TL152, Lao Chải, Sa Pa, Lào Cai 330000 ",22.3091194,103.8851218,Điểm Review Lao Chải-Tả Van,0856 439 686 ,0,,4.5,Attraction,https://www.google.com/maps/place/%C4%90i%E1%BB%83m+Review+Lao+Ch%E1%BA%A3i-T%E1%BA%A3+Van/data=!4m7!3m6!1s0x36cd413b79c5635f:0xeba8b96ddf12df!8m2!3d22.3091194!4d103.8851218!16s%2Fg%2F11p0vg_08h!19sChIJX2PFeTtBzTYR3xLfbbmo6wA?authuser=0&hl=en&rclk=1,
"9QQP+6Q, Ngũ Chỉ Sơn, Sa Pa, Lào Cai ",22.3880777,103.7869013,Cây Cô Đơn - Ngũ Chỉ Sơn,,0,,4.6,Attraction,https://www.google.com/maps/place/C%C3%A2y+C%C3%B4+%C4%90%C6%A1n+-+Ng%C5%A9+Ch%E1%BB%89+S%C6%A1n/data=!4m7!3m6!1s0x36cd430068b8bcc9:0xa5c18b4b08ca6eb5!8m2!3d22.3880777!4d103.7869013!16s%2Fg%2F11y3t4lzmk!19sChIJyby4aABDzTYRtW7KCEuLwaU?authuser=0&hl=en&rclk=1,
"89B Nguyễn Chí Thanh, TT. Sa Pa, Sa Pa, Lào Cai ",22.3369522,103.8241753,Cable Car Station – Sun World Fansipan Legend,,195000,₫195000,4.5,Attraction,https://www.google.com/maps/place/Cable+Car+Station+%E2%80%93+Sun+World+Fansipan+Legend/data=!4m7!3m6!1s0x36cd416180bcd2dd:0x9ec0847e972c90b8!8m2!3d22.3369522!4d103.8241753!16s%2Fg%2F11cjhhfmgp!19sChIJ3dK8gGFBzTYRuJAsl36EwJ4?authuser=0&hl=en&rclk=1,https://www.ticketcheap.shop/fansipan-cablecar
"8V5F+H4J, Lao Chải, Sa Pa, Lào Cai ",22.3096107,103.8727096,Sapa Natural Forest,0378 649 916 ,0,,5.0,Attraction,https://www.google.com/maps/place/Sapa+Natural+Forest/data=!4m7!3m6!1s0x36cd4120ee6b8e31:0xe08717a55952c13f!8m2!3d22.3096107!4d103.8727096!16s%2Fg%2F11q9ftxg6d!19sChIJMY5r7iBBzTYRP8FSWaUXh-A?authuser=0&hl=en&rclk=1,https://www.facebook.com/SapaNaturalForestFarmstay/
"8RPR+V5Q, Ng. 01 Đ. Hoàng Diệu, TT. Sa Pa, Sa Pa, Lào Cai ",22.3372248,103.8404909,Ngõ Hướng Mây xuống quảng trường,,0,,5.0,Attraction,https://www.google.com/maps/place/Ng%C3%B5+H%C6%B0%E1%BB%9Bng+M%C3%A2y+xu%E1%BB%91ng+qu%E1%BA%A3ng+tr%C6%B0%E1%BB%9Dng/data=!4m7!3m6!1s0x36cd41007a39bff3:0x1166012b303b71!8m2!3d22.3372248!4d103.8404909!16s%2Fg%2F11x2w3kts9!19sChIJ8785egBBzTYRcTswKwFmEQA?authuser=0&hl=en&rclk=1,
"8V9W+QQH, Mường Hoa, Sa Pa, Lào Cai ",22.3194416,103.8969993,Mama Tom Tom,0913 970 324 ,0,,4.9,Attraction,https://www.google.com/maps/place/Mama+Tom+Tom/data=!4m7!3m6!1s0x36cd4198ebfb6bb3:0x7fad82b86803d9e4!8m2!3d22.3194416!4d103.8969993!16s%2Fg%2F11tgb8v0c5!19sChIJs2v765hBzTYR5NkDaLiCrX8?authuser=0&hl=en&rclk=1,
"9QWP+5Q8, Ngũ Chỉ Sơn, Sa Pa, Lào Cai ",22.3954159,103.7869469,Điểm săn mây Ngũ Chỉ Sơn,,0,,,Attraction,https://www.google.com/maps/place/%C4%90i%E1%BB%83m+s%C4%83n+m%C3%A2y+Ng%C5%A9+Ch%E1%BB%89+S%C6%A1n/data=!4m7!3m6!1s0x36cd43001a172141:0x90a12087a8cb7740!8m2!3d22.3954159!4d103.7869469!16s%2Fg%2F11w_z6m9p8!19sChIJQSEXGgBDzTYRQHfLqIcgoZA?authuser=0&hl=en&rclk=1,
"8RQF+6FG, TT. Sa Pa, Sa Pa, Lào Cai ",22.3380509,103.8237036,Goddess of Mercy,,0,,4.6,Attraction,https://www.google.com/maps/place/Goddess+of+Mercy/data=!4m7!3m6!1s0x36cd4162250d22a3:0x26ff3def41bde412!8m2!3d22.3380509!4d103.8237036!16s%2Fg%2F11g8wz4dxc!19sChIJoyINJWJBzTYREuS9Qe89_yY?authuser=0&hl=en&rclk=1,
"Đội 13, thôn, Tà Chải, Sa Pa, Lào Cai 33000 ",22.4281773,103.8412049,Dao Tà Chải Farmstay,0834 703 268 ,0,,4.5,Attraction,https://www.google.com/maps/place/Dao+T%C3%A0+Ch%E1%BA%A3i+Farmstay/data=!4m7!3m6!1s0x36cd6bf2d4c2b907:0xa8922d964bb64885!8m2!3d22.4281773!4d103.8412049!16s%2Fg%2F11swtywn8z!19sChIJB7nC1PJrzTYRhUi2S5Ytkqg?authuser=0&hl=en&rclk=1,
"058 Violet, Phường Cầu Mây, Sa Pa, Lào Cai 31100 ",22.3315998,103.8413361,Mật Pet Farm - Sapa,0372 085 606 ,0,,4.9,Attraction,https://www.google.com/maps/place/M%E1%BA%ADt+Pet+Farm+-+Sapa/data=!4m7!3m6!1s0x36cd4100523da62f:0xb041678b4deb015e!8m2!3d22.3315998!4d103.8413361!16s%2Fg%2F11mcf9klsn!19sChIJL6Y9UgBBzTYRXgHrTYtnQbA?authuser=0&hl=en&rclk=1,
"8Q4F+6XX, San Sả Hồ, Tam Đường, Lai Châu 330000 ",22.3056109,103.7749861,Bich Van Pagoda | Bich Van Thien Temple,,0,,4.7,Cultural,https://www.google.com/maps/place/Bich+Van+Pagoda+%7C+Bich+Van+Thien+Temple/data=!4m7!3m6!1s0x36cd4487594c9ad1:0xaf78deffd2c08028!8m2!3d22.3056109!4d103.7749861!16s%2Fg%2F11f2p83hsp!19sChIJ0ZpMWYdEzTYRKIDA0v_eeK8?authuser=0&hl=en&rclk=1,
"8W23+GWJ, thôn Bản Pho, Sa Pa, Lào Cai ",22.301335,103.904758,Tắm lá thuốc mẩy linh,0377 770 304 ,0,,4.7,Attraction,https://www.google.com/maps/place/T%E1%BA%AFm+l%C3%A1+thu%E1%BB%91c+m%E1%BA%A9y+linh/data=!4m7!3m6!1s0x36cd41b8b8cd8ca3:0x40bdf134b5ae23d2!8m2!3d22.301335!4d103.904758!16s%2Fg%2F11v9ys9mmq!19sChIJo4zNuLhBzTYR0iOutTTxvUA?authuser=0&hl=en&rclk=1,
"Lào Cai, 사빠 Trung Chải, CV6X+M9 ",22.4111156,103.8985597,사파가는길,,0,,,Attraction,https://www.google.com/maps/place/%EC%82%AC%ED%8C%8C%EA%B0%80%EB%8A%94%EA%B8%B8/data=!4m7!3m6!1s0x36cd6b00042fb9b9:0xad875c517cc50aeb!8m2!3d22.4111156!4d103.8985597!16s%2Fg%2F11ymmdkl_0!19sChIJubkvBABrzTYR6wrFfFFch60?authuser=0&hl=en&rclk=1,
"816 A Đường Điện Biên Phủ, Tx, Sa Pa, Lào Cai ",22.3413704,103.8326561,Ms Hau Sapa Tour Adventures,0975 691 234 ,0,,4.7,Attraction,https://www.google.com/maps/place/Ms+Hau+Sapa+Tour+Adventures/data=!4m7!3m6!1s0x36cd41134ff5ac2f:0xa0ce22485ea9b4c2!8m2!3d22.3413704!4d103.8326561!16s%2Fg%2F1pty9kcy9!19sChIJL6z1TxNBzTYRwrSpXkgizqA?authuser=0&hl=en&rclk=1,
"8P9Q+QJ, Bản Bo, Tam Đường, Lai Châu ",22.3194567,103.7390353,Đỉnh Miêu Thạch Sơn,,0,,,Attraction,https://www.google.com/maps/place/%C4%90%E1%BB%89nh+Mi%C3%AAu+Th%E1%BA%A1ch+S%C6%A1n/data=!4m7!3m6!1s0x36cd43001992395f:0x53c808ea88e3dd8f!8m2!3d22.3194567!4d103.7390353!16s%2Fg%2F11xzh2wmn5!19sChIJXzmSGQBDzTYRj93jiOoIyFM?authuser=0&hl=en&rclk=1,
"Unnamed Road, Tung Chải, Sa Pa, Lào Cai ",22.411524,103.870021,Anhnuoi Group,0363 999 247 ,0,,3.0,Attraction,https://www.google.com/maps/place/Anhnuoi+Group/data=!4m7!3m6!1s0x36cd6bcc0ed7fdab:0xd43f9e65bd5a82d3!8m2!3d22.411524!4d103.870021!16s%2Fg%2F11q8w7gvjm!19sChIJq_3XDsxrzTYR04JavWWeP9Q?authuser=0&hl=en&rclk=1,
"29c Ng. Cầu Mây, TT. Sa Pa, Sa Pa, Lào Cai 330000 ",22.3336091,103.8424592,Sapa Night Club,0878 738 989 ,0,,4.3,Attraction,https://www.google.com/maps/place/Sapa+Night+Club/data=!4m7!3m6!1s0x36cd41f8acfcb1c9:0x4370291f107a412a!8m2!3d22.3336091!4d103.8424592!16s%2Fg%2F11w_xq7309!19sChIJybH8rPhBzTYRKkF6EB8pcEM?authuser=0&hl=en&rclk=1,
