address,latitude,longitude,name,phone,price,price_text,rating,type,url,website
"588 Bùi Thị Xuân, Thủy Biều, Huế, Thành phố Huế ",16.449661,107.539719,Hue Riverside Boutique Resort & Spa,0234 3978 484 ,849279.0,"₫849,279",4.1,Resort,https://www.google.com/maps/place/Hue+Riverside+Boutique+Resort+%26+Spa/data=!4m10!3m9!1s0x3141a69ac4b9fa67:0x92dd8eb8d73b88cb!5m2!4m1!1i2!8m2!3d16.449661!4d107.539719!16s%2Fg%2F1pp2t_5f0!19sChIJZ_q5xJqmQTERy4g717iO3ZI?authuser=0&hl=en&rclk=1,http://www.hueriversideresort.com/
"10 Trần Hưng Đạo, Sơn Phong, Hội An, Quảng Nam 51306 ",15.88049,108.3307507,Hoi An Historic Hotel,0235 3861 445 ,1225566.0,"₫1,225,566",4.4,Hotel,https://www.google.com/maps/place/Hoi+An+Historic+Hotel/data=!4m10!3m9!1s0x31420e78c96c258f:0x53b7afede03b477c!5m2!4m1!1i2!8m2!3d15.88049!4d108.3307507!16s%2Fg%2F12hmhw0ms!19sChIJjyVsyXgOQjERfEc74O2vt1M?authuser=0&hl=en&rclk=1,http://www.hoianhistorichotel.com.vn/
"238 Đường võ nguyên giáp, Phước Mỹ, Sơn Trà, Đà Nẵng 550000 ",16.0661258,108.2451505,Monarque Hotel,0236 3588 888 ,1000752.0,"₫1,000,752",4.8,Hotel,https://www.google.com/maps/place/Monarque+Hotel/data=!4m10!3m9!1s0x3142178d36fbef43:0xdb079f9de0401ead!5m2!4m1!1i2!8m2!3d16.0661258!4d108.2451505!16s%2Fg%2F11g9r46qv5!19sChIJQ-_7No0XQjERrR5A4J2fB9s?authuser=0&hl=en&rclk=1,https://www.booking.com/hotel/vn/monarque.vi.html?aid=7955654
"50 Bạch Đằng, Hải Châu, Đà Nẵng 50000 ",16.0726665,108.224286,Hilton Da Nang,0236 3874 000 ,1830000.0,"₫1,830,000",4.6,Hotel,https://www.google.com/maps/place/Hilton+Da+Nang/data=!4m10!3m9!1s0x3142183030cc0f53:0x9f7d7927946123f7!5m2!4m1!1i2!8m2!3d16.0726665!4d108.224286!16s%2Fg%2F11c5271677!19sChIJUw_MMDAYQjER9yNhlCd5fZ8?authuser=0&hl=en&rclk=1,https://www.hilton.com/en/hotels/daddvhi-hilton-da-nang/?SEO_id=GMB-APAC-HI-DADDVHI
"Lo 41 Hoàng Sa, Thọ Quang, Sơn Trà, Đà Nẵng 553690 ",16.0994982,108.2546497,Sontra Sea Hotel,0936 790 798 ,250000.0,"₫250,000",4.8,Hotel,https://www.google.com/maps/place/Sontra+Sea+Hotel/data=!4m10!3m9!1s0x314217004ed378d3:0x67bf47629e2e54a5!5m2!4m1!1i2!8m2!3d16.0994982!4d108.2546497!16s%2Fg%2F11sqf6qz4p!19sChIJ03jTTgAXQjERpVQunmJHv2c?authuser=0&hl=en&rclk=1,https://sontraseahotel.com/
"108 Đường võ nguyên giáp, Phước Mỹ, Sơn Trà, Đà Nẵng 50000 ",16.0787475,108.2457042,Mangata Beachfront Hotel,0236 3874 999 ,639487.0,"₫639,487",4.4,Hotel,https://www.google.com/maps/place/Mangata+Beachfront+Hotel/data=!4m10!3m9!1s0x3142178ddc408447:0xed6263acc0fb336a!5m2!4m1!1i2!8m2!3d16.0787475!4d108.2457042!16s%2Fg%2F11twtjm6wf!19sChIJR4RA3I0XQjERajP7wKxjYu0?authuser=0&hl=en&rclk=1,http://www.mangatahotel.vn/
"09 Đỗ Bá, Bắc Mỹ Phú, Ngũ Hành Sơn, Đà Nẵng 550000 ",16.0517799,108.2467562,Santa Luxury Hotel,0236 3589 999 ,748472.0,"₫748,472",4.8,Hotel,https://www.google.com/maps/place/Santa+Luxury+Hotel/data=!4m10!3m9!1s0x314217b4e3029189:0x2184d10ffbf867ec!5m2!4m1!1i2!8m2!3d16.0517799!4d108.2467562!16s%2Fg%2F11jnstgy76!19sChIJiZEC47QXQjER7Gf4-w_RhCE?authuser=0&hl=en&rclk=1,https://santaluxuryhotel.com/
"16 Hoàng Sa, Mân Thái, Sơn Trà, Đà Nẵng 550000 ",16.0893384,108.2492625,Khách Sạn SeaShore,0236 3969 969 ,592844.0,"₫592,844",4.7,Hotel,https://www.google.com/maps/place/Kh%C3%A1ch+S%E1%BA%A1n+SeaShore/data=!4m10!3m9!1s0x314217f205d825a1:0x3558404e24eb3da0!5m2!4m1!1i2!8m2!3d16.0893384!4d108.2492625!16s%2Fg%2F11fhqqt7xd!19sChIJoSXYBfIXQjERoD3rJE5AWDU?authuser=0&hl=en&rclk=1,http://seashorehotel.com.vn/
"1691 Nguyễn Tất Thành, Thanh Khê Tây, Thanh Khê, Đà Nẵng 550000 ",16.0780689,108.172699,Avenis Hotel,0236 3956 888 ,556703.0,"₫556,703",4.2,Hotel,https://www.google.com/maps/place/Avenis+Hotel/data=!4m10!3m9!1s0x314219ab94152e7d:0xaf11ebeb0cb50c3d!5m2!4m1!1i2!8m2!3d16.0780689!4d108.172699!16s%2Fg%2F11qln42zst!19sChIJfS4VlKsZQjERPQy1DOvrEa8?authuser=0&hl=en&rclk=1,http://avenishotel.com/
"182 Bạch Đằng, Street, Hải Châu, Đà Nẵng 550000 ",16.0661896,108.2244309,HAIAN Riverfront Hotel Da Nang,0236 3573 888 ,993607.0,"₫993,607",4.3,Hotel,https://www.google.com/maps/place/HAIAN+Riverfront+Hotel+Da+Nang/data=!4m10!3m9!1s0x314218328cba5f7b:0x2aff1fe3766a6839!5m2!4m1!1i2!8m2!3d16.0661896!4d108.2244309!16s%2Fg%2F11j99sqt9n!19sChIJe1-6jDIYQjEROWhqduMf_yo?authuser=0&hl=en&rclk=1,https://www.haianriverfronthotel.com/
"15a Nguyễn Hoàng, Phường Minh An, Hội An, Quảng Nam 51000 ",15.8742652,108.3259676,Hoianan Boutique Hotel,0235 3666 007 ,704940.0,"₫704,940",4.7,Hotel,https://www.google.com/maps/place/Hoianan+Boutique+Hotel/data=!4m10!3m9!1s0x31420fe118e72dbd:0x5ad39434e7283346!5m2!4m1!1i2!8m2!3d15.8742652!4d108.3259676!16s%2Fg%2F11jyfwtn4_!19sChIJvS3nGOEPQjERRjMo5zSU01o?authuser=0&hl=en&rclk=1,https://hoiananhotel.com/
"36 Mỹ Khê 4, Phước Mỹ, Sơn Trà, Đà Nẵng 550000 ",16.0569287,108.245557,Zalosea Hotel,0236 3945 919 ,233497.0,"₫233,497",4.0,Hotel,https://www.google.com/maps/place/Zalosea+Hotel/data=!4m10!3m9!1s0x3142177912d2fe99:0xdfec5b45f03ab3a4!5m2!4m1!1i2!8m2!3d16.0569287!4d108.245557!16s%2Fg%2F11c2nsnx4_!19sChIJmf7SEnkXQjERpLM68EVb7N8?authuser=0&hl=en&rclk=1,
"627 Đ. Hai Bà Trưng, Phường Minh An, Hội An, Quảng Nam 02363 ",15.8804085,108.3269291,Lion King Hotel,0906 454 707 ,1199999.0,"₫1,199,999",5.0,Hotel,https://www.google.com/maps/place/Lion+King+Hotel/data=!4m10!3m9!1s0x31420f03985e2a99:0xc503932028fee0d6!5m2!4m1!1i2!8m2!3d15.8804085!4d108.3269291!16s%2Fg%2F11p_6sq014!19sChIJmSpemAMPQjER1uD-KCCTA8U?authuser=0&hl=en&rclk=1,
"105 Đ. Trần Hưng Đạo, Nại Hiên Đông, Sơn Trà, Đà Nẵng 550000 ",16.0806861,108.2290217,Vitalis Riverside Hotel,0982 751 291 ,168158.0,"₫168,158",3.9,Hotel,https://www.google.com/maps/place/Vitalis+Riverside+Hotel/data=!4m10!3m9!1s0x31421823822beeab:0xf45b7e33ed38e159!5m2!4m1!1i2!8m2!3d16.0806861!4d108.2290217!16s%2Fg%2F11f66h44c1!19sChIJq-4rgiMYQjERWeE47TN-W_Q?authuser=0&hl=en&rclk=1,https://www.facebook.com/Vitalishotel/
"Hamlet 7, Hội An, Quảng Nam 000000 ",15.9147784,108.3366873,The Watermark Beachside Hotel,0935 493 907 ,1490117.0,"₫1,490,117",4.9,Hotel,https://www.google.com/maps/place/The+Watermark+Beachside+Hotel/data=!4m10!3m9!1s0x31420c34014692e3:0x20dc01e45f60301b!5m2!4m1!1i2!8m2!3d15.9147784!4d108.3366873!16s%2Fg%2F11h_sz43vz!19sChIJ45JGATQMQjERGzBgX-QB3CA?authuser=0&hl=en&rclk=1,http://thewatermarkhoian.com/
"134-136 Bạch Đằng, Hải Châu, Đà Nẵng 550000 ",16.067425,108.224725,Sun River Hotel,0236 3849 188 ,483018.0,"₫483,018",4.0,Hotel,https://www.google.com/maps/place/Sun+River+Hotel/data=!4m10!3m9!1s0x3142183268d5babb:0x21385696d6627f8a!5m2!4m1!1i2!8m2!3d16.067425!4d108.224725!16s%2Fg%2F1tyt2v_9!19sChIJu7rVaDIYQjERin9i1pZWOCE?authuser=0&hl=en&rclk=1,http://sunriverhoteldanang.com/
"14-16 An Thượng 1, Bắc Mỹ Phú, Ngũ Hành Sơn, Đà Nẵng 550000 ",16.049669,108.2481031,Mons Boutique Hotel,0942 677 643 ,null,,4.2,Hotel,https://www.google.com/maps/place/Mons+Boutique+Hotel/data=!4m10!3m9!1s0x3142179fa5350ab1:0xb4d8a397fc15b021!5m2!4m1!1i2!8m2!3d16.049669!4d108.2481031!16s%2Fg%2F11k46y9y1r!19sChIJsQo1pZ8XQjERIbAV_Jej2LQ?authuser=0&hl=en&rclk=1,
"29-33 Lê Văn Quý, An Hải Bắc, Sơn Trà, Đà Nẵng 550000 ",16.0708713,108.2379152,Sea Garden Hotel,0236 3568 888 ,798209.0,"₫798,209",4.4,Hotel,https://www.google.com/maps/place/Sea+Garden+Hotel/data=!4m10!3m9!1s0x314217877e86cb05:0xd290afcb97401fe2!5m2!4m1!1i2!8m2!3d16.0708713!4d108.2379152!16s%2Fg%2F11b6g9vwrp!19sChIJBcuGfocXQjER4h9Al8uvkNI?authuser=0&hl=en&rclk=1,https://seagardenhotel.vn/
"170-172-174 Nguyễn Văn Thoại, Bắc Mỹ Phú, Ngũ Hành Sơn, Đà Nẵng 550000 ",16.0558804,108.2452292,MERCY EMERALD HOTEL,0236 3586 666 ,519870.0,"₫519,870",4.8,Hotel,https://www.google.com/maps/place/MERCY+EMERALD+HOTEL/data=!4m10!3m9!1s0x3142177bf0382785:0xc55a874e910ddba3!5m2!4m1!1i2!8m2!3d16.0558804!4d108.2452292!16s%2Fg%2F11kpkylqlj!19sChIJhSc48HsXQjERo9sNkU6HWsU?authuser=0&hl=en&rclk=1,https://mercyemeraldhotel.com/
"198 Trần Bạch Đằng, Bắc Mỹ Phú, Ngũ Hành Sơn, Đà Nẵng 550000 ",16.052786,108.2466002,Monalisa Luxury Hotel,0236 3918 182 ,613051.0,"₫613,051",4.5,Hotel,https://www.google.com/maps/place/Monalisa+Luxury+Hotel/data=!4m10!3m9!1s0x314217b52ea9cd97:0xa34b751d878fb7e5!5m2!4m1!1i2!8m2!3d16.052786!4d108.2466002!16s%2Fg%2F11v3jqcdxr!19sChIJl82pLrUXQjER5bePhx11S6M?authuser=0&hl=en&rclk=1,https://monalisaluxuryhotel.com/
"8 Nại Nam 8, Hoà Cường Bắc, Hải Châu, Đà Nẵng 550000 ",16.0349877,108.2300483,Florence Hotel,0236 3692 929 ,497900.0,"₫497,900",4.3,Hotel,https://www.google.com/maps/place/Florence+Hotel/data=!4m10!3m9!1s0x3142194e36eb532d:0xc688d620ae31b2d7!5m2!4m1!1i2!8m2!3d16.0349877!4d108.2300483!16s%2Fg%2F11kbn4m_zq!19sChIJLVPrNk4ZQjER17IxriDWiMY?authuser=0&hl=en&rclk=1,https://www.tlcaviation.vn/
"198 Trần Bạch Đằng, Bắc Mỹ Phú, Ngũ Hành Sơn, Đà Nẵng 550000 ",16.052786,108.2466002,Monalisa Luxury Hotel,0236 3918 182 ,613051.0,"₫613,051",4.5,Hotel,https://www.google.com/maps/place/Monalisa+Luxury+Hotel/data=!4m10!3m9!1s0x314217b52ea9cd97:0xa34b751d878fb7e5!5m2!4m1!1i2!8m2!3d16.052786!4d108.2466002!16s%2Fg%2F11v3jqcdxr!19sChIJl82pLrUXQjER5bePhx11S6M?authuser=0&hl=en&rclk=1,https://monalisaluxuryhotel.com/
"170-172-174 Nguyễn Văn Thoại, Bắc Mỹ Phú, Ngũ Hành Sơn, Đà Nẵng 550000 ",16.0558804,108.2452292,MERCY EMERALD HOTEL,0236 3586 666 ,519870.0,"₫519,870",4.8,Hotel,https://www.google.com/maps/place/MERCY+EMERALD+HOTEL/data=!4m10!3m9!1s0x3142177bf0382785:0xc55a874e910ddba3!5m2!4m1!1i2!8m2!3d16.0558804!4d108.2452292!16s%2Fg%2F11kpkylqlj!19sChIJhSc48HsXQjERo9sNkU6HWsU?authuser=0&hl=en&rclk=1,https://mercyemeraldhotel.com/
"134-136 Bạch Đằng, Hải Châu, Đà Nẵng 550000 ",16.067425,108.224725,Sun River Hotel,0236 3849 188 ,483018.0,"₫483,018",4.0,Hotel,https://www.google.com/maps/place/Sun+River+Hotel/data=!4m10!3m9!1s0x3142183268d5babb:0x21385696d6627f8a!5m2!4m1!1i2!8m2!3d16.067425!4d108.224725!16s%2Fg%2F1tyt2v_9!19sChIJu7rVaDIYQjERin9i1pZWOCE?authuser=0&hl=en&rclk=1,http://sunriverhoteldanang.com/
"70-72 Loseby, An Hải Bắc, Sơn Trà, Đà Nẵng 550000 ",16.0735325,108.2422311,Royal Beach Hotel,0236 3820 222 ,222681.0,"₫222,681",4.3,Hotel,https://www.google.com/maps/place/Royal+Beach+Hotel/data=!4m10!3m9!1s0x31421723f084e5bb:0x7b792184ad1c88f6!5m2!4m1!1i2!8m2!3d16.0735325!4d108.2422311!16s%2Fg%2F11s49g867z!19sChIJu-WE8CMXQjER9ogcrYQheXs?authuser=0&hl=en&rclk=1,
"25 Mỹ Khê 1, Phước Mỹ, Sơn Trà, Đà Nẵng 550000 ",16.0636803,108.2398992,King House Villa Hotel,0236 3844 583 ,275597.0,"₫275,597",4.3,Villa,https://www.google.com/maps/place/King+House+Villa+Hotel/data=!4m10!3m9!1s0x314219d4960a9827:0x6189df3be311e38!5m2!4m1!1i2!8m2!3d16.0636803!4d108.2398992!16s%2Fg%2F11fjs79q_9!19sChIJJ5gKltQZQjEROB4xvvOdGAY?authuser=0&hl=en&rclk=1,
"02 Cao Xuân Dục, Thuận Phước, Hải Châu, Đà Nẵng 550000 ",16.0872953,108.21949,La Belle Vie Boutique Hotel,0588 686 288 ,440325.0,"₫440,325",4.7,Hotel,https://www.google.com/maps/place/La+Belle+Vie+Boutique+Hotel/data=!4m10!3m9!1s0x3142195d97ced993:0xca14d7971e762372!5m2!4m1!1i2!8m2!3d16.0872953!4d108.21949!16s%2Fg%2F11j0nf7vfq!19sChIJk9nOl10ZQjERciN2HpfXFMo?authuser=0&hl=en&rclk=1,https://labellevieboutique.com/
"357 Đ. Trần Hưng Đạo, An Hải Trung, Sơn Trà, Đà Nẵng 550000 ",16.0670956,108.2294899,Kay Hotel,0236 3986 666 ,384004.0,"₫384,004",3.8,Hotel,https://www.google.com/maps/place/Kay+Hotel/data=!4m10!3m9!1s0x3142182c3443456f:0x9a571cbe95237ec3!5m2!4m1!1i2!8m2!3d16.0670956!4d108.2294899!16s%2Fg%2F1ptw_c871!19sChIJb0VDNCwYQjERw34jlb4cV5o?authuser=0&hl=en&rclk=1,https://www.booking.com/hotel/vn/kay-da-nang.vi.html
"39 Lê Quang Đạo, Bắc Mỹ Phú, Ngũ Hành Sơn, Đà Nẵng 55000 ",16.0542496,108.2443691,Phúc Thanh Hotel,0374 225 779 ,231802.0,"₫231,802",3.6,Hotel,https://www.google.com/maps/place/Ph%C3%BAc+Thanh+Hotel/data=!4m10!3m9!1s0x31421764fb4d5c37:0x7beeed4dbcdf6786!5m2!4m1!1i2!8m2!3d16.0542496!4d108.2443691!16s%2Fg%2F11hd4zhn2f!19sChIJN1xN-2QXQjERhmffvE3t7ns?authuser=0&hl=en&rclk=1,http://www.booking.com/hotel/vn/phuc-thanh-minh-danang.html
"Hamlet 7, Hội An, Quảng Nam 000000 ",15.9147784,108.3366873,The Watermark Beachside Hotel,0935 493 907 ,1490117.0,"₫1,490,117",4.9,Hotel,https://www.google.com/maps/place/The+Watermark+Beachside+Hotel/data=!4m10!3m9!1s0x31420c34014692e3:0x20dc01e45f60301b!5m2!4m1!1i2!8m2!3d15.9147784!4d108.3366873!16s%2Fg%2F11h_sz43vz!19sChIJ45JGATQMQjERGzBgX-QB3CA?authuser=0&hl=en&rclk=1,http://thewatermarkhoian.com/
"67 Hà Bổng, Phước Mỹ, Sơn Trà, Đà Nẵng 550000 ",16.0671712,108.2444169,DaNa Sailing Hotel,0931 941 679 ,207484.0,"₫207,484",4.2,Hotel,https://www.google.com/maps/place/DaNa+Sailing+Hotel/data=!4m10!3m9!1s0x31421783dcc4553f:0x8f211f285b4c129b!5m2!4m1!1i2!8m2!3d16.0671712!4d108.2444169!16s%2Fg%2F11dfgs_5_z!19sChIJP1XE3IMXQjERmxJMWygfIY8?authuser=0&hl=en&rclk=1,http://danasailinghotel.com/
"14-16 An Thượng 1, Bắc Mỹ Phú, Ngũ Hành Sơn, Đà Nẵng 550000 ",16.049669,108.2481031,Mons Boutique Hotel,0942 677 643 ,null,,4.2,Hotel,https://www.google.com/maps/place/Mons+Boutique+Hotel/data=!4m10!3m9!1s0x3142179fa5350ab1:0xb4d8a397fc15b021!5m2!4m1!1i2!8m2!3d16.049669!4d108.2481031!16s%2Fg%2F11k46y9y1r!19sChIJsQo1pZ8XQjERIbAV_Jej2LQ?authuser=0&hl=en&rclk=1,
"66 Bạch Đằng, Hải Châu, Đà Nẵng 550000 ",16.0713879,108.224997,Han Riverine Hotel n' Cafeteria,0914 401 711 ,210089.0,"₫210,089",4.5,Hotel,https://www.google.com/maps/place/Han+Riverine+Hotel+n%27+Cafeteria/data=!4m10!3m9!1s0x3142190065f8a329:0xee0055b29a5039bc!5m2!4m1!1i2!8m2!3d16.0713879!4d108.224997!16s%2Fg%2F11y3s3j2hr!19sChIJKaP4ZQAZQjERvDlQmrJVAO4?authuser=0&hl=en&rclk=1,
"34, ngõ 2 P. Trần Văn Lai, Mỹ Đình, Nam Từ Liêm, Hà Nội 10000 ",21.018019,105.778104,iStay hotel apartment 1,0971 000 953 ,397065.0,"₫397,065",3.8,Apartment,https://www.google.com/maps/place/iStay+hotel+apartment+1/data=!4m10!3m9!1s0x313454abba1431f7:0x54d1595ac83e02ff!5m2!4m1!1i2!8m2!3d21.018019!4d105.778104!16s%2Fg%2F11cn167gls!19sChIJ9zEUuqtUNDER_wI-yFpZ0VQ?authuser=0&hl=en&rclk=1,http://www.istay.vn/
"XQMC+HPC, HH01, P. Tố Hữu, Street, Hà Đông, Hà Nội 100000 ",20.983948,105.771767,Wyndham Garden Hanoi,024 3666 6655 ,1703000.0,"₫1,703,000",4.4,Hotel,https://www.google.com/maps/place/Wyndham+Garden+Hanoi/data=!4m10!3m9!1s0x313453309329c1b7:0x4ebee0f5b43af0ac!5m2!4m1!1i2!8m2!3d20.983948!4d105.771767!16s%2Fg%2F11fd75f6k5!19sChIJt8EpkzBTNDERrPA6tPXgvk4?authuser=0&hl=en&rclk=1,https://www.wyndhamhotels.com/wyndham-garden/ha-noi-vietnam/wyndham-garden-hanoi/overview?CID=LC:46q62bu8edfbx3y:51683&iata=00093796
"92-94 P. Hàng Trống, Hàng Trống, Hoàn Kiếm, Hà Nội ",21.0296357,105.8501373,The Oriental Jade Hotel,024 3936 7777 ,2973193.0,"₫2,973,193",4.8,Hotel,https://www.google.com/maps/place/The+Oriental+Jade+Hotel/data=!4m10!3m9!1s0x3135ab97c9159c81:0x223aa466a895f533!5m2!4m1!1i2!8m2!3d21.0296357!4d105.8501373!16s%2Fg%2F11fkt9mn4q!19sChIJgZwVyZerNTERM_WVqGakOiI?authuser=0&hl=en&rclk=1,https://theorientaljadehotel.com/
"5 ngõ 82/1 P. Dịch Vọng Hậu, Dịch Vọng Hậu, Cầu Giấy, Hà Nội 10000 ",21.0289729,105.7855031,22Land Heritage Hotel & Retreat,0869 753 568 ,1062747.0,"₫1,062,747",4.7,Hotel,https://www.google.com/maps/place/22Land+Heritage+Hotel+%26+Retreat/data=!4m10!3m9!1s0x3135abd67bfc0dc9:0xfbce5169ab22c73e!5m2!4m1!1i2!8m2!3d21.0289729!4d105.7855031!16s%2Fg%2F11t79kf7ky!19sChIJyQ38e9arNTERPsciq2lRzvs?authuser=0&hl=en&rclk=1,https://22landresidence.com/
"59-61 Ng. Huế, Ngô Thì Nhậm, Hai Bà Trưng, Hà Nội 100000 ",21.0146243,105.8519936,Minasi Grand Hotel,024 3624 4488 ,1615000.0,"₫1,615,000",4.9,Hotel,https://www.google.com/maps/place/Minasi+Grand+Hotel/data=!4m10!3m9!1s0x3135abf3347eaaab:0x886fe9d530f0db44!5m2!4m1!1i2!8m2!3d21.0146243!4d105.8519936!16s%2Fg%2F11tf6t32yl!19sChIJq6p-NPOrNTERRNvwMNXpb4g?authuser=0&hl=en&rclk=1,https://minasihotels.com/
"57 P. Nguyễn Trường Tộ, Trúc Bạch, Ba Đình, Hà Nội 100000 ",21.0421793,105.8455485,Minasi Premium Hotel,024 3205 7227 ,1475000.0,"₫1,475,000",4.9,Hotel,https://www.google.com/maps/place/Minasi+Premium+Hotel/data=!4m10!3m9!1s0x3135ab4a246b5f1f:0x9d027394e351065b!5m2!4m1!1i2!8m2!3d21.0421793!4d105.8455485!16s%2Fg%2F11tsdwg6l5!19sChIJH19rJEqrNTERWwZR45RzAp0?authuser=0&hl=en&rclk=1,https://minasihotels.com/hotel/minasipremium/
"16 P. Miếu Đầm, Mễ Trì, Nam Từ Liêm, Hà Nội ",21.0074088,105.7812507,A25 Luxury Hotel - 16 Miếu Đầm,0349 643 969 ,958410.0,"₫958,410",4.8,Hotel,https://www.google.com/maps/place/A25+Luxury+Hotel+-+16+Mi%E1%BA%BFu+%C4%90%E1%BA%A7m/data=!4m10!3m9!1s0x313453534f8b8de5:0xa89a3c9ad66f837b!5m2!4m1!1i2!8m2!3d21.0074088!4d105.7812507!16s%2Fg%2F11khmkryk6!19sChIJ5Y2LT1NTNDERe4Nv1po8mqg?authuser=0&hl=en&rclk=1,https://a25hotel.com/khach-san-tai-phuong-tu-liem/a25-luxury-hotel-16-mieu-dam-p2147.html
"số 10 ngõ, Mễ Trì Hạ, Nam Từ Liêm, Hà Nội 100000 ",21.0147119,105.7804134,Brilliant Me Tri Hotel & Spa,024 3226 2670 ,554172.0,"₫554,172",4.2,Hotel,https://www.google.com/maps/place/Brilliant+Me+Tri+Hotel+%26+Spa/data=!4m10!3m9!1s0x313454aa984d090b:0x32a86ce556e632c4!5m2!4m1!1i2!8m2!3d21.0147119!4d105.7804134!16s%2Fg%2F11cns6w784!19sChIJCwlNmKpUNDERxDLmVuVsqDI?authuser=0&hl=en&rclk=1,http://www.brilliantmetrihotel.com/
"34 P. Miếu Đầm, Mễ Trì, Nam Từ Liêm, Hà Nội ",21.0068483,105.7816777,Reyna Luxury Hotel,024 3359 3555 ,893644.0,"₫893,644",4.4,Hotel,https://www.google.com/maps/place/Reyna+Luxury+Hotel/data=!4m10!3m9!1s0x3134535349895555:0x3d07e464a8ca4e1d!5m2!4m1!1i2!8m2!3d21.0068483!4d105.7816777!16s%2Fg%2F11tg1mj1f5!19sChIJVVWJSVNTNDERHU7KqGTkBz0?authuser=0&hl=en&rclk=1,https://reynaluxuryhotel.com/
"Bán Đảo Linh Đàm, Hoàng Liệt, Hoàng Mai, Hà Nội ",20.9634765,105.834595,BAO NGỌC HOTEL,024 3833 2999 ,648656.0,"₫648,656",4.3,Hotel,https://www.google.com/maps/place/BAO+NG%E1%BB%8CC+HOTEL/data=!4m10!3m9!1s0x3135adbe14e0ca4d:0xe35541a5dd394737!5m2!4m1!1i2!8m2!3d20.9634765!4d105.834595!16s%2Fg%2F11y50k7tvt!19sChIJTcrgFL6tNTERN0c53aVBVeM?authuser=0&hl=en&rclk=1,
"4 P. Khúc Thừa Dụ, Dịch Vọng, Cầu Giấy, Hà Nội 100000 ",21.0348638,105.7930493,New Century Hotel Cau Giay,024 3763 5555 ,530925.0,"₫530,925",4.4,Hotel,https://www.google.com/maps/place/New+Century+Hotel+Cau+Giay/data=!4m10!3m9!1s0x3135abbde00bb8ef:0x7434dd54a1ebc809!5m2!4m1!1i2!8m2!3d21.0348638!4d105.7930493!16s%2Fg%2F11s3_rnpvz!19sChIJ77gL4L2rNTERCcjroVTdNHQ?authuser=0&hl=en&rclk=1,http://newcenturyhotel.com.vn/
"BT1, Biệt thự A14, P. Bùi Xuân Phái, Mỹ Đình, Nam Từ Liêm, Hà Nội ",21.0321248,105.7664581,King’s Hotel Mỹ Đình,024 3833 2299 ,500000.0,"₫500,000",3.8,Hotel,https://www.google.com/maps/place/King%E2%80%99s+Hotel+M%E1%BB%B9+%C4%90%C3%ACnh/data=!4m10!3m9!1s0x313455963018eba3:0x4a8429882e7fb3c1!5m2!4m1!1i2!8m2!3d21.0321248!4d105.7664581!16s%2Fg%2F11p66rt363!19sChIJo-sYMJZVNDERwbN_LogphEo?authuser=0&hl=en&rclk=1,http://kinghotels.vn/
"Lô A2-BT4, KĐT mới, Ngõ 214 Đường Nguyễn Xiển, Hạ Đình, Thanh Xuân, Hà Nội 100000 ",20.9850949,105.8024584,VP Hotel,0854 936 868 ,867103.0,"₫867,103",4.5,Hotel,https://www.google.com/maps/place/VP+Hotel/data=!4m10!3m9!1s0x3135ad61bceeaeb1:0xc728914545d1a765!5m2!4m1!1i2!8m2!3d20.9850949!4d105.8024584!16s%2Fg%2F11s7mvnhgy!19sChIJsa7uvGGtNTERZafRRUWRKMc?authuser=0&hl=en&rclk=1,https://vphotel.vn/
"Ngõ 2 P. Trần Văn Lai, Mỹ Đình, Nam Từ Liêm, Hà Nội 12015 ",21.0178456,105.7779335,K Business 2 Hotel,0911 728 600 ,994249.0,"₫994,249",4.1,Hotel,https://www.google.com/maps/place/K+Business+2+Hotel/data=!4m10!3m9!1s0x313454abb734d3e1:0x2a8e730666496ecc!5m2!4m1!1i2!8m2!3d21.0178456!4d105.7779335!16s%2Fg%2F11f3bfy8r9!19sChIJ4dM0t6tUNDERzG5JZgZzjio?authuser=0&hl=en&rclk=1,https://kbusinesshotel.com/
"1b9 Đầm Trấu, Bạch Đằng, Hai Bà Trưng, Hà Nội ",21.0103411,105.8651554,Le Grand Hotel Hanoi,0903 441 655 ,377465.0,"₫377,465",4.0,Hotel,https://www.google.com/maps/place/Le+Grand+Hotel+Hanoi/data=!4m10!3m9!1s0x3135abf9c2e8af45:0x7a8f0094ea354a12!5m2!4m1!1i2!8m2!3d21.0103411!4d105.8651554!16s%2Fg%2F1jkwcx2zm!19sChIJRa_owvmrNTEREko16pQAj3o?authuser=0&hl=en&rclk=1,
"9 P. Nguyễn Trường Tộ, Trúc Bạch, Ba Đình, Hà Nội 100000 ",21.041923,105.846736,Bay Luxury Hotel,0862 888 360 ,549010.0,"₫549,010",4.2,Hotel,https://www.google.com/maps/place/Bay+Luxury+Hotel/data=!4m10!3m9!1s0x3135abb9f83df791:0x93c2bd9fe3bab864!5m2!4m1!1i2!8m2!3d21.041923!4d105.846736!16s%2Fg%2F11tdn0btll!19sChIJkfc9-LmrNTERZLi645-9wpM?authuser=0&hl=en&rclk=1,
"5b Đ. Trần Duy Hưng, Trung Hoà, Cầu Giấy, Hà Nội ",21.0146423,105.8044579,Coco Hotel Hanoi,0785 395 777 ,388684.0,"₫388,684",4.3,Hotel,https://www.google.com/maps/place/Coco+Hotel+Hanoi/data=!4m10!3m9!1s0x3135ab5fcce00aeb:0x59cf0cd83dd5d632!5m2!4m1!1i2!8m2!3d21.0146423!4d105.8044579!16s%2Fg%2F11tmv1zx6_!19sChIJ6wrgzF-rNTERMtbVPdgMz1k?authuser=0&hl=en&rclk=1,https://22landresidence.com/coco-hotel/
"116 P. Hàng Buồm, Phố cổ Hà Nội, Hoàn Kiếm, Hà Nội 100000 ",21.0354315,105.8502272,Madelise Palace Hotel & Spa,024 3208 1111 ,554962.0,"₫554,962",4.0,Hotel,https://www.google.com/maps/place/Madelise+Palace+Hotel+%26+Spa/data=!4m10!3m9!1s0x3135ab6b9f4d3e41:0x40fc1c0124fd4725!5m2!4m1!1i2!8m2!3d21.0354315!4d105.8502272!16s%2Fg%2F11tsg7zjfm!19sChIJQT5Nn2urNTERJUf9JAEc_EA?authuser=0&hl=en&rclk=1,http://www.madelisepalacehotel.com/
"21 P. Hoè Nhai, Trúc Bạch, Ba Đình, Hà Nội 11100 ",21.0406814,105.8458983,Hotel du Monde Classic,0935 049 669 ,720348.0,"₫720,348",4.6,Hotel,https://www.google.com/maps/place/Hotel+du+Monde+Classic/data=!4m10!3m9!1s0x3135abe90ff575fd:0xf7d1e6487cb0c8f2!5m2!4m1!1i2!8m2!3d21.0406814!4d105.8458983!16s%2Fg%2F11s8_b5wdx!19sChIJ_XX1D-mrNTER8siwfEjm0fc?authuser=0&hl=en&rclk=1,https://hotel-du-monde.bedsandhotels.com/
"Số 5 Ng. 72 P. Tôn Thất Tùng, Khương Thượng, Đống Đa, Hà Nội ",21.0015628,105.8289349,Green Hotel,,772915.0,"₫772,915",4.0,Hotel,https://www.google.com/maps/place/Green+Hotel/data=!4m10!3m9!1s0x3135ac8762f2a46d:0x9becf1e09786f9de!5m2!4m1!1i2!8m2!3d21.0015628!4d105.8289349!16s%2Fg%2F11hylczrpq!19sChIJbaTyYoesNTER3vmGl-Dx7Js?authuser=0&hl=en&rclk=1,
"04 P. Yên Phúc, P. Phúc La, Hà Đông, Hà Nội ",20.969881,105.7853276,Khách sạn Lieber,024 3577 3555 ,333192.0,"₫333,192",4.0,Hotel,https://www.google.com/maps/place/Kh%C3%A1ch+s%E1%BA%A1n+Lieber/data=!4m10!3m9!1s0x3135ad2bce858915:0xe553b01f43c39b5e!5m2!4m1!1i2!8m2!3d20.969881!4d105.7853276!16s%2Fg%2F11h046p__2!19sChIJFYmFziutNTERXpvDQx-wU-U?authuser=0&hl=en&rclk=1,http://www.lieberhotel.com/
"30A Ng. Trúc Lạc, Trúc Bạch, Ba Đình, Hà Nội 100000 ",21.0490679,105.8397456,The Autumn Homestay,0933 162 992 ,402734.0,"₫402,734",4.3,Homestay,https://www.google.com/maps/place/The+Autumn+Homestay/data=!4m10!3m9!1s0x3135ab306c91c65f:0x5ab3a57f3be6851f!5m2!4m1!1i2!8m2!3d21.0490679!4d105.8397456!16s%2Fg%2F11f7r1c5qt!19sChIJX8aRbDCrNTERH4XmO3-ls1o?authuser=0&hl=en&rclk=1,https://www.facebook.com/TheAutumnHomestay/
"2 Ng. Tràng Tiền, Tràng Tiền, Hoàn Kiếm, Hà Nội ",21.0237575,105.8565778,Opera House Suites,0356 866 995 ,621316.0,"₫621,316",3.9,Hotel,https://www.google.com/maps/place/Opera+House+Suites/data=!4m10!3m9!1s0x3135abec737f9a2f:0x1f0307a6bcc7b672!5m2!4m1!1i2!8m2!3d21.0237575!4d105.8565778!16s%2Fg%2F11lm3s3dpn!19sChIJL5p_c-yrNTERcrbHvKYHAx8?authuser=0&hl=en&rclk=1,https://operahousesuites.book.rentl.io/
"281 P. Xã Đàn, Nam Đồng, Đống Đa, Hà Nội 10000 ",21.0175183,105.8302016,TA Hotel & Apartment,,560000.0,"₫560,000",4.4,Apartment,https://www.google.com/maps/place/TA+Hotel+%26+Apartment/data=!4m10!3m9!1s0x3135abe94bacd0eb:0xb98aa801da84a90!5m2!4m1!1i2!8m2!3d21.0175183!4d105.8302016!16s%2Fg%2F11sbw2w6dr!19sChIJ69CsS-mrNTERkEqoHYCqmAs?authuser=0&hl=en&rclk=1,https://truonganhhotel.com/
"21 P. Hoè Nhai, Trúc Bạch, Ba Đình, Hà Nội 11100 ",21.0406814,105.8458983,Hotel du Monde Classic,0935 049 669 ,720348.0,"₫720,348",4.6,Hotel,https://www.google.com/maps/place/Hotel+du+Monde+Classic/data=!4m10!3m9!1s0x3135abe90ff575fd:0xf7d1e6487cb0c8f2!5m2!4m1!1i2!8m2!3d21.0406814!4d105.8458983!16s%2Fg%2F11s8_b5wdx!19sChIJ_XX1D-mrNTER8siwfEjm0fc?authuser=0&hl=en&rclk=1,https://hotel-du-monde.bedsandhotels.com/
"116 P. Hàng Buồm, Phố cổ Hà Nội, Hoàn Kiếm, Hà Nội 100000 ",21.0354315,105.8502272,Madelise Palace Hotel & Spa,024 3208 1111 ,554962.0,"₫554,962",4.0,Hotel,https://www.google.com/maps/place/Madelise+Palace+Hotel+%26+Spa/data=!4m10!3m9!1s0x3135ab6b9f4d3e41:0x40fc1c0124fd4725!5m2!4m1!1i2!8m2!3d21.0354315!4d105.8502272!16s%2Fg%2F11tsg7zjfm!19sChIJQT5Nn2urNTERJUf9JAEc_EA?authuser=0&hl=en&rclk=1,http://www.madelisepalacehotel.com/
"22 P. Miếu Đầm, Mễ Trì, Nam Từ Liêm, Hà Nội 100000 ",21.0072564,105.7813968,Marina Hotel Hanoi | Khách sạn Marina Hà Nội,0838 898 899 ,689535.0,"₫689,535",4.5,Hotel,https://www.google.com/maps/place/Marina+Hotel+Hanoi+%7C+Kh%C3%A1ch+s%E1%BA%A1n+Marina+H%C3%A0+N%E1%BB%99i/data=!4m10!3m9!1s0x313453a8592272d1:0x3204a6cb3491f4ad!5m2!4m1!1i2!8m2!3d21.0072564!4d105.7813968!16s%2Fg%2F11flm1k4f4!19sChIJ0XIiWahTNDERrfSRNMumBDI?authuser=0&hl=en&rclk=1,https://marinahanoihotel.vn/
"Biệt Thự 6, 24 đường Nguyễn Xuân Khoát, Khu Ngoại giao đoàn, Bắc Từ Liêm, Hà Nội 100000 ",21.0679402,105.7998991,LUXTEL Hotel - Cs2 Ngoại Giao Đoàn BT 6,0358 624 624 ,309594.0,"₫309,594",4.4,Hotel,https://www.google.com/maps/place/LUXTEL+Hotel+-+Cs2+Ngo%E1%BA%A1i+Giao+%C4%90o%C3%A0n+BT+6.24/data=!4m10!3m9!1s0x3135ab09a756e1a3:0x5aecbc4e44045818!5m2!4m1!1i2!8m2!3d21.0679402!4d105.7998991!16s%2Fg%2F11sv6r_wk3!19sChIJo-FWpwmrNTERGFgERE687Fo?authuser=0&hl=en&rclk=1,https://luxtel.vn/
"Số 5 Ng. 72 P. Tôn Thất Tùng, Khương Thượng, Đống Đa, Hà Nội ",21.0015628,105.8289349,Green Hotel,,772915.0,"₫772,915",4.0,Hotel,https://www.google.com/maps/place/Green+Hotel/data=!4m10!3m9!1s0x3135ac8762f2a46d:0x9becf1e09786f9de!5m2!4m1!1i2!8m2!3d21.0015628!4d105.8289349!16s%2Fg%2F11hylczrpq!19sChIJbaTyYoesNTER3vmGl-Dx7Js?authuser=0&hl=en&rclk=1,
"12 Alley Ng. 445 Đ. Lạc Long Quân, Xuân La, Tây Hồ, Hà Nội 100000 ",21.0591266,105.8083107,Tuna Homestay & Experience,0832 938 888 ,200549.0,"₫200,549",4.5,Homestay,https://www.google.com/maps/place/Tuna+Homestay+%26+Experience/data=!4m10!3m9!1s0x3135aae1b5b75f09:0x4d2a3dfbc69c8b79!5m2!4m1!1i2!8m2!3d21.0591266!4d105.8083107!16s%2Fg%2F11h6f8p1kr!19sChIJCV-3teGqNTEReYucxvs9Kk0?authuser=0&hl=en&rclk=1,http://tunahomestay.com/
"45 Ng. 4 P. Đồng Me, phường, Nam Từ Liêm, Hà Nội 10000 ",21.0100232,105.7768566,iStay Hotel Apartment 5,0988 936 795 ,399445.0,"₫399,445",4.1,Apartment,https://www.google.com/maps/place/iStay+Hotel+Apartment+5/data=!4m10!3m9!1s0x313453541814eb05:0x1b9cf0fc69751c7b!5m2!4m1!1i2!8m2!3d21.0100232!4d105.7768566!16s%2Fg%2F11f4wtf4d0!19sChIJBesUGFRTNDERexx1afzwnBs?authuser=0&hl=en&rclk=1,http://istay.vn/
"33 Duong Thanh Street, Old Quarter Hanoi City Hanoi City, 33 P. Đường Thành, Cửa Đông, Hoàn Kiếm, Hà Nội 100000 ",21.0329875,105.8463034,Peridot Grand Luxury Boutique Hotel,024 3828 0099 ,4582223.0,"₫4,582,223",4.8,Hotel,https://www.google.com/maps/place/Peridot+Grand+Luxury+Boutique+Hotel/data=!4m10!3m9!1s0x3135ab60b5b50655:0xf0544b33b06056a7!5m2!4m1!1i2!8m2!3d21.0329875!4d105.8463034!16s%2Fg%2F11fp8vn1_v!19sChIJVQa1tWCrNTERp1ZgsDNLVPA?authuser=0&hl=en&rclk=1,https://peridotgrandhotel.com/
"7A Tú Mỡ, Trung Hoà, Cầu Giấy, Hà Nội ",21.010817,105.7953294,Blue Hanoi Inn City Hotel,024 3855 1000 ,488940.0,"₫488,940",4.1,Hotel,https://www.google.com/maps/place/Blue+Hanoi+Inn+City+Hotel/data=!4m10!3m9!1s0x3135aca62b751d65:0x2136d02e3e60848!5m2!4m1!1i2!8m2!3d21.010817!4d105.7953294!16s%2Fg%2F11f_d7y9_9!19sChIJZR11K6asNTERSAjm4wJtEwI?authuser=0&hl=en&rclk=1,http://www.bluehanoiinn.com/Hotels.aspx?cid=69&lang=vi-VN
"No. 27A P. Hàng Bè, Phố cổ Hà Nội, Hoàn Kiếm, Hà Nội 10000 ",21.0331202,105.8540981,La Siesta Premium Hang Be Hotel,024 3929 0011 ,2391344.0,"₫2,391,344",4.9,Hotel,https://www.google.com/maps/place/La+Siesta+Premium+Hang+Be+Hotel/data=!4m10!3m9!1s0x3135abaeb1b87c05:0xdf8baf56096c5d0c!5m2!4m1!1i2!8m2!3d21.0331202!4d105.8540981!16s%2Fg%2F11hf944wr0!19sChIJBXy4sa6rNTERDF1sCVavi98?authuser=0&hl=en&rclk=1,https://lasiestahotels.vn/hangbe/
"159 Võ Văn Kiệt, An Hải, Sơn Trà, Đà Nẵng 550000 ",16.061794,108.23774,Sepon Blue Hotel,0236 3679 999 ,419737.0,"₫419,737",4.5,Hotel,https://www.google.com/maps/place/Sepon+Blue+Hotel/data=!4m10!3m9!1s0x314219d55874e2b9:0xb61c4f5316b30aa0!5m2!4m1!1i2!8m2!3d16.061794!4d108.23774!16s%2Fg%2F11f5jnfkcx!19sChIJueJ0WNUZQjERoAqzFlNPHLY?authuser=0&hl=en&rclk=1,http://www.seponblue.com/
"114/4 Trần Nhân Tông, Cẩm Châu, Hội An, Quảng Nam 560000 ",15.879033,108.343498,De An Hotel,0235 3921 407 ,660789.0,"₫660,789",4.9,Hotel,https://www.google.com/maps/place/De+An+Hotel/data=!4m10!3m9!1s0x31420dd1ee192181:0xef1669f74085342c!5m2!4m1!1i2!8m2!3d15.879033!4d108.343498!16s%2Fg%2F11j4dbmj99!19sChIJgSEZ7tENQjERLDSFQPdpFu8?authuser=0&hl=en&rclk=1,https://dean.vn/
"Lo 41 Hoàng Sa, Thọ Quang, Sơn Trà, Đà Nẵng 553690 ",16.0994982,108.2546497,Sontra Sea Hotel,0936 790 798 ,250000.0,"₫250,000",4.8,Hotel,https://www.google.com/maps/place/Sontra+Sea+Hotel/data=!4m10!3m9!1s0x314217004ed378d3:0x67bf47629e2e54a5!5m2!4m1!1i2!8m2!3d16.0994982!4d108.2546497!16s%2Fg%2F11sqf6qz4p!19sChIJ03jTTgAXQjERpVQunmJHv2c?authuser=0&hl=en&rclk=1,https://sontraseahotel.com/
"10 Trần Hưng Đạo, Sơn Phong, Hội An, Quảng Nam 51306 ",15.88049,108.3307507,Hoi An Historic Hotel,0235 3861 445 ,1232946.0,"₫1,232,946",4.4,Hotel,https://www.google.com/maps/place/Hoi+An+Historic+Hotel/data=!4m10!3m9!1s0x31420e78c96c258f:0x53b7afede03b477c!5m2!4m1!1i2!8m2!3d15.88049!4d108.3307507!16s%2Fg%2F12hmhw0ms!19sChIJjyVsyXgOQjERfEc74O2vt1M?authuser=0&hl=en&rclk=1,http://www.hoianhistorichotel.com.vn/
"238 Đường võ nguyên giáp, Phước Mỹ, Sơn Trà, Đà Nẵng 550000 ",16.0661258,108.2451505,Monarque Hotel,0236 3588 888 ,1006751.0,"₫1,006,751",4.8,Hotel,https://www.google.com/maps/place/Monarque+Hotel/data=!4m10!3m9!1s0x3142178d36fbef43:0xdb079f9de0401ead!5m2!4m1!1i2!8m2!3d16.0661258!4d108.2451505!16s%2Fg%2F11g9r46qv5!19sChIJQ-_7No0XQjERrR5A4J2fB9s?authuser=0&hl=en&rclk=1,https://www.booking.com/hotel/vn/monarque.vi.html?aid=7955654
"50 Bạch Đằng, Hải Châu, Đà Nẵng 50000 ",16.0726665,108.224286,Hilton Da Nang,0236 3874 000 ,1970790.0,"₫1,970,790",4.6,Hotel,https://www.google.com/maps/place/Hilton+Da+Nang/data=!4m10!3m9!1s0x3142183030cc0f53:0x9f7d7927946123f7!5m2!4m1!1i2!8m2!3d16.0726665!4d108.224286!16s%2Fg%2F11c5271677!19sChIJUw_MMDAYQjER9yNhlCd5fZ8?authuser=0&hl=en&rclk=1,https://www.hilton.com/en/hotels/daddvhi-hilton-da-nang/?SEO_id=GMB-APAC-HI-DADDVHI
"108 Đường võ nguyên giáp, Phước Mỹ, Sơn Trà, Đà Nẵng 50000 ",16.0787475,108.2457042,Mangata Beachfront Hotel,0236 3874 999 ,643322.0,"₫643,322",4.4,Hotel,https://www.google.com/maps/place/Mangata+Beachfront+Hotel/data=!4m10!3m9!1s0x3142178ddc408447:0xed6263acc0fb336a!5m2!4m1!1i2!8m2!3d16.0787475!4d108.2457042!16s%2Fg%2F11twtjm6wf!19sChIJR4RA3I0XQjERajP7wKxjYu0?authuser=0&hl=en&rclk=1,http://www.mangatahotel.vn/
"09 Đỗ Bá, Bắc Mỹ Phú, Ngũ Hành Sơn, Đà Nẵng 550000 ",16.0517799,108.2467562,Santa Luxury Hotel,0236 3589 999 ,757299.0,"₫757,299",4.8,Hotel,https://www.google.com/maps/place/Santa+Luxury+Hotel/data=!4m10!3m9!1s0x314217b4e3029189:0x2184d10ffbf867ec!5m2!4m1!1i2!8m2!3d16.0517799!4d108.2467562!16s%2Fg%2F11jnstgy76!19sChIJiZEC47QXQjER7Gf4-w_RhCE?authuser=0&hl=en&rclk=1,https://santaluxuryhotel.com/
"16 Hoàng Sa, Mân Thái, Sơn Trà, Đà Nẵng 550000 ",16.0893384,108.2492625,Khách Sạn SeaShore,0236 3969 969 ,595942.0,"₫595,942",4.7,Hotel,https://www.google.com/maps/place/Kh%C3%A1ch+S%E1%BA%A1n+SeaShore/data=!4m10!3m9!1s0x314217f205d825a1:0x3558404e24eb3da0!5m2!4m1!1i2!8m2!3d16.0893384!4d108.2492625!16s%2Fg%2F11fhqqt7xd!19sChIJoSXYBfIXQjERoD3rJE5AWDU?authuser=0&hl=en&rclk=1,http://seashorehotel.com.vn/
"182 Bạch Đằng, Street, Hải Châu, Đà Nẵng 550000 ",16.0661896,108.2244309,HAIAN Riverfront Hotel Da Nang,0236 3573 888 ,1000782.0,"₫1,000,782",4.3,Hotel,https://www.google.com/maps/place/HAIAN+Riverfront+Hotel+Da+Nang/data=!4m10!3m9!1s0x314218328cba5f7b:0x2aff1fe3766a6839!5m2!4m1!1i2!8m2!3d16.0661896!4d108.2244309!16s%2Fg%2F11j99sqt9n!19sChIJe1-6jDIYQjEROWhqduMf_yo?authuser=0&hl=en&rclk=1,https://www.haianriverfronthotel.com/
"15a Nguyễn Hoàng, Phường Minh An, Hội An, Quảng Nam 51000 ",15.8742652,108.3259676,Hoianan Boutique Hotel,0235 3666 007 ,723869.0,"₫723,869",4.7,Hotel,https://www.google.com/maps/place/Hoianan+Boutique+Hotel/data=!4m10!3m9!1s0x31420fe118e72dbd:0x5ad39434e7283346!5m2!4m1!1i2!8m2!3d15.8742652!4d108.3259676!16s%2Fg%2F11jyfwtn4_!19sChIJvS3nGOEPQjERRjMo5zSU01o?authuser=0&hl=en&rclk=1,https://hoiananhotel.com/
"1691 Nguyễn Tất Thành, Thanh Khê Tây, Thanh Khê, Đà Nẵng 550000 ",16.0780689,108.172699,Avenis Hotel,0236 3956 888 ,570672.0,"₫570,672",4.2,Hotel,https://www.google.com/maps/place/Avenis+Hotel/data=!4m10!3m9!1s0x314219ab94152e7d:0xaf11ebeb0cb50c3d!5m2!4m1!1i2!8m2!3d16.0780689!4d108.172699!16s%2Fg%2F11qln42zst!19sChIJfS4VlKsZQjERPQy1DOvrEa8?authuser=0&hl=en&rclk=1,http://avenishotel.com/
"627 Đ. Hai Bà Trưng, Phường Minh An, Hội An, Quảng Nam 02363 ",15.8804085,108.3269291,Lion King Hotel,0906 454 707 ,1199999.0,"₫1,199,999",5.0,Hotel,https://www.google.com/maps/place/Lion+King+Hotel/data=!4m10!3m9!1s0x31420f03985e2a99:0xc503932028fee0d6!5m2!4m1!1i2!8m2!3d15.8804085!4d108.3269291!16s%2Fg%2F11p_6sq014!19sChIJmSpemAMPQjER1uD-KCCTA8U?authuser=0&hl=en&rclk=1,
"206-208 Bạch Đằng, Phước Ninh, Hải Châu, Đà Nẵng 550000 ",16.0653756,108.2241441,The Garden Capsule Hotel,0236 3555 206 ,284700.0,"₫284,700",4.1,Hotel,https://www.google.com/maps/place/The+Garden+Capsule+Hotel/data=!4m10!3m9!1s0x3142196c45354a41:0x7d972b2066a1c419!5m2!4m1!1i2!8m2!3d16.0653756!4d108.2241441!16s%2Fg%2F11n5gr1dzg!19sChIJQUo1RWwZQjERGcShZiArl30?authuser=0&hl=en&rclk=1,
"105 Đ. Trần Hưng Đạo, Nại Hiên Đông, Sơn Trà, Đà Nẵng 550000 ",16.0806861,108.2290217,Vitalis Riverside Hotel,0982 751 291 ,169517.0,"₫169,517",3.9,Hotel,https://www.google.com/maps/place/Vitalis+Riverside+Hotel/data=!4m10!3m9!1s0x31421823822beeab:0xf45b7e33ed38e159!5m2!4m1!1i2!8m2!3d16.0806861!4d108.2290217!16s%2Fg%2F11f66h44c1!19sChIJq-4rgiMYQjERWeE47TN-W_Q?authuser=0&hl=en&rclk=1,https://www.facebook.com/Vitalishotel/
"305 Đ. Trần Hưng Đạo, An Hải Bắc, Sơn Trà, Đà Nẵng 550000 ",16.0749384,108.2291564,Palmier Hotel Da Nang,0906 541 528 ,198998.0,"₫198,998",4.6,Hotel,https://www.google.com/maps/place/Palmier+Hotel+Da+Nang/data=!4m10!3m9!1s0x314219ba3cdc272b:0xcdf2df442557c7c1!5m2!4m1!1i2!8m2!3d16.0749384!4d108.2291564!16s%2Fg%2F11yfdd4y8y!19sChIJKyfcPLoZQjERwcdXJUTf8s0?authuser=0&hl=en&rclk=1,
"Hamlet 7, Hội An, Quảng Nam 000000 ",15.9147784,108.3366873,The Watermark Beachside Hotel,0935 493 907 ,1490117.0,"₫1,490,117",4.9,Hotel,https://www.google.com/maps/place/The+Watermark+Beachside+Hotel/data=!4m10!3m9!1s0x31420c34014692e3:0x20dc01e45f60301b!5m2!4m1!1i2!8m2!3d15.9147784!4d108.3366873!16s%2Fg%2F11h_sz43vz!19sChIJ45JGATQMQjERGzBgX-QB3CA?authuser=0&hl=en&rclk=1,http://thewatermarkhoian.com/
"134-136 Bạch Đằng, Hải Châu, Đà Nẵng 550000 ",16.067425,108.224725,Sun River Hotel,0236 3849 188 ,483281.0,"₫483,281",4.0,Hotel,https://www.google.com/maps/place/Sun+River+Hotel/data=!4m10!3m9!1s0x3142183268d5babb:0x21385696d6627f8a!5m2!4m1!1i2!8m2!3d16.067425!4d108.224725!16s%2Fg%2F1tyt2v_9!19sChIJu7rVaDIYQjERin9i1pZWOCE?authuser=0&hl=en&rclk=1,http://sunriverhoteldanang.com/
"36 Mỹ Khê 4, Phước Mỹ, Sơn Trà, Đà Nẵng 550000 ",16.0569287,108.245557,Zalosea Hotel,0236 3945 919 ,303762.0,"₫303,762",4.0,Hotel,https://www.google.com/maps/place/Zalosea+Hotel/data=!4m10!3m9!1s0x3142177912d2fe99:0xdfec5b45f03ab3a4!5m2!4m1!1i2!8m2!3d16.0569287!4d108.245557!16s%2Fg%2F11c2nsnx4_!19sChIJmf7SEnkXQjERpLM68EVb7N8?authuser=0&hl=en&rclk=1,
"14-16 An Thượng 1, Bắc Mỹ Phú, Ngũ Hành Sơn, Đà Nẵng 550000 ",16.049669,108.2481031,Mons Boutique Hotel,0942 677 643 ,409052.0,"₫409,052",4.2,Hotel,https://www.google.com/maps/place/Mons+Boutique+Hotel/data=!4m10!3m9!1s0x3142179fa5350ab1:0xb4d8a397fc15b021!5m2!4m1!1i2!8m2!3d16.049669!4d108.2481031!16s%2Fg%2F11k46y9y1r!19sChIJsQo1pZ8XQjERIbAV_Jej2LQ?authuser=0&hl=en&rclk=1,
"29-33 Lê Văn Quý, An Hải Bắc, Sơn Trà, Đà Nẵng 550000 ",16.0708713,108.2379152,Sea Garden Hotel,0236 3568 888 ,938661.0,"₫938,661",4.4,Hotel,https://www.google.com/maps/place/Sea+Garden+Hotel/data=!4m10!3m9!1s0x314217877e86cb05:0xd290afcb97401fe2!5m2!4m1!1i2!8m2!3d16.0708713!4d108.2379152!16s%2Fg%2F11b6g9vwrp!19sChIJBcuGfocXQjER4h9Al8uvkNI?authuser=0&hl=en&rclk=1,https://seagardenhotel.vn/
"12A Phạm Văn Đồng, An Hải Bắc, Sơn Trà, Đà Nẵng 550000 ",16.0698497,108.2425221,La Maison Da Nang Beach,0236 3936 333 ,249537.0,"₫249,537",4.2,Hotel,https://www.google.com/maps/place/La+Maison+Da+Nang+Beach/data=!4m10!3m9!1s0x314217868d9faa09:0x9cc7ec3cf01a43f2!5m2!4m1!1i2!8m2!3d16.0698497!4d108.2425221!16s%2Fg%2F11f4wv31n4!19sChIJCaqfjYYXQjER8kMa8Dzsx5w?authuser=0&hl=en&rclk=1,https://ibe.channex.io/lamaisonhotel
"182 Bạch Đằng, Street, Hải Châu, Đà Nẵng 550000 ",16.0661896,108.2244309,HAIAN Riverfront Hotel Da Nang,0236 3573 888 ,1000782.0,"₫1,000,782",4.3,Hotel,https://www.google.com/maps/place/HAIAN+Riverfront+Hotel+Da+Nang/data=!4m10!3m9!1s0x314218328cba5f7b:0x2aff1fe3766a6839!5m2!4m1!1i2!8m2!3d16.0661896!4d108.2244309!16s%2Fg%2F11j99sqt9n!19sChIJe1-6jDIYQjEROWhqduMf_yo?authuser=0&hl=en&rclk=1,https://www.haianriverfronthotel.com/
"295 Hồ Nghinh, Phước Mỹ, Sơn Trà, Đà Nẵng 550000 ",16.0654073,108.2434515,Ocean Haven Hotel,0236 3959 922 ,254275.0,"₫254,275",4.1,Hotel,https://www.google.com/maps/place/Ocean+Haven+Hotel/data=!4m10!3m9!1s0x314217003f3c9fc1:0x2ee6d63f6887e073!5m2!4m1!1i2!8m2!3d16.0654073!4d108.2434515!16s%2Fg%2F11wqb1f79t!19sChIJwZ88PwAXQjERc-CHaD_W5i4?authuser=0&hl=en&rclk=1,http://oceanhavenhotel.com/
"12A Phạm Văn Đồng, An Hải Bắc, Sơn Trà, Đà Nẵng 550000 ",16.0698497,108.2425221,La Maison Da Nang Beach,0236 3936 333 ,249537.0,"₫249,537",4.2,Hotel,https://www.google.com/maps/place/La+Maison+Da+Nang+Beach/data=!4m10!3m9!1s0x314217868d9faa09:0x9cc7ec3cf01a43f2!5m2!4m1!1i2!8m2!3d16.0698497!4d108.2425221!16s%2Fg%2F11f4wv31n4!19sChIJCaqfjYYXQjER8kMa8Dzsx5w?authuser=0&hl=en&rclk=1,https://ibe.channex.io/lamaisonhotel
"67 Hà Bổng, Phước Mỹ, Sơn Trà, Đà Nẵng 550000 ",16.0671712,108.2444169,DaNa Sailing Hotel,0931 941 679 ,212632.0,"₫212,632",4.2,Hotel,https://www.google.com/maps/place/DaNa+Sailing+Hotel/data=!4m10!3m9!1s0x31421783dcc4553f:0x8f211f285b4c129b!5m2!4m1!1i2!8m2!3d16.0671712!4d108.2444169!16s%2Fg%2F11dfgs_5_z!19sChIJP1XE3IMXQjERmxJMWygfIY8?authuser=0&hl=en&rclk=1,http://danasailinghotel.com/
"1691 Nguyễn Tất Thành, Thanh Khê Tây, Thanh Khê, Đà Nẵng 550000 ",16.0780689,108.172699,Avenis Hotel,0236 3956 888 ,570672.0,"₫570,672",4.2,Hotel,https://www.google.com/maps/place/Avenis+Hotel/data=!4m10!3m9!1s0x314219ab94152e7d:0xaf11ebeb0cb50c3d!5m2!4m1!1i2!8m2!3d16.0780689!4d108.172699!16s%2Fg%2F11qln42zst!19sChIJfS4VlKsZQjERPQy1DOvrEa8?authuser=0&hl=en&rclk=1,http://avenishotel.com/
"142 Hồ Nghinh, Phước Mỹ, Sơn Trà, Đà Nẵng 550000 ",16.0727883,108.2428243,Ocean Bliss Hotel - Free Sauna,0236 3555 003 ,289000.0,"₫289,000",3.8,Hotel,https://www.google.com/maps/place/Ocean+Bliss+Hotel+-+Free+Sauna/data=!4m10!3m9!1s0x3142177edba973fd:0xaabd5a4747712d8c!5m2!4m1!1i2!8m2!3d16.0727883!4d108.2428243!16s%2Fg%2F11m60dw3k8!19sChIJ_XOp234XQjERjC1xR0davao?authuser=0&hl=en&rclk=1,
"17 Phạm Văn Đồng, An Hải Bắc, Sơn Trà, Đà Nẵng 550000 ",16.0715908,108.235051,Bantique Hotel,0837 164 939 ,222425.0,"₫222,425",4.1,Hotel,https://www.google.com/maps/place/Bantique+Hotel/data=!4m10!3m9!1s0x314218285432140f:0x53867287f6887478!5m2!4m1!1i2!8m2!3d16.0715908!4d108.235051!16s%2Fg%2F11g8bb5496!19sChIJDxQyVCgYQjEReHSI9odyhlM?authuser=0&hl=en&rclk=1,https://www.facebook.com/bantiquedanang
"82 Hà Bổng, Phước Mỹ, Q. Sơn, Đà Nẵng 550000 ",16.0654656,108.2443797,Dragon Sea Hotel,0236 3941 488 ,269016.0,"₫269,016",3.5,Hotel,https://www.google.com/maps/place/Dragon+Sea+Hotel/data=!4m10!3m9!1s0x31421783e53908b1:0x64e93593902e721!5m2!4m1!1i2!8m2!3d16.0654656!4d108.2443797!16s%2Fg%2F11b6dg80_3!19sChIJsQg55YMXQjERIecCOVmTTgY?authuser=0&hl=en&rclk=1,https://www.dragonseahotel.vn/
"627 Đ. Hai Bà Trưng, Phường Minh An, Hội An, Quảng Nam 02363 ",15.8804085,108.3269291,Lion King Hotel,0906 454 707 ,1199999.0,"₫1,199,999",5.0,Hotel,https://www.google.com/maps/place/Lion+King+Hotel/data=!4m10!3m9!1s0x31420f03985e2a99:0xc503932028fee0d6!5m2!4m1!1i2!8m2!3d15.8804085!4d108.3269291!16s%2Fg%2F11p_6sq014!19sChIJmSpemAMPQjER1uD-KCCTA8U?authuser=0&hl=en&rclk=1,
"198 Trần Bạch Đằng, Bắc Mỹ Phú, Ngũ Hành Sơn, Đà Nẵng 550000 ",16.052786,108.2466002,Monalisa Luxury Hotel,0236 3918 182 ,704878.0,"₫704,878",4.5,Hotel,https://www.google.com/maps/place/Monalisa+Luxury+Hotel/data=!4m10!3m9!1s0x314217b52ea9cd97:0xa34b751d878fb7e5!5m2!4m1!1i2!8m2!3d16.052786!4d108.2466002!16s%2Fg%2F11v3jqcdxr!19sChIJl82pLrUXQjER5bePhx11S6M?authuser=0&hl=en&rclk=1,https://monalisaluxuryhotel.com/
"170-172-174 Nguyễn Văn Thoại, Bắc Mỹ Phú, Ngũ Hành Sơn, Đà Nẵng 550000 ",16.0558804,108.2452292,MERCY EMERALD HOTEL,0236 3586 666 ,519870.0,"₫519,870",4.8,Hotel,https://www.google.com/maps/place/MERCY+EMERALD+HOTEL/data=!4m10!3m9!1s0x3142177bf0382785:0xc55a874e910ddba3!5m2!4m1!1i2!8m2!3d16.0558804!4d108.2452292!16s%2Fg%2F11kpkylqlj!19sChIJhSc48HsXQjERo9sNkU6HWsU?authuser=0&hl=en&rclk=1,https://mercyemeraldhotel.com/
"134-136 Bạch Đằng, Hải Châu, Đà Nẵng 550000 ",16.067425,108.224725,Sun River Hotel,0236 3849 188 ,483281.0,"₫483,281",4.0,Hotel,https://www.google.com/maps/place/Sun+River+Hotel/data=!4m10!3m9!1s0x3142183268d5babb:0x21385696d6627f8a!5m2!4m1!1i2!8m2!3d16.067425!4d108.224725!16s%2Fg%2F1tyt2v_9!19sChIJu7rVaDIYQjERin9i1pZWOCE?authuser=0&hl=en&rclk=1,http://sunriverhoteldanang.com/
"25 Mỹ Khê 1, Phước Mỹ, Sơn Trà, Đà Nẵng 550000 ",16.0636803,108.2398992,King House Villa Hotel,0236 3844 583 ,280598.0,"₫280,598",4.3,Villa,https://www.google.com/maps/place/King+House+Villa+Hotel/data=!4m10!3m9!1s0x314219d4960a9827:0x6189df3be311e38!5m2!4m1!1i2!8m2!3d16.0636803!4d108.2398992!16s%2Fg%2F11fjs79q_9!19sChIJJ5gKltQZQjEROB4xvvOdGAY?authuser=0&hl=en&rclk=1,
"02 Cao Xuân Dục, Thuận Phước, Hải Châu, Đà Nẵng 550000 ",16.0872953,108.21949,La Belle Vie Boutique Hotel,0588 686 288 ,438007.0,"₫438,007",4.7,Hotel,https://www.google.com/maps/place/La+Belle+Vie+Boutique+Hotel/data=!4m10!3m9!1s0x3142195d97ced993:0xca14d7971e762372!5m2!4m1!1i2!8m2!3d16.0872953!4d108.21949!16s%2Fg%2F11j0nf7vfq!19sChIJk9nOl10ZQjERciN2HpfXFMo?authuser=0&hl=en&rclk=1,https://labellevieboutique.com/
"357 Đ. Trần Hưng Đạo, An Hải Trung, Sơn Trà, Đà Nẵng 550000 ",16.0670956,108.2294899,Kay Hotel,0236 3986 666 ,393504.0,"₫393,504",3.8,Hotel,https://www.google.com/maps/place/Kay+Hotel/data=!4m10!3m9!1s0x3142182c3443456f:0x9a571cbe95237ec3!5m2!4m1!1i2!8m2!3d16.0670956!4d108.2294899!16s%2Fg%2F1ptw_c871!19sChIJb0VDNCwYQjERw34jlb4cV5o?authuser=0&hl=en&rclk=1,https://www.booking.com/hotel/vn/kay-da-nang.vi.html
"Hamlet 7, Hội An, Quảng Nam 000000 ",15.9147784,108.3366873,The Watermark Beachside Hotel,0935 493 907 ,1490117.0,"₫1,490,117",4.9,Hotel,https://www.google.com/maps/place/The+Watermark+Beachside+Hotel/data=!4m10!3m9!1s0x31420c34014692e3:0x20dc01e45f60301b!5m2!4m1!1i2!8m2!3d15.9147784!4d108.3366873!16s%2Fg%2F11h_sz43vz!19sChIJ45JGATQMQjERGzBgX-QB3CA?authuser=0&hl=en&rclk=1,http://thewatermarkhoian.com/
"14-16 An Thượng 1, Bắc Mỹ Phú, Ngũ Hành Sơn, Đà Nẵng 550000 ",16.049669,108.2481031,Mons Boutique Hotel,0942 677 643 ,409052.0,"₫409,052",4.2,Hotel,https://www.google.com/maps/place/Mons+Boutique+Hotel/data=!4m10!3m9!1s0x3142179fa5350ab1:0xb4d8a397fc15b021!5m2!4m1!1i2!8m2!3d16.049669!4d108.2481031!16s%2Fg%2F11k46y9y1r!19sChIJsQo1pZ8XQjERIbAV_Jej2LQ?authuser=0&hl=en&rclk=1,
"18-20 Loseby, Phước Mỹ, Sơn Trà, Đà Nẵng 55000 ",16.073349,108.2407407,Hải Triều Hotel Đà Nẵng,0971 959 798 ,274428.0,"₫274,428",4.1,Hotel,https://www.google.com/maps/place/H%E1%BA%A3i+Tri%E1%BB%81u+Hotel+%C4%90%C3%A0+N%E1%BA%B5ng/data=!4m10!3m9!1s0x3142170fab226983:0xdec1931fabb0d23f!5m2!4m1!1i2!8m2!3d16.073349!4d108.2407407!16s%2Fg%2F11sr8m1c4h!19sChIJg2kiqw8XQjERP9Kwqx-Twd4?authuser=0&hl=en&rclk=1,
"11 Trần Khát Chân, Cẩm Châu, Hội An, Quảng Nam 560000 ",15.8817615,108.3418345,My Son Boutique Hotel & Spa,0866 995 279 ,665586.0,"₫665,586",4.6,Hotel,https://www.google.com/maps/place/My+Son+Boutique+Hotel+%26+Spa/data=!4m10!3m9!1s0x31420dd1f08b0d59:0x3cce35c4ddc6bbc3!5m2!4m1!1i2!8m2!3d15.8817615!4d108.3418345!16s%2Fg%2F11g0w0c11b!19sChIJWQ2L8NENQjERw7vG3cQ1zjw?authuser=0&hl=en&rclk=1,https://mysonboutiquehotel.com/
"67 Lương Định Của, Khuê Trung, Cẩm Lệ, Đà Nẵng 550000 ",16.0159048,108.2095568,Times Hotel,0832 011 080 ,350000.0,"₫350,000",4.6,Hotel,https://www.google.com/maps/place/Times+Hotel/data=!4m10!3m9!1s0x31421b6735b3107f:0x4595b24ee831795f!5m2!4m1!1i2!8m2!3d16.0159048!4d108.2095568!16s%2Fg%2F11ty6p3_vm!19sChIJfxCzNWcbQjERX3kx6E6ylUU?authuser=0&hl=en&rclk=1,
"68 Phan Châu Trinh, Hải Châu, Đà Nẵng 550000 ",16.0669752,108.2200454,Sanouva Danang Hotel,0236 3823 468 ,910526.0,"₫910,526",4.4,Hotel,https://www.google.com/maps/place/Sanouva+Danang+Hotel/data=!4m10!3m9!1s0x314218337f0db0c9:0xaf094826a5cc31dd!5m2!4m1!1i2!8m2!3d16.0669752!4d108.2200454!16s%2Fg%2F1q6j7vk01!19sChIJybANfzMYQjER3THMpSZICa8?authuser=0&hl=en&rclk=1,https://www.sanouvadanang.com/
"17 Phạm Văn Đồng, An Hải Bắc, Sơn Trà, Đà Nẵng 550000 ",16.0715908,108.235051,Bantique Hotel,0837 164 939 ,222425.0,"₫222,425",4.1,Hotel,https://www.google.com/maps/place/Bantique+Hotel/data=!4m10!3m9!1s0x314218285432140f:0x53867287f6887478!5m2!4m1!1i2!8m2!3d16.0715908!4d108.235051!16s%2Fg%2F11g8bb5496!19sChIJDxQyVCgYQjEReHSI9odyhlM?authuser=0&hl=en&rclk=1,https://www.facebook.com/bantiquedanang
"82 Hà Bổng, Phước Mỹ, Q. Sơn, Đà Nẵng 550000 ",16.0654656,108.2443797,Dragon Sea Hotel,0236 3941 488 ,269016.0,"₫269,016",3.5,Hotel,https://www.google.com/maps/place/Dragon+Sea+Hotel/data=!4m10!3m9!1s0x31421783e53908b1:0x64e93593902e721!5m2!4m1!1i2!8m2!3d16.0654656!4d108.2443797!16s%2Fg%2F11b6dg80_3!19sChIJsQg55YMXQjERIecCOVmTTgY?authuser=0&hl=en&rclk=1,https://www.dragonseahotel.vn/
"78 Trần Hưng Đạo, Phường Minh An, Hội An, Quảng Nam ",15.8800846,108.3263308,Thanh Van 1 Hotel,0235 3916 916 ,575147.0,"₫575,147",4.5,Hotel,https://www.google.com/maps/place/Thanh+Van+1+Hotel/data=!4m10!3m9!1s0x31420e798445c1f9:0xb473605031df5315!5m2!4m1!1i2!8m2!3d15.8800846!4d108.3263308!16s%2Fg%2F1tfb8mm9!19sChIJ-cFFhHkOQjERFVPfMVBgc7Q?authuser=0&hl=en&rclk=1,
"Ven sông Cu Đê, Hoà Liên, Hòa Vang, Đà Nẵng 550000 ",16.1135719,108.1185764,Cami Riverside Resort,0849 343 343 ,736241.0,"₫736,241",4.8,Resort,https://www.google.com/maps/place/Cami+Riverside+Resort/data=!4m10!3m9!1s0x31421f28a1e1cb51:0xdab22d25a12e4db1!5m2!4m1!1i2!8m2!3d16.1135719!4d108.1185764!16s%2Fg%2F11rbyx7h5n!19sChIJUcvhoSgfQjERsU0uoSUtsto?authuser=0&hl=en&rclk=1,
"627 Đ. Hai Bà Trưng, Phường Minh An, Hội An, Quảng Nam 02363 ",15.8804085,108.3269291,Lion King Hotel,0906 454 707 ,1199999.0,"₫1,199,999",5.0,Hotel,https://www.google.com/maps/place/Lion+King+Hotel/data=!4m10!3m9!1s0x31420f03985e2a99:0xc503932028fee0d6!5m2!4m1!1i2!8m2!3d15.8804085!4d108.3269291!16s%2Fg%2F11p_6sq014!19sChIJmSpemAMPQjER1uD-KCCTA8U?authuser=0&hl=en&rclk=1,
"01-03 Khuê Mỹ Đông 10, Khuê Mỹ, Ngũ Hành Sơn, Đà Nẵng 550000 ",16.0375778,108.246058,Bonny Boutique Hotel,0941 993 355 ,637922.0,"₫637,922",4.5,Hotel,https://www.google.com/maps/place/Bonny+Boutique+Hotel/data=!4m10!3m9!1s0x314217f2391433e7:0x43d05c8cbf779061!5m2!4m1!1i2!8m2!3d16.0375778!4d108.246058!16s%2Fg%2F11sqj4w07c!19sChIJ5zMUOfIXQjERYZB3v4xc0EM?authuser=0&hl=en&rclk=1,https://bonnyboutiquehotel.com/
"145 Nguyễn Văn Thoại, An Hải Đông, Sơn Trà, Đà Nẵng 55000 ",16.0549346,108.2409815,Khách sạn Estrella,0236 3872 288 ,862325.0,"₫862,325",4.6,Hotel,https://www.google.com/maps/place/Kh%C3%A1ch+s%E1%BA%A1n+Estrella/data=!4m10!3m9!1s0x314217bcc460a141:0x54405f3fff5b405c!5m2!4m1!1i2!8m2!3d16.0549346!4d108.2409815!16s%2Fg%2F11t57fzfzp!19sChIJQaFgxLwXQjERXEBb_z9fQFQ?authuser=0&hl=en&rclk=1,
"8 Hà Bổng, Phước Mỹ, Sơn Trà, Đà Nẵng 550000 ",16.068095,108.2440628,Grand Sea Hotel,0236 3636 888 ,515263.0,"₫515,263",4.1,Hotel,https://www.google.com/maps/place/Grand+Sea+Hotel/data=!4m10!3m9!1s0x3142178404398dab:0x257adf70281d30bd!5m2!4m1!1i2!8m2!3d16.068095!4d108.2440628!16s%2Fg%2F11clydh6b7!19sChIJq405BIQXQjERvTAdKHDfeiU?authuser=0&hl=en&rclk=1,https://www.booking.com/hotel/vn/grand-sea.vi.html?aid=7955654
"198 Trần Bạch Đằng, Bắc Mỹ Phú, Ngũ Hành Sơn, Đà Nẵng 550000 ",16.052786,108.2466002,Monalisa Luxury Hotel,0236 3918 182 ,704878.0,"₫704,878",4.5,Hotel,https://www.google.com/maps/place/Monalisa+Luxury+Hotel/data=!4m10!3m9!1s0x314217b52ea9cd97:0xa34b751d878fb7e5!5m2!4m1!1i2!8m2!3d16.052786!4d108.2466002!16s%2Fg%2F11v3jqcdxr!19sChIJl82pLrUXQjER5bePhx11S6M?authuser=0&hl=en&rclk=1,https://monalisaluxuryhotel.com/
"170-172-174 Nguyễn Văn Thoại, Bắc Mỹ Phú, Ngũ Hành Sơn, Đà Nẵng 550000 ",16.0558804,108.2452292,MERCY EMERALD HOTEL,0236 3586 666 ,519870.0,"₫519,870",4.8,Hotel,https://www.google.com/maps/place/MERCY+EMERALD+HOTEL/data=!4m10!3m9!1s0x3142177bf0382785:0xc55a874e910ddba3!5m2!4m1!1i2!8m2!3d16.0558804!4d108.2452292!16s%2Fg%2F11kpkylqlj!19sChIJhSc48HsXQjERo9sNkU6HWsU?authuser=0&hl=en&rclk=1,https://mercyemeraldhotel.com/
"134-136 Bạch Đằng, Hải Châu, Đà Nẵng 550000 ",16.067425,108.224725,Sun River Hotel,0236 3849 188 ,483281.0,"₫483,281",4.0,Hotel,https://www.google.com/maps/place/Sun+River+Hotel/data=!4m10!3m9!1s0x3142183268d5babb:0x21385696d6627f8a!5m2!4m1!1i2!8m2!3d16.067425!4d108.224725!16s%2Fg%2F1tyt2v_9!19sChIJu7rVaDIYQjERin9i1pZWOCE?authuser=0&hl=en&rclk=1,http://sunriverhoteldanang.com/
"25 Mỹ Khê 1, Phước Mỹ, Sơn Trà, Đà Nẵng 550000 ",16.0636803,108.2398992,King House Villa Hotel,0236 3844 583 ,280598.0,"₫280,598",4.3,Villa,https://www.google.com/maps/place/King+House+Villa+Hotel/data=!4m10!3m9!1s0x314219d4960a9827:0x6189df3be311e38!5m2!4m1!1i2!8m2!3d16.0636803!4d108.2398992!16s%2Fg%2F11fjs79q_9!19sChIJJ5gKltQZQjEROB4xvvOdGAY?authuser=0&hl=en&rclk=1,
"City, 32A7 Tao Luc 5 street, Vietnam-Singapore Industrial Park 2, Tp. Thủ Dầu Một, Bình Dương 820000 ",11.072301,106.678568,HIIVE by fusion Binh Duong New City - VSIP 2,0274 3801 771 ,1680524.0,"₫1,680,524",4.9,Hotel,https://www.google.com/maps/place/HIIVE+by+fusion+Binh+Duong+New+City+-+VSIP+2/data=!4m10!3m9!1s0x3174cfcaf21c33e3:0x6a4862ba6cff12ab!5m2!4m1!1i2!8m2!3d11.072301!4d106.678568!16s%2Fg%2F11tf04kx4s!19sChIJ4zMc8srPdDERqxL_bLpiSGo?authuser=0&hl=en&rclk=1,https://newcity.hiivehotels.com/
"B2 Đường Hùng Vương, Phú Chánh, Thủ Dầu Một, Bình Dương ",11.056302,106.684187,Becamex Hotel New City,0274 3801 118 ,2311729.0,"₫2,311,729",4.5,Hotel,https://www.google.com/maps/place/Becamex+Hotel+New+City/data=!4m10!3m9!1s0x3174cfd6c47b6c4b:0x1ac1656fdf1d531f!5m2!4m1!1i2!8m2!3d11.056302!4d106.684187!16s%2Fg%2F11bwqbdg92!19sChIJS2x7xNbPdDERH1Md329lwRo?authuser=0&hl=en&rclk=1,http://newcity.becamexhotels.com/?partner=8663utm_source=google&utm_medium=organic&utm_campaign=MyBusiness&utm
"38 Đường số 3, Khu dân cư Trung Sơn, Bình Chánh, Thành phố Hồ Chí Minh 70000 ",10.7379713,106.6916034,Venice hotel,028 5431 6684 ,410918.0,"₫410,918",4.1,Hotel,https://www.google.com/maps/place/Venice+hotel/data=!4m10!3m9!1s0x31752fa4566aaaab:0x242b6f86bf4f1b9d!5m2!4m1!1i2!8m2!3d10.7379713!4d106.6916034!16s%2Fg%2F11c74h368m!19sChIJq6pqVqQvdTERnRtPv4ZvKyQ?authuser=0&hl=en&rclk=1,https://www.facebook.com/venicehotel02854316684/
"Đ. N2, Lái Thiêu, Thuận An, Bình Dương 75000 ",10.9059835,106.7105907,SPRING HOTEL - 4SEASONS HOTEL,0961 669 393 ,321501.0,"₫321,501",4.2,Hotel,https://www.google.com/maps/place/SPRING+HOTEL+-+4SEASONS+HOTEL/data=!4m10!3m9!1s0x3174d747a83a4dcf:0x204f213a0f1882f!5m2!4m1!1i2!8m2!3d10.9059835!4d106.7105907!16s%2Fg%2F11h33y0609!19sChIJz006qEfXdDERL4jxoBPyBAI?authuser=0&hl=en&rclk=1,
"353-355-357-359, 353 Đ. Số 1, Bình Trị Đông B, Bình Tân, Thành phố Hồ Chí Minh ",10.7472394,106.6107336,The Malibu Hotel Saigon,0867 783 788 ,1612686.0,"₫1,612,686",4.3,Hotel,https://www.google.com/maps/place/The+Malibu+Hotel+Saigon/data=!4m10!3m9!1s0x31752d8a5ae8edc5:0xfb902e15faba6a42!5m2!4m1!1i2!8m2!3d10.7472394!4d106.6107336!16s%2Fg%2F11tby1hhqj!19sChIJxe3oWootdTERQmq6-hUukPs?authuser=0&hl=en&rclk=1,
"Trảng Bàng, Tây Ninh ",11.0323179,106.3534331,GOLDEN CENTRAL HOTEL,0907 507 989 ,476701.0,"₫476,701",3.9,Hotel,https://www.google.com/maps/place/GOLDEN+CENTRAL+HOTEL/data=!4m10!3m9!1s0x310b2f1458a73115:0x702aa88eb745aa83!5m2!4m1!1i2!8m2!3d11.0323179!4d106.3534331!16s%2Fg%2F11lfckd_mk!19sChIJFTGnWBQvCzERg6pFt46oKnA?authuser=0&hl=en&rclk=1,http://goldencentral.vn/
"14 Đường số 3A, Bình Trị Đông B, Bình Tân, Thành phố Hồ Chí Minh 70000 ",10.7497866,106.6193907,"Lucky Hotel - Khách sạn khu tên lửa uy tín, địa chỉ lưu trú giá rẻ sạch sẽ tại Hồ Chí Minh",028 3817 2956 ,234037.0,"₫234,037",4.4,Hotel,"https://www.google.com/maps/place/Lucky+Hotel+-+Kh%C3%A1ch+s%E1%BA%A1n+khu+t%C3%AAn+l%E1%BB%ADa+uy+t%C3%ADn,+%C4%91%E1%BB%8Ba+ch%E1%BB%89+l%C6%B0u+tr%C3%BA+gi%C3%A1+r%E1%BA%BB+s%E1%BA%A1ch+s%E1%BA%BD+t%E1%BA%A1i+H%E1%BB%93+Ch%C3%AD+Minh/data=!4m10!3m9!1s0x31752d025ad301e9:0x15b3a341be7a1008!5m2!4m1!1i2!8m2!3d10.7497866!4d106.6193907!16s%2Fg%2F11kjn9xhzr!19sChIJ6QHTWgItdTERCBB6vkGjsxU?authuser=0&hl=en&rclk=1",
"B4/15B Ap 2, Tân Kiên, Bình Chánh, Thành phố Hồ Chí Minh ",10.7219718,106.6002345,Khách sạn HẢI QUỲNH,0783 879 688 ,256702.0,"₫256,702",3.9,Hotel,https://www.google.com/maps/place/Kh%C3%A1ch+s%E1%BA%A1n+H%E1%BA%A2I+QU%E1%BB%B2NH/data=!4m10!3m9!1s0x31752ddbac78b779:0xfcfb08feb294e7a6!5m2!4m1!1i2!8m2!3d10.7219718!4d106.6002345!16s%2Fg%2F11fr1p10c6!19sChIJebd4rNstdTERpueUsv4I-_w?authuser=0&hl=en&rclk=1,
"121 Đ. Lý Phục Man, Bình Thuận, Quận 7, Thành phố Hồ Chí Minh ",10.7424788,106.7229779,HappyHome,0797 137 653 ,310981.0,"₫310,981",4.3,Hotel,https://www.google.com/maps/place/HappyHome/data=!4m10!3m9!1s0x3175257f7048a54f:0x31c916b2523f60e0!5m2!4m1!1i2!8m2!3d10.7424788!4d106.7229779!16s%2Fg%2F11h1dshvg4!19sChIJT6VIcH8ldTER4GA_UrIWyTE?authuser=0&hl=en&rclk=1,http://happyhome.zoombookdirect.com/
"Số K73 đường D8, P, Kp7, Biên Hòa, Đồng Nai ",10.9463485,106.8292189,Khách sạn Mansion Park,0251 3683 450 ,951593.0,"₫951,593",4.1,Hotel,https://www.google.com/maps/place/Kh%C3%A1ch+s%E1%BA%A1n+Mansion+Park/data=!4m10!3m9!1s0x3174dfde590dde3d:0x876776197c421082!5m2!4m1!1i2!8m2!3d10.9463485!4d106.8292189!16s%2Fg%2F11mhshw2hd!19sChIJPd4NWd7fdDERghBCfBl2Z4c?authuser=0&hl=en&rclk=1,https://mansionparkhotel.com/
"1110B8 Đ. Phạm Văn Đồng, Linh Đông, Thủ Đức, Thành phố Hồ Chí Minh 700000 ",10.8397306,106.742019,Winston Hotel Riverside Thu Duc,0865 515 779 ,348370.0,"₫348,370",3.9,Hotel,https://www.google.com/maps/place/Winston+Hotel+Riverside+Thu+Duc/data=!4m10!3m9!1s0x31752707f7890755:0x480ce4d9e12c2172!5m2!4m1!1i2!8m2!3d10.8397306!4d106.742019!16s%2Fg%2F11hf7k6m27!19sChIJVQeJ9wcndTERciEs4dnkDEg?authuser=0&hl=en&rclk=1,
"B38A Đ. Bạch Đằng, Phường Tân, Sơn Hòa, Thành phố Hồ Chí Minh 700000 ",10.8152366,106.6683722,MI LINH Hotel,0899 337 871 ,401713.0,"₫401,713",4.2,Hotel,https://www.google.com/maps/place/MI+LINH+Hotel/data=!4m10!3m9!1s0x317529aac8ace587:0xd830c65a6295e46b!5m2!4m1!1i2!8m2!3d10.8152366!4d106.6683722!16s%2Fg%2F11sh5f3fk8!19sChIJh-WsyKopdTERa-SVYlrGMNg?authuser=0&hl=en&rclk=1,
"102 Đ. Vành Đai Trong, An Lạc A, Bình Tân, Thành phố Hồ Chí Minh 70000 ",10.7447787,106.6154308,The Moon 3 Hotel,028 3535 5026 ,1032242.0,"₫1,032,242",4.4,Hotel,https://www.google.com/maps/place/The+Moon+3+Hotel/data=!4m10!3m9!1s0x31752d81f9d8d0b3:0x59004752823079e9!5m2!4m1!1i2!8m2!3d10.7447787!4d106.6154308!16s%2Fg%2F11t0t839hj!19sChIJs9DY-YEtdTER6XkwglJHAFk?authuser=0&hl=en&rclk=1,
"40, N7 Đ. Võ Thị Sáu, Thống Nhất, Biên Hòa, Đồng Nai ",10.949931,106.8294327,Biên Hòa Hotel,0922 685 685 ,450000.0,"₫450,000",3.9,Hotel,https://www.google.com/maps/place/Bi%C3%AAn+H%C3%B2a+Hotel/data=!4m10!3m9!1s0x3174df387a44e3bd:0x76987113deec59dd!5m2!4m1!1i2!8m2!3d10.949931!4d106.8294327!16s%2Fg%2F11j7vb_m9d!19sChIJveNEejjfdDER3Vns3hNxmHY?authuser=0&hl=en&rclk=1,
"91 Đ. HT 45, Phường, Quận 12, Thành phố Hồ Chí Minh 70000 ",10.8703963,106.646509,Thanh An hotel,0906 712 899 ,427368.0,"₫427,368",4.1,Hotel,https://www.google.com/maps/place/Thanh+An+hotel/data=!4m10!3m9!1s0x317529e63b0e44d5:0xab79d9ac0289c7b4!5m2!4m1!1i2!8m2!3d10.8703963!4d106.646509!16s%2Fg%2F11b73vbj00!19sChIJ1UQOO-YpdTERtMeJAqzZeas?authuser=0&hl=en&rclk=1,
"76/2 Đường Lê Văn Chí, Phường Linh Trung, Thủ Đức, Thành phố Hồ Chí Minh 720300 ",10.8644635,106.7816957,Ha Long Hotel,0967 430 909 ,339762.0,"₫339,762",4.2,Hotel,https://www.google.com/maps/place/Ha+Long+Hotel/data=!4m10!3m9!1s0x31752776be0414ff:0x612fe33082787f3!5m2!4m1!1i2!8m2!3d10.8644635!4d106.7816957!16s%2Fg%2F11gybhfkd_!19sChIJ_xQEvnYndTER84cnCDP-EgY?authuser=0&hl=en&rclk=1,https://www.facebook.com/profile.php?id=100010979346159
"318A Đại lộ Bình Dương, Phú Hoà, Thủ Dầu Một, Bình Dương ",10.9810938,106.6687189,THE MIRA BOUTIQUE HOTEL,0274 3628 888 ,1079856.0,"₫1,079,856",4.2,Hotel,https://www.google.com/maps/place/THE+MIRA+BOUTIQUE+HOTEL/data=!4m10!3m9!1s0x3174d124860359cf:0xd58577eb58ef5e!5m2!4m1!1i2!8m2!3d10.9810938!4d106.6687189!16s%2Fg%2F11f389wbj3!19sChIJz1kDhiTRdDERXu9Y63eF1QA?authuser=0&hl=en&rclk=1,https://www.booking.com/hotel/vn/the-mira-boutique.vi.html?aid=7955654
"43 Trương Định, Phường 6, Quận 3, Thành phố Hồ Chí Minh ",10.776539,106.690775,Ruby Star Hotel,028 3933 3146 ,679263.0,"₫679,263",3.7,Hotel,https://www.google.com/maps/place/Ruby+Star+Hotel/data=!4m10!3m9!1s0x31752f3951100ec9:0xbc3517d4568546f3!5m2!4m1!1i2!8m2!3d10.776539!4d106.690775!16s%2Fg%2F1hc5yqr4m!19sChIJyQ4QUTkvdTER80aFVtQXNbw?authuser=0&hl=en&rclk=1,
"66 Đ. Số 8, Linh Tây, Thủ Đức, Thành phố Hồ Chí Minh ",10.8589258,106.756587,Best Hotel,028 6271 6300 ,500000.0,"₫500,000",4.6,Hotel,https://www.google.com/maps/place/Best+Hotel/data=!4m10!3m9!1s0x3174d9357f3f6c89:0x87b5e432d27572b7!5m2!4m1!1i2!8m2!3d10.8589258!4d106.756587!16s%2Fg%2F11vdrzb8fx!19sChIJiWw_fzXZdDERt3J10jLktYc?authuser=0&hl=en&rclk=1,https://bookhotel.kiotviet.vn/besthotel
"21 Đ. số 7, Khu dân cư Trung Sơn, Bình Chánh, Thành phố Hồ Chí Minh 700000 ",10.7378417,106.690253,AVATAR HOTEL,028 3973 9918 ,9907230.0,"₫9,907,230",4.0,Hotel,https://www.google.com/maps/place/AVATAR+HOTEL/data=!4m10!3m9!1s0x31752fdcaf89447b:0x6190bedc6d449bbe!5m2!4m1!1i2!8m2!3d10.7378417!4d106.690253!16s%2Fg%2F11rk4m0ddz!19sChIJe0SJr9wvdTERvptEbdy-kGE?authuser=0&hl=en&rclk=1,http://avatarhotel21.net/
"Bến Vân Đồn/188 - 189 Khánh Hội, Phường, Quận 4, Thành phố Hồ Chí Minh ",10.761455,106.6974898,A IN HOTEL RIVERSIDE,0326 965 110 ,1125000.0,"₫1,125,000",4.4,Hotel,https://www.google.com/maps/place/A+IN+HOTEL+RIVERSIDE/data=!4m10!3m9!1s0x31752f12242b5003:0x3adacdd84edac7f3!5m2!4m1!1i2!8m2!3d10.761455!4d106.6974898!16s%2Fg%2F11s5h6qzn_!19sChIJA1ArJBIvdTER88faTtjN2jo?authuser=0&hl=en&rclk=1,https://ainhotelriverside.dcms.site/
"283/76 - 283/78, Cách Mạng Tháng Tám, Phường Hòa Hưng, Quận 10, Thành phố Hồ Chí Minh ",10.7775026,106.6784836,Diamond Hotel CMT8 - Center SaiGon,0965 477 614 ,null,,3.1,Hotel,https://www.google.com/maps/place/Diamond+Hotel+CMT8+-+Center+SaiGon/data=!4m10!3m9!1s0x31752fe819423951:0xe0450b8e0669f845!5m2!4m1!1i2!8m2!3d10.7775026!4d106.6784836!16s%2Fg%2F11px7rw94v!19sChIJUTlCGegvdTERRfhpBo4LReA?authuser=0&hl=en&rclk=1,
"76/2 Đường Lê Văn Chí, Phường Linh Trung, Thủ Đức, Thành phố Hồ Chí Minh 720300 ",10.8644635,106.7816957,Ha Long Hotel,0967 430 909 ,339762.0,"₫339,762",4.2,Hotel,https://www.google.com/maps/place/Ha+Long+Hotel/data=!4m10!3m9!1s0x31752776be0414ff:0x612fe33082787f3!5m2!4m1!1i2!8m2!3d10.8644635!4d106.7816957!16s%2Fg%2F11gybhfkd_!19sChIJ_xQEvnYndTER84cnCDP-EgY?authuser=0&hl=en&rclk=1,https://www.facebook.com/profile.php?id=100010979346159
"Nguyễn Thái Bình, Phường Nguyễn Thái Bình, Quận 1, Thành phố Hồ Chí Minh 70000 ",10.7694123,106.7001638,The Odys Boutique Hotel,028 3821 6915 ,2369925.0,"₫2,369,925",4.5,Hotel,https://www.google.com/maps/place/The+Odys+Boutique+Hotel/data=!4m10!3m9!1s0x31752f3f8cefce9f:0x616bd38bd148fa02!5m2!4m1!1i2!8m2!3d10.7694123!4d106.7001638!16s%2Fg%2F11h4yf04yg!19sChIJn87vjD8vdTERAvpI0YvTa2E?authuser=0&hl=en&rclk=1,http://theodyshotel.com/
"184 Đường số 1A, Bình Trị Đông B, Bình Tân, Thành phố Hồ Chí Minh ",10.7480619,106.6147615,Lá Hotel Bình Tân,0854 575 754 ,323303.0,"₫323,303",3.7,Hotel,https://www.google.com/maps/place/L%C3%A1+Hotel+B%C3%ACnh+T%C3%A2n/data=!4m10!3m9!1s0x31752df1891787af:0x6bd76dd993dcada7!5m2!4m1!1i2!8m2!3d10.7480619!4d106.6147615!16s%2Fg%2F11sn3y3x8d!19sChIJr4cXifEtdTERp63ck9lt12s?authuser=0&hl=en&rclk=1,http://facebook.com/lahotelsg
"572b/4 Trần Hưng Đạo, Phường 2, Quận 5, Thành phố Hồ Chí Minh ",10.7561126,106.6800845,My Friend Hotel,028 3924 5678 ,399280.0,"₫399,280",4.3,Hotel,https://www.google.com/maps/place/My+Friend+Hotel/data=!4m10!3m9!1s0x31752fa8f7ff9609:0x97b997a374e6850b!5m2!4m1!1i2!8m2!3d10.7561126!4d106.6800845!16s%2Fg%2F11fd_sz0rr!19sChIJCZb_96gvdTERC4XmdKOXuZc?authuser=0&hl=en&rclk=1,
"B38A Đ. Bạch Đằng, Phường Tân, Sơn Hòa, Thành phố Hồ Chí Minh 700000 ",10.8152366,106.6683722,MI LINH Hotel,0899 337 871 ,401713.0,"₫401,713",4.2,Hotel,https://www.google.com/maps/place/MI+LINH+Hotel/data=!4m10!3m9!1s0x317529aac8ace587:0xd830c65a6295e46b!5m2!4m1!1i2!8m2!3d10.8152366!4d106.6683722!16s%2Fg%2F11sh5f3fk8!19sChIJh-WsyKopdTERa-SVYlrGMNg?authuser=0&hl=en&rclk=1,
"16C Đ. Lũy Bán Bích, Tân Thới Hoà, Tân Phú, Thành phố Hồ Chí Minh ",10.760365,106.632934,Khách Sạn Lộc Phát,0786 992 836 ,287280.0,"₫287,280",4.6,Hotel,https://www.google.com/maps/place/Kh%C3%A1ch+S%E1%BA%A1n+L%E1%BB%99c+Ph%C3%A1t/data=!4m10!3m9!1s0x31752f56af601fe1:0x9a95af9b98290462!5m2!4m1!1i2!8m2!3d10.760365!4d106.632934!16s%2Fg%2F11l30slrry!19sChIJ4R9gr1YvdTERYgQpmJuvlZo?authuser=0&hl=en&rclk=1,
"137/8A, Bình Quới, Phường 27, Bình Thạnh, Thành phố Hồ Chí Minh 70000 ",10.8192182,106.7235886,GRAND LEE HOTEL,028 3556 6638 ,448009.0,"₫448,009",4.5,Hotel,https://www.google.com/maps/place/GRAND+LEE+HOTEL/data=!4m10!3m9!1s0x317529343ac01d75:0xda1e8a2bd333bb93!5m2!4m1!1i2!8m2!3d10.8192182!4d106.7235886!16s%2Fg%2F11kkb43089!19sChIJdR3AOjQpdTERk7sz0yuKHto?authuser=0&hl=en&rclk=1,
"66 Đ. Số 8, Linh Tây, Thủ Đức, Thành phố Hồ Chí Minh ",10.8589258,106.756587,Best Hotel,028 6271 6300 ,500000.0,"₫500,000",4.6,Hotel,https://www.google.com/maps/place/Best+Hotel/data=!4m10!3m9!1s0x3174d9357f3f6c89:0x87b5e432d27572b7!5m2!4m1!1i2!8m2!3d10.8589258!4d106.756587!16s%2Fg%2F11vdrzb8fx!19sChIJiWw_fzXZdDERt3J10jLktYc?authuser=0&hl=en&rclk=1,https://bookhotel.kiotviet.vn/besthotel
"289 Phạm Hữu Lầu, Phú Mỹ, Quận 7, Thành phố Hồ Chí Minh 700000 ",10.7040375,106.7287438,OYO 245 Amura Hotel,0965 785 699 ,295171.0,"₫295,171",4.6,Hotel,https://www.google.com/maps/place/OYO+245+Amura+Hotel/data=!4m10!3m9!1s0x317525d75d681bf7:0x6aa702b4722c18f9!5m2!4m1!1i2!8m2!3d10.7040375!4d106.7287438!16s%2Fg%2F11h_d7dn4n!19sChIJ9xtoXdcldTER-RgscrQCp2o?authuser=0&hl=en&rclk=1,https://www.facebook.com/amurahotelquan7
"140 Phan Xích Long, Phường 7, Phú Nhuận, Thành phố Hồ Chí Minh 700000 ",10.7974848,106.6917448,EROS Hotel 1,0797 000 777 ,429368.0,"₫429,368",4.2,Hotel,https://www.google.com/maps/place/EROS+Hotel+1/data=!4m10!3m9!1s0x317529a3cf991211:0x20f9eac72d165e02!5m2!4m1!1i2!8m2!3d10.7974848!4d106.6917448!16s%2Fg%2F11tp35k42b!19sChIJERKZz6MpdTERAl4WLcfq-SA?authuser=0&hl=en&rclk=1,https://eroslovehotel.com/
"150/27 Bến Vân Đồn, Phường 9, Quận 4, Thành phố Hồ Chí Minh ",10.7626936,106.6994642,J&K Hotel,028 6250 8098 ,519638.0,"₫519,638",3.8,Hotel,https://www.google.com/maps/place/J%26K+Hotel/data=!4m10!3m9!1s0x31752f1d91afb901:0xc357c46d44b9a7cc!5m2!4m1!1i2!8m2!3d10.7626936!4d106.6994642!16s%2Fg%2F11jncqbthp!19sChIJAbmvkR0vdTERzKe5RG3EV8M?authuser=0&hl=en&rclk=1,http://www.facebook.com/Jnkhotel/
"52 - 54 Thủ Khoa Huân, Phường Bến Thành, Quận 1, Thành phố Hồ Chí Minh 70000 ",10.7746252,106.6965711,California Saigon Hotel & Rooftop Pool,028 3824 5577 ,1739105.0,"₫1,739,105",3.8,Hotel,https://www.google.com/maps/place/California+Saigon+Hotel+%26+Rooftop+Pool/data=!4m10!3m9!1s0x31752f9f36813947:0x82b7f34027b2e3d8!5m2!4m1!1i2!8m2!3d10.7746252!4d106.6965711!16s%2Fg%2F11swdg1v0z!19sChIJRzmBNp8vdTER2OOyJ0Dzt4I?authuser=0&hl=en&rclk=1,http://calihotels.vn/
"149 Trung Mỹ Tây 2A, Trung Mỹ Tây, Quận 12, Thành phố Hồ Chí Minh 71000 ",10.8517314,106.6164255,Khách Sạn Hoàng Thanh Thủy 4,028 6676 4668 ,243626.0,"₫243,626",4.2,Hotel,https://www.google.com/maps/place/Kh%C3%A1ch+S%E1%BA%A1n+Ho%C3%A0ng+Thanh+Th%E1%BB%A7y+4/data=!4m10!3m9!1s0x31752bc417d3f127:0x9709b05c4ba0210a!5m2!4m1!1i2!8m2!3d10.8517314!4d106.6164255!16s%2Fg%2F11r8lvj80x!19sChIJJ_HTF8QrdTERCiGgS1ywCZc?authuser=0&hl=en&rclk=1,https://g.page/KSHTT4
"Bến Vân Đồn/188 - 189 Khánh Hội, Phường, Quận 4, Thành phố Hồ Chí Minh ",10.761455,106.6974898,A IN HOTEL RIVERSIDE,0326 965 110 ,1125000.0,"₫1,125,000",4.4,Hotel,https://www.google.com/maps/place/A+IN+HOTEL+RIVERSIDE/data=!4m10!3m9!1s0x31752f12242b5003:0x3adacdd84edac7f3!5m2!4m1!1i2!8m2!3d10.761455!4d106.6974898!16s%2Fg%2F11s5h6qzn_!19sChIJA1ArJBIvdTER88faTtjN2jo?authuser=0&hl=en&rclk=1,https://ainhotelriverside.dcms.site/
"29 Thủ Khoa Huân, Phường Bến Thành, Quận 1, Thành phố Hồ Chí Minh 700000 ",10.7736755,106.6971722,The One Premium Hotel,0947 545 537 ,1231104.0,"₫1,231,104",4.2,Hotel,https://www.google.com/maps/place/The+One+Premium+Hotel/data=!4m10!3m9!1s0x31752f771be05c29:0xc5a7d6ef39d80372!5m2!4m1!1i2!8m2!3d10.7736755!4d106.6971722!16s%2Fg%2F11fkldz4sy!19sChIJKVzgG3cvdTERcgPYOe_Wp8U?authuser=0&hl=en&rclk=1,https://theonehotel.vn/
"7 Đường số 3 KDC 19 Tháng 8, KP tây B, Dĩ An, Bình Dương ",10.8907871,106.7786708,Hoa Cuc Phuong Hotel,0938 631 648 ,258010.0,"₫258,010",4.5,Hotel,https://www.google.com/maps/place/Hoa+Cuc+Phuong+Hotel/data=!4m10!3m9!1s0x3174d88c579f703b:0xecc103c21833f5a7!5m2!4m1!1i2!8m2!3d10.8907871!4d106.7786708!16s%2Fg%2F11b67sb7gr!19sChIJO3CfV4zYdDERp_UzGMIDwew?authuser=0&hl=en&rclk=1,http://hoacucphuonghotel.com/
"63/1 - 63/3 Đường số 19, Phường An Khánh, Thủ Đức, Thành phố Hồ Chí Minh 700000 ",10.7980483,106.729726,A IN HOTEL GLAMOUR,0822 414 383 ,733333.0,"₫733,333",4.4,Hotel,https://www.google.com/maps/place/A+IN+HOTEL+GLAMOUR/data=!4m10!3m9!1s0x31752741c92d365f:0x77c6aa1815f91c25!5m2!4m1!1i2!8m2!3d10.7980483!4d106.729726!16s%2Fg%2F11g1gt922l!19sChIJXzYtyUEndTERJRz5FRiqxnc?authuser=0&hl=en&rclk=1,https://www.facebook.com/ainhotelglamour/services
"28-30-32 Lê Lai, Phường Bến Thành, Quận 1, Thành phố Hồ Chí Minh 700000 ",10.7715423,106.697107,Winsuites Saigon Hotel,028 2222 5666 ,4898297.0,"₫4,898,297",4.4,Hotel,https://www.google.com/maps/place/Winsuites+Saigon+Hotel/data=!4m10!3m9!1s0x31752f3f1e5ae341:0xeb074c7c50865370!5m2!4m1!1i2!8m2!3d10.7715423!4d106.697107!16s%2Fg%2F11fkr1jv63!19sChIJQeNaHj8vdTERcFOGUHxMB-s?authuser=0&hl=en&rclk=1,https://www.winsuitessaigon.com/
"Phạm Ngũ Lão, Phường Phạm Ngũ Lão, Quận 1, Thành phố Hồ Chí Minh 71012 ",10.768453,106.6941611,Prague Hotel Vietnam,028 3925 9925 ,910668.0,"₫910,668",4.0,Hotel,https://www.google.com/maps/place/Prague+Hotel+Vietnam/data=!4m10!3m9!1s0x317528e4a91ebf31:0xe0a8746aaa1318d!5m2!4m1!1i2!8m2!3d10.768453!4d106.6941611!16s%2Fg%2F11g9nqssqn!19sChIJMb8eqeQodTERjTGhqkaHCg4?authuser=0&hl=en&rclk=1,https://prague.hotelo.online/
"66/7 Phan Huy Ích, Phường 15, Tân Bình, Thành phố Hồ Chí Minh 73018 ",10.826521,106.63185,Lá Hotel,0862 245 667 ,438409.0,"₫438,409",4.2,Hotel,https://www.google.com/maps/place/L%C3%A1+Hotel/data=!4m10!3m9!1s0x31752fbb309bdb67:0xa5e02b683a26e01f!5m2!4m1!1i2!8m2!3d10.826521!4d106.63185!16s%2Fg%2F11h4qbckm1!19sChIJZ9ubMLsvdTERH-AmOmgr4KU?authuser=0&hl=en&rclk=1,http://www.facebook.com/lahotelsg
"153 Đ. số 10, Tân Phong, Quận 7, Thành phố Hồ Chí Minh 70000 ",10.724563,106.7091876,Golden Sun Apartment,0942 739 898 ,1264218.0,"₫1,264,218",4.8,Apartment,https://www.google.com/maps/place/Golden+Sun+Apartment/data=!4m10!3m9!1s0x31752fb4e24a5963:0x4696c13a0e6d7ce4!5m2!4m1!1i2!8m2!3d10.724563!4d106.7091876!16s%2Fg%2F11l35nnwb6!19sChIJY1lK4rQvdTER5HxtDjrBlkY?authuser=0&hl=en&rclk=1,https://goldenstarapartment.com/
"220 Đường Nguyễn Thị Minh Khai, Phường 6, Quận 3, Thành phố Hồ Chí Minh 700000 ",10.774562,106.690028,Vuon Tao Dan Hotel,0911 688 220 ,552920.0,"₫552,920",3.8,Hotel,https://www.google.com/maps/place/Vuon+Tao+Dan+Hotel/data=!4m10!3m9!1s0x317528bb7276a8e1:0xc1b7c789f6eea9b8!5m2!4m1!1i2!8m2!3d10.774562!4d106.690028!16s%2Fg%2F1tdrbw57!19sChIJ4ah2crsodTERuKnu9onHt8E?authuser=0&hl=en&rclk=1,https://hotelgiare.com.vn/
"140 Phan Xích Long, Phường 7, Phú Nhuận, Thành phố Hồ Chí Minh 700000 ",10.7974848,106.6917448,EROS Hotel 1,0797 000 777 ,429368.0,"₫429,368",4.2,Hotel,https://www.google.com/maps/place/EROS+Hotel+1/data=!4m10!3m9!1s0x317529a3cf991211:0x20f9eac72d165e02!5m2!4m1!1i2!8m2!3d10.7974848!4d106.6917448!16s%2Fg%2F11tp35k42b!19sChIJERKZz6MpdTERAl4WLcfq-SA?authuser=0&hl=en&rclk=1,https://eroslovehotel.com/
"811 Lê Hồng Phong, Phường 12, Quận 10, Thành phố Hồ Chí Minh 700000 ",10.7729406,106.6717551,Friday Premium Hotel,0901 857 811 ,592338.0,"₫592,338",3.9,Hotel,https://www.google.com/maps/place/Friday+Premium+Hotel/data=!4m10!3m9!1s0x31752f85edac3da1:0xa8c237ffd0c5392!5m2!4m1!1i2!8m2!3d10.7729406!4d106.6717551!16s%2Fg%2F11kqy2z6cn!19sChIJoT2s7YUvdTERklMM_X8jjAo?authuser=0&hl=en&rclk=1,
"65 Hồ Tùng Mậu, Bến Nghé, Quận 1, Thành phố Hồ Chí Minh ",10.771728,106.7039109,Amanaki Saigon Boutique Hotel,0823 634 488 ,1990484.0,"₫1,990,484",4.8,Hotel,https://www.google.com/maps/place/Amanaki+Saigon+Boutique+Hotel/data=!4m10!3m9!1s0x31752f413b1c5833:0x49f72d2974a7d3d3!5m2!4m1!1i2!8m2!3d10.771728!4d106.7039109!16s%2Fg%2F11m_jmn6d5!19sChIJM1gcO0EvdTER09OndCkt90k?authuser=0&hl=en&rclk=1,https://www.amanaki.vn/vi/amanaki-boutique-saigon/
"Phạm Ngũ Lão, Phường Phạm Ngũ Lão, Quận 1, Thành phố Hồ Chí Minh 71012 ",10.768453,106.6941611,Prague Hotel Vietnam,028 3925 9925 ,910668.0,"₫910,668",4.0,Hotel,https://www.google.com/maps/place/Prague+Hotel+Vietnam/data=!4m10!3m9!1s0x317528e4a91ebf31:0xe0a8746aaa1318d!5m2!4m1!1i2!8m2!3d10.768453!4d106.6941611!16s%2Fg%2F11g9nqssqn!19sChIJMb8eqeQodTERjTGhqkaHCg4?authuser=0&hl=en&rclk=1,https://prague.hotelo.online/
"18E Cộng Hòa, Street, Tân Bình, Thành phố Hồ Chí Minh ",10.8015914,106.6550714,Holiday Inn & Suites Saigon Airport by IHG,028 3948 5050 ,null,,4.5,Hotel,https://www.google.com/maps/place/Holiday+Inn+%26+Suites+Saigon+Airport+by+IHG/data=!4m10!3m9!1s0x3175291ee78ce6fd:0x7b051a4a0013e895!5m2!4m1!1i2!8m2!3d10.8015914!4d106.6550714!16s%2Fg%2F11g0m3cvrp!19sChIJ_eaM5x4pdTERlegTAEoaBXs?authuser=0&hl=en&rclk=1,https://www.ihg.com/holidayinn/hotels/us/en/ho-chi-minh-city/sgnsa/hoteldetail?cm_mmc=GoogleMaps-_-HI-_-VN-_-SGNSA
"39 Đ. Tôn Thất Thiệp, Phường, Quận 1, Thành phố Hồ Chí Minh ",10.7731627,106.7018605,M Hotel Saigon,028 3821 2888 ,9211177.0,"₫9,211,177",4.4,Hotel,https://www.google.com/maps/place/M+Hotel+Saigon/data=!4m10!3m9!1s0x31752f63337a16f5:0x88aff8f672cd5361!5m2!4m1!1i2!8m2!3d10.7731627!4d106.7018605!16s%2Fg%2F11gw2qv7xq!19sChIJ9RZ6M2MvdTERYVPNcvb4r4g?authuser=0&hl=en&rclk=1,https://mhotel.vn/
"29 Thủ Khoa Huân, Phường Bến Thành, Quận 1, Thành phố Hồ Chí Minh 700000 ",10.7736755,106.6971722,The One Premium Hotel,0947 545 537 ,1231104.0,"₫1,231,104",4.2,Hotel,https://www.google.com/maps/place/The+One+Premium+Hotel/data=!4m10!3m9!1s0x31752f771be05c29:0xc5a7d6ef39d80372!5m2!4m1!1i2!8m2!3d10.7736755!4d106.6971722!16s%2Fg%2F11fkldz4sy!19sChIJKVzgG3cvdTERcgPYOe_Wp8U?authuser=0&hl=en&rclk=1,https://theonehotel.vn/
"40, N7 Đ. Võ Thị Sáu, Thống Nhất, Biên Hòa, Đồng Nai ",10.949931,106.8294327,Biên Hòa Hotel,0922 685 685 ,450000.0,"₫450,000",3.9,Hotel,https://www.google.com/maps/place/Bi%C3%AAn+H%C3%B2a+Hotel/data=!4m10!3m9!1s0x3174df387a44e3bd:0x76987113deec59dd!5m2!4m1!1i2!8m2!3d10.949931!4d106.8294327!16s%2Fg%2F11j7vb_m9d!19sChIJveNEejjfdDER3Vns3hNxmHY?authuser=0&hl=en&rclk=1,
"283/76 - 283/78, Cách Mạng Tháng Tám, Phường Hòa Hưng, Quận 10, Thành phố Hồ Chí Minh ",10.7775026,106.6784836,Diamond Hotel CMT8 - Center SaiGon,0965 477 614 ,273320.0,"₫273,320",3.1,Hotel,https://www.google.com/maps/place/Diamond+Hotel+CMT8+-+Center+SaiGon/data=!4m10!3m9!1s0x31752fe819423951:0xe0450b8e0669f845!5m2!4m1!1i2!8m2!3d10.7775026!4d106.6784836!16s%2Fg%2F11px7rw94v!19sChIJUTlCGegvdTERRfhpBo4LReA?authuser=0&hl=en&rclk=1,
"52 - 54 Thủ Khoa Huân, Phường Bến Thành, Quận 1, Thành phố Hồ Chí Minh 70000 ",10.7746252,106.6965711,California Saigon Hotel & Rooftop Pool,028 3824 5577 ,1739105.0,"₫1,739,105",3.8,Hotel,https://www.google.com/maps/place/California+Saigon+Hotel+%26+Rooftop+Pool/data=!4m10!3m9!1s0x31752f9f36813947:0x82b7f34027b2e3d8!5m2!4m1!1i2!8m2!3d10.7746252!4d106.6965711!16s%2Fg%2F11swdg1v0z!19sChIJRzmBNp8vdTER2OOyJ0Dzt4I?authuser=0&hl=en&rclk=1,http://calihotels.vn/
"12 Lý Tự Trọng, Bến Nghé, Quận 1, Thành phố Hồ Chí Minh ",10.7820133,106.704611,Northern Charm Hotel,028 3822 5252 ,2124211.0,"₫2,124,211",4.0,Hotel,https://www.google.com/maps/place/Northern+Charm+Hotel/data=!4m10!3m9!1s0x31752f4915f0c7a3:0xe102f81943caf334!5m2!4m1!1i2!8m2!3d10.7820133!4d106.704611!16s%2Fg%2F11mw5j303n!19sChIJo8fwFUkvdTERNPPKQxn4AuE?authuser=0&hl=en&rclk=1,http://www.northerncharmhotel.com.vn/
"36 Đ. 47-BTT, Phường Bình Trưng Tây, Thủ Đức, Thành phố Hồ Chí Minh 70000 ",10.7824553,106.7534342,ABC hotel,0911 676 745 ,349370.0,"₫349,370",4.1,Hotel,https://www.google.com/maps/place/ABC+hotel/data=!4m10!3m9!1s0x317525d931495075:0xcaafc3d35894a6b4!5m2!4m1!1i2!8m2!3d10.7824553!4d106.7534342!16s%2Fg%2F11d_7zphyt!19sChIJdVBJMdkldTERtKaUWNPDr8o?authuser=0&hl=en&rclk=1,
"14 Đ. Huỳnh Thúc Kháng, Phường 4, Đà Lạt, Lâm Đồng 670000 ",11.935357,108.430151,Dalat Boutique PNP Hotel,0263 3858 111 ,270487.0,"₫270,487",4.6,Hotel,https://www.google.com/maps/place/Dalat+Boutique+PNP+Hotel/data=!4m10!3m9!1s0x3171133305f7eef7:0xe78fd82706b7980!5m2!4m1!1i2!8m2!3d11.935357!4d108.430151!16s%2Fg%2F11flb096rr!19sChIJ9-73BTMTcTERgHlrcIL9eA4?authuser=0&hl=en&rclk=1,
"100 Đường Tô Hiến Thành, Phường Xuân Hương, Đà Lạt, Lâm Đồng ",11.930344,108.44344,Biệt thự Hồng Môn Đà Lạt - Hong Mon Villa Dalat,0263 3532 068 ,496842.0,"₫496,842",4.3,Villa,https://www.google.com/maps/place/Bi%E1%BB%87t+th%E1%BB%B1+H%E1%BB%93ng+M%C3%B4n+%C4%90%C3%A0+L%E1%BA%A1t+-+Hong+Mon+Villa+Dalat/data=!4m10!3m9!1s0x317113391a742c63:0x107acb91ef3a56d4!5m2!4m1!1i2!8m2!3d11.930344!4d108.44344!16s%2Fg%2F11b7q6zvlx!19sChIJYyx0GjkTcTER1FY675HLehA?authuser=0&hl=en&rclk=1,https://hongmonresort.com/
"1/4 Yersin, Phường 10, Đà Lạt, Lâm Đồng 670000 ",11.9410418,108.4509898,Khách sạn Roha Hotel,0988 888 390 ,118029.0,"₫118,029",4.0,Hotel,https://www.google.com/maps/place/Kh%C3%A1ch+s%E1%BA%A1n+Roha+Hotel/data=!4m10!3m9!1s0x317113b762821515:0x71940ac4d9cd287a!5m2!4m1!1i2!8m2!3d11.9410418!4d108.4509898!16s%2Fg%2F11j1f1lzjt!19sChIJFRWCYrcTcTEReijN2cQKlHE?authuser=0&hl=en&rclk=1,https://www.facebook.com/rohahoteldalat
"17 Ba Tháng Tư, Phường Xuân Hương, Đà Lạt, Lâm Đồng ",11.9301543,108.4470251,Khách sạn The Luxe Hotel Đà Lạt,0263 3888 989 ,496658.0,"₫496,658",4.2,Hotel,https://www.google.com/maps/place/Kh%C3%A1ch+s%E1%BA%A1n+The+Luxe+Hotel+%C4%90%C3%A0+L%E1%BA%A1t/data=!4m10!3m9!1s0x3171133ee8732d61:0x1877269c591c8b7e!5m2!4m1!1i2!8m2!3d11.9301543!4d108.4470251!16s%2Fg%2F11f66t9m9t!19sChIJYS1z6D4TcTERfoscWZwmdxg?authuser=0&hl=en&rclk=1,
"117 Đường Bùi Thị Xuân, Phường 2, Đà Lạt, Lâm Đồng ",11.9474226,108.4400863,Le Récit Boutique Hôtel de Dalat,0263 3638 668 ,699922.0,"₫699,922",4.4,Hotel,https://www.google.com/maps/place/Le+R%C3%A9cit+Boutique+H%C3%B4tel+de+Dalat/data=!4m10!3m9!1s0x3171131180c5ce23:0x455b7e4f8b8a420c!5m2!4m1!1i2!8m2!3d11.9474226!4d108.4400863!16s%2Fg%2F11qvgfwq32!19sChIJI87FgBETcTERDEKKi09-W0U?authuser=0&hl=en&rclk=1,https://www.facebook.com/lerecitdalat
"Đ. Trần Phú, Phường 3, Đà Lạt, Lâm Đồng 670000 ",11.935516,108.436311,An Nhi Hotel,0263 6258 686 ,353666.0,"₫353,666",4.5,Hotel,https://www.google.com/maps/place/An+Nhi+Hotel/data=!4m10!3m9!1s0x317113db4c25fd01:0x2311921993120ccd!5m2!4m1!1i2!8m2!3d11.935516!4d108.436311!16s%2Fg%2F11rnvqpxtk!19sChIJAf0lTNsTcTERzQwSkxmSESM?authuser=0&hl=en&rclk=1,
"103 Đường Bùi Thị Xuân, Phường 2, Đà Lạt, Lâm Đồng ",11.9464735,108.4401194,KHÁCH SẠN NGỌC NGUYÊN ANH,0263 3821 538 ,167076.0,"₫167,076",4.3,Hotel,https://www.google.com/maps/place/KH%C3%81CH+S%E1%BA%A0N+NG%E1%BB%8CC+NGUY%C3%8AN+ANH/data=!4m10!3m9!1s0x317113da2ce47b23:0xd89ba753aabac017!5m2!4m1!1i2!8m2!3d11.9464735!4d108.4401194!16s%2Fg%2F11hfx_3f_0!19sChIJI3vkLNoTcTERF8C6qlOnm9g?authuser=0&hl=en&rclk=1,
"Bà Huyện Thanh Quan, Phường 10, Đà Lạt, Lâm Đồng 670000 ",11.9380551,108.446579,Golden Sun Hotel - Dalat,0263 3939 939 ,1889479.0,"₫1,889,479",4.9,Hotel,https://www.google.com/maps/place/Golden+Sun+Hotel+-+Dalat/data=!4m10!3m9!1s0x317113bf0785df1b:0xf11ee47d53c3ee4c!5m2!4m1!1i2!8m2!3d11.9380551!4d108.446579!16s%2Fg%2F11stzsdx4l!19sChIJG9-FB78TcTERTO7DU33kHvE?authuser=0&hl=en&rclk=1,http://goldensun.vn/
"50 Phan Như Thạch, Phường 1, Đà Lạt, Lâm Đồng 630000 ",11.9408911,108.4334174,Victory Hotel,0263 3585 588 ,297279.0,"₫297,279",4.1,Hotel,https://www.google.com/maps/place/Victory+Hotel/data=!4m10!3m9!1s0x3171132e8e5ccee3:0x3cde2b5a607b94b2!5m2!4m1!1i2!8m2!3d11.9408911!4d108.4334174!16s%2Fg%2F11dfdm8hjr!19sChIJ485cji4TcTERspR7YFor3jw?authuser=0&hl=en&rclk=1,https://www.facebook.com/EmpressDalatHotel
"15 Đ. Huỳnh Thúc Kháng, Phường Xuân Hương, Đà Lạt, Lâm Đồng 66115 ",11.9351667,108.428607,Lasol Boutique Hotel,0971 840 055 ,953220.0,"₫953,220",4.4,Hotel,https://www.google.com/maps/place/Lasol+Boutique+Hotel/data=!4m10!3m9!1s0x317113a25bfcc007:0xc973182cad3c0944!5m2!4m1!1i2!8m2!3d11.9351667!4d108.428607!16s%2Fg%2F11lspy_fhz!19sChIJB8D8W6ITcTERRAk8rSwYc8k?authuser=0&hl=en&rclk=1,http://www.lasolhotel.vn/
"33-35 Nam Kỳ Khởi Nghĩa, Phường 1, Đà Lạt, Lâm Đồng ",11.9404576,108.435651,De Ma’at hôtel,0911 944 911 ,951322.0,"₫951,322",4.3,Hotel,https://www.google.com/maps/place/De+Ma%E2%80%99at+h%C3%B4tel/data=!4m10!3m9!1s0x317113f292b3d25f:0x42faa0413e4778f5!5m2!4m1!1i2!8m2!3d11.9404576!4d108.435651!16s%2Fg%2F11sqkvx37s!19sChIJX9KzkvITcTER9XhHPkGg-kI?authuser=0&hl=en&rclk=1,https://m.facebook.com/De-Maat-H%C3%B4tel-%C4%90%C3%A0-L%E1%BA%A1t-111346818123824
"51B Đường Trần Khánh Dư, Phường 8, Đà Lạt, Lâm Đồng 66000 ",11.9584158,108.4408085,Dalat Blanc Hotel,0866 633 390 ,248751.0,"₫248,751",4.6,Hotel,https://www.google.com/maps/place/Dalat+Blanc+Hotel/data=!4m10!3m9!1s0x317113fd6442aa5d:0xaf3e33ad1467909d!5m2!4m1!1i2!8m2!3d11.9584158!4d108.4408085!16s%2Fg%2F11t864hhx2!19sChIJXapCZP0TcTERnZBnFK0zPq8?authuser=0&hl=en&rclk=1,http://www.dalatblanc.vn/
"34 Đ. Ngô Thì Sỹ, Phường 4, Đà Lạt, Lâm Đồng ",11.9312922,108.4253254,Rose Valley Dalat Hotel,0868 507 968 ,244174.0,"₫244,174",4.4,Hotel,https://www.google.com/maps/place/Rose+Valley+Dalat+Hotel/data=!4m10!3m9!1s0x31716ccbc0416005:0x2101ae357ee666a8!5m2!4m1!1i2!8m2!3d11.9312922!4d108.4253254!16s%2Fg%2F11f66h601b!19sChIJBWBBwMtscTERqGbmfjWuASE?authuser=0&hl=en&rclk=1,http://rosevalleydalat.com/
"Thôn 2, Lâm Hà District, Lam Dong 670000 ",11.8737145,108.3341485,Nacasoo Hill,0902 539 956 ,1474850.0,"₫1,474,850",5.0,Hotel,https://www.google.com/maps/place/Nacasoo+Hill/data=!4m10!3m9!1s0x31716b9d95090f33:0xad7c038fdd4d0026!5m2!4m1!1i2!8m2!3d11.8737145!4d108.3341485!16s%2Fg%2F11sdsgfq4x!19sChIJMw8JlZ1rcTERJgBN3Y8DfK0?authuser=0&hl=en&rclk=1,
"17 Đ. Huỳnh Thúc Kháng, Phường 4, Đà Lạt, Lâm Đồng 66000 ",11.9351106,108.4283338,Ami Boutique Hotel Dalat,0902 788 589 ,219604.0,"₫219,604",4.3,Hotel,https://www.google.com/maps/place/Ami+Boutique+Hotel+Dalat/data=!4m10!3m9!1s0x317113f37cde0c95:0x51d8f3386cbf449e!5m2!4m1!1i2!8m2!3d11.9351106!4d108.4283338!16s%2Fg%2F11rqkljnth!19sChIJlQzefPMTcTERnkS_bDjz2FE?authuser=0&hl=en&rclk=1,https://bookhotel.kiotviet.vn/amiboutiquehotel
"16, Phan Bội Châu/ngã 3 Đ. Lê Thị Hồng Gấm, Phường 1, Đà Lạt, Lâm Đồng 67000 ",11.9433378,108.4389524,Win Hotel Đà Lạt,0762 373 839 ,600000.0,"₫600,000",4.5,Hotel,https://www.google.com/maps/place/Win+Hotel+%C4%90%C3%A0+L%E1%BA%A1t/data=!4m10!3m9!1s0x3171130aca5b0fb5:0x53b2966363570762!5m2!4m1!1i2!8m2!3d11.9433378!4d108.4389524!16s%2Fg%2F11h4v7yqb6!19sChIJtQ9bygoTcTERYgdXY2OWslM?authuser=0&hl=en&rclk=1,https://www.facebook.com/WinHotel.DaLat/
"30-32 Đ. Nguyễn Chí Thanh, Phường 1, Đà Lạt, Lâm Đồng ",11.9412421,108.4364376,Marguerite Hotel,0263 3822 758 ,449376.0,"₫449,376",3.6,Hotel,https://www.google.com/maps/place/Marguerite+Hotel/data=!4m10!3m9!1s0x3171132f001dda8b:0xd738df8af9d5a26c!5m2!4m1!1i2!8m2!3d11.9412421!4d108.4364376!16s%2Fg%2F1ptzy_6x0!19sChIJi9odAC8TcTERbKLV-YrfONc?authuser=0&hl=en&rclk=1,http://khachsanmarguerite.com/
"4 Hoàng Diệu, Phường 5, Đà Lạt, Lâm Đồng 670000 ",11.9427861,108.4304576,Da Lat Mr,0865 966 279 ,234195.0,"₫234,195",4.7,Hotel,https://www.google.com/maps/place/Da+Lat+Mr.Happy+Homestay./data=!4m10!3m9!1s0x31711338ec614307:0x636c50b929255b65!5m2!4m1!1i2!8m2!3d11.9427861!4d108.4304576!16s%2Fg%2F11c7t45sqk!19sChIJB0Nh7DgTcTERZVslKblQbGM?authuser=0&hl=en&rclk=1,https://mrhappyhomestay.wixsite.com/dalat
"49/7 Đ. Phạm Hồng Thái, Phường 10, Đà Lạt, Lâm Đồng ",11.9421871,108.4585661,LE MARAIS DA LAT,,403298.0,"₫403,298",4.1,Hotel,https://www.google.com/maps/place/LE+MARAIS+DA+LAT/data=!4m10!3m9!1s0x3171131973db32bf:0x48654df35a5b8339!5m2!4m1!1i2!8m2!3d11.9421871!4d108.4585661!16s%2Fg%2F11txpgdlvk!19sChIJvzLbcxkTcTEROYNbWvNNZUg?authuser=0&hl=en&rclk=1,
"Scent Village, Đ. Hoa Hồng, Phường 4, Đà Lạt, Lâm Đồng 66000 ",11.8965968,108.4105078,Scent Village,0367 855 395 ,199653.0,"₫199,653",4.5,Villa,https://www.google.com/maps/place/Scent+Village/data=!4m10!3m9!1s0x31716b2244f22423:0x9a9a551471dd9bdd!5m2!4m1!1i2!8m2!3d11.8965968!4d108.4105078!16s%2Fg%2F11vjhq41h3!19sChIJIyTyRCJrcTER3ZvdcRRVmpo?authuser=0&hl=en&rclk=1,https://scentvillages.com/
"103 Phan Bội Châu, Phường 2, Đà Lạt, Lâm Đồng ",11.9438039,108.4387119,Centro Hotel,0938 000 002 ,239667.0,"₫239,667",3.9,Hotel,https://www.google.com/maps/place/Centro+Hotel/data=!4m10!3m9!1s0x317113c484fcf1ab:0x86fd721a81005512!5m2!4m1!1i2!8m2!3d11.9438039!4d108.4387119!16s%2Fg%2F11t7wy2w5s!19sChIJq_H8hMQTcTERElUAgRpy_YY?authuser=0&hl=en&rclk=1,https://dalatcentro.com/
"38 Đ. Nguyễn Chí Thanh, Phường 1, Đà Lạt, Lâm Đồng ",11.9410828,108.4365311,QA Hotel Chợ Dalat- City Centre,0263 3819 108 ,333334.0,"₫333,334",3.9,Hotel,https://www.google.com/maps/place/QA+Hotel+Ch%E1%BB%A3+Dalat-+City+Centre/data=!4m10!3m9!1s0x3171132f0056f33b:0x8eb065dc530fe134!5m2!4m1!1i2!8m2!3d11.9410828!4d108.4365311!16s%2Fg%2F1hc16b_10!19sChIJO_NWAC8TcTERNOEPU9xlsI4?authuser=0&hl=en&rclk=1,http://facebook.com/qahoteldalat
"65 Nguyễn Thị Nghĩa, Phường 2, Đà Lạt, Lâm Đồng ",11.9492255,108.4394526,Skyhouse Hotel,0263 3602 222 ,189591.0,"₫189,591",4.3,Hotel,https://www.google.com/maps/place/Skyhouse+Hotel/data=!4m10!3m9!1s0x31711335f48713d5:0xc0e6a74cb01e08cf!5m2!4m1!1i2!8m2!3d11.9492255!4d108.4394526!16s%2Fg%2F11h0565ff4!19sChIJ1ROH9DUTcTERzwgesEyn5sA?authuser=0&hl=en&rclk=1,
"16, Phan Bội Châu/ngã 3 Đ. Lê Thị Hồng Gấm, Phường 1, Đà Lạt, Lâm Đồng 67000 ",11.9433378,108.4389524,Win Hotel Đà Lạt,0762 373 839 ,600000.0,"₫600,000",4.5,Hotel,https://www.google.com/maps/place/Win+Hotel+%C4%90%C3%A0+L%E1%BA%A1t/data=!4m10!3m9!1s0x3171130aca5b0fb5:0x53b2966363570762!5m2!4m1!1i2!8m2!3d11.9433378!4d108.4389524!16s%2Fg%2F11h4v7yqb6!19sChIJtQ9bygoTcTERYgdXY2OWslM?authuser=0&hl=en&rclk=1,https://www.facebook.com/WinHotel.DaLat/
"42A Đường Hà Huy Tập, Phường 3, Đà Lạt, Lâm Đồng 670000 ",11.9350943,108.4408113,Khách sạn Mai Hoàng - Đà Lạt,0931 234 848 ,194402.0,"₫194,402",4.1,Hotel,https://www.google.com/maps/place/Kh%C3%A1ch+s%E1%BA%A1n+Mai+Ho%C3%A0ng+-+%C4%90%C3%A0+L%E1%BA%A1t/data=!4m10!3m9!1s0x3171133a60f54ccd:0x62ad9b4dc42f1fee!5m2!4m1!1i2!8m2!3d11.9350943!4d108.4408113!16s%2Fg%2F11f4wtrjq_!19sChIJzUz1YDoTcTER7h8vxE2brWI?authuser=0&hl=en&rclk=1,
"70b Ba Tháng Hai, Phường 1, Đà Lạt, Lâm Đồng 67000 ",11.9422568,108.4340163,Thanh Thanh Hotel,0773 511 789 ,170856.0,"₫170,856",4.0,Hotel,https://www.google.com/maps/place/Thanh+Thanh+Hotel/data=!4m10!3m9!1s0x3171132e9a288f43:0x6a53066551561807!5m2!4m1!1i2!8m2!3d11.9422568!4d108.4340163!16s%2Fg%2F11gg_wtfmn!19sChIJQ48omi4TcTERBxhWUWUGU2o?authuser=0&hl=en&rclk=1,https://www.facebook.com/ThanhThanhDaLat
"32 Đường An Bình, Phường 3, Đà Lạt, Lâm Đồng ",11.9282788,108.4373828,Myrtle Hotel,0911 110 606 ,167740.0,"₫167,740",4.6,Hotel,https://www.google.com/maps/place/Myrtle+Hotel/data=!4m10!3m9!1s0x3171131c426b1e01:0x1af4248896e98ba2!5m2!4m1!1i2!8m2!3d11.9282788!4d108.4373828!16s%2Fg%2F11h6m5d_2h!19sChIJAR5rQhwTcTERoovplogk9Bo?authuser=0&hl=en&rclk=1,
"49/7 Đ. Phạm Hồng Thái, Phường 10, Đà Lạt, Lâm Đồng ",11.9421871,108.4585661,LE MARAIS DA LAT,,403298.0,"₫403,298",4.1,Hotel,https://www.google.com/maps/place/LE+MARAIS+DA+LAT/data=!4m10!3m9!1s0x3171131973db32bf:0x48654df35a5b8339!5m2!4m1!1i2!8m2!3d11.9421871!4d108.4585661!16s%2Fg%2F11txpgdlvk!19sChIJvzLbcxkTcTEROYNbWvNNZUg?authuser=0&hl=en&rclk=1,
"33 Đường Bà Triệu, Phường Xuân Hương, Đà Lạt, Lâm Đồng 670000 ",11.9372418,108.4342717,Note Dalat Hostel,0976 453 953 ,118451.0,"₫118,451",4.7,Hostel,https://www.google.com/maps/place/Note+Dalat+Hostel/data=!4m10!3m9!1s0x317112d7ab72225d:0xa3d91690945de3d7!5m2!4m1!1i2!8m2!3d11.9372418!4d108.4342717!16s%2Fg%2F11bwfltfsl!19sChIJXSJyq9cScTER1-NdlJAW2aM?authuser=0&hl=en&rclk=1,https://www.facebook.com/dalatnotehostel/
"46 Phan Như Thạch, Phường 1, Đà Lạt, Lâm Đồng 66110 ",11.9411115,108.4335289,Khách Sạn Tường Vy Dalat Central,0909 605 563 ,207626.0,"₫207,626",4.5,Hotel,https://www.google.com/maps/place/Kh%C3%A1ch+S%E1%BA%A1n+T%C6%B0%E1%BB%9Dng+Vy+Dalat+Central/data=!4m10!3m9!1s0x317113c6b041b671:0xadf52642945385e4!5m2!4m1!1i2!8m2!3d11.9411115!4d108.4335289!16s%2Fg%2F11tchl4qhx!19sChIJcbZBsMYTcTER5IVTlEIm9a0?authuser=0&hl=en&rclk=1,https://www.facebook.com/TuongVyDalatCentral/
"Khu Qui Hoạch/01 Đường Trần Lê, Phường 4, Đà Lạt, Lâm Đồng 66115 ",11.9388303,108.4266815,Khách sạn My Lan Đà Lạt,0779 586 528 ,198686.0,"₫198,686",4.9,Hotel,https://www.google.com/maps/place/Kh%C3%A1ch+s%E1%BA%A1n+My+Lan+%C4%90%C3%A0+L%E1%BA%A1t/data=!4m10!3m9!1s0x31716d5979decf01:0xfc957fafb00bc435!5m2!4m1!1i2!8m2!3d11.9388303!4d108.4266815!16s%2Fg%2F11fjzw5vwk!19sChIJAc_eeVltcTERNcQLsK9_lfw?authuser=0&hl=en&rclk=1,
"03 Đ. Mai Hắc Đế, Phường 6, Đà Lạt, Lâm Đồng 700000 ",11.9464431,108.4291554,Hoang Thang Hotel,0966 269 339 ,197551.0,"₫197,551",4.2,Hotel,https://www.google.com/maps/place/Hoang+Thang+Hotel/data=!4m10!3m9!1s0x3171132ae4c5e2e7:0xc83ebfd3a703950b!5m2!4m1!1i2!8m2!3d11.9464431!4d108.4291554!16s%2Fg%2F1hc3vfdv3!19sChIJ5-LF5CoTcTERC5UDp9O_Psg?authuser=0&hl=en&rclk=1,
"2 Đường Khởi Nghĩa Bắc Sơn, Phường 10, Đà Lạt, Lâm Đồng ",11.9342676,108.447391,TTR Joy Apart Hotel,0763 613 939 ,247025.0,"₫247,025",4.5,Hotel,https://www.google.com/maps/place/TTR+Joy+Apart+Hotel/data=!4m10!3m9!1s0x317113e16f6776e5:0xed3683db3206f8e4!5m2!4m1!1i2!8m2!3d11.9342676!4d108.447391!16s%2Fg%2F11g0jcmjwg!19sChIJ5XZnb-ETcTER5PgGMtuDNu0?authuser=0&hl=en&rclk=1,http://www.facebook.com/joyvilladalat
"38 Đ. Nguyễn Chí Thanh, Phường 1, Đà Lạt, Lâm Đồng ",11.9410828,108.4365311,QA Hotel Chợ Dalat- City Centre,0263 3819 108 ,333334.0,"₫333,334",3.9,Hotel,https://www.google.com/maps/place/QA+Hotel+Ch%E1%BB%A3+Dalat-+City+Centre/data=!4m10!3m9!1s0x3171132f0056f33b:0x8eb065dc530fe134!5m2!4m1!1i2!8m2!3d11.9410828!4d108.4365311!16s%2Fg%2F1hc16b_10!19sChIJO_NWAC8TcTERNOEPU9xlsI4?authuser=0&hl=en&rclk=1,http://facebook.com/qahoteldalat
"202/23 Phan Đình Phùng, Phường 2, Đà Lạt, Lâm Đồng ",11.9489053,108.4362401,Khách Sạn Đạt Thiên An,0263 3969 777 ,149817.0,"₫149,817",3.8,Hotel,https://www.google.com/maps/place/Kh%C3%A1ch+S%E1%BA%A1n+%C4%90%E1%BA%A1t+Thi%C3%AAn+An/data=!4m10!3m9!1s0x31711329d3429209:0x9ab35d4c14447fc4!5m2!4m1!1i2!8m2!3d11.9489053!4d108.4362401!16s%2Fg%2F11f4mbbwr0!19sChIJCZJC0ykTcTERxH9EFExds5o?authuser=0&hl=en&rclk=1,
"Hẻm 163 Ba Tháng Hai, Phường 1, Đà Lạt, Lâm Đồng 670000 ",11.9396544,108.4315106,HẠ NA Hotel Đà Lạt,0325 336 279 ,236025.0,"₫236,025",4.3,Hotel,https://www.google.com/maps/place/H%E1%BA%A0+NA+Hotel+%C4%90%C3%A0+L%E1%BA%A1t/data=!4m10!3m9!1s0x317113a7152d3643:0x110174c87619595c!5m2!4m1!1i2!8m2!3d11.9396544!4d108.4315106!16s%2Fg%2F11jp11nc4l!19sChIJQzYtFacTcTERXFkZdsh0ARE?authuser=0&hl=en&rclk=1,https://www.facebook.com/hanahoteldalat
"27 Đường Võ Thị Sáu, Phường 2, Đà Lạt, Lâm Đồng ",11.9492742,108.4385441,Dalat Sky Hostel,0908 071 396 ,240588.0,"₫240,588",4.4,Hostel,https://www.google.com/maps/place/Dalat+Sky+Hostel/data=!4m10!3m9!1s0x3171132817545adb:0xac0a3962cbd1abf2!5m2!4m1!1i2!8m2!3d11.9492742!4d108.4385441!16s%2Fg%2F11bvv4zj_t!19sChIJ21pUFygTcTER8qvRy2I5Cqw?authuser=0&hl=en&rclk=1,
"26 Đường Trần Lê, Phường 4, Đà Lạt, Lâm Đồng 670000 ",11.9365204,108.426944,TTR Vincent Hotel,0762 699 997 ,170079.0,"₫170,079",4.2,Hotel,https://www.google.com/maps/place/TTR+Vincent+Hotel/data=!4m10!3m9!1s0x31716de6e406125d:0xacb5f98ca778103!5m2!4m1!1i2!8m2!3d11.9365204!4d108.426944!16s%2Fg%2F11k4_76jbd!19sChIJXRIG5OZtcTERA4F3yphfywo?authuser=0&hl=en&rclk=1,http://www.facebook.com/TTRHillsideHotel
"48/1 Đường Hà Huy Tập, Phường 3, Đà Lạt, Lâm Đồng ",11.934431,108.4403878,Hotel Hoa Đăng,0707 122 268 ,null,,3.4,Hotel,https://www.google.com/maps/place/Hotel+Hoa+%C4%90%C4%83ng/data=!4m10!3m9!1s0x317113a0e3925765:0x5b72df87a7e682ec!5m2!4m1!1i2!8m2!3d11.934431!4d108.4403878!16s%2Fg%2F11t_j3gcyl!19sChIJZVeS46ATcTER7ILmp4ffcls?authuser=0&hl=en&rclk=1,
"30-32 Đ. Nguyễn Chí Thanh, Phường 1, Đà Lạt, Lâm Đồng ",11.9412421,108.4364376,Marguerite Hotel,0263 3822 758 ,449376.0,"₫449,376",3.6,Hotel,https://www.google.com/maps/place/Marguerite+Hotel/data=!4m10!3m9!1s0x3171132f001dda8b:0xd738df8af9d5a26c!5m2!4m1!1i2!8m2!3d11.9412421!4d108.4364376!16s%2Fg%2F1ptzy_6x0!19sChIJi9odAC8TcTERbKLV-YrfONc?authuser=0&hl=en&rclk=1,http://khachsanmarguerite.com/
"127 Yersin, Phường 9, Đà Lạt, Lâm Đồng 66000 ",11.9499384,108.4558828,Lilac Hotel,0353 757 575 ,350000.0,"₫350,000",4.5,Hotel,https://www.google.com/maps/place/Lilac+Hotel/data=!4m10!3m9!1s0x31711398212ce1db:0xe18df2712a08f8ec!5m2!4m1!1i2!8m2!3d11.9499384!4d108.4558828!16s%2Fg%2F11ncfmv5f7!19sChIJ2-EsIZgTcTER7PgIKnHyjeE?authuser=0&hl=en&rclk=1,
"11 Đường Lương Thế Vinh, Phường 3, Đà Lạt, Lâm Đồng 670000 ",11.9331968,108.4429631,Red House Hotel,0989 938 697 ,242694.0,"₫242,694",4.4,Hotel,https://www.google.com/maps/place/Red+House+Hotel/data=!4m10!3m9!1s0x3171133bcfcee95d:0xbce087c6347529c7!5m2!4m1!1i2!8m2!3d11.9331968!4d108.4429631!16s%2Fg%2F11fxwbr36d!19sChIJXenOzzsTcTERxyl1NMaH4Lw?authuser=0&hl=en&rclk=1,
"Khu Qui Hoạch/01 Đường Trần Lê, Phường 4, Đà Lạt, Lâm Đồng 66115 ",11.9388303,108.4266815,Khách sạn My Lan Đà Lạt,0779 586 528 ,198686.0,"₫198,686",4.9,Hotel,https://www.google.com/maps/place/Kh%C3%A1ch+s%E1%BA%A1n+My+Lan+%C4%90%C3%A0+L%E1%BA%A1t/data=!4m10!3m9!1s0x31716d5979decf01:0xfc957fafb00bc435!5m2!4m1!1i2!8m2!3d11.9388303!4d108.4266815!16s%2Fg%2F11fjzw5vwk!19sChIJAc_eeVltcTERNcQLsK9_lfw?authuser=0&hl=en&rclk=1,
"2 Đường Khởi Nghĩa Bắc Sơn, Phường 10, Đà Lạt, Lâm Đồng ",11.9342676,108.447391,TTR Joy Apart Hotel,0763 613 939 ,247025.0,"₫247,025",4.5,Hotel,https://www.google.com/maps/place/TTR+Joy+Apart+Hotel/data=!4m10!3m9!1s0x317113e16f6776e5:0xed3683db3206f8e4!5m2!4m1!1i2!8m2!3d11.9342676!4d108.447391!16s%2Fg%2F11g0jcmjwg!19sChIJ5XZnb-ETcTER5PgGMtuDNu0?authuser=0&hl=en&rclk=1,http://www.facebook.com/joyvilladalat
"03 Đ. Mai Hắc Đế, Phường 6, Đà Lạt, Lâm Đồng 700000 ",11.9464431,108.4291554,Hoang Thang Hotel,0966 269 339 ,197551.0,"₫197,551",4.2,Hotel,https://www.google.com/maps/place/Hoang+Thang+Hotel/data=!4m10!3m9!1s0x3171132ae4c5e2e7:0xc83ebfd3a703950b!5m2!4m1!1i2!8m2!3d11.9464431!4d108.4291554!16s%2Fg%2F1hc3vfdv3!19sChIJ5-LF5CoTcTERC5UDp9O_Psg?authuser=0&hl=en&rclk=1,
"66 Đ. Hùng Vương, Phường 9, Đà Lạt, Lâm Đồng ",11.9494169,108.4720424,Khách sạn Amia Đà Lạt Hotel,0836 136 599 ,475000.0,"₫475,000",4.5,Hotel,https://www.google.com/maps/place/Kh%C3%A1ch+s%E1%BA%A1n+Amia+%C4%90%C3%A0+L%E1%BA%A1t+Hotel/data=!4m10!3m9!1s0x317112fdba36ebdf:0x2068112188961bdd!5m2!4m1!1i2!8m2!3d11.9494169!4d108.4720424!16s%2Fg%2F11f__794q5!19sChIJ3-s2uv0ScTER3RuWiCERaCA?authuser=0&hl=en&rclk=1,
"38 Đ. Nguyễn Chí Thanh, Phường 1, Đà Lạt, Lâm Đồng ",11.9410828,108.4365311,QA Hotel Chợ Dalat- City Centre,0263 3819 108 ,333334.0,"₫333,334",3.9,Hotel,https://www.google.com/maps/place/QA+Hotel+Ch%E1%BB%A3+Dalat-+City+Centre/data=!4m10!3m9!1s0x3171132f0056f33b:0x8eb065dc530fe134!5m2!4m1!1i2!8m2!3d11.9410828!4d108.4365311!16s%2Fg%2F1hc16b_10!19sChIJO_NWAC8TcTERNOEPU9xlsI4?authuser=0&hl=en&rclk=1,http://facebook.com/qahoteldalat
"54 Thống Nhất, Liên Nghĩa, Đức Trọng, Lâm Đồng 673430 ",11.7307471,108.3754469,LE ROYAL HOTEL,0911 317 327 ,515000.0,"₫515,000",4.0,Hotel,https://www.google.com/maps/place/LE+ROYAL+HOTEL/data=!4m10!3m9!1s0x31714759a6f0a231:0x2d73380083b5c7fd!5m2!4m1!1i2!8m2!3d11.7307471!4d108.3754469!16s%2Fg%2F11szq1rvzv!19sChIJMaLwpllHcTER_ce1gwA4cy0?authuser=0&hl=en&rclk=1,
"202/23 Phan Đình Phùng, Phường 2, Đà Lạt, Lâm Đồng ",11.9489053,108.4362401,Khách Sạn Đạt Thiên An,0263 3969 777 ,149817.0,"₫149,817",3.8,Hotel,https://www.google.com/maps/place/Kh%C3%A1ch+S%E1%BA%A1n+%C4%90%E1%BA%A1t+Thi%C3%AAn+An/data=!4m10!3m9!1s0x31711329d3429209:0x9ab35d4c14447fc4!5m2!4m1!1i2!8m2!3d11.9489053!4d108.4362401!16s%2Fg%2F11f4mbbwr0!19sChIJCZJC0ykTcTERxH9EFExds5o?authuser=0&hl=en&rclk=1,
"Hẻm 163 Ba Tháng Hai, Phường 1, Đà Lạt, Lâm Đồng 670000 ",11.9396544,108.4315106,HẠ NA Hotel Đà Lạt,0325 336 279 ,236025.0,"₫236,025",4.3,Hotel,https://www.google.com/maps/place/H%E1%BA%A0+NA+Hotel+%C4%90%C3%A0+L%E1%BA%A1t/data=!4m10!3m9!1s0x317113a7152d3643:0x110174c87619595c!5m2!4m1!1i2!8m2!3d11.9396544!4d108.4315106!16s%2Fg%2F11jp11nc4l!19sChIJQzYtFacTcTERXFkZdsh0ARE?authuser=0&hl=en&rclk=1,https://www.facebook.com/hanahoteldalat
"27 Đường Võ Thị Sáu, Phường 2, Đà Lạt, Lâm Đồng ",11.9492742,108.4385441,Dalat Sky Hostel,0908 071 396 ,240588.0,"₫240,588",4.4,Hostel,https://www.google.com/maps/place/Dalat+Sky+Hostel/data=!4m10!3m9!1s0x3171132817545adb:0xac0a3962cbd1abf2!5m2!4m1!1i2!8m2!3d11.9492742!4d108.4385441!16s%2Fg%2F11bvv4zj_t!19sChIJ21pUFygTcTER8qvRy2I5Cqw?authuser=0&hl=en&rclk=1,
"30-32 Đ. Nguyễn Chí Thanh, Phường 1, Đà Lạt, Lâm Đồng ",11.9412421,108.4364376,Marguerite Hotel,0263 3822 758 ,449376.0,"₫449,376",3.6,Hotel,https://www.google.com/maps/place/Marguerite+Hotel/data=!4m10!3m9!1s0x3171132f001dda8b:0xd738df8af9d5a26c!5m2!4m1!1i2!8m2!3d11.9412421!4d108.4364376!16s%2Fg%2F1ptzy_6x0!19sChIJi9odAC8TcTERbKLV-YrfONc?authuser=0&hl=en&rclk=1,http://khachsanmarguerite.com/
"26 Đường Trần Lê, Phường 4, Đà Lạt, Lâm Đồng 670000 ",11.9365204,108.426944,TTR Vincent Hotel,0762 699 997 ,170079.0,"₫170,079",4.2,Hotel,https://www.google.com/maps/place/TTR+Vincent+Hotel/data=!4m10!3m9!1s0x31716de6e406125d:0xacb5f98ca778103!5m2!4m1!1i2!8m2!3d11.9365204!4d108.426944!16s%2Fg%2F11k4_76jbd!19sChIJXRIG5OZtcTERA4F3yphfywo?authuser=0&hl=en&rclk=1,http://www.facebook.com/TTRHillsideHotel
"48/1 Đường Hà Huy Tập, Phường 3, Đà Lạt, Lâm Đồng ",11.934431,108.4403878,Hotel Hoa Đăng,0707 122 268 ,277778.0,"₫277,778",3.4,Hotel,https://www.google.com/maps/place/Hotel+Hoa+%C4%90%C4%83ng/data=!4m10!3m9!1s0x317113a0e3925765:0x5b72df87a7e682ec!5m2!4m1!1i2!8m2!3d11.934431!4d108.4403878!16s%2Fg%2F11t_j3gcyl!19sChIJZVeS46ATcTER7ILmp4ffcls?authuser=0&hl=en&rclk=1,
"11 Đường Lương Thế Vinh, Phường 3, Đà Lạt, Lâm Đồng 670000 ",11.9331968,108.4429631,Red House Hotel,0989 938 697 ,242694.0,"₫242,694",4.4,Hotel,https://www.google.com/maps/place/Red+House+Hotel/data=!4m10!3m9!1s0x3171133bcfcee95d:0xbce087c6347529c7!5m2!4m1!1i2!8m2!3d11.9331968!4d108.4429631!16s%2Fg%2F11fxwbr36d!19sChIJXenOzzsTcTERxyl1NMaH4Lw?authuser=0&hl=en&rclk=1,
"15 Phan Như Thạch, Phường 1, Đà Lạt, Lâm Đồng ",11.9411124,108.4354903,PINUS Hotel,0918 855 488 ,249866.0,"₫249,866",4.3,Hotel,https://www.google.com/maps/place/PINUS+Hotel/data=!4m10!3m9!1s0x31711358dc06e89d:0xd8dceaeb43d82c09!5m2!4m1!1i2!8m2!3d11.9411124!4d108.4354903!16s%2Fg%2F11fctc3p4y!19sChIJnegG3FgTcTERCSzYQ-vq3Ng?authuser=0&hl=en&rclk=1,
"5/24 Nguyễn Hữu Cảnh, Phường Lâm Viên, Đà Lạt, Lâm Đồng 66000 ",11.9664624,108.4407022,Sunset Hill Hotel,0867 247 268 ,334557.0,"₫334,557",4.8,Hotel,https://www.google.com/maps/place/Sunset+Hill+Hotel/data=!4m10!3m9!1s0x3171132ca9580f79:0x79129eb76d88126e!5m2!4m1!1i2!8m2!3d11.9664624!4d108.4407022!16s%2Fg%2F11kpt5mwtn!19sChIJeQ9YqSwTcTERbhKIbbeeEnk?authuser=0&hl=en&rclk=1,https://www.facebook.com/sunsethillhotel.dalat
"127 Yersin, Phường 9, Đà Lạt, Lâm Đồng 66000 ",11.9499384,108.4558828,Lilac Hotel,0353 757 575 ,350000.0,"₫350,000",4.5,Hotel,https://www.google.com/maps/place/Lilac+Hotel/data=!4m10!3m9!1s0x31711398212ce1db:0xe18df2712a08f8ec!5m2!4m1!1i2!8m2!3d11.9499384!4d108.4558828!16s%2Fg%2F11ncfmv5f7!19sChIJ2-EsIZgTcTER7PgIKnHyjeE?authuser=0&hl=en&rclk=1,
"138A-140 Phan Đình Phùng, Phường 2, Đà Lạt, Lâm Đồng ",11.9469296,108.4355908,Dreams Hotel,0919 179 698 ,260100.0,"₫260,100",4.3,Hotel,https://www.google.com/maps/place/Dreams+Hotel/data=!4m10!3m9!1s0x31711329a38f7f51:0x987da5525ba2a361!5m2!4m1!1i2!8m2!3d11.9469296!4d108.4355908!16s%2Fg%2F1td_84pr!19sChIJUX-PoykTcTERYaOiW1KlfZg?authuser=0&hl=en&rclk=1,
"43 Trần Bình Trọng, Phường 5, Đà Lạt, Lâm Đồng 660000 ",11.9435804,108.4260586,NIA Hotel,0263 3949 496 ,1579956.0,"₫1,579,956",4.9,Hotel,https://www.google.com/maps/place/NIA+Hotel/data=!4m10!3m9!1s0x31716dc0c223a61b:0xf09e3c684fddab17!5m2!4m1!1i2!8m2!3d11.9435804!4d108.4260586!16s%2Fg%2F11lc_pf4hq!19sChIJG6YjwsBtcTERF6vdT2g8nvA?authuser=0&hl=en&rclk=1,
"35 Đường Bà Triệu, Phường 3, Đà Lạt, Lâm Đồng ",11.9368505,108.4337737,Bidv Hotel,0263 6558 999 ,274718.0,"₫274,718",4.2,Hotel,https://www.google.com/maps/place/Bidv+Hotel/data=!4m10!3m9!1s0x31711332280e987d:0x9b15cefe5e1aa20!5m2!4m1!1i2!8m2!3d11.9368505!4d108.4337737!16s%2Fg%2F12hpb8vkg!19sChIJfZgOKDITcTERIKrh5e9csQk?authuser=0&hl=en&rclk=1,https://www.facebook.com/profile.php?id=100088580406903&mibextid=LQQJ4d
"386 Đường Hai Bà Trưng, Phường 6, Đà Lạt, Lâm Đồng 670000 ",11.9547669,108.4303448,Q Dalat Hotel - Celine Express,0779 601 010 ,250000.0,"₫250,000",4.9,Hotel,https://www.google.com/maps/place/Q+Dalat+Hotel+-+Celine+Express/data=!4m10!3m9!1s0x317113553c1270e3:0x61928f133ba10bc9!5m2!4m1!1i2!8m2!3d11.9547669!4d108.4303448!16s%2Fg%2F11xvdhkcz1!19sChIJ43ASPFUTcTERyQuhOxOPkmE?authuser=0&hl=en&rclk=1,
"83 Đường Hà Huy Tập, Phường 3, Đà Lạt, Lâm Đồng ",11.9327497,108.4415043,THANH THUY hotel,0888 496 767 ,169770.0,"₫169,770",4.4,Hotel,https://www.google.com/maps/place/THANH+THUY+hotel/data=!4m10!3m9!1s0x3171133a26e09529:0x762ca251853e6dac!5m2!4m1!1i2!8m2!3d11.9327497!4d108.4415043!16s%2Fg%2F11fktzkb9f!19sChIJKZXgJjoTcTERrG0-hVGiLHY?authuser=0&hl=en&rclk=1,http://goingay.com/
"144b Vòng Lâm Viên, Phường 8, Đà Lạt, Lâm Đồng ",11.9803167,108.4569293,Gia An - hotel in Dalat,0964 636 968 ,515921.0,"₫515,921",4.4,Hotel,https://www.google.com/maps/place/Gia+An+-+hotel+in+Dalat/data=!4m10!3m9!1s0x317112975821c429:0x50820e92ee03491d!5m2!4m1!1i2!8m2!3d11.9803167!4d108.4569293!16s%2Fg%2F11pdm6wsb1!19sChIJKcQhWJcScTERHUkD7pIOglA?authuser=0&hl=en&rclk=1,
"46 Đ. Nguyễn Chí Thanh, Phường 1, Đà Lạt, Lâm Đồng ",11.9403145,108.4363762,Mountain Town Hotel,,684000.0,"₫684,000",3.7,Hotel,https://www.google.com/maps/place/Mountain+Town+Hotel/data=!4m10!3m9!1s0x3171132fb2da3b97:0xddacfd169ba82fd6!5m2!4m1!1i2!8m2!3d11.9403145!4d108.4363762!16s%2Fg%2F11btmqf01_!19sChIJlzvasi8TcTER1i-omxb9rN0?authuser=0&hl=en&rclk=1,https://mountain-town.bedsandhotels.com/
"52 Đường Mê Linh, Phường 9, Đà Lạt, Lâm Đồng ",11.9611743,108.4713242,HƯƠNG ANH,0899 996 831 ,145924.0,"₫145,924",4.4,Hotel,https://www.google.com/maps/place/H%C6%AF%C6%A0NG+ANH/data=!4m10!3m9!1s0x317112f9816c4b87:0xfa1d0d319567c7af!5m2!4m1!1i2!8m2!3d11.9611743!4d108.4713242!16s%2Fg%2F11hzxy_9sb!19sChIJh0tsgfkScTERr8dnlTENHfo?authuser=0&hl=en&rclk=1,https://www.facebook.com/profile.php?id=61555569421849
"01 Đường Nguyễn Thị Minh Khai, Phường 1, Đà Lạt, Lâm Đồng 670000 ",11.9422212,108.4366549,Nice Dream Hotel,0263 3822 543 ,652173.0,"₫652,173",4.0,Hotel,https://www.google.com/maps/place/Nice+Dream+Hotel/data=!4m10!3m9!1s0x3171132f225f2529:0x201039591bac58c6!5m2!4m1!1i2!8m2!3d11.9422212!4d108.4366549!16s%2Fg%2F1tt1q5h9!19sChIJKSVfIi8TcTERxlisG1k5ECA?authuser=0&hl=en&rclk=1,http://nicedream.vn/
"Hẻm Hoàng Hoa Thám, Phường 10, Đà Lạt, Lâm Đồng ",11.9270801,108.4655235,Shin Village Hotel,0888 152 154 ,233959.0,"₫233,959",4.2,Villa,https://www.google.com/maps/place/Shin+Village+Hotel/data=!4m10!3m9!1s0x317113c13516bb39:0x26694da3574d6f76!5m2!4m1!1i2!8m2!3d11.9270801!4d108.4655235!16s%2Fg%2F11px9lpb4l!19sChIJObsWNcETcTERdm9NV6NNaSY?authuser=0&hl=en&rclk=1,https://www.facebook.com/ShinVillage.Hotel
"23/3 Đ Phạm Ngũ Lão, Phường 2, ward 3, Lâm Đồng 670000 ",11.9376508,108.4351895,Belle Amour Hotel,0395 589 887 ,265801.0,"₫265,801",4.5,Hotel,https://www.google.com/maps/place/Belle+Amour+Hotel/data=!4m10!3m9!1s0x31711331da394bf1:0xbe419fc9623aaa38!5m2!4m1!1i2!8m2!3d11.9376508!4d108.4351895!16s%2Fg%2F11gghdn5wn!19sChIJ8Us52jETcTEROKo6YsmfQb4?authuser=0&hl=en&rclk=1,
"31A Đ. Hùng Vương, Phường 10, Đà Lạt, Lâm Đồng 660000 ",11.9454893,108.463579,In Real Life - Villa Hotel,0357 221 266 ,255843.0,"₫255,843",4.9,Villa,https://www.google.com/maps/place/In+Real+Life+-+Villa+Hotel/data=!4m10!3m9!1s0x31711379dda1d1f5:0xcd6d317b2d3b653b!5m2!4m1!1i2!8m2!3d11.9454893!4d108.463579!16s%2Fg%2F11tk8_071r!19sChIJ9dGh3XkTcTERO2U7LXsxbc0?authuser=0&hl=en&rclk=1,https://www.facebook.com/FocusiaInRealLife
"31 Hẻm 31Nguyễn Công Trứ, Phường 8, Đà Lạt, Lâm Đồng 67000 ",11.9544656,108.440021,Cherry House Dalat,0838 336 279 ,188535.0,"₫188,535",4.8,Hotel,https://www.google.com/maps/place/Cherry+House+Dalat/data=!4m10!3m9!1s0x317112da16bbc24f:0x1cf76b820e724caf!5m2!4m1!1i2!8m2!3d11.9544656!4d108.440021!16s%2Fg%2F11fn22myyj!19sChIJT8K7FtoScTERr0xyDoJr9xw?authuser=0&hl=en&rclk=1,https://www.facebook.com/cherryhousedl
"112 Đường Lý Tự Trọng, Phường 1, Đà Lạt, Lâm Đồng 66000 ",11.9477545,108.4385699,Be U Hotel,0835 135 789 ,229989.0,"₫229,989",4.0,Hotel,https://www.google.com/maps/place/Be+U+Hotel/data=!4m10!3m9!1s0x317113d607b0a577:0x8edeee052f785e19!5m2!4m1!1i2!8m2!3d11.9477545!4d108.4385699!16s%2Fg%2F11sn3y1fkb!19sChIJd6WwB9YTcTERGV54LwXu3o4?authuser=0&hl=en&rclk=1,
"8/4, Đ. Đào Duy Từ, Phường 4, Đà Lạt, Lâm Đồng ",11.9349487,108.4334885,"Gia Khanh Hotel, Da Lat",0263 3981 234 ,222632.0,"₫222,632",4.4,Hotel,"https://www.google.com/maps/place/Gia+Khanh+Hotel,+Da+Lat/data=!4m10!3m9!1s0x31711333d87fb647:0x4240d0f6202aa238!5m2!4m1!1i2!8m2!3d11.9349487!4d108.4334885!16s%2Fg%2F11d_8ds_cp!19sChIJR7Z_2DMTcTEROKIqIPbQQEI?authuser=0&hl=en&rclk=1",https://giakhanhhotel.vietnam-hotel.top/
"82/15 Nguyễn Thị Nghĩa, Phường 2, Đà Lạt, Lâm Đồng ",11.949964,108.4401811,Khách sạn Vespa,0965 988 769 ,257731.0,"₫257,731",4.9,Hotel,https://www.google.com/maps/place/Kh%C3%A1ch+s%E1%BA%A1n+Vespa/data=!4m10!3m9!1s0x31711367ca68dcc9:0xfc94032a20abcfcf!5m2!4m1!1i2!8m2!3d11.949964!4d108.4401811!16s%2Fg%2F11j2cc_n3x!19sChIJydxoymcTcTERz8-rICoDlPw?authuser=0&hl=en&rclk=1,
"Số 28 Đường Bà Triệu, Phường 3, Đà Lạt, Lâm Đồng ",11.9374764,108.4336644,Dalat Paradise Hotel,0263 3555 568 ,470383.0,"₫470,383",4.1,Hotel,https://www.google.com/maps/place/Dalat+Paradise+Hotel/data=!4m10!3m9!1s0x317113877eef07cb:0x4a224953081fa29b!5m2!4m1!1i2!8m2!3d11.9374764!4d108.4336644!16s%2Fg%2F11lkfyqgn5!19sChIJywfvfocTcTERm6IfCFNJIko?authuser=0&hl=en&rclk=1,http://dalatparadisehotel.com/
"54 Đ. Nguyễn Đình Chiểu, Phường 9, Đà Lạt, Lâm Đồng ",11.9505369,108.4603266,Guava Hill Boutique Hotel,0889 522 768 ,505728.0,"₫505,728",4.6,Hotel,https://www.google.com/maps/place/Guava+Hill+Boutique+Hotel/data=!4m10!3m9!1s0x31711352ee16e391:0x83c06f7d2907449b!5m2!4m1!1i2!8m2!3d11.9505369!4d108.4603266!16s%2Fg%2F11j4hr_h_j!19sChIJkeMW7lITcTERm0QHKX1vwIM?authuser=0&hl=en&rclk=1,https://guavahillhotel.vn/
"52 Đường Lương Thế Vinh, Phường 3, Đà Lạt, Lâm Đồng 670000 ",11.9322043,108.4422776,Nature Hotel,0816 525 626 ,307447.0,"₫307,447",4.6,Hotel,https://www.google.com/maps/place/Nature+Hotel/data=!4m10!3m9!1s0x317113cf6f9faf91:0x10fb90ebb286f100!5m2!4m1!1i2!8m2!3d11.9322043!4d108.4422776!16s%2Fg%2F11tdnhx42s!19sChIJka-fb88TcTERAPGGsuuQ-xA?authuser=0&hl=en&rclk=1,http://naturehotel.vn/
"34 D. Sương Nguyệt Anh, Phường 9, Đà Lạt, Lâm Đồng 670000 ",11.9512858,108.4563497,Khách Sạn OLAGI 2,0384 192 921 ,169582.0,"₫169,582",4.7,Hotel,https://www.google.com/maps/place/Kha%CC%81ch+Sa%CC%A3n+OLAGI+2/data=!4m10!3m9!1s0x3171134a32c09109:0x2298a329c2ccc6f4!5m2!4m1!1i2!8m2!3d11.9512858!4d108.4563497!16s%2Fg%2F11y3hqvb1n!19sChIJCZHAMkoTcTER9MbMwimjmCI?authuser=0&hl=en&rclk=1,https://www.booking.com/hotel/vn/olagi-dalat.vi.html?aid=2311236&label=vi-vn-booking-desktop-ztDRHDT0cyr%2Allk1cdAHaQS652796014482%3Apl%3Ata%3Ap1%3Ap2%3Aac%3Aap%3Aneg%3Afi%3Atikwd-65526620%3Alp9040367%3Ali%3Adec%3Adm&sid=8c1948bceefad255f572a2533a66b023&dest_id=11702678&dest_type=hotel&dist=0&group_adults=2&group_children=0&hapos=1&hpos=1&no_rooms=1&req_adults=2&req_children=0&room1=A%2CA&sb_price_type=total&sr_order=popularity&srepoch=1739436912&srpvid=921f3eb3bc7b0049&type=total&ucfs=1&
"78 Đường Nguyễn Lương Bằng, Phường 2, Đà Lạt, Lâm Đồng 670000 ",11.9536086,108.4365525,Seven A Hotel,0862 010 620 ,261535.0,"₫261,535",4.5,Hotel,https://www.google.com/maps/place/Seven+A+Hotel/data=!4m10!3m9!1s0x317113672c24437b:0x876b6605b0e53f37!5m2!4m1!1i2!8m2!3d11.9536086!4d108.4365525!16s%2Fg%2F11fl9yhnz7!19sChIJe0MkLGcTcTERNz_lsAVma4c?authuser=0&hl=en&rclk=1,
"86 Đường Lý Tự Trọng, Phường 2, Đà Lạt, Lâm Đồng ",11.9459918,108.438666,Moonstone Hotel Dalat,0763 763 939 ,265857.0,"₫265,857",4.2,Hotel,https://www.google.com/maps/place/Moonstone+Hotel+Dalat/data=!4m10!3m9!1s0x317113288bb29ad3:0x45779f4da46af56d!5m2!4m1!1i2!8m2!3d11.9459918!4d108.438666!16s%2Fg%2F11h1dsl804!19sChIJ05qyiygTcTERbfVqpE2fd0U?authuser=0&hl=en&rclk=1,
"165 Thùy Vân, Phường Thắng Tam, Vũng Tàu, Bà Rịa - Vũng Tàu 790000 ",10.348904,107.097955,Annata Beach Hotel,0254 7303 839 ,412155.0,"₫412,155",4.1,Hotel,https://www.google.com/maps/place/Annata+Beach+Hotel/data=!4m10!3m9!1s0x31756fe3d235a77b:0x28f6e8aceed2aaa3!5m2!4m1!1i2!8m2!3d10.348904!4d107.097955!16s%2Fg%2F11h75pmkcp!19sChIJe6c10uNvdTERo6rS7qzo9ig?authuser=0&hl=en&rclk=1,
"1 Nguyễn Văn Linh, TT. Phú Mỹ, Tân Thành, Bà Rịa - Vũng Tàu 79000 ",10.599871,107.053944,Phu My Harbour Hotel,0254 6266 266 ,1494467.0,"₫1,494,467",4.0,Hotel,https://www.google.com/maps/place/Phu+My+Harbour+Hotel/data=!4m10!3m9!1s0x31751181e02aaa49:0x8fbc61c6acfac4e4!5m2!4m1!1i2!8m2!3d10.599871!4d107.053944!16s%2Fg%2F1hc4q164w!19sChIJSaoq4IERdTER5MT6rMZhvI8?authuser=0&hl=en&rclk=1,https://phumyharbour.com.vn/
"69-69A Thùy Vân, Phường 2, Vũng Tàu, Bà Rịa - Vũng Tàu 78000 ",10.3322495,107.0889669,Premier Pearl Hotel,0254 6506 666 ,1198650.0,"₫1,198,650",4.5,Hotel,https://www.google.com/maps/place/Premier+Pearl+Hotel/data=!4m10!3m9!1s0x3175652e810d9ca7:0x516812e8ab299e48!5m2!4m1!1i2!8m2!3d10.3322495!4d107.0889669!16s%2Fg%2F11gs747kn8!19sChIJp5wNgS5ldTERSJ4pq-gSaFE?authuser=0&hl=en&rclk=1,http://premierpearlhotel.vn/
"28 Trần Phú, Phường 1, Vũng Tàu, Bà Rịa - Vũng Tàu 790000 ",10.3531089,107.0640448,Seaside Resort,0254 3513 888 ,716760.0,"₫716,760",4.2,Resort,https://www.google.com/maps/place/Seaside+Resort/data=!4m10!3m9!1s0x31756f99a838df1f:0xe97a8861568a8d38!5m2!4m1!1i2!8m2!3d10.3531089!4d107.0640448!16s%2Fg%2F1v7pvzc_!19sChIJH984qJlvdTEROI2KVmGIeuk?authuser=0&hl=en&rclk=1,http://seasideresort.vn/
"66/15 Hạ Long, Phường 2, Vũng Tàu, Bà Rịa - Vũng Tàu 78000 ",10.33023,107.0773849,Léman Cap Resort,0865 333 466 ,855310.0,"₫855,310",4.3,Resort,https://www.google.com/maps/place/L%C3%A9man+Cap+Resort/data=!4m10!3m9!1s0x3175655e0afc4aad:0x78354928ed00f6c2!5m2!4m1!1i2!8m2!3d10.33023!4d107.0773849!16s%2Fg%2F12hxvml3h!19sChIJrUr8Cl5ldTERwvYA7ShJNXg?authuser=0&hl=en&rclk=1,http://svboutique.vn/
"302 Phan Chu Trinh, Phường 2, Vũng Tàu, Bà Rịa - Vũng Tàu 791000 ",10.3294437,107.0869416,Hotel Novena,0254 3612 112 ,339362.0,"₫339,362",4.2,Hotel,https://www.google.com/maps/place/Hotel+Novena/data=!4m10!3m9!1s0x317565f59edf8cc3:0x64b5b31b728cfce7!5m2!4m1!1i2!8m2!3d10.3294437!4d107.0869416!16s%2Fg%2F11g0mfdws7!19sChIJw4zfnvVldTER5_yMchuztWQ?authuser=0&hl=en&rclk=1,http://novenahotel.com.vn/
"E7 Tạ Uyên, Phường 3, Vũng Tàu, Bà Rịa - Vũng Tàu 720000 ",10.3495849,107.0849823,Joi Hospitality - Central,0254 3524 869 ,209000.0,"₫209,000",4.6,Hotel,https://www.google.com/maps/place/Joi+Hospitality+-+Central/data=!4m10!3m9!1s0x31756fc40cf1bf7d:0x91cbdd3835009094!5m2!4m1!1i2!8m2!3d10.3495849!4d107.0849823!16s%2Fg%2F11g0g99cwm!19sChIJfb_xDMRvdTERlJAANTjdy5E?authuser=0&hl=en&rclk=1,https://joihospitality.vn/
"136 Hạ Long, Phường 2, Vũng Tàu, Bà Rịa - Vũng Tàu 72000 ",10.3399718,107.0725491,Joi Home Beachfront,0763 461 843 ,214028.0,"₫214,028",4.6,Hotel,https://www.google.com/maps/place/Joi+Home+Beachfront/data=!4m10!3m9!1s0x31756f24db27b2a1:0x7a222519f725910!5m2!4m1!1i2!8m2!3d10.3399718!4d107.0725491!16s%2Fg%2F11t2lxk37n!19sChIJobIn2yRvdTEREFlyn1Eiogc?authuser=0&hl=en&rclk=1,https://joihospitality.vn/
"23D Thùy Vân, Phường 2, Vũng Tàu, Bà Rịa - Vũng Tàu 790000 ",10.3302192,107.0880671,Melissa Hotel,0968 900 893 ,257806.0,"₫257,806",4.3,Hotel,https://www.google.com/maps/place/Melissa+Hotel/data=!4m10!3m9!1s0x317565599537a55f:0x6116584dd2e09558!5m2!4m1!1i2!8m2!3d10.3302192!4d107.0880671!16s%2Fg%2F11k3gy2t7j!19sChIJX6U3lVlldTERWJXg0k1YFmE?authuser=0&hl=en&rclk=1,
"01 Đường Thi Sách, Phường Thắng Tam, Vũng Tàu, Bà Rịa - Vũng Tàu ",10.3504193,107.098351,The Cap Hotel Vung Tau,0254 3575 566 ,1180898.0,"₫1,180,898",4.1,Hotel,https://www.google.com/maps/place/The+Cap+Hotel+Vung+Tau/data=!4m10!3m9!1s0x31756fe19e06011f:0xaecac0d58a7c6bb6!5m2!4m1!1i2!8m2!3d10.3504193!4d107.098351!16s%2Fg%2F11hczptjhx!19sChIJHwEGnuFvdTERtmt8itXAyq4?authuser=0&hl=en&rclk=1,http://thecaphotel.com/
"01 Trần Phú, Phường 1, Vũng Tàu, Bà Rịa - Vũng Tàu 944028 ",10.3553228,107.0613372,Binh An Village Resort,0901 555 247 ,2498655.0,"₫2,498,655",4.1,Resort,https://www.google.com/maps/place/Binh+An+Village+Resort/data=!4m10!3m9!1s0x31756f98954bd09b:0x17aa84c2797a1fa0!5m2!4m1!1i2!8m2!3d10.3553228!4d107.0613372!16s%2Fg%2F11c0xtbvq6!19sChIJm9BLlZhvdTERoB96ecKEqhc?authuser=0&hl=en&rclk=1,
"số 6 Đ. Lý Tự Trọng, Kp Hải, Long Điền, Bà Rịa - Vũng Tàu ",10.3859274,107.2397232,Sea View Hotel,0254 3868 386 ,317155.0,"₫317,155",4.1,Hotel,https://www.google.com/maps/place/Sea+View+Hotel/data=!4m10!3m9!1s0x317576f42bc3fd0d:0xee99fa082b36dce7!5m2!4m1!1i2!8m2!3d10.3859274!4d107.2397232!16s%2Fg%2F11cn0r1629!19sChIJDf3DK_R2dTER59w2Kwj6me4?authuser=0&hl=en&rclk=1,
"151B Thùy Vân, Phường Thắng Tam, Vũng Tàu, Bà Rịa - Vũng Tàu 760000 ",10.3405546,107.0928079,New Wave Hotel,0933 700 142 ,710735.0,"₫710,735",3.9,Hotel,https://www.google.com/maps/place/New+Wave+Hotel/data=!4m10!3m9!1s0x3175702a988a1bbb:0xeaf249b4d9735a76!5m2!4m1!1i2!8m2!3d10.3405546!4d107.0928079!16s%2Fg%2F11cmyvxv0c!19sChIJuxuKmCpwdTERdlpz2bRJ8uo?authuser=0&hl=en&rclk=1,http://www.newwavevungtau.vn/
"Trần Phú, Phường 5, Vũng Tàu, Bà Rịa - Vũng Tàu 78200 ",10.3677576,107.0632467,Fati Boutique Hotel & Apartment,0794 122 122 ,550533.0,"₫550,533",4.4,Apartment,https://www.google.com/maps/place/Fati+Boutique+Hotel+%26+Apartment/data=!4m10!3m9!1s0x31756f047af05ecf:0xc8ad2bc3593e2cea!5m2!4m1!1i2!8m2!3d10.3677576!4d107.0632467!16s%2Fg%2F11ptvb2tjr!19sChIJz17wegRvdTER6iw-WcMrrcg?authuser=0&hl=en&rclk=1,https://www.facebook.com/share/1BDdKU5HyM/?mibextid=wwXIfr
"27A Thùy Vân, Phường 2, Vũng Tàu, Bà Rịa - Vũng Tàu 790000 ",10.3305615,107.0881805,Hoang Minh Hotel Vung Tau,0912 563 140 ,222669.0,"₫222,669",4.2,Hotel,https://www.google.com/maps/place/Hoang+Minh+Hotel+Vung+Tau/data=!4m10!3m9!1s0x31756559cf450f9f:0x1fb07169b935336e!5m2!4m1!1i2!8m2!3d10.3305615!4d107.0881805!16s%2Fg%2F11b67j5p73!19sChIJnw9Fz1lldTERbjM1uWlxsB8?authuser=0&hl=en&rclk=1,https://www.facebook.com/HotelHoangMinh/
"184 Hoàng Hoa Thám, Phường Thắng Tam, Vũng Tàu, Bà Rịa - Vũng Tàu 78000 ",10.3341734,107.0892649,SK LEGEND VUNG TAU HOTEL,0254 3591 111 ,546886.0,"₫546,886",4.5,Hotel,https://www.google.com/maps/place/SK+LEGEND+VUNG+TAU+HOTEL/data=!4m10!3m9!1s0x31756fadb03fa959:0x5b37ef7bef8ca38f!5m2!4m1!1i2!8m2!3d10.3341734!4d107.0892649!16s%2Fg%2F11kwrx5zvd!19sChIJWak_sK1vdTERj6OM73vvN1s?authuser=0&hl=en&rclk=1,http://www.sklegendvungtau.com/
"19 La Văn Cầu, Phường Thắng Tam, Vũng Tàu, Bà Rịa - Vũng Tàu 78000 ",10.3380247,107.0902001,Praha Hotel,0941 666 498 ,202108.0,"₫202,108",3.8,Hotel,https://www.google.com/maps/place/Praha+Hotel/data=!4m10!3m9!1s0x31756ff9e9189f23:0x6868fcb5df81ebb6!5m2!4m1!1i2!8m2!3d10.3380247!4d107.0902001!16s%2Fg%2F11bzxwz6tz!19sChIJI58Y6flvdTERtuuB37X8aGg?authuser=0&hl=en&rclk=1,
"81/24 Thùy Vân, Phường 2, Vũng Tàu, Bà Rịa - Vũng Tàu ",10.3334218,107.0878093,Kly Vũng Tàu Hotel,0377 075 855 ,283039.0,"₫283,039",4.2,Hotel,https://www.google.com/maps/place/Kly+V%C5%A9ng+T%C3%A0u+Hotel/data=!4m10!3m9!1s0x317565cff55d5e41:0xb0a518ebc97006cc!5m2!4m1!1i2!8m2!3d10.3334218!4d107.0878093!16s%2Fg%2F11jgxgjgjw!19sChIJQV5d9c9ldTERzAZwyesYpbA?authuser=0&hl=en&rclk=1,
"124 Từ Dũ, Khu phố hưng hoà, Gò Công, Tiền Giang ",10.3749443,106.6818577,Hotel Sapphire,0273 3512 512 ,256579.0,"₫256,579",4.2,Hotel,https://www.google.com/maps/place/Hotel+Sapphire/data=!4m10!3m9!1s0x31754fab725feca7:0x8a0525d7ddb6d032!5m2!4m1!1i2!8m2!3d10.3749443!4d106.6818577!16s%2Fg%2F11f5yjcfwh!19sChIJp-xfcqtPdTERMtC23dclBYo?authuser=0&hl=en&rclk=1,
"16 Nguyễn Hữu Tiến, Phường 8, Vũng Tàu, Bà Rịa - Vũng Tàu 790000 ",10.3542766,107.1006172,Quang Anh Hotel Vung Tau,0774 466 229 ,165458.0,"₫165,458",4.8,Hotel,https://www.google.com/maps/place/Quang+Anh+Hotel+Vung+Tau/data=!4m10!3m9!1s0x31756fca53e2d899:0xe7530fffa439d587!5m2!4m1!1i2!8m2!3d10.3542766!4d107.1006172!16s%2Fg%2F11g0zlhhpq!19sChIJmdjiU8pvdTERh9U5pP8PU-c?authuser=0&hl=en&rclk=1,https://khoanhkhachotel.com/lien-he/
"25 Phó Đức Chính, Street, Ward, Bà Rịa - Vũng Tàu 79000 ",10.3372989,107.0894581,Gia An Hotel,0254 3859 686 ,316948.0,"₫316,948",4.3,Hotel,https://www.google.com/maps/place/Gia+An+Hotel/data=!4m10!3m9!1s0x31756fa13ecb6db7:0x1ba78ca03dcac291!5m2!4m1!1i2!8m2!3d10.3372989!4d107.0894581!16s%2Fg%2F11rmpzmygp!19sChIJt23LPqFvdTERkcLKPaCMpxs?authuser=0&hl=en&rclk=1,https://www.facebook.com/Gia-An-Hotel-107040671889272
"C7VR+3GX, Nguyễn Tất Thành, Phước Hội, Đất Đỏ, Bà Rịa - Vũng Tàu ",10.442735,107.2913729,Villa Cocopalm,0902 619 234 ,277544.0,"₫277,544",4.0,Villa,https://www.google.com/maps/place/Villa+Cocopalm/data=!4m10!3m9!1s0x31759f84e29bc611:0x71321d969f3c35c6!5m2!4m1!1i2!8m2!3d10.442735!4d107.2913729!16s%2Fg%2F11h52mtnty!19sChIJEcab4oSfdTERxjU8n5YdMnE?authuser=0&hl=en&rclk=1,
"208-210 Phan Chu Trinh, Phường 2, Vũng Tàu, Bà Rịa - Vũng Tàu 79000 ",10.3309685,107.0825274,Vung Tau Luxury Hotel,0254 3596 669 ,164458.0,"₫164,458",3.9,Hotel,https://www.google.com/maps/place/Vung+Tau+Luxury+Hotel/data=!4m10!3m9!1s0x31756596d9e39549:0xb3ba2cd9c25b142f!5m2!4m1!1i2!8m2!3d10.3309685!4d107.0825274!16s%2Fg%2F11fk144wd1!19sChIJSZXj2ZZldTERLxRbwtksurM?authuser=0&hl=en&rclk=1,
"01 Đường Thi Sách, Phường Thắng Tam, Vũng Tàu, Bà Rịa - Vũng Tàu ",10.3504193,107.098351,The Cap Hotel Vung Tau,0254 3575 566 ,1180898.0,"₫1,180,898",4.1,Hotel,https://www.google.com/maps/place/The+Cap+Hotel+Vung+Tau/data=!4m10!3m9!1s0x31756fe19e06011f:0xaecac0d58a7c6bb6!5m2!4m1!1i2!8m2!3d10.3504193!4d107.098351!16s%2Fg%2F11hczptjhx!19sChIJHwEGnuFvdTERtmt8itXAyq4?authuser=0&hl=en&rclk=1,http://thecaphotel.com/
"53 Phan Văn Trị, Phường Thắng Tam, Vũng Tàu, Bà Rịa - Vũng Tàu 70000 ",10.3382605,107.0886835,Khách sạn Vũng Tàu Caroline Beach,0254 3510 011 ,161458.0,"₫161,458",4.1,Hotel,https://www.google.com/maps/place/Kh%C3%A1ch+s%E1%BA%A1n+V%C5%A9ng+T%C3%A0u+Caroline+Beach/data=!4m10!3m9!1s0x31756ff75b3d38b1:0xc46e444f26f85d3d!5m2!4m1!1i2!8m2!3d10.3382605!4d107.0886835!16s%2Fg%2F11t3ff_hc4!19sChIJsTg9W_dvdTERPV34Jk9EbsQ?authuser=0&hl=en&rclk=1,https://caroline.com.vn/khach-san-vung-tau-caroline-beach
"Trần Phú, Phường 5, Vũng Tàu, Bà Rịa - Vũng Tàu 78200 ",10.3677576,107.0632467,Fati Boutique Hotel & Apartment,0794 122 122 ,550533.0,"₫550,533",4.4,Apartment,https://www.google.com/maps/place/Fati+Boutique+Hotel+%26+Apartment/data=!4m10!3m9!1s0x31756f047af05ecf:0xc8ad2bc3593e2cea!5m2!4m1!1i2!8m2!3d10.3677576!4d107.0632467!16s%2Fg%2F11ptvb2tjr!19sChIJz17wegRvdTER6iw-WcMrrcg?authuser=0&hl=en&rclk=1,https://www.facebook.com/share/1BDdKU5HyM/?mibextid=wwXIfr
"C7VR+3GX, Nguyễn Tất Thành, Phước Hội, Đất Đỏ, Bà Rịa - Vũng Tàu ",10.442735,107.2913729,Villa Cocopalm,0902 619 234 ,277544.0,"₫277,544",4.0,Villa,https://www.google.com/maps/place/Villa+Cocopalm/data=!4m10!3m9!1s0x31759f84e29bc611:0x71321d969f3c35c6!5m2!4m1!1i2!8m2!3d10.442735!4d107.2913729!16s%2Fg%2F11h52mtnty!19sChIJEcab4oSfdTERxjU8n5YdMnE?authuser=0&hl=en&rclk=1,
"4 Thống Nhất, Phường 1, Vũng Tàu, Bà Rịa - Vũng Tàu ",10.345531,107.0770553,Joi Boutique Bãi Trước,0373 562 887 ,253749.0,"₫253,749",4.5,Hotel,https://www.google.com/maps/place/Joi+Boutique+B%C3%A3i+Tr%C6%B0%E1%BB%9Bc/data=!4m10!3m9!1s0x31756f92afba99a3:0xf7a195f4a851b0d2!5m2!4m1!1i2!8m2!3d10.345531!4d107.0770553!16s%2Fg%2F11b67qd3m2!19sChIJo5m6r5JvdTER0rBRqPSVofc?authuser=0&hl=en&rclk=1,https://joihospitality.vn/
"151B Thùy Vân, Phường Thắng Tam, Vũng Tàu, Bà Rịa - Vũng Tàu 760000 ",10.3405546,107.0928079,New Wave Hotel,0933 700 142 ,710735.0,"₫710,735",3.9,Hotel,https://www.google.com/maps/place/New+Wave+Hotel/data=!4m10!3m9!1s0x3175702a988a1bbb:0xeaf249b4d9735a76!5m2!4m1!1i2!8m2!3d10.3405546!4d107.0928079!16s%2Fg%2F11cmyvxv0c!19sChIJuxuKmCpwdTERdlpz2bRJ8uo?authuser=0&hl=en&rclk=1,http://www.newwavevungtau.vn/
"45/16B Thùy Vân, Phường 2, Vũng Tàu, Bà Rịa - Vũng Tàu 790000 ",10.3310903,107.0872523,Hotel Hoài Thu,0254 3521 154 ,105000.0,"₫105,000",4.2,Hotel,https://www.google.com/maps/place/Hotel+Ho%C3%A0i+Thu/data=!4m10!3m9!1s0x317565b791aee2f9:0xdf2c8202e8c31bf4!5m2!4m1!1i2!8m2!3d10.3310903!4d107.0872523!16s%2Fg%2F11jm_q9hp4!19sChIJ-eKukbdldTER9BvD6AKCLN8?authuser=0&hl=en&rclk=1,
"01 Trần Phú, Phường 1, Vũng Tàu, Bà Rịa - Vũng Tàu 944028 ",10.3553228,107.0613372,Binh An Village Resort,0901 555 247 ,2498655.0,"₫2,498,655",4.1,Resort,https://www.google.com/maps/place/Binh+An+Village+Resort/data=!4m10!3m9!1s0x31756f98954bd09b:0x17aa84c2797a1fa0!5m2!4m1!1i2!8m2!3d10.3553228!4d107.0613372!16s%2Fg%2F11c0xtbvq6!19sChIJm9BLlZhvdTERoB96ecKEqhc?authuser=0&hl=en&rclk=1,
"5A Đinh Tiên Hoàng, Phường 2, Vũng Tàu, Bà Rịa - Vũng Tàu 790000 ",10.3404985,107.0763303,Milanesa Hotel and Apartment,0814 727 979 ,132366.0,"₫132,366",4.1,Apartment,https://www.google.com/maps/place/Milanesa+Hotel+and+Apartment/data=!4m10!3m9!1s0x31756ff09a8dfffd:0x18b18ae2d3b4cdd5!5m2!4m1!1i2!8m2!3d10.3404985!4d107.0763303!16s%2Fg%2F11vj282cyg!19sChIJ_f-NmvBvdTER1c200-KKsRg?authuser=0&hl=en&rclk=1,http://www.facebook.com/MilanesaHotelApartment
"19 Nguyễn Đình Thi, Phường 10, Vũng Tàu, Bà Rịa - Vũng Tàu 78000 ",10.3755151,107.1117239,Hotel Hoa Sua,0254 3595 988 ,207765.0,"₫207,765",4.1,Hotel,https://www.google.com/maps/place/Hotel+Hoa+Sua/data=!4m10!3m9!1s0x3175702d4bd2bd19:0xde364108db0cc24a!5m2!4m1!1i2!8m2!3d10.3755151!4d107.1117239!16s%2Fg%2F11c326trvs!19sChIJGb3SSy1wdTERSsIM2whBNt4?authuser=0&hl=en&rclk=1,https://www.facebook.com/hoasuahotelvt/
"81/24 Thùy Vân, Phường 2, Vũng Tàu, Bà Rịa - Vũng Tàu ",10.3334218,107.0878093,Kly Vũng Tàu Hotel,0377 075 855 ,283039.0,"₫283,039",4.2,Hotel,https://www.google.com/maps/place/Kly+V%C5%A9ng+T%C3%A0u+Hotel/data=!4m10!3m9!1s0x317565cff55d5e41:0xb0a518ebc97006cc!5m2!4m1!1i2!8m2!3d10.3334218!4d107.0878093!16s%2Fg%2F11jgxgjgjw!19sChIJQV5d9c9ldTERzAZwyesYpbA?authuser=0&hl=en&rclk=1,
"184 Hoàng Hoa Thám, Phường Thắng Tam, Vũng Tàu, Bà Rịa - Vũng Tàu 78000 ",10.3341734,107.0892649,SK LEGEND VUNG TAU HOTEL,0254 3591 111 ,546886.0,"₫546,886",4.5,Hotel,https://www.google.com/maps/place/SK+LEGEND+VUNG+TAU+HOTEL/data=!4m10!3m9!1s0x31756fadb03fa959:0x5b37ef7bef8ca38f!5m2!4m1!1i2!8m2!3d10.3341734!4d107.0892649!16s%2Fg%2F11kwrx5zvd!19sChIJWak_sK1vdTERj6OM73vvN1s?authuser=0&hl=en&rclk=1,http://www.sklegendvungtau.com/
"i1 Thái Văn Lung, Phường 2, Vũng Tàu, Bà Rịa - Vũng Tàu 79000 ",10.3370419,107.0827961,Sun Beach Hotel,0908 380 993 ,310234.0,"₫310,234",4.4,Hotel,https://www.google.com/maps/place/Sun+Beach+Hotel/data=!4m10!3m9!1s0x31756f5012d589a7:0x30e070e1f4e0c832!5m2!4m1!1i2!8m2!3d10.3370419!4d107.0827961!16s%2Fg%2F11fl4b6dzr!19sChIJp4nVElBvdTERMsjg9OFw4DA?authuser=0&hl=en&rclk=1,
"Thuận Thành, Cần Giuộc, Long An ",10.558063,106.6306354,Hotel Phụng Kim Thảo,0908 633 838 ,292643.0,"₫292,643",4.0,Hotel,https://www.google.com/maps/place/Hotel+Ph%E1%BB%A5ng+Kim+Th%E1%BA%A3o/data=!4m10!3m9!1s0x31753675c3fef753:0x717b208699bb4294!5m2!4m1!1i2!8m2!3d10.558063!4d106.6306354!16s%2Fg%2F11c57lsqbv!19sChIJU_f-w3U2dTERlEK7mYYge3E?authuser=0&hl=en&rclk=1,
"47 La Văn Cầu, Phường Thắng Tam, Vũng Tàu, Bà Rịa - Vũng Tàu 79000 ",10.3386012,107.0891692,SeaSala Hotel,0254 3554 568 ,119742.0,"₫119,742",3.7,Hotel,https://www.google.com/maps/place/SeaSala+Hotel/data=!4m10!3m9!1s0x31756ff757b8e349:0x5dbc7e6a0f61c518!5m2!4m1!1i2!8m2!3d10.3386012!4d107.0891692!16s%2Fg%2F11d_896_mt!19sChIJSeO4V_dvdTERGMVhD2p-vF0?authuser=0&hl=en&rclk=1,
"L6 Phan Huy Chú, Phường 2, Vũng Tàu, Bà Rịa - Vũng Tàu 790000 ",10.3371748,107.0843543,The Homey Vung Tau,0777 272 792 ,212721.0,"₫212,721",4.8,Hotel,https://www.google.com/maps/place/The+Homey+Vung+Tau/data=!4m10!3m9!1s0x31756ff6843d6d7b:0x8a8e7aeec0685169!5m2!4m1!1i2!8m2!3d10.3371748!4d107.0843543!16s%2Fg%2F11fsn62g4p!19sChIJe209hPZvdTERaVFowO56joo?authuser=0&hl=en&rclk=1,
"92 Nguyễn Trường Tộ, Phường 3, Vũng Tàu, Bà Rịa - Vũng Tàu ",10.3444521,107.0799297,Tomorrow Hostel,0389 910 520 ,224268.0,"₫224,268",4.4,Hostel,https://www.google.com/maps/place/Tomorrow+Hostel/data=!4m10!3m9!1s0x31756ff285094159:0x38846fc54e499fb6!5m2!4m1!1i2!8m2!3d10.3444521!4d107.0799297!16s%2Fg%2F11g1pmwgnp!19sChIJWUEJhfJvdTERtp9JTsVvhDg?authuser=0&hl=en&rclk=1,
"20/1 Đ. Phan Huy Ích, Phường 2, Vũng Tàu, Bà Rịa - Vũng Tàu 790000 ",10.3377454,107.0829911,Lyly (Lilly) hotel Vũng Tàu,0327 994 545 ,214451.0,"₫214,451",4.4,Hotel,https://www.google.com/maps/place/Lyly+%28Lilly%29+hotel+V%C5%A9ng+T%C3%A0u/data=!4m10!3m9!1s0x31756f4f8bda14d5:0xf5826ba69cbed65d!5m2!4m1!1i2!8m2!3d10.3377454!4d107.0829911!16s%2Fg%2F11tsg4z30h!19sChIJ1RTai09vdTERXda-nKZrgvU?authuser=0&hl=en&rclk=1,http://lilyhotel.com/
"53 La Văn Cầu, Phường Thắng Tam, Vũng Tàu, Bà Rịa - Vũng Tàu 790000 ",10.3387609,107.0889874,Khách Sạn Hà Đan,0375 303 824 ,169694.0,"₫169,694",4.6,Hotel,https://www.google.com/maps/place/Kh%C3%A1ch+S%E1%BA%A1n+H%C3%A0+%C4%90an/data=!4m10!3m9!1s0x31756fe1c58d5bc9:0x4a9e66abcb5bbaa0!5m2!4m1!1i2!8m2!3d10.3387609!4d107.0889874!16s%2Fg%2F11ltt6qt5s!19sChIJyVuNxeFvdTERoLpby6tmnko?authuser=0&hl=en&rclk=1,
"47 La Văn Cầu, Phường Thắng Tam, Vũng Tàu, Bà Rịa - Vũng Tàu 79000 ",10.3386012,107.0891692,SeaSala Hotel,0254 3554 568 ,119742.0,"₫119,742",3.7,Hotel,https://www.google.com/maps/place/SeaSala+Hotel/data=!4m10!3m9!1s0x31756ff757b8e349:0x5dbc7e6a0f61c518!5m2!4m1!1i2!8m2!3d10.3386012!4d107.0891692!16s%2Fg%2F11d_896_mt!19sChIJSeO4V_dvdTERGMVhD2p-vF0?authuser=0&hl=en&rclk=1,
"68 Hà Huy Tập, Phường 10, Vũng Tàu, Bà Rịa - Vũng Tàu 790000 ",10.3749676,107.1257027,Hafi Hotel,0938 582 468 ,483442.0,"₫483,442",4.5,Hotel,https://www.google.com/maps/place/Hafi+Hotel/data=!4m10!3m9!1s0x3175704ab8cea7df:0x851bd8003a3b1ed4!5m2!4m1!1i2!8m2!3d10.3749676!4d107.1257027!16s%2Fg%2F11jht6hz2q!19sChIJ36fOuEpwdTER1B47OgDYG4U?authuser=0&hl=en&rclk=1,http://hafihotel.com/
"L6 Phan Huy Chú, Phường 2, Vũng Tàu, Bà Rịa - Vũng Tàu 790000 ",10.3371748,107.0843543,The Homey Vung Tau,0777 272 792 ,212721.0,"₫212,721",4.8,Hotel,https://www.google.com/maps/place/The+Homey+Vung+Tau/data=!4m10!3m9!1s0x31756ff6843d6d7b:0x8a8e7aeec0685169!5m2!4m1!1i2!8m2!3d10.3371748!4d107.0843543!16s%2Fg%2F11fsn62g4p!19sChIJe209hPZvdTERaVFowO56joo?authuser=0&hl=en&rclk=1,
"92 Nguyễn Trường Tộ, Phường 3, Vũng Tàu, Bà Rịa - Vũng Tàu ",10.3444521,107.0799297,Tomorrow Hostel,0389 910 520 ,224268.0,"₫224,268",4.4,Hostel,https://www.google.com/maps/place/Tomorrow+Hostel/data=!4m10!3m9!1s0x31756ff285094159:0x38846fc54e499fb6!5m2!4m1!1i2!8m2!3d10.3444521!4d107.0799297!16s%2Fg%2F11g1pmwgnp!19sChIJWUEJhfJvdTERtp9JTsVvhDg?authuser=0&hl=en&rclk=1,
"09 Thống Nhất, Phường 1, Vũng Tàu, Bà Rịa - Vũng Tàu ",10.3458938,107.075369,Khách sạn Mường Thanh Holiday Vũng Tàu,0254 3552 468 ,1027624.0,"₫1,027,624",4.0,Hotel,https://www.google.com/maps/place/Kh%C3%A1ch+s%E1%BA%A1n+M%C6%B0%E1%BB%9Dng+Thanh+Holiday+V%C5%A9ng+T%C3%A0u/data=!4m10!3m9!1s0x31756fdcd7262103:0xfcf9e39c54e0135f!5m2!4m1!1i2!8m2!3d10.3458938!4d107.075369!16s%2Fg%2F1ptyfv2g9!19sChIJAyEm19xvdTERXxPgVJzj-fw?authuser=0&hl=en&rclk=1,
"20/1 Đ. Phan Huy Ích, Phường 2, Vũng Tàu, Bà Rịa - Vũng Tàu 790000 ",10.3377454,107.0829911,Lyly (Lilly) hotel Vũng Tàu,0327 994 545 ,214451.0,"₫214,451",4.4,Hotel,https://www.google.com/maps/place/Lyly+%28Lilly%29+hotel+V%C5%A9ng+T%C3%A0u/data=!4m10!3m9!1s0x31756f4f8bda14d5:0xf5826ba69cbed65d!5m2!4m1!1i2!8m2!3d10.3377454!4d107.0829911!16s%2Fg%2F11tsg4z30h!19sChIJ1RTai09vdTERXda-nKZrgvU?authuser=0&hl=en&rclk=1,http://lilyhotel.com/
"Thạnh Thới, Long Hoà, Cần Giờ, Thành phố Hồ Chí Minh ",10.3936995,106.9194866,Ruby Homestay Cần Giờ,0779 662 589 ,654828.0,"₫654,828",4.5,Homestay,https://www.google.com/maps/place/Ruby+Homestay+C%E1%BA%A7n+Gi%E1%BB%9D/data=!4m10!3m9!1s0x3175696c4d5e7de1:0x83efbc31c646f2cd!5m2!4m1!1i2!8m2!3d10.3936995!4d106.9194866!16s%2Fg%2F11g0gphj6h!19sChIJ4X1eTWxpdTERzfJGxjG874M?authuser=0&hl=en&rclk=1,https://www.facebook.com/groups/467390918602314/?ref=share
"2 Nguyễn Du, Phường 1, Vũng Tàu, Bà Rịa - Vũng Tàu 790000 ",10.343636,107.075186,Grand Hotel Vung Tau,0254 3856 888 ,938129.0,"₫938,129",4.0,Hotel,https://www.google.com/maps/place/Grand+Hotel+Vung+Tau/data=!4m10!3m9!1s0x31756f8d48d74f0f:0x4428a7189640da4e!5m2!4m1!1i2!8m2!3d10.343636!4d107.075186!16s%2Fg%2F1tfs8bgd!19sChIJD0_XSI1vdTERTtpAlhinKEQ?authuser=0&hl=en&rclk=1,https://grand.brghospitality.vn/
"53 La Văn Cầu, Phường Thắng Tam, Vũng Tàu, Bà Rịa - Vũng Tàu 790000 ",10.3387609,107.0889874,Khách Sạn Hà Đan,0375 303 824 ,169694.0,"₫169,694",4.6,Hotel,https://www.google.com/maps/place/Kh%C3%A1ch+S%E1%BA%A1n+H%C3%A0+%C4%90an/data=!4m10!3m9!1s0x31756fe1c58d5bc9:0x4a9e66abcb5bbaa0!5m2!4m1!1i2!8m2!3d10.3387609!4d107.0889874!16s%2Fg%2F11ltt6qt5s!19sChIJyVuNxeFvdTERoLpby6tmnko?authuser=0&hl=en&rclk=1,
"47 Phan Văn Trị, Phường Thắng Tam, Vũng Tàu, Bà Rịa - Vũng Tàu ",10.3381972,107.0888932,VeeVoo Hotel Vung Tau,0947 586 000 ,284509.0,"₫284,509",4.3,Hotel,https://www.google.com/maps/place/VeeVoo+Hotel+Vung+Tau/data=!4m10!3m9!1s0x31756ff75bde7d43:0x55661aafd1918b0e!5m2!4m1!1i2!8m2!3d10.3381972!4d107.0888932!16s%2Fg%2F11dxm8clgc!19sChIJQ33eW_dvdTERDouR0a8aZlU?authuser=0&hl=en&rclk=1,
"01 Nguyễn Trãi, Phường 1, Vũng Tàu, Bà Rịa - Vũng Tàu 790000 ",10.3428323,107.0758183,Palace Hotel Vung Tau,,874259.0,"₫874,259",4.1,Hotel,https://www.google.com/maps/place/Palace+Hotel+Vung+Tau/data=!4m10!3m9!1s0x31756f70c35bff85:0x1c99b14b4f274296!5m2!4m1!1i2!8m2!3d10.3428323!4d107.0758183!16s%2Fg%2F11h71hjcnc!19sChIJhf9bw3BvdTERlkInT0uxmRw?authuser=0&hl=en&rclk=1,http://www.palacehotel.com.vn/
"7 Lê Ngọc Hân, Phường 1, Vũng Tàu, Bà Rịa - Vũng Tàu 790000 ",10.3516556,107.0720453,Khách Sạn Lam Sơn - Khách Sạn Gía Rẻ Vũng Tàu,0906 376 338 ,247360.0,"₫247,360",3.5,Hotel,https://www.google.com/maps/place/Kh%C3%A1ch+S%E1%BA%A1n+Lam+S%C6%A1n+-+Kh%C3%A1ch+S%E1%BA%A1n+G%C3%ADa+R%E1%BA%BB+V%C5%A9ng+T%C3%A0u/data=!4m10!3m9!1s0x31756fe3b25f1049:0x9718cd3a3feb8c2a!5m2!4m1!1i2!8m2!3d10.3516556!4d107.0720453!16s%2Fg%2F1tdpjl66!19sChIJSRBfsuNvdTERKozrPzrNGJc?authuser=0&hl=en&rclk=1,
"37 Đ. Mê Linh, Tân Tiến, Nha Trang, Khánh Hòa 650000 ",12.239844,109.187886,Sen Vàng Luxury Hotel,0258 3510 179 ,178068.0,"₫178,068",4.1,Hotel,https://www.google.com/maps/place/Sen+V%C3%A0ng+Luxury+Hotel/data=!4m10!3m9!1s0x31705d876045d2b7:0x2c0c635249da1130!5m2!4m1!1i2!8m2!3d12.239844!4d109.187886!16s%2Fg%2F11gg5htxs0!19sChIJt9JFYIddcDERMBHaSVJjDCw?authuser=0&hl=en&rclk=1,
"G6XH+9XH, Ninh Hải, Ninh Hòa, Khánh Hòa ",12.548484,109.229024,Pax Ana Doc Let Resort & Spa,0258 3849 999 ,1765792.0,"₫1,765,792",4.7,Resort,https://www.google.com/maps/place/Pax+Ana+Doc+Let+Resort+%26+Spa/data=!4m10!3m9!1s0x317015d671bace95:0x9429db9334f5819e!5m2!4m1!1i2!8m2!3d12.548484!4d109.229024!16s%2Fg%2F11ghrbccfh!19sChIJlc66cdYVcDERnoH1NJPbKZQ?authuser=0&hl=en&rclk=1,http://paxanadoclet.com/
"32-34 Trần Phú, Lộc Thọ, Nha Trang, Khánh Hòa 300202 ",12.2449937,109.1960906,InterContinental Nha Trang by IHG,0258 3887 777 ,4895460.0,"₫4,895,460",4.6,Hotel,https://www.google.com/maps/place/InterContinental+Nha+Trang+by+IHG/data=!4m10!3m9!1s0x317067789383d1cf:0xd75541ce67bd47ef!5m2!4m1!1i2!8m2!3d12.2449937!4d109.1960906!16s%2Fm%2F0_qhs0j!19sChIJz9GDk3hncDER70e9Z85BVdc?authuser=0&hl=en&rclk=1,https://www.ihg.com/intercontinental/hotels/us/en/nha-trang/nhach/hoteldetail?cm_mmc=GoogleMaps-_-IC-_-VN-_-NHACH
"102b Trần Phú, Lộc Thọ, Nha Trang, Khánh Hòa 650000 ",12.2249298,109.2008651,Best Western Premier Marvella Nha Trang Hotel,0258 7306 666 ,1368000.0,"₫1,368,000",4.5,Hotel,https://www.google.com/maps/place/Best+Western+Premier+Marvella+Nha+Trang+Hotel/data=!4m10!3m9!1s0x317067edeab4e39b:0x92abe0c665c2ba85!5m2!4m1!1i2!8m2!3d12.2249298!4d109.2008651!16s%2Fg%2F11rptk62dw!19sChIJm-O06u1ncDERhbrCZcbgq5I?authuser=0&hl=en&rclk=1,http://www.bwpremiermarvella.com/
"74 Trần Phú, Lộc Thọ, Nha Trang, Khánh Hòa 650000 ",12.2338891,109.1973206,Starcity Hotel and Condotel Beachfront Nha Trang,0258 3590 999 ,673770.0,"₫673,770",4.4,Hotel,https://www.google.com/maps/place/Starcity+Hotel+and+Condotel+Beachfront+Nha+Trang/data=!4m10!3m9!1s0x3170676518bd3275:0xf8250ce648c541a!5m2!4m1!1i2!8m2!3d12.2338891!4d109.1973206!16s%2Fg%2F12hlxtls9!19sChIJdTK9GGVncDERGlSMZM5Qgg8?authuser=0&hl=en&rclk=1,https://starcitynhatrang.com/
"88A Trần Phú, Lộc Thọ, Nha Trang, Khánh Hòa 57100 ",12.2300726,109.1982306,Mercure Nha Trang Beach,0258 3839 777 ,1097912.0,"₫1,097,912",4.8,Hotel,https://www.google.com/maps/place/Mercure+Nha+Trang+Beach/data=!4m10!3m9!1s0x3170678c8f9f9f57:0x281835c15a315159!5m2!4m1!1i2!8m2!3d12.2300726!4d109.1982306!16s%2Fg%2F11rptn9by2!19sChIJV5-fj4xncDERWVExWsE1GCg?authuser=0&hl=en&rclk=1,https://all.accor.com/lien_externe.svlt?goto=fiche_hotel&code_hotel=C3J0&merchantid=seo-maps-Vietnam-C3J0&sourceid=aw-cen&utm_medium=seo%20maps&utm_source=google%20Maps&utm_campaign=seo%20maps
"26/4 Trần Phú, Vĩnh Nguyên, Nha Trang, Khánh Hòa 650000 ",12.2186876,109.204542,Vanda Hotel,0258 3880 797 ,189802.0,"₫189,802",4.2,Hotel,https://www.google.com/maps/place/Vanda+Hotel/data=!4m10!3m9!1s0x31706743ee07eb63:0x917e949e5ac09e2b!5m2!4m1!1i2!8m2!3d12.2186876!4d109.204542!16s%2Fg%2F11j4sw8d_n!19sChIJY-sH7kNncDERK57AWp6UfpE?authuser=0&hl=en&rclk=1,https://www.facebook.com/profile.php?id=61580217917396
"Lô D14D, Bãi Dài, Tp. Cam Ranh, Khánh Hòa 57810 ",12.025807,109.2175228,The Arena Hotel Five Star,0985 055 795 ,889599.0,"₫889,599",4.7,Hotel,https://www.google.com/maps/place/The+Arena+Hotel+Five+Star/data=!4m10!3m9!1s0x31708dacd66947eb:0x9c0c4f59d00386d2!5m2!4m1!1i2!8m2!3d12.025807!4d109.2175228!16s%2Fg%2F11l24fjmkr!19sChIJ60dp1qyNcDER0oYD0FlPDJw?authuser=0&hl=en&rclk=1,https://www.facebook.com/profile.php?id=61550234876119&mibextid=LQQJ4d
"Lot D14B, Nguyễn Tất Thành, st, Cam Lâm, Khánh Hòa 650000 ",12.0308008,109.2137932,Wyndham Garden Cam Ranh,0258 3996 888 ,2081631.0,"₫2,081,631",4.6,Hotel,https://www.google.com/maps/place/Wyndham+Garden+Cam+Ranh/data=!4m10!3m9!1s0x31708b7048102f55:0xa76d79cd15af36a6!5m2!4m1!1i2!8m2!3d12.0308008!4d109.2137932!16s%2Fg%2F11swt8y311!19sChIJVS8QSHCLcDERpjavFc15bac?authuser=0&hl=en&rclk=1,https://www.wyndhamgardencamranh.com/
"42 Trần Phú, Lộc Thọ, Nha Trang, Khánh Hòa 650000 ",12.2417311,109.1962074,Nha Trang Lodge Hotel,0258 3521 900 ,670790.0,"₫670,790",4.1,Hotel,https://www.google.com/maps/place/Nha+Trang+Lodge+Hotel/data=!4m10!3m9!1s0x317067796e11dacf:0x1946b224b9b3948f!5m2!4m1!1i2!8m2!3d12.2417311!4d109.1962074!16s%2Fg%2F1tj30ls_!19sChIJz9oRbnlncDERj5SzuSSyRhk?authuser=0&hl=en&rclk=1,http://www.nhatranglodgehotel.com/
"86A Trần Phú, Lộc Thọ, Nha Trang, Khánh Hòa 650000 ",12.2305866,109.197627,Đoàn an điều dưỡng 26 Nha Trang,0258 3566 566 ,252170.0,"₫252,170",3.9,Hotel,https://www.google.com/maps/place/%C4%90o%C3%A0n+an+%C4%91i%E1%BB%81u+d%C6%B0%E1%BB%A1ng+26+Nha+Trang/data=!4m10!3m9!1s0x3170676518181f8b:0x354790b4a82926da!5m2!4m1!1i2!8m2!3d12.2305866!4d109.197627!16s%2Fg%2F11gbkx32tw!19sChIJix8YGGVncDER2iYpqLSQRzU?authuser=0&hl=en&rclk=1,
"Lot 5,6 Phạm Văn Đồng, Street, Nha Trang, Khánh Hòa 650000 ",12.2839517,109.2035323,King Town Grand Hotel & Wedding Center,0258 3550 551 ,549614.0,"₫549,614",4.1,Hotel,https://www.google.com/maps/place/King+Town+Grand+Hotel+%26+Wedding+Center/data=!4m10!3m9!1s0x31706870f9993095:0xb8612bd18fa36881!5m2!4m1!1i2!8m2!3d12.2839517!4d109.2035323!16s%2Fg%2F11bzv346ch!19sChIJlTCZ-XBocDERgWijj9ErYbg?authuser=0&hl=en&rclk=1,http://kingtownhotel.com.vn/
"22 Hùng Vương, Lộc Thọ, Nha Trang, Khánh Hòa 57000 ",12.2410245,109.1946719,Potique Hotel Nha Trang,0258 3556 999 ,2096416.0,"₫2,096,416",4.8,Hotel,https://www.google.com/maps/place/Potique+Hotel+Nha+Trang/data=!4m10!3m9!1s0x3170670b29ccd549:0x46eaf4e0dac2889b!5m2!4m1!1i2!8m2!3d12.2410245!4d109.1946719!16s%2Fg%2F11fhqr4qy8!19sChIJSdXMKQtncDERm4jC2uD06kY?authuser=0&hl=en&rclk=1,https://potiquehotel.com/
"11d Trần Phú, Vĩnh Nguyên, Nha Trang, Khánh Hòa ",12.2129984,109.2112767,Aqua Seaview,0339 273 339 ,342370.0,"₫342,370",4.7,Hotel,https://www.google.com/maps/place/Aqua+Seaview/data=!4m10!3m9!1s0x31706747efe80ab3:0xba56c68d9cdf7d23!5m2!4m1!1i2!8m2!3d12.2129984!4d109.2112767!16s%2Fg%2F11fkds41vw!19sChIJswro70dncDERI33fnI3GVro?authuser=0&hl=en&rclk=1,https://www.facebook.com/AQUA.Seaview
"21/7 Đặng Tất, Hẻm Đường Hưng Đạo, Vĩnh Hải, Nha Trang, Khánh Hòa 650000 ",12.2762891,109.2007244,Shoho Hotel Nha Trang,0258 3838 679 ,239969.0,"₫239,969",4.4,Hotel,https://www.google.com/maps/place/Shoho+Hotel+Nha+Trang/data=!4m10!3m9!1s0x317067abb04cdb99:0xb8aa302a511df2a2!5m2!4m1!1i2!8m2!3d12.2762891!4d109.2007244!16s%2Fg%2F11n0d74kn0!19sChIJmdtMsKtncDERovIdUSowqrg?authuser=0&hl=en&rclk=1,
"66 Phạm Văn Đồng, Vĩnh Hải, Nha Trang, Khánh Hòa 650000 ",12.2881258,109.2054344,May Ngu Sac Hotel,0258 3550 999 ,206227.0,"₫206,227",4.6,Hotel,https://www.google.com/maps/place/May+Ngu+Sac+Hotel/data=!4m10!3m9!1s0x31706871a4b63599:0x8424581609e546df!5m2!4m1!1i2!8m2!3d12.2881258!4d109.2054344!16s%2Fg%2F11c741sk3d!19sChIJmTW2pHFocDER30blCRZYJIQ?authuser=0&hl=en&rclk=1,
"33A Tô Hiến Thành, Tân Tiến, Nha Trang, Khánh Hòa 650000 ",12.2403574,109.1923338,LeMore Hotel Nha Trang,0258 3909 789 ,630142.0,"₫630,142",4.5,Hotel,https://www.google.com/maps/place/LeMore+Hotel+Nha+Trang/data=!4m10!3m9!1s0x3170673754e59401:0x2aa532c5f101d69d!5m2!4m1!1i2!8m2!3d12.2403574!4d109.1923338!16s%2Fg%2F11gxv154qb!19sChIJAZTlVDdncDERndYB8cUypSo?authuser=0&hl=en&rclk=1,http://www.lemorehotels.com/
"100b/10, Trần Phú, Lộc Thọ, Nha Trang, Khánh Hòa ",12.2258759,109.2001586,Pavillon Boutique Hotel & Apartment Nha Trang,0258 3838 268 ,261980.0,"₫261,980",4.2,Apartment,https://www.google.com/maps/place/Pavillon+Boutique+Hotel+%26+Apartment+Nha+Trang/data=!4m10!3m9!1s0x317067a087cf9677:0xcfe0a234250bad24!5m2!4m1!1i2!8m2!3d12.2258759!4d109.2001586!16s%2Fg%2F11txpvxn0s!19sChIJd5bPh6BncDERJK0LJTSi4M8?authuser=0&hl=en&rclk=1,
"09-10 Phạm Văn Đồng, Vĩnh Hải, Nha Trang, Khánh Hòa 650000 ",12.27597,109.201937,NAVADA BEACH HOTEL,0258 3900 666 ,720564.0,"₫720,564",4.6,Hotel,https://www.google.com/maps/place/NAVADA+BEACH+HOTEL/data=!4m10!3m9!1s0x31706741c0dd0f95:0x97a6e0f66f524ed8!5m2!4m1!1i2!8m2!3d12.27597!4d109.201937!16s%2Fg%2F11fn3qw1w1!19sChIJlQ_dwEFncDER2E5Sb_bgppc?authuser=0&hl=en&rclk=1,http://www.navadahotel.com/
"17/15 Nguyễn Thị Minh Khai, Lộc Thọ, Nha Trang, Khánh Hòa 65000 ",12.2380508,109.1945425,BN BOUTIQUE NHA TRANG BEACH,0258 3552 222 ,279364.0,"₫279,364",4.3,Hotel,https://www.google.com/maps/place/BN+BOUTIQUE+NHA+TRANG+BEACH/data=!4m10!3m9!1s0x3170677b9bcd8c85:0xee85ca8f28b36594!5m2!4m1!1i2!8m2!3d12.2380508!4d109.1945425!16s%2Fg%2F11csqw0bgz!19sChIJhYzNm3tncDERlGWzKI_Khe4?authuser=0&hl=en&rclk=1,https://www.facebook.com/bncenterhotel?mibextid=LQQJ4d
"14b Đ.Mạc Đĩnh Chi, Tân Tiến, Nha Trang, Khánh Hòa 650000 ",12.2440235,109.1882754,GIS Hotel Nha Trang,0377 624 687 ,177953.0,"₫177,953",4.2,Hotel,https://www.google.com/maps/place/GIS+Hotel+Nha+Trang/data=!4m10!3m9!1s0x31706778d7369a1d:0xf2c53b010e9ffc76!5m2!4m1!1i2!8m2!3d12.2440235!4d109.1882754!16s%2Fg%2F11g18zcgg4!19sChIJHZo213hncDERdvyfDgE7xfI?authuser=0&hl=en&rclk=1,https://www.facebook.com/gishotelnhatrang
"02 Trần Quang Khải, Lộc Thọ, Nha Trang, Khánh Hòa 650000 ",12.2336412,109.196933,Rembrandt Hotel Nha Trang,0258 3529 292 ,229821.0,"₫229,821",4.3,Hotel,https://www.google.com/maps/place/Rembrandt+Hotel+Nha+Trang/data=!4m10!3m9!1s0x31706785add24833:0x39788e4c8f51acb3!5m2!4m1!1i2!8m2!3d12.2336412!4d109.196933!16s%2Fg%2F11t434r0p5!19sChIJM0jSrYVncDERs6xRj0yOeDk?authuser=0&hl=en&rclk=1,https://rembrandt-hotel.vn/
"Tòa OC2B, Mường Thanh Viễn Triều, 5 Phạm Văn Đồng, Vĩnh Phước, Nha Trang, Khánh Hòa 57109 ",12.2735167,109.2024621,Anrizon Hotel Nha Trang,0909 193 699 ,260660.0,"₫260,660",4.0,Hotel,https://www.google.com/maps/place/Anrizon+Hotel+Nha+Trang/data=!4m10!3m9!1s0x317067234f03af7b:0x944bc028f911c92a!5m2!4m1!1i2!8m2!3d12.2735167!4d109.2024621!16s%2Fg%2F11gzs7gbcf!19sChIJe68DTyNncDERKskR-SjAS5Q?authuser=0&hl=en&rclk=1,http://anrizon.com/
"24 Tôn Đản, Phường Lộc Thọ, 37 Tôn Đản, Lộc Thọ, Nha Trang, Khánh Hòa 650000 ",12.237398,109.1961821,Venue Hotel,0258 6258 888 ,700000.0,"₫700,000",4.3,Hotel,https://www.google.com/maps/place/Venue+Hotel/data=!4m10!3m9!1s0x3170677b06007567:0x15a6b5517f38f10e!5m2!4m1!1i2!8m2!3d12.237398!4d109.1961821!16s%2Fg%2F11bzs3dh17!19sChIJZ3UABntncDERDvE4f1G1phU?authuser=0&hl=en&rclk=1,http://venuehotelvn.com/vn.html
"Hẻm 96B Trần Phú, Lộc Thọ, Nha Trang, Khánh Hòa 650000 ",12.2274538,109.199019,Arima Hotel Nha Trang by HC Group,0378 174 040 ,190971.0,"₫190,971",4.8,Hotel,https://www.google.com/maps/place/Arima+Hotel+Nha+Trang+by+HC+Group/data=!4m10!3m9!1s0x317067bb77e340a1:0xad6cb5ce77234e09!5m2!4m1!1i2!8m2!3d12.2274538!4d109.199019!16s%2Fg%2F11h3_rhh9q!19sChIJoUDjd7tncDERCU4jd861bK0?authuser=0&hl=en&rclk=1,
"42 Trần Phú, Lộc Thọ, Nha Trang, Khánh Hòa 650000 ",12.2417311,109.1962074,Nha Trang Lodge Hotel,0258 3521 900 ,670790.0,"₫670,790",4.1,Hotel,https://www.google.com/maps/place/Nha+Trang+Lodge+Hotel/data=!4m10!3m9!1s0x317067796e11dacf:0x1946b224b9b3948f!5m2!4m1!1i2!8m2!3d12.2417311!4d109.1962074!16s%2Fg%2F1tj30ls_!19sChIJz9oRbnlncDERj5SzuSSyRhk?authuser=0&hl=en&rclk=1,http://www.nhatranglodgehotel.com/
"23 Dã Tượng, Vĩnh Hoà, Nha Trang, Khánh Hòa ",12.218733,109.203548,Yellow Sea,0914 103 100 ,163350.0,"₫163,350",4.2,Hotel,https://www.google.com/maps/place/Yellow+Sea/data=!4m10!3m9!1s0x31706743991f2e29:0xe6ef6c729f5aee8a!5m2!4m1!1i2!8m2!3d12.218733!4d109.203548!16s%2Fg%2F11c6cfr6nh!19sChIJKS4fmUNncDERiu5an3Js7-Y?authuser=0&hl=en&rclk=1,
"5H Quân Trấn, Lộc Thọ, Nha Trang, Khánh Hòa 650000 ",12.234456,109.1960197,Seana Hotel Nha Trang,,416787.0,"₫416,787",4.7,Hotel,https://www.google.com/maps/place/Seana+Hotel+Nha+Trang/data=!4m10!3m9!1s0x317067dac2360cfd:0x181931c883cc3a33!5m2!4m1!1i2!8m2!3d12.234456!4d109.1960197!16s%2Fg%2F11h5m0d8yl!19sChIJ_Qw2wtpncDERMzrMg8gxGRg?authuser=0&hl=en&rclk=1,http://seanahotel.com/
"45/1 Hùng Vương, Lộc Thọ, Ward, Khánh Hòa 650000 ",12.2368477,109.1955279,Smile Hotel Nha Trang (3-star),0258 3521 155 ,213125.0,"₫213,125",4.2,Hotel,https://www.google.com/maps/place/Smile+Hotel+Nha+Trang+%283-star%29/data=!4m10!3m9!1s0x3170677b3fdd431b:0x7d1121e730f9041b!5m2!4m1!1i2!8m2!3d12.2368477!4d109.1955279!16s%2Fg%2F11f287lpxj!19sChIJG0PdP3tncDERGwT5MOchEX0?authuser=0&hl=en&rclk=1,
"96A5 Trần Phú, Lộc Thọ, Nha Trang, Khánh Hòa 650000 ",12.2285377,109.1992262,Aqua Hotel & Spa,0326 789 766 ,161290.0,"₫161,290",4.2,Hotel,https://www.google.com/maps/place/Aqua+Hotel+%26+Spa/data=!4m10!3m9!1s0x317067527cac64f3:0xca263a3e2e06d597!5m2!4m1!1i2!8m2!3d12.2285377!4d109.1992262!16s%2Fg%2F11x7xglqjm!19sChIJ82SsfFJncDERl9UGLj46Jso?authuser=0&hl=en&rclk=1,
"Lot 5,6 Phạm Văn Đồng, Street, Nha Trang, Khánh Hòa 650000 ",12.2839517,109.2035323,King Town Grand Hotel & Wedding Center,0258 3550 551 ,549614.0,"₫549,614",4.1,Hotel,https://www.google.com/maps/place/King+Town+Grand+Hotel+%26+Wedding+Center/data=!4m10!3m9!1s0x31706870f9993095:0xb8612bd18fa36881!5m2!4m1!1i2!8m2!3d12.2839517!4d109.2035323!16s%2Fg%2F11bzv346ch!19sChIJlTCZ-XBocDERgWijj9ErYbg?authuser=0&hl=en&rclk=1,http://kingtownhotel.com.vn/
"5a Tuệ Tĩnh, Lộc Thọ, Nha Trang, Khánh Hòa 650000 ",12.2293988,109.1962567,The Swan,0971 130 340 ,177811.0,"₫177,811",3.9,Hotel,https://www.google.com/maps/place/The+Swan/data=!4m10!3m9!1s0x3170677093c78995:0xbad9f9233c519ac0!5m2!4m1!1i2!8m2!3d12.2293988!4d109.1962567!16s%2Fg%2F11f7bdxmg8!19sChIJlYnHk3BncDERwJpRPCP52bo?authuser=0&hl=en&rclk=1,https://theswanhotel.com.vn/
"09-10 Phạm Văn Đồng, Vĩnh Hải, Nha Trang, Khánh Hòa 650000 ",12.27597,109.201937,NAVADA BEACH HOTEL,0258 3900 666 ,720564.0,"₫720,564",4.6,Hotel,https://www.google.com/maps/place/NAVADA+BEACH+HOTEL/data=!4m10!3m9!1s0x31706741c0dd0f95:0x97a6e0f66f524ed8!5m2!4m1!1i2!8m2!3d12.27597!4d109.201937!16s%2Fg%2F11fn3qw1w1!19sChIJlQ_dwEFncDER2E5Sb_bgppc?authuser=0&hl=en&rclk=1,http://www.navadahotel.com/
"5 Phạm Văn Đồng, Vĩnh Hải, Nha Trang, Khánh Hòa 650000 ",12.284456,109.2037958,Lenid Ocean View Hotel,0258 3551 888 ,244018.0,"₫244,018",3.8,Hotel,https://www.google.com/maps/place/Lenid+Ocean+View+Hotel/data=!4m10!3m9!1s0x317067e3b63b429f:0x6f7ab58b04254ca7!5m2!4m1!1i2!8m2!3d12.284456!4d109.2037958!16s%2Fg%2F11f06mgqgc!19sChIJn0I7tuNncDERp0wlBIu1em8?authuser=0&hl=en&rclk=1,https://www.booking.com/Share-L1j22Ai
"100/C1, Trần Phú, Lộc Thọ, Nha Trang, Khánh Hòa 650000 ",12.2254219,109.2001926,Siren Hotel,0258 3526 077 ,201823.0,"₫201,823",3.8,Hotel,https://www.google.com/maps/place/Siren+Hotel/data=!4m10!3m9!1s0x317067687694ead9:0x18ece1709db5eae4!5m2!4m1!1i2!8m2!3d12.2254219!4d109.2001926!16s%2Fg%2F11cmg9xhjb!19sChIJ2eqUdmhncDER5Oq1nXDh7Bg?authuser=0&hl=en&rclk=1,http://sirenhotelnhatrang.com/
"2/3, Hùng Vương, Lộc Thọ, Nha Trang, Khánh Hòa 650000 ",12.241856,109.194388,New Sun Hotel,0258 3524 288 ,258254.0,"₫258,254",4.0,Hotel,https://www.google.com/maps/place/New+Sun+Hotel/data=!4m10!3m9!1s0x3170677948e1c519:0xa482384b67819145!5m2!4m1!1i2!8m2!3d12.241856!4d109.194388!16s%2Fg%2F11cn9gmvdl!19sChIJGcXhSHlncDERRZGBZ0s4gqQ?authuser=0&hl=en&rclk=1,
"8 Hùng Vương, Lộc Thọ, Nha Trang, Khánh Hòa 650000 ",12.2418539,109.194631,V Hotel Nha Trang,0918 882 018 ,419069.0,"₫419,069",4.1,Hotel,https://www.google.com/maps/place/V+Hotel+Nha+Trang/data=!4m10!3m9!1s0x3170677946054fe3:0x6cf05a32fc842808!5m2!4m1!1i2!8m2!3d12.2418539!4d109.194631!16s%2Fg%2F11f120stft!19sChIJ408FRnlncDERCCiE_DJa8Gw?authuser=0&hl=en&rclk=1,http://vhotelnhatrang.com/
"16 Dã Tượng, Vĩnh Hoà, Nha Trang, Khánh Hòa ",12.2191702,109.2039676,Melyna Hotel Nha Trang Beach,0258 3889 898 ,175390.0,"₫175,390",4.4,Hotel,https://www.google.com/maps/place/Melyna+Hotel+Nha+Trang+Beach/data=!4m10!3m9!1s0x3170674393ab5f83:0x5f1773482912d8d6!5m2!4m1!1i2!8m2!3d12.2191702!4d109.2039676!16s%2Fg%2F11f3_2g4jr!19sChIJg1-rk0NncDER1tgSKUhzF18?authuser=0&hl=en&rclk=1,https://www.vietnam-hotels.net/vi/hotel/melyna-hotel-nha-trang-beach.html
"98d Trần Phú, Lộc Thọ, Nha Trang, Khánh Hòa 650000 ",12.2271577,109.1996977,Majestic Premium Hotel,0258 3878 899 ,508083.0,"₫508,083",4.3,Hotel,https://www.google.com/maps/place/Majestic+Premium+Hotel/data=!4m10!3m9!1s0x31706782769ddcf5:0xf636d922cfcdbe92!5m2!4m1!1i2!8m2!3d12.2271577!4d109.1996977!16s%2Fg%2F11f5gwjfhs!19sChIJ9dyddoJncDERkr7NzyLZNvY?authuser=0&hl=en&rclk=1,http://www.majesticnhatranghotel.com/
"51/19/37, Tuệ Tĩnh, Lộc Thọ, Nha Trang, Khánh Hòa 650000 ",12.2302702,109.1969405,Angel Hotel,0921 328 858 ,201652.0,"₫201,652",4.9,Hotel,https://www.google.com/maps/place/Angel+Hotel/data=!4m10!3m9!1s0x31706730329416b7:0x8271eb06f734d867!5m2!4m1!1i2!8m2!3d12.2302702!4d109.1969405!16s%2Fg%2F11wqh3j2dy!19sChIJtxaUMjBncDERZ9g09wbrcYI?authuser=0&hl=en&rclk=1,https://www.facebook.com/p/Angel-hotel-Nha-Trang-61570935219841/
"37 Đ. Mê Linh, Tân Tiến, Nha Trang, Khánh Hòa 650000 ",12.2398443,109.1878863,Sen Vàng Luxury Hotel,0258 3510 179 ,178068.0,"₫178,068",4.1,Hotel,https://www.google.com/maps/place/Sen+V%C3%A0ng+Luxury+Hotel/data=!4m10!3m9!1s0x31705d8760328443:0x2c0c635249da1130!5m2!4m1!1i2!8m2!3d12.2398443!4d109.1878863!16s%2Fg%2F11gg5htxs0!19sChIJQ4QyYIddcDERMBHaSVJjDCw?authuser=0&hl=en&rclk=1,
"1i Quân Trấn, Street, Nha Trang, Khánh Hòa 650000 ",12.2343655,109.1962474,Nagar Hotel Nha Trang,0258 3877 888 ,606471.0,"₫606,471",4.5,Hotel,https://www.google.com/maps/place/Nagar+Hotel+Nha+Trang/data=!4m10!3m9!1s0x31706764d0f2fa43:0xc346dacb964436da!5m2!4m1!1i2!8m2!3d12.2343655!4d109.1962474!16s%2Fg%2F11gh479nnd!19sChIJQ_ry0GRncDER2jZElsvaRsM?authuser=0&hl=en&rclk=1,https://www.facebook.com/nagarhotelnhatrang/
"5 Phạm Văn Đồng, Vĩnh Hải, Nha Trang, Khánh Hòa 650000 ",12.284456,109.2037958,Lenid Ocean View Hotel,0258 3551 888 ,244018.0,"₫244,018",3.8,Hotel,https://www.google.com/maps/place/Lenid+Ocean+View+Hotel/data=!4m10!3m9!1s0x317067e3b63b429f:0x6f7ab58b04254ca7!5m2!4m1!1i2!8m2!3d12.284456!4d109.2037958!16s%2Fg%2F11f06mgqgc!19sChIJn0I7tuNncDERp0wlBIu1em8?authuser=0&hl=en&rclk=1,https://www.booking.com/Share-L1j22Ai
"9 Biệt Thự, Lộc Thọ, Nha Trang, Khánh Hòa 650000 ",12.2355533,109.1956995,Liberty Central Nha Trang Hotel,0258 3529 555 ,625713.0,"₫625,713",4.4,Hotel,https://www.google.com/maps/place/Liberty+Central+Nha+Trang+Hotel/data=!4m10!3m9!1s0x3170677b4bda091b:0xdd08e93dd8cf8989!5m2!4m1!1i2!8m2!3d12.2355533!4d109.1956995!16s%2Fg%2F11b7wc9n30!19sChIJGwnaS3tncDERiYnP2D3pCN0?authuser=0&hl=en&rclk=1,https://www.libertycentralnhatrang.com/
"100/C1, Trần Phú, Lộc Thọ, Nha Trang, Khánh Hòa 650000 ",12.2254219,109.2001926,Siren Hotel,0258 3526 077 ,201823.0,"₫201,823",3.8,Hotel,https://www.google.com/maps/place/Siren+Hotel/data=!4m10!3m9!1s0x317067687694ead9:0x18ece1709db5eae4!5m2!4m1!1i2!8m2!3d12.2254219!4d109.2001926!16s%2Fg%2F11cmg9xhjb!19sChIJ2eqUdmhncDER5Oq1nXDh7Bg?authuser=0&hl=en&rclk=1,http://sirenhotelnhatrang.com/
"2/3, Hùng Vương, Lộc Thọ, Nha Trang, Khánh Hòa 650000 ",12.241856,109.194388,New Sun Hotel,0258 3524 288 ,258254.0,"₫258,254",4.0,Hotel,https://www.google.com/maps/place/New+Sun+Hotel/data=!4m10!3m9!1s0x3170677948e1c519:0xa482384b67819145!5m2!4m1!1i2!8m2!3d12.241856!4d109.194388!16s%2Fg%2F11cn9gmvdl!19sChIJGcXhSHlncDERRZGBZ0s4gqQ?authuser=0&hl=en&rclk=1,
"8 Hùng Vương, Lộc Thọ, Nha Trang, Khánh Hòa 650000 ",12.2418539,109.194631,V Hotel Nha Trang,0918 882 018 ,419069.0,"₫419,069",4.1,Hotel,https://www.google.com/maps/place/V+Hotel+Nha+Trang/data=!4m10!3m9!1s0x3170677946054fe3:0x6cf05a32fc842808!5m2!4m1!1i2!8m2!3d12.2418539!4d109.194631!16s%2Fg%2F11f120stft!19sChIJ408FRnlncDERCCiE_DJa8Gw?authuser=0&hl=en&rclk=1,http://vhotelnhatrang.com/
"16 Dã Tượng, Vĩnh Hoà, Nha Trang, Khánh Hòa ",12.2191702,109.2039676,Melyna Hotel Nha Trang Beach,0258 3889 898 ,175390.0,"₫175,390",4.4,Hotel,https://www.google.com/maps/place/Melyna+Hotel+Nha+Trang+Beach/data=!4m10!3m9!1s0x3170674393ab5f83:0x5f1773482912d8d6!5m2!4m1!1i2!8m2!3d12.2191702!4d109.2039676!16s%2Fg%2F11f3_2g4jr!19sChIJg1-rk0NncDER1tgSKUhzF18?authuser=0&hl=en&rclk=1,https://www.vietnam-hotels.net/vi/hotel/melyna-hotel-nha-trang-beach.html
"98d Trần Phú, Lộc Thọ, Nha Trang, Khánh Hòa 650000 ",12.2271577,109.1996977,Majestic Premium Hotel,0258 3878 899 ,508083.0,"₫508,083",4.3,Hotel,https://www.google.com/maps/place/Majestic+Premium+Hotel/data=!4m10!3m9!1s0x31706782769ddcf5:0xf636d922cfcdbe92!5m2!4m1!1i2!8m2!3d12.2271577!4d109.1996977!16s%2Fg%2F11f5gwjfhs!19sChIJ9dyddoJncDERkr7NzyLZNvY?authuser=0&hl=en&rclk=1,http://www.majesticnhatranghotel.com/
"51/19/37, Tuệ Tĩnh, Lộc Thọ, Nha Trang, Khánh Hòa 650000 ",12.2302702,109.1969405,Angel Hotel,0921 328 858 ,201652.0,"₫201,652",4.9,Hotel,https://www.google.com/maps/place/Angel+Hotel/data=!4m10!3m9!1s0x31706730329416b7:0x8271eb06f734d867!5m2!4m1!1i2!8m2!3d12.2302702!4d109.1969405!16s%2Fg%2F11wqh3j2dy!19sChIJtxaUMjBncDERZ9g09wbrcYI?authuser=0&hl=en&rclk=1,https://www.facebook.com/p/Angel-hotel-Nha-Trang-61570935219841/
"37 Đ. Mê Linh, Tân Tiến, Nha Trang, Khánh Hòa 650000 ",12.2398443,109.1878863,Sen Vàng Luxury Hotel,0258 3510 179 ,178068.0,"₫178,068",4.1,Hotel,https://www.google.com/maps/place/Sen+V%C3%A0ng+Luxury+Hotel/data=!4m10!3m9!1s0x31705d8760328443:0x2c0c635249da1130!5m2!4m1!1i2!8m2!3d12.2398443!4d109.1878863!16s%2Fg%2F11gg5htxs0!19sChIJQ4QyYIddcDERMBHaSVJjDCw?authuser=0&hl=en&rclk=1,
"Golden Bay 1 residential, D5, street, Cam Lâm, Khánh Hòa ",12.1107173,109.1876162,West Lake Hotel,0901 381 122 ,400892.0,"₫400,892",4.9,Hotel,https://www.google.com/maps/place/West+Lake+Hotel/data=!4m10!3m9!1s0x3170f5e75a076ae9:0xc2a40f67719fc7c1!5m2!4m1!1i2!8m2!3d12.1107173!4d109.1876162!16s%2Fg%2F11j3rfq3g9!19sChIJ6WoHWuf1cDERwcefcWcPpMI?authuser=0&hl=en&rclk=1,
"1i Quân Trấn, Street, Nha Trang, Khánh Hòa 650000 ",12.2343655,109.1962474,Nagar Hotel Nha Trang,0258 3877 888 ,606471.0,"₫606,471",4.5,Hotel,https://www.google.com/maps/place/Nagar+Hotel+Nha+Trang/data=!4m10!3m9!1s0x31706764d0f2fa43:0xc346dacb964436da!5m2!4m1!1i2!8m2!3d12.2343655!4d109.1962474!16s%2Fg%2F11gh479nnd!19sChIJQ_ry0GRncDER2jZElsvaRsM?authuser=0&hl=en&rclk=1,https://www.facebook.com/nagarhotelnhatrang/
"263 Nguyễn Thiện Thuật, Lộc Thọ, Nha Trang, Khánh Hòa 57000 ",12.2337563,109.1948467,Golden Beach,0914 103 100 ,184800.0,"₫184,800",3.9,Hotel,https://www.google.com/maps/place/Golden+Beach/data=!4m10!3m9!1s0x3170676497516b45:0x19c3d1e4b759a7de!5m2!4m1!1i2!8m2!3d12.2337563!4d109.1948467!16s%2Fg%2F1pycr7t_b!19sChIJRWtRl2RncDER3qdZt-TRwxk?authuser=0&hl=en&rclk=1,
"118A Đ. Trịnh Phong, Tân Tiến, Nha Trang, Khánh Hòa 650000 ",12.2383363,109.1911871,Seven Seas Hotel Nha Trang,0394 666 687 ,241396.0,"₫241,396",4.1,Hotel,https://www.google.com/maps/place/Seven+Seas+Hotel+Nha+Trang/data=!4m10!3m9!1s0x3170677cf8f8e771:0x86cfe74551d8e95e!5m2!4m1!1i2!8m2!3d12.2383363!4d109.1911871!16s%2Fg%2F11dyzbf5k0!19sChIJcef4-HxncDERXunYUUXnz4Y?authuser=0&hl=en&rclk=1,
"3A Quân Trấn, Lộc Thọ, Nha Trang, Khánh Hòa 650000 ",12.2348242,109.1963373,DTX Hotel Nha Trang,0394 156 768 ,444573.0,"₫444,573",4.6,Hotel,https://www.google.com/maps/place/DTX+Hotel+Nha+Trang/data=!4m10!3m9!1s0x31706780f733c299:0xb7e64008c09d90d4!5m2!4m1!1i2!8m2!3d12.2348242!4d109.1963373!16s%2Fg%2F11h1kwmk5l!19sChIJmcIz94BncDER1JCdwAhA5rc?authuser=0&hl=en&rclk=1,https://dtxhotel.com/
"06 Trần Quang Khải, Lộc Thọ, Nha Trang, Khánh Hòa 650000 ",12.2336583,109.1965429,Aaron Hotel,0258 3881 555 ,390096.0,"₫390,096",4.2,Hotel,https://www.google.com/maps/place/Aaron+Hotel/data=!4m10!3m9!1s0x31706764e1a1c477:0x70f4bfe86099684d!5m2!4m1!1i2!8m2!3d12.2336583!4d109.1965429!16s%2Fg%2F11g6p2lyyc!19sChIJd8Sh4WRncDERTWiZYOi_9HA?authuser=0&hl=en&rclk=1,https://book-directonline.com/properties/aaronhoteldirect
"98B/7, Trần Phú, Lộc Thọ, Nha Trang, Khánh Hòa 650000 ",12.2271155,109.1995318,Meriton Hotel Nha Trang,0258 3884 888 ,313409.0,"₫313,409",3.6,Hotel,https://www.google.com/maps/place/Meriton+Hotel+Nha+Trang/data=!4m10!3m9!1s0x3170676215b9249d:0x374e3105b155762f!5m2!4m1!1i2!8m2!3d12.2271155!4d109.1995318!16s%2Fg%2F11jln0143d!19sChIJnSS5FWJncDERL3ZVsQUxTjc?authuser=0&hl=en&rclk=1,
"An Viên, Nha Trang, Khánh Hòa ",12.196085,109.2082348,Orbit Resort & Spa Nha Trang,0258 6261 666 ,563488.0,"₫563,488",4.4,Resort,https://www.google.com/maps/place/Orbit+Resort+%26+Spa+Nha+Trang/data=!4m10!3m9!1s0x317060b6828eb3ef:0xdd4c0e6ba6cb53ac!5m2!4m1!1i2!8m2!3d12.196085!4d109.2082348!16s%2Fg%2F11c1xm8vkm!19sChIJ77OOgrZgcDERrFPLpmsOTN0?authuser=0&hl=en&rclk=1,https://www.booking.com/hotel/vn/orbit-resort-amp-spa-nha-trang.html?aid=7955654&selected_currency=USD
"64/1 Trần Phú, Lộc Thọ, Nha Trang, Khánh Hòa 650000 ",12.23542,109.1967315,Pho Bien Hotel,0258 3526 888 ,238882.0,"₫238,882",4.0,Hotel,https://www.google.com/maps/place/Pho+Bien+Hotel/data=!4m10!3m9!1s0x3170677b2ae1c4ef:0x4999ea7dab42d320!5m2!4m1!1i2!8m2!3d12.23542!4d109.1967315!16s%2Fg%2F11xvx107j!19sChIJ78ThKntncDERINNCq33qmUk?authuser=0&hl=en&rclk=1,https://www.google.com/search?q=Kh%C3%A1ch+s%E1%BA%A1n+Ph%E1%BB%91+Bi%E1%BB%83n&stick=H4sIAAAAAAAA_-NgU1I1qDA2NDcwMzdPMkpMNUw2SU2zMqgwsbS0TE00T0lMMjFKMTYyWMQq6Z1xeGFyhkLxw10L8xQCMh7unqjglPlwd3MeAMOGDw9FAAAA&hl=vi&mat=CZ_EEKu3wqnZElcB7PxHsfctknOkDjFIi37BB9tr6gDCT-Y6jSeQ0Szb3JlnpISNbVKloy6qpEIJMifNIMm12S3Jy5Y-foHQ7Cs-Ed-EIpOy0p3tO656ims2j9JR7bRZBoo&authuser=0
"035 Mường Hoa, TT. Sa Pa, Sa Pa, Lào Cai 330000 ",22.331912,103.844228,Sapa Hills Hotel,0214 6523 449 ,474858.0,"₫474,858",4.3,Hotel,https://www.google.com/maps/place/Sapa+Hills+Hotel/data=!4m10!3m9!1s0x36cd416acfb012dd:0xd497357ddc8a1948!5m2!4m1!1i2!8m2!3d22.331912!4d103.844228!16s%2Fg%2F11c5fyk4hd!19sChIJ3RKwz2pBzTYRSBmK3H01l9Q?authuser=0&hl=en&rclk=1,
"180 Đường Điện Biên Phủ, TT. Sa Pa, Sa Pa, Lào Cai ",22.34331,103.857056,Cloud House Sapa,0945 666 284 ,384835.0,"₫384,835",4.8,Hotel,https://www.google.com/maps/place/Cloud+House+Sapa/data=!4m10!3m9!1s0x36cd4105780b8437:0x182dbe629d8d475a!5m2!4m1!1i2!8m2!3d22.34331!4d103.857056!16s%2Fg%2F11gycwjz_y!19sChIJN4QLeAVBzTYRWkeNnWK-LRg?authuser=0&hl=en&rclk=1,https://www.facebook.com/cloudhouse.sapa
"1, Hoang Lien Street Sapa District, Lao Cai Province Sapa, 033000 ",22.3344234,103.8401962,Hotel de la Coupole Sapa - MGallery Collection,0214 3629 999 ,3359542.0,"₫3,359,542",4.9,Hotel,https://www.google.com/maps/place/Hotel+de+la+Coupole+Sapa+-+MGallery+Collection/data=!4m10!3m9!1s0x36cd416bec8ea63d:0xae73251beae47d31!5m2!4m1!1i2!8m2!3d22.3344234!4d103.8401962!16s%2Fg%2F11fct4kzn9!19sChIJPaaO7GtBzTYRMX3k6hslc64?authuser=0&hl=en&rclk=1,https://www.hoteldelacoupole.com/
"10 – 12, Cau May Str, 12a Ng. Cầu Mây, TT. Sa Pa, Sa Pa, Lào Cai 330000 ",22.3345203,103.8414795,Sapa Centre Hotel,0862 556 299 ,574963.0,"₫574,963",4.7,Hotel,https://www.google.com/maps/place/Sapa+Centre+Hotel/data=!4m10!3m9!1s0x36cd416d099040a1:0xc791d4bed915a271!5m2!4m1!1i2!8m2!3d22.3345203!4d103.8414795!16s%2Fg%2F11btm7pkbg!19sChIJoUCQCW1BzTYRcaIV2b7Ukcc?authuser=0&hl=en&rclk=1,http://www.sapacentrehotel.com/
"Doi Quan 6, Group 5, Sa Pa, Lào Cai 330000 ",22.3380222,103.8380146,Silk Path Grand Sapa Resort & Spa,0214 3788 555 ,1721172.0,"₫1,721,172",4.7,Resort,https://www.google.com/maps/place/Silk+Path+Grand+Sapa+Resort+%26+Spa/data=!4m10!3m9!1s0x36cd416ec1bfa135:0x3bbc575eded08ae9!5m2!4m1!1i2!8m2!3d22.3380222!4d103.8380146!16s%2Fg%2F11dz5qjs2h!19sChIJNaG_wW5BzTYR6YrQ3l5XvDs?authuser=0&hl=en&rclk=1,https://silkpathhotel.com/
"038A Mường Hoa, road, Sa Pa, Lào Cai 31706 ",22.3287045,103.845741,Mường Hoa View Hotel,0396 119 888 ,414943.0,"₫414,943",4.5,Hotel,https://www.google.com/maps/place/M%C6%B0%E1%BB%9Dng+Hoa+View+Hotel/data=!4m10!3m9!1s0x36cd41141ce818fb:0x639676c9bc877f8!5m2!4m1!1i2!8m2!3d22.3287045!4d103.845741!16s%2Fg%2F11h8fm7wx3!19sChIJ-xjoHBRBzTYR-HfIm2xnOQY?authuser=0&hl=en&rclk=1,https://www.booking.com/hotel/vn/muong-hoa-view.vi.html
"08 phố Cầu Mây, TT. Sa Pa, Sa Pa, Lào Cai 33000 ",22.33481,103.841174,"Hotel Sapa Square , Affiliated by Meliá",0214 3871 996 ,1571171.0,"₫1,571,171",4.6,Hotel,"https://www.google.com/maps/place/Hotel+Sapa+Square+,+Affiliated+by+Meli%C3%A1/data=!4m10!3m9!1s0x36cd416b90d8c3a3:0x61d5ce5b756e27c8!5m2!4m1!1i2!8m2!3d22.33481!4d103.841174!16s%2Fg%2F11b5pkqcdl!19sChIJo8PYkGtBzTYRyCdudVvO1WE?authuser=0&hl=en&rclk=1",https://www.melia.com/en/hotels/vietnam/sapa/hotel-sapa-square-affiliated-by-melia?utm_campaign=google&utm_content=5742&utm_medium=organic&utm_source=directories
"8RMR+3XH, 23 Đ. Đông Lợi, TT. Sa Pa, Sa Pa, Lào Cai 330000 ",22.3327072,103.842464,Amazing Hotel Sapa,0214 3865 888 ,1217398.0,"₫1,217,398",4.4,Hotel,https://www.google.com/maps/place/Amazing+Hotel+Sapa/data=!4m10!3m9!1s0x36cd416a543af779:0x133bb9b78442b958!5m2!4m1!1i2!8m2!3d22.3327072!4d103.842464!16s%2Fg%2F11b7vycl9h!19sChIJefc6VGpBzTYRWLlChLe5OxM?authuser=0&hl=en&rclk=1,http://amazinghotel.com.vn/
"07 Thác Bạc, Street, Sa Pa, Lào Cai 31706 ",22.3353865,103.8384822,Sapa Highland Resort & Spa Cao Nguyên,0214 3771 123 ,1230500.0,"₫1,230,500",4.3,Resort,https://www.google.com/maps/place/Sapa+Highland+Resort+%26+Spa+Cao+Nguy%C3%AAn/data=!4m10!3m9!1s0x36cd416956d42f2f:0xd04f08ba53387a57!5m2!4m1!1i2!8m2!3d22.3353865!4d103.8384822!16s%2Fg%2F11c1pk37z0!19sChIJLy_UVmlBzTYRV3o4U7oIT9A?authuser=0&hl=en&rclk=1,https://www.sapahighland.com/
"069B Mường Hoa, TT. Sa Pa, Sa Pa, Lào Cai ",22.3284942,103.8461303,My Gallery Boutique Hotel & Spa,0986 504 925 ,859711.0,"₫859,711",4.8,Hotel,https://www.google.com/maps/place/My+Gallery+Boutique+Hotel+%26+Spa/data=!4m10!3m9!1s0x36cd417b8cc1bfb5:0xa9bd085473bf93bc!5m2!4m1!1i2!8m2!3d22.3284942!4d103.8461303!16s%2Fg%2F11sx4m6l99!19sChIJtb_BjHtBzTYRvJO_c1QIvak?authuser=0&hl=en&rclk=1,https://myboutiquehotelvietnam.com/
"12 Ngũ Chỉ Sơn, TT. Sa Pa, Sa Pa, Lào Cai ",22.3370277,103.8461829,Sapa Lake View Hotel,,525924.0,"₫525,924",3.9,Hotel,https://www.google.com/maps/place/Sapa+Lake+View+Hotel/data=!4m10!3m9!1s0x36cd41133e4cf15b:0x4a15672c37a4b91b!5m2!4m1!1i2!8m2!3d22.3370277!4d103.8461829!16s%2Fg%2F1pp2x9vw9!19sChIJW_FMPhNBzTYRG7mkNyxnFUo?authuser=0&hl=en&rclk=1,
"044 Ngũ Chỉ Sơn, Phường, Sa Pa, Lào Cai ",22.3377647,103.847986,Khách Sạn Mường Thanh Sapa,0214 3887 755 ,695704.0,"₫695,704",4.6,Hotel,https://www.google.com/maps/place/Kh%C3%A1ch+S%E1%BA%A1n+M%C6%B0%E1%BB%9Dng+Thanh+Sapa/data=!4m10!3m9!1s0x36cd41ae4343d433:0xbb326f642a566245!5m2!4m1!1i2!8m2!3d22.3377647!4d103.847986!16s%2Fg%2F11b69tq1f4!19sChIJM9RDQ65BzTYRRWJWKmRvMrs?authuser=0&hl=en&rclk=1,
"24 Ng. Cầu Mây, TT. Sa Pa, Sa Pa, Lào Cai 333101 ",22.331991,103.8433445,Mega View Homestay,0924 551 552 ,286389.0,"₫286,389",4.9,Homestay,https://www.google.com/maps/place/Mega+View+Homestay/data=!4m10!3m9!1s0x36cd41681646c3a5:0xcaf32a18be64d028!5m2!4m1!1i2!8m2!3d22.331991!4d103.8433445!16s%2Fg%2F11jx58nxdh!19sChIJpcNGFmhBzTYRKNBkvhgq88o?authuser=0&hl=en&rclk=1,https://www.megaviewhomestay.com/
"07 Phan xi păng, TT. Sa Pa, Sa Pa, Lào Cai 330000 ",22.3346687,103.8409201,Eden Central Hotel & Spa,0982 066 766 ,880225.0,"₫880,225",4.8,Hotel,https://www.google.com/maps/place/Eden+Central+Hotel+%26+Spa/data=!4m10!3m9!1s0x36cd418513b2f699:0xb15f4a41c57252b3!5m2!4m1!1i2!8m2!3d22.3346687!4d103.8409201!16s%2Fg%2F11jyjppvrq!19sChIJmfayE4VBzTYRs1JyxUFKX7E?authuser=0&hl=en&rclk=1,
"16 Đường Mường Hoa, TT. Sa Pa, Sa Pa, Lào Cai 31706 ",22.332362,103.8435226,DeLaSol Sapa Hotel - Central Boutique Hotel,0819 339 229 ,941322.0,"₫941,322",4.5,Hotel,https://www.google.com/maps/place/DeLaSol+Sapa+Hotel+-+Central+Boutique+Hotel/data=!4m10!3m9!1s0x36cd412db7a972dd:0x3c78e67b20dfeb8c!5m2!4m1!1i2!8m2!3d22.332362!4d103.8435226!16s%2Fg%2F11rqcfyfqv!19sChIJ3XKpty1BzTYRjOvfIHvmeDw?authuser=0&hl=en&rclk=1,https://delasolphatlinhsapa.com/
"05 Hoàng Diệu, TT. Sa Pa, Sa Pa, Lào Cai 330000 ",22.3367379,103.8414568,Khu nghỉ dưỡng sạn Sapa Pine Hill Eco Lodge,0856 115 599 ,884936.0,"₫884,936",4.9,Hotel,https://www.google.com/maps/place/Khu+ngh%E1%BB%89+d%C6%B0%E1%BB%A1ng+s%E1%BA%A1n+Sapa+Pine+Hill+Eco+Lodge/data=!4m10!3m9!1s0x36cd41c153c16f6b:0x715db1b72ea6d956!5m2!4m1!1i2!8m2!3d22.3367379!4d103.8414568!16s%2Fg%2F11t9qzxwqk!19sChIJa2_BU8FBzTYRVtmmLrexXXE?authuser=0&hl=en&rclk=1,https://www.facebook.com/Sapapinehill
"Thác Bạc, TT. Sa Pa, Sa Pa, Lào Cai 31706 ",22.3357712,103.8351452,Saigonese Villa,0985 846 698 ,1600000.0,"₫1,600,000",4.8,Villa,https://www.google.com/maps/place/Saigonese+Villa/data=!4m10!3m9!1s0x36cd418338109a11:0x8a928a40eba77cac!5m2!4m1!1i2!8m2!3d22.3357712!4d103.8351452!16s%2Fg%2F11qs2f7ljk!19sChIJEZoQOINBzTYRrHyn60CKkoo?authuser=0&hl=en&rclk=1,
"No 70 Fansipan, TT. Sa Pa, Sa Pa, Lào Cai 330000 ",22.3327497,103.8375186,Sapa Vista Hotel,0916 725 787 ,624000.0,"₫624,000",4.2,Hotel,https://www.google.com/maps/place/Sapa+Vista+Hotel/data=!4m10!3m9!1s0x36cd4169a2ec39cd:0xdc67fa4996001caa!5m2!4m1!1i2!8m2!3d22.3327497!4d103.8375186!16s%2Fg%2F11clw2xy30!19sChIJzTnsomlBzTYRqhwAlkn6Z9w?authuser=0&hl=en&rclk=1,http://sapavistahotel.com/
"034 Mường Hoa, TT. Sa Pa, Sa Pa, Lào Cai ",22.3292037,103.8454701,Sapa Valley view Hotel,0214 3888 011 ,395287.0,"₫395,287",4.8,Hotel,https://www.google.com/maps/place/Sapa+Valley+view+Hotel/data=!4m10!3m9!1s0x36cd4182767c2d57:0xe150dac662024741!5m2!4m1!1i2!8m2!3d22.3292037!4d103.8454701!16s%2Fg%2F11l2m9tsmh!19sChIJVy18doJBzTYRQUcCYsbaUOE?authuser=0&hl=en&rclk=1,https://www.facebook.com/SapaValleyViewHotel/?locale=vi_VN
"024 Ngũ Chỉ Sơn, TT. Sa Pa, Sa Pa, Lào Cai ",22.3368189,103.8454221,Northern Star Hotel,0214 3866 789 ,647330.0,"₫647,330",3.9,Hotel,https://www.google.com/maps/place/Northern+Star+Hotel/data=!4m10!3m9!1s0x36cd416cb46105a9:0xddddb2c08d9c0d22!5m2!4m1!1i2!8m2!3d22.3368189!4d103.8454221!16s%2Fg%2F1hc7gjz8r!19sChIJqQVhtGxBzTYRIg2cjcCy3d0?authuser=0&hl=en&rclk=1,
"018 Fansipan, Street, Sa Pa, Lào Cai 330000 ",22.3336334,103.8407806,Khách Sạn Le Bordeaux Sapa,0983 983 186 ,535416.0,"₫535,416",4.2,Hotel,https://www.google.com/maps/place/Kh%C3%A1ch+S%E1%BA%A1n+Le+Bordeaux+Sapa/data=!4m10!3m9!1s0x36cd416bb080ca19:0xf884aa7281e5d52a!5m2!4m1!1i2!8m2!3d22.3336334!4d103.8407806!16s%2Fg%2F11fxw59j6t!19sChIJGcqAsGtBzTYRKtXlgXKqhPg?authuser=0&hl=en&rclk=1,
"Đội 8, thôn Lù Khẩu, Sa Pa, Lào Cai 31000 ",22.3938165,103.8302501,Black Ship - Veshia Sapa,0886 735 777 ,1275000.0,"₫1,275,000",4.8,Hotel,https://www.google.com/maps/place/Black+Ship+-+Veshia+Sapa/data=!4m10!3m9!1s0x36cd4192df05bf0b:0x9fb31d348ce8b49a!5m2!4m1!1i2!8m2!3d22.3938165!4d103.8302501!16s%2Fg%2F11v6sv_wyc!19sChIJC78F35JBzTYRmrTojDQds58?authuser=0&hl=en&rclk=1,
"049A Mường Hoa, Street, Sa Pa, Lào Cai 31700 ",22.3299519,103.8459208,My Boutique Hotel & Spa,0988 242 503 ,1096069.0,"₫1,096,069",4.7,Hotel,https://www.google.com/maps/place/My+Boutique+Hotel+%26+Spa/data=!4m10!3m9!1s0x36cd41e9fce4db0f:0x1d5a4bc791829743!5m2!4m1!1i2!8m2!3d22.3299519!4d103.8459208!16s%2Fg%2F11fct7k1dx!19sChIJD9vk_OlBzTYRQ5eCkcdLWh0?authuser=0&hl=en&rclk=1,
"Thác Bạc, TT. Sa Pa, Sa Pa, Lào Cai 31706 ",22.3357712,103.8351452,Saigonese Villa,0985 846 698 ,1600000.0,"₫1,600,000",4.8,Villa,https://www.google.com/maps/place/Saigonese+Villa/data=!4m10!3m9!1s0x36cd418338109a11:0x8a928a40eba77cac!5m2!4m1!1i2!8m2!3d22.3357712!4d103.8351452!16s%2Fg%2F11qs2f7ljk!19sChIJEZoQOINBzTYRrHyn60CKkoo?authuser=0&hl=en&rclk=1,
"09 Nguyễn Viết Xuân, TT. Sa Pa, Sa Pa, Lào Cai 330000 ",22.3384229,103.8507988,Cherry Sapa Hotel,0823 880 588 ,243488.0,"₫243,488",4.7,Hotel,https://www.google.com/maps/place/Cherry+Sapa+Hotel/data=!4m10!3m9!1s0x36cd412043edeac7:0x58d760672e431373!5m2!4m1!1i2!8m2!3d22.3384229!4d103.8507988!16s%2Fg%2F11v0y1fg6n!19sChIJx-rtQyBBzTYRcxNDLmdg11g?authuser=0&hl=en&rclk=1,
"Đội 8, thôn Lù Khẩu, Sa Pa, Lào Cai 31000 ",22.3938165,103.8302501,Black Ship - Veshia Sapa,0886 735 777 ,1275000.0,"₫1,275,000",4.8,Hotel,https://www.google.com/maps/place/Black+Ship+-+Veshia+Sapa/data=!4m10!3m9!1s0x36cd4192df05bf0b:0x9fb31d348ce8b49a!5m2!4m1!1i2!8m2!3d22.3938165!4d103.8302501!16s%2Fg%2F11v6sv_wyc!19sChIJC78F35JBzTYRmrTojDQds58?authuser=0&hl=en&rclk=1,
"024 Ngũ Chỉ Sơn, TT. Sa Pa, Sa Pa, Lào Cai ",22.3368189,103.8454221,Northern Star Hotel,0214 3866 789 ,647330.0,"₫647,330",3.9,Hotel,https://www.google.com/maps/place/Northern+Star+Hotel/data=!4m10!3m9!1s0x36cd416cb46105a9:0xddddb2c08d9c0d22!5m2!4m1!1i2!8m2!3d22.3368189!4d103.8454221!16s%2Fg%2F1hc7gjz8r!19sChIJqQVhtGxBzTYRIg2cjcCy3d0?authuser=0&hl=en&rclk=1,
"04 Lê Quý Đôn, Street, Sa Pa, Lào Cai 330000 ",22.3392188,103.8440262,Venus Hostel Sapa,0944 500 929 ,303761.0,"₫303,761",4.5,Hostel,https://www.google.com/maps/place/Venus+Hostel+Sapa/data=!4m10!3m9!1s0x36cd416d256f88d3:0xcc8bd88563ed26c6!5m2!4m1!1i2!8m2!3d22.3392188!4d103.8440262!16s%2Fg%2F11c1w00r0y!19sChIJ04hvJW1BzTYRxibtY4XYi8w?authuser=0&hl=en&rclk=1,
"01 Phạm Kim Đồng, TT. Sa Pa, Sa Pa, Lào Cai 330000 ",22.3377101,103.847817,Lake Panorama Hotel,0376 026 789 ,454537.0,"₫454,537",4.6,Hotel,https://www.google.com/maps/place/Lake+Panorama+Hotel/data=!4m10!3m9!1s0x36cd41596bb2cf7d:0xcfa4569ac3b43a34!5m2!4m1!1i2!8m2!3d22.3377101!4d103.847817!16s%2Fg%2F11kqwlrqc8!19sChIJfc-ya1lBzTYRNDq0w5pWpM8?authuser=0&hl=en&rclk=1,https://www.facebook.com/profile.php?id=100034733636686
"16c Ng. Cầu Mây, TT. Sa Pa, Sa Pa, Lào Cai ",22.3342464,103.8415946,Mây Casa,,699916.0,"₫699,916",4.6,Hotel,https://www.google.com/maps/place/M%C3%A2y+Casa/data=!4m10!3m9!1s0x36cd41dbb33ff22b:0x14b2d080ac171969!5m2!4m1!1i2!8m2!3d22.3342464!4d103.8415946!16s%2Fg%2F11l1n7668m!19sChIJK_I_s9tBzTYRaRkXrIDQshQ?authuser=0&hl=en&rclk=1,
"Tx, 105A Đ. Thạch Sơn, TT. Sa Pa, Sa Pa, Lào Cai ",22.3369775,103.8480518,SAPA LAND HOTEL,0988 183 269 ,194787.0,"₫194,787",4.4,Hotel,https://www.google.com/maps/place/SAPA+LAND+HOTEL/data=!4m10!3m9!1s0x36cd41007b1fefbd:0x3f394b9b3ea726cd!5m2!4m1!1i2!8m2!3d22.3369775!4d103.8480518!16s%2Fg%2F11gmxw25mj!19sChIJve8fewBBzTYRzSanPptLOT8?authuser=0&hl=en&rclk=1,https://www.facebook.com/Sapalandhotel?mibextid=LQQJ4d
"Ban Pho village, Sa Pa, Lao Cai 330000 ",22.3071485,103.8956314,Zizi Mekhoo Sapa Homestay,0965 659 620 ,117600.0,"₫117,600",4.6,Homestay,https://www.google.com/maps/place/Zizi+Mekhoo+Sapa+Homestay/data=!4m10!3m9!1s0x36cd40beaaaaaa95:0x8140c5d028f522b7!5m2!4m1!1i2!8m2!3d22.3071485!4d103.8956314!16s%2Fg%2F11cjp9jy6_!19sChIJlaqqqr5AzTYRtyL1KNDFQIE?authuser=0&hl=en&rclk=1,https://hmongsisterhouseandtrekking.com/
"thôn tảvan mông, Sa Pa, Lao Cai ",22.300256,103.886028,Ta Van View Homestay,0914 591 424 ,150000.0,"₫150,000",4.4,Homestay,https://www.google.com/maps/place/Ta+Van+View+Homestay/data=!4m10!3m9!1s0x36cd411205ee7205:0x771ed7be26e48eac!5m2!4m1!1i2!8m2!3d22.300256!4d103.886028!16s%2Fg%2F11f8hzcb9_!19sChIJBXLuBRJBzTYRrI7kJr7XHnc?authuser=0&hl=en&rclk=1,https://www.facebook.com/tavanview?mibextid=LQQJ4d
"155 Đ. Thạch Sơn, TT. Sa Pa, Sa Pa, Lào Cai 330000 ",22.337634,103.850996,Sapa Luxury Hotel,0986 171 171 ,688597.0,"₫688,597",4.4,Hotel,https://www.google.com/maps/place/Sapa+Luxury+Hotel/data=!4m10!3m9!1s0x36cd416fbe68b9fd:0xe17bc63608994d19!5m2!4m1!1i2!8m2!3d22.337634!4d103.850996!16s%2Fg%2F1tffs732!19sChIJ_blovm9BzTYRGU2ZCDbGe-E?authuser=0&hl=en&rclk=1,https://sapaluxuryhotelspa.com/
"055 Mường Hoa, TT. Sa Pa, Sa Pa, Lào Cai ",22.3293528,103.8457247,Sapa Brilliant Hotel,0865 865 997 ,280000.0,"₫280,000",4.8,Hotel,https://www.google.com/maps/place/Sapa+Brilliant+Hotel/data=!4m10!3m9!1s0x36cd417f6e4e6f45:0x2b5e4c7ae1c80323!5m2!4m1!1i2!8m2!3d22.3293528!4d103.8457247!16s%2Fg%2F11scmpp8zq!19sChIJRW9Obn9BzTYRIwPI4XpMXis?authuser=0&hl=en&rclk=1,
"Ngũ Chỉ Sơn, Sa Pa, Lao Cai ",22.3367572,103.8450355,Hotels Sapa,,660093.0,"₫660,093",3.5,Hotel,https://www.google.com/maps/place/Hotels+Sapa/data=!4m10!3m9!1s0x36cd41134b9a3bc9:0x922151f0a30ee708!5m2!4m1!1i2!8m2!3d22.3367572!4d103.8450355!16s%2Fg%2F11csq5qybk!19sChIJyTuaSxNBzTYRCOcOo_BRIZI?authuser=0&hl=en&rclk=1,
"12 Thủ Dầu Một, TT. Sa Pa, Sa Pa, Lào Cai 330000 ",22.3362239,103.8445775,H&T Luxury hotel,0988 559 509 ,775988.0,"₫775,988",4.4,Hotel,https://www.google.com/maps/place/H%26T+Luxury+hotel/data=!4m10!3m9!1s0x36cd4134dd662bb5:0xcd7a285cb9b69ec0!5m2!4m1!1i2!8m2!3d22.3362239!4d103.8445775!16s%2Fg%2F11r8m634k8!19sChIJtStm3TRBzTYRwJ62uVwoes0?authuser=0&hl=en&rclk=1,
"8 Thác Bạc, TT. Sa Pa, Sa Pa, Lào Cai ",22.3359139,103.8394319,Highland Resort,0888 031 666 ,1530000.0,"₫1,530,000",4.1,Resort,https://www.google.com/maps/place/Highland+Resort/data=!4m10!3m9!1s0x36cd416c3effffff:0xf1ba0f1051d0050e!5m2!4m1!1i2!8m2!3d22.3359139!4d103.8394319!16s%2Fg%2F11g6njt23p!19sChIJ____PmxBzTYRDgXQURAPuvE?authuser=0&hl=en&rclk=1,
"Sa Pa, Lao Cai ",22.3371566,103.8424311,Sapa Paramount Hotel,0398 551 182 ,280000.0,"₫280,000",3.9,Hotel,https://www.google.com/maps/place/Sapa+Paramount+Hotel/data=!4m10!3m9!1s0x36cd416c7b4ce769:0x4d451fbe8d9fbffb!5m2!4m1!1i2!8m2!3d22.3371566!4d103.8424311!16s%2Fg%2F11c32md00_!19sChIJaedMe2xBzTYR-7-fjb4fRU0?authuser=0&hl=en&rclk=1,https://www.facebook.com/KhachsanSapaParamount/
"018 Fansipan, Street, Sa Pa, Lào Cai 330000 ",22.3336334,103.8407806,Khách Sạn Le Bordeaux Sapa,0983 983 186 ,535416.0,"₫535,416",4.2,Hotel,https://www.google.com/maps/place/Kh%C3%A1ch+S%E1%BA%A1n+Le+Bordeaux+Sapa/data=!4m10!3m9!1s0x36cd416bb080ca19:0xf884aa7281e5d52a!5m2!4m1!1i2!8m2!3d22.3336334!4d103.8407806!16s%2Fg%2F11fxw59j6t!19sChIJGcqAsGtBzTYRKtXlgXKqhPg?authuser=0&hl=en&rclk=1,
"Thôn Hàng - Xã Hoàng Liên - Thị xã Sapa, Lao Chải, Sa Pa, Lào Cai ",22.303293,103.8795025,Big Tree Hmong Homestay,0326 888 562 ,285073.0,"₫285,073",4.8,Homestay,https://www.google.com/maps/place/Big+Tree+Hmong+Homestay/data=!4m10!3m9!1s0x36cd477ec70fd657:0xcba5a0e976e4f39f!5m2!4m1!1i2!8m2!3d22.303293!4d103.8795025!16s%2Fg%2F11g2m0wjc_!19sChIJV9YPx35HzTYRn_Pkdumgpcs?authuser=0&hl=en&rclk=1,https://instagram.com/big_tree_hmong_homestay?igshid=YTQwZjQ0NmI0OA%3D%3D&utm_source=qr
"33 Mường Hoa, TT. Sa Pa, Sa Pa, Lào Cai ",22.332154,103.8440609,Sapa Lodge Hotel,0214 3772 885 ,707450.0,"₫707,450",3.7,Hotel,https://www.google.com/maps/place/Sapa+Lodge+Hotel/data=!4m10!3m9!1s0x36cd416adf36dec7:0xa33ec147b20edfa0!5m2!4m1!1i2!8m2!3d22.332154!4d103.8440609!16s%2Fg%2F11bw7ctvx4!19sChIJx94232pBzTYRoN8OskfBPqM?authuser=0&hl=en&rclk=1,https://sapalodge.com.vn/
"18 Ngũ Chỉ Sơn, TT. Sa Pa, Sa Pa, Lào Cai 330000 ",22.3373538,103.8466557,Sapa Legacy Hotel,0984 035 646 ,505269.0,"₫505,269",4.8,Hotel,https://www.google.com/maps/place/Sapa+Legacy+Hotel/data=!4m10!3m9!1s0x36cd41937750bac1:0x36b1b0efe67a49e9!5m2!4m1!1i2!8m2!3d22.3373538!4d103.8466557!16s%2Fg%2F11vkh4kvs6!19sChIJwbpQd5NBzTYR6Ul65u-wsTY?authuser=0&hl=en&rclk=1,https://www.sapalegacyhotel.com/
"034 Mường Hoa, TT. Sa Pa, Sa Pa, Lào Cai ",22.3292037,103.8454701,Sapa Valley view Hotel,0214 3888 011 ,395287.0,"₫395,287",4.8,Hotel,https://www.google.com/maps/place/Sapa+Valley+view+Hotel/data=!4m10!3m9!1s0x36cd4182767c2d57:0xe150dac662024741!5m2!4m1!1i2!8m2!3d22.3292037!4d103.8454701!16s%2Fg%2F11l2m9tsmh!19sChIJVy18doJBzTYRQUcCYsbaUOE?authuser=0&hl=en&rclk=1,https://www.facebook.com/SapaValleyViewHotel/?locale=vi_VN
"033 Fansipan, Road, Sa Pa, Lào Cai ",22.3333595,103.8408186,Phuong Nam Hotel,0826 663 366 ,432216.0,"₫432,216",4.2,Hotel,https://www.google.com/maps/place/Phuong+Nam+Hotel/data=!4m10!3m9!1s0x36cd416b1176a695:0xa340cacc108e327c!5m2!4m1!1i2!8m2!3d22.3333595!4d103.8408186!16s%2Fg%2F1pzwmpdwy!19sChIJlaZ2EWtBzTYRfDKOEMzKQKM?authuser=0&hl=en&rclk=1,
"Ta Van - Seo My Ty, Tả Van, Sa Pa, Lào Cai ",22.3025334,103.8859786,Comlam Eco House,0866 599 588 ,250590.0,"₫250,590",4.7,Hotel,https://www.google.com/maps/place/Comlam+Eco+House/data=!4m10!3m9!1s0x36cd478f9ed54247:0x80c2763bc5ded107!5m2!4m1!1i2!8m2!3d22.3025334!4d103.8859786!16s%2Fg%2F11h_zvtzvk!19sChIJR0LVno9HzTYRB9HexTt2woA?authuser=0&hl=en&rclk=1,https://comlamecohouseandcafe.com/home
"No.30 Hoàng Liên, Street, Sa Pa, Lào Cai ",22.3341757,103.8364826,ALIANA Boutique Sapa Hotel & Spa,0214 3772 268 ,1316292.0,"₫1,316,292",4.7,Hotel,https://www.google.com/maps/place/ALIANA+Boutique+Sapa+Hotel+%26+Spa/data=!4m10!3m9!1s0x36cd416904e2dd83:0x38d45194a8cfda0d!5m2!4m1!1i2!8m2!3d22.3341757!4d103.8364826!16s%2Fg%2F11css795sj!19sChIJg93iBGlBzTYRDdrPqJRR1Dg?authuser=0&hl=en&rclk=1,https://alianaboutiquesapa.com/
"Ta Van, Sa Pa, Lao Cai 330000 ",22.3062405,103.8878574,Sapa Eco Bungalows & Spa,0986 447 386 ,910232.0,"₫910,232",4.0,Hotel,https://www.google.com/maps/place/Sapa+Eco+Bungalows+%26+Spa/data=!4m10!3m9!1s0x36cd40ca5357d619:0x3abe38a9d3b054d2!5m2!4m1!1i2!8m2!3d22.3062405!4d103.8878574!16s%2Fg%2F11h197185h!19sChIJGdZXU8pAzTYR0lSw06k4vjo?authuser=0&hl=en&rclk=1,
"031 Ng. Cầu Mây, TT. Sa Pa, Sa Pa, Lào Cai 330000 ",22.3334443,103.8427099,Delta Sapa Hotel,0886 144 999 ,480347.0,"₫480,347",4.2,Hotel,https://www.google.com/maps/place/Delta+Sapa+Hotel/data=!4m10!3m9!1s0x36cd416b1a0bde6b:0xe720c848ccc5da16!5m2!4m1!1i2!8m2!3d22.3334443!4d103.8427099!16s%2Fg%2F11b_2p8vxq!19sChIJa94LGmtBzTYRFtrFzEjIIOc?authuser=0&hl=en&rclk=1,https://deltasapahotel.com/
"8V2V+6PF, Tả Van, Sa Pa, Lào Cai ",22.3005733,103.894289,Luckydaisy's Buffalo House,0903 475 298 ,433795.0,"₫433,795",4.5,Hotel,https://www.google.com/maps/place/Luckydaisy%27s+Buffalo+House/data=!4m10!3m9!1s0x36cd474b1f123571:0x2844f28926dc9fc2!5m2!4m1!1i2!8m2!3d22.3005733!4d103.894289!16s%2Fg%2F11b7yy7qnq!19sChIJcTUSH0tHzTYRwp_cJonyRCg?authuser=0&hl=en&rclk=1,https://avadatravel.com/
"Đội 6, thôn Can Ngài, Tả Phìn, Sa Pa, Lào Cai ",22.3855661,103.8371708,Ta Phin Cottage,0977 694 960 ,1042926.0,"₫1,042,926",4.8,Hotel,https://www.google.com/maps/place/Ta+Phin+Cottage/data=!4m10!3m9!1s0x36cd41fceeb49d47:0xaf240e8f1ac87762!5m2!4m1!1i2!8m2!3d22.3855661!4d103.8371708!16s%2Fg%2F11rxtvjczz!19sChIJR5207vxBzTYRYnfIGo8OJK8?authuser=0&hl=en&rclk=1,https://www.booking.com/Share-YNjbwk
"035 Mường Hoa, TT. Sa Pa, Sa Pa, Lào Cai 330000 ",22.3319115,103.8442284,Sapa Hills Hotel,0214 6523 449 ,474858.0,"₫474,858",4.3,Hotel,https://www.google.com/maps/place/Sapa+Hills+Hotel/data=!4m10!3m9!1s0x36cd413e1458d535:0xd497357ddc8a1948!5m2!4m1!1i2!8m2!3d22.3319115!4d103.8442284!16s%2Fg%2F11c5fyk4hd!19sChIJNdVYFD5BzTYRSBmK3H01l9Q?authuser=0&hl=en&rclk=1,
"034 Mường Hoa, TT. Sa Pa, Sa Pa, Lào Cai 31000 ",22.3293366,103.8454964,Mountain View Station Restaurant & Homestay,0366 668 138 ,570770.0,"₫570,770",4.7,Homestay,https://www.google.com/maps/place/Mountain+View+Station+Restaurant+%26+Homestay/data=!4m10!3m9!1s0x36cd4184627f03cd:0x4693b57fb5c42cd0!5m2!4m1!1i2!8m2!3d22.3293366!4d103.8454964!16s%2Fg%2F11fpjgs31q!19sChIJzQN_YoRBzTYR0CzEtX-1k0Y?authuser=0&hl=en&rclk=1,
"Tổ2, Phường Cầu mây, Sa Pả, Sa Pa, Lào Cai 330000 ",22.3143514,103.8833614,Eco Farmer House sapa Retreat,0973 565 898 ,697035.0,"₫697,035",4.6,Hotel,https://www.google.com/maps/place/Eco+Farmer+House+sapa+Retreat/data=!4m10!3m9!1s0x36cd419de8fde469:0x51920a94450db986!5m2!4m1!1i2!8m2!3d22.3143514!4d103.8833614!16s%2Fg%2F11fn56ccvb!19sChIJaeT96J1BzTYRhrkNRZQKklE?authuser=0&hl=en&rclk=1,
"032 Mường Hoa, TT. Sa Pa, Sa Pa, Lào Cai ",22.3295329,103.8454168,Sapa Charm Hotel,0833 610 788 ,967397.0,"₫967,397",4.4,Hotel,https://www.google.com/maps/place/Sapa+Charm+Hotel/data=!4m10!3m9!1s0x36cd413fe4c2a72d:0xef53e03d26f48f6!5m2!4m1!1i2!8m2!3d22.3295329!4d103.8454168!16s%2Fg%2F11g9djnvs4!19sChIJLafC5D9BzTYR9khv0gM-9Q4?authuser=0&hl=en&rclk=1,http://sapacharm.com/
"Cluster 12, Ha Giang 2 Ward, Tuyen Quang Province, Hà Giang, 310000 ",22.833766,104.989071,Four Points by Sheraton Ha Giang,0219 3846 666 ,1281512.0,"₫1,281,512",4.8,Hotel,https://www.google.com/maps/place/Four+Points+by+Sheraton+Ha+Giang/data=!4m10!3m9!1s0x36cc7835ac33ba05:0x1c3cad2e6ef1619b!5m2!4m1!1i2!8m2!3d22.833766!4d104.989071!16s%2Fg%2F11wqqyf5w5!19sChIJBbozrDV4zDYRm2Hxbi6tPBw?authuser=0&hl=en&rclk=1,https://www.marriott.com/en-us/hotels/hanhp-four-points-ha-giang/overview/?scid=f2ae0541-1279-4f24-b197-a979c79310b0
"209 đường 20/8, P. Nguyễn Trãi, Hà Giang, 310000 ",22.8262,104.97558,"Strawberry Ha Giang Loop Tour, Motorbike Rental & Rooms",0838 285 888 ,157409.0,"₫157,409",5.0,Hotel,"https://www.google.com/maps/place/Strawberry+Ha+Giang+Loop+Tour,+Motorbike+Rental+%26+Rooms/data=!4m10!3m9!1s0x36cc79b0c9757629:0x1a07dc7e6de52617!5m2!4m1!1i2!8m2!3d22.8262!4d104.97558!16s%2Fg%2F11vm83h6yj!19sChIJKXZ1ybB5zDYRFyblbX7cBxo?authuser=0&hl=en&rclk=1",https://strawberryhagiangloop.com/
"92T Nguyễn Trãi, P. Nguyễn Trãi, Hà Giang, 310000 ",22.8104461,104.9791893,Phoenix Hotel,0914 688 158 ,939330.0,"₫939,330",4.3,Hotel,https://www.google.com/maps/place/Phoenix+Hotel/data=!4m10!3m9!1s0x36cc79e60f555fc3:0x31becec9c23b459d!5m2!4m1!1i2!8m2!3d22.8104461!4d104.9791893!16s%2Fg%2F11fhkrmmbs!19sChIJw19VD-Z5zDYRnUU7wsnOvjE?authuser=0&hl=en&rclk=1,http://phoenixhotelhagiang.com/
"517 Nguyễn Trãi, P. Nguyễn Trãi, Hà Giang ",22.8292187,104.9837632,Yen Bien Luxury Hotel & Wedding,0219 3899 999 ,982883.0,"₫982,883",4.5,Hotel,https://www.google.com/maps/place/Yen+Bien+Luxury+Hotel+%26+Wedding/data=!4m10!3m9!1s0x36cc79800ae612eb:0x22a4217c42341e7a!5m2!4m1!1i2!8m2!3d22.8292187!4d104.9837632!16s%2Fg%2F11qrdj3lsp!19sChIJ6xLmCoB5zDYReh40QnwhpCI?authuser=0&hl=en&rclk=1,http://www.yenbienluxury.vn/
"Cluster 12, Ha Giang 2 Ward, Tuyen Quang Province, Hà Giang, 310000 ",22.8337655,104.9890712,Four Points by Sheraton Ha Giang,0219 3846 666 ,1281512.0,"₫1,281,512",4.8,Hotel,https://www.google.com/maps/place/Four+Points+by+Sheraton+Ha+Giang/data=!4m10!3m9!1s0x36cc790f233ffb2b:0x1c3cad2e6ef1619b!5m2!4m1!1i2!8m2!3d22.8337655!4d104.9890712!16s%2Fg%2F11wqqyf5w5!19sChIJK_s_Iw95zDYRm2Hxbi6tPBw?authuser=0&hl=en&rclk=1,https://www.marriott.com/en-us/hotels/hanhp-four-points-ha-giang/overview/?scid=f2ae0541-1279-4f24-b197-a979c79310b0
"Làng Giang, Hoàng Su Phì District, Hà Giang 314210 ",22.5763293,104.7448583,Panhou Retreat,0966 615 050 ,2297557.0,"₫2,297,557",4.6,Hotel,https://www.google.com/maps/place/Panhou+Retreat/data=!4m10!3m9!1s0x36cb890225555555:0xfdd83e62f2c100fd!5m2!4m1!1i2!8m2!3d22.5763293!4d104.7448583!16s%2Fg%2F11xd59kl9!19sChIJVVVVJQKJyzYR_QDB8mI-2P0?authuser=0&hl=en&rclk=1,https://www.panhouretreat.com/
"90 Nguyễn Trãi, P. Nguyễn Trãi, Hà Giang, 100000 ",22.8108529,104.979326,Silk River Hotel,0889 775 678 ,724077.0,"₫724,077",4.5,Hotel,https://www.google.com/maps/place/Silk+River+Hotel/data=!4m10!3m9!1s0x36cc79a7976ad057:0xcb7e595ea597303e!5m2!4m1!1i2!8m2!3d22.8108529!4d104.979326!16s%2Fg%2F11r9nb50r9!19sChIJV9Bql6d5zDYRPjCXpV5Zfss?authuser=0&hl=en&rclk=1,https://silkriverhotel.com/
"Khuổi My, Tp. Hà Giang, Hà Giang 310000 ",22.8220263,104.92535,TVPalm Ecolodge,0366 885 955 ,601425.0,"₫601,425",4.6,Hotel,https://www.google.com/maps/place/TVPalm+Ecolodge/data=!4m10!3m9!1s0x36cc7bf0951978ad:0xabf1f0402f54a73e!5m2!4m1!1i2!8m2!3d22.8220263!4d104.92535!16s%2Fg%2F11s8hqy5lx!19sChIJrXgZlfB7zDYRPqdUL0Dw8as?authuser=0&hl=en&rclk=1,http://tvpalm.com/
"Km18, Yên Dịnh, Bắc Mê, Hà Giang 20000 ",22.8129627,105.1085246,P'apiu Resort,0219 3841 999 ,16254413.0,"₫16,254,413",4.8,Resort,https://www.google.com/maps/place/P%27apiu+Resort/data=!4m10!3m9!1s0x36cb87a4110b3ca3:0xdeb65095c70d188d!5m2!4m1!1i2!8m2!3d22.8129627!4d105.1085246!16s%2Fg%2F11j_y1r7ns!19sChIJozwLEaSHyzYRjRgNx5VQtt4?authuser=0&hl=en&rclk=1,https://papiu.vn/en/
"RWPX+6GG, Thôn Tha, Hà Giang ",22.8355625,104.9488125,Thavill Retreat Hagiang,0964 085 500 ,1989192.0,"₫1,989,192",5.0,Hotel,https://www.google.com/maps/place/Thavill+Retreat+Hagiang/data=!4m10!3m9!1s0x36cc79f453aac11b:0xc253ac193f03d693!5m2!4m1!1i2!8m2!3d22.8355625!4d104.9488125!16s%2Fg%2F11vcm4mwgj!19sChIJG8GqU_R5zDYRk9YDPxmsU8I?authuser=0&hl=en&rclk=1,http://www.thavillretreat.com/
"430 Nguyễn Văn Linh, Street, Hà Giang ",22.8480396,105.0120925,Truong Xuan Resort,0219 3811 102 ,451501.0,"₫451,501",3.8,Resort,https://www.google.com/maps/place/Truong+Xuan+Resort/data=!4m10!3m9!1s0x36cc781f72672fa9:0xef89700fb2dd2b8b!5m2!4m1!1i2!8m2!3d22.8480396!4d105.0120925!16s%2Fg%2F11xjbvb36!19sChIJqS9nch94zDYRiyvdsg9wie8?authuser=0&hl=en&rclk=1,
"297 Nguyễn Thái Học, P. Trần Phú, Hà Giang, 310000 ",22.8309077,104.9861415,Hotel Cao Nguyen,0963 885 511 ,560500.0,"₫560,500",3.8,Hotel,https://www.google.com/maps/place/Hotel+Cao+Nguyen/data=!4m10!3m9!1s0x36cc784aad1053b5:0x6bd4743e9b2b295f!5m2!4m1!1i2!8m2!3d22.8309077!4d104.9861415!16s%2Fg%2F1hhhvdwqm!19sChIJtVMQrUp4zDYRXykrmz501Gs?authuser=0&hl=en&rclk=1,http://caonguyenhotel.vn/
"56 Nguyễn Thái Học, P. Minh Khai, Hà Giang ",22.8258412,104.9859243,Khách sạn Tiamo Hà Giang,0949 796 556 ,309474.0,"₫309,474",3.9,Hotel,https://www.google.com/maps/place/Kh%C3%A1ch+s%E1%BA%A1n+Tiamo+H%C3%A0+Giang/data=!4m10!3m9!1s0x36cc7c0000000001:0x451310dd8876608!5m2!4m1!1i2!8m2!3d22.8258412!4d104.9859243!16s%2Fg%2F11c7s3fyl9!19sChIJAQAAAAB8zDYRCGaH2A0xUQQ?authuser=0&hl=en&rclk=1,https://m.facebook.com/hagiang.tiamo.hotel/
"Thôn Nậm Hồng, Hoàng Su Phì District, Hà Giang 313900 ",22.5674594,104.7230914,Hoang Su Phi Lodge,0866 196 878 ,841499.0,"₫841,499",4.2,Hotel,https://www.google.com/maps/place/Hoang+Su+Phi+Lodge/data=!4m10!3m9!1s0x36cc8d47a023f159:0x145deb057037de23!5m2!4m1!1i2!8m2!3d22.5674594!4d104.7230914!16s%2Fg%2F11f75zq1z1!19sChIJWfEjoEeNzDYRI943cAXrXRQ?authuser=0&hl=en&rclk=1,https://hoangsuphilodge.com/
"209 Minh Khai, P. Minh Khai, Hà Giang, 310000 ",22.8147737,104.9895965,Ha Giang Historic House,0974 087 988 ,769847.0,"₫769,847",4.8,Hotel,https://www.google.com/maps/place/Ha+Giang+Historic+House/data=!4m10!3m9!1s0x36cc7946d3f80d75:0xa82cb9d19ee61f0a!5m2!4m1!1i2!8m2!3d22.8147737!4d104.9895965!16s%2Fg%2F11fjz70n2x!19sChIJdQ3400Z5zDYRCh_mntG5LKg?authuser=0&hl=en&rclk=1,https://hagianghistorichouse.com/
"PPR4+M5M, Vn Thnh, Vn Ninh District, Khánh Hòa, Hoàng Su Phì, Hà Giang 650000 ",22.741717,104.705431,Whale Island Resort,0966 833 858 ,1847419.0,"₫1,847,419",,Resort,https://www.google.com/maps/place/Whale+Island+Resort/data=!4m10!3m9!1s0x36cc610000000001:0x1d713bd78687d997!5m2!4m1!1i2!8m2!3d22.741717!4d104.705431!16s%2Fg%2F11svc8826g!19sChIJAQAAAABhzDYRl9mHhtc7cR0?authuser=0&hl=en&rclk=1,
"Hữu Nghị, Phương Thiện, Hà Giang ",22.8057929,104.9750908,Khách sạn Friend Hotel,0919 218 383 ,464642.0,"₫464,642",4.8,Hotel,https://www.google.com/maps/place/Kh%C3%A1ch+s%E1%BA%A1n+Friend+Hotel/data=!4m10!3m9!1s0x36cc790231f81d69:0x3bfe7052ae04d0ee!5m2!4m1!1i2!8m2!3d22.8057929!4d104.9750908!16s%2Fg%2F11r9f945xw!19sChIJaR34MQJ5zDYR7tAErlJw_js?authuser=0&hl=en&rclk=1,
"Tả Sử Choóng, Hoàng Su Phì District, Hà Giang 20630 ",22.6726541,104.7475216,Riz d'or Retreat Ta Su Choong,0941 027 447 ,1584000.0,"₫1,584,000",4.8,Hotel,https://www.google.com/maps/place/Riz+d%27or+Retreat+Ta+Su+Choong/data=!4m10!3m9!1s0x36cc8bf6cf5f221f:0x539b49ae4a03c7ea!5m2!4m1!1i2!8m2!3d22.6726541!4d104.7475216!16s%2Fg%2F11s9lkqp91!19sChIJHyJfz_aLzDYR6scDSq5Jm1M?authuser=0&hl=en&rclk=1,
"220 Nguyễn Trãi, P. Nguyễn Trãi, Hà Giang ",22.8165824,104.9813675,An Khang Hotel Hà giang,0812 966 566 ,569788.0,"₫569,788",4.8,Hotel,https://www.google.com/maps/place/An+Khang+Hotel+H%C3%A0+giang/data=!4m10!3m9!1s0x36cc7988d33b8ee3:0x4821619de4a7c613!5m2!4m1!1i2!8m2!3d22.8165824!4d104.9813675!16s%2Fg%2F11vyxhv_tv!19sChIJ444704h5zDYRE8an5J1hIUg?authuser=0&hl=en&rclk=1,https://www.facebook.com/profile.php?id=61557928983103&mibextid=LQQJ4d
"Thông Nguyên, Hoàng Su Phì District, Hà Giang ",22.5707188,104.7279825,HillHome Hoàng Su Phì,0353 096 013 ,null,,4.8,Hotel,https://www.google.com/maps/place/HillHome+Ho%C3%A0ng+Su+Ph%C3%AC/data=!4m10!3m9!1s0x36cc8d3f542d8d9d:0x887d9b1fd9a1b190!5m2!4m1!1i2!8m2!3d22.5707188!4d104.7279825!16s%2Fg%2F11p13f7h5m!19sChIJnY0tVD-NzDYRkLGh2R-bfYg?authuser=0&hl=en&rclk=1,
"Nam Hong hamlets, Thong Nguyen ward, Thông Nguyên, Hoàng Su Phì, Hà Giang ",22.5630787,104.7241235,Hoàng Su Phì bungalow,0988 070 619 ,null,,4.3,Hotel,https://www.google.com/maps/place/Ho%C3%A0ng+Su+Ph%C3%AC+bungalow/data=!4m10!3m9!1s0x36cc8c3a4fcb49e3:0x2fa1a5dfe8599b90!5m2!4m1!1i2!8m2!3d22.5630787!4d104.7241235!16s%2Fg%2F11fy53yz4c!19sChIJ40nLTzqMzDYRkJtZ6N-loS8?authuser=0&hl=en&rclk=1,
"31 Nguyễn Văn Cừ, P. Minh Khai, Hà Giang ",22.824869,104.9865625,Sun Hà Giang Hotel,0363 818 008 ,430000.0,"₫430,000",4.9,Hotel,https://www.google.com/maps/place/Sun+H%C3%A0+Giang+Hotel.tours.motorbike+rental/data=!4m10!3m9!1s0x36cc79e57f3652d5:0x4f8f74a7adca6e22!5m2!4m1!1i2!8m2!3d22.824869!4d104.9865625!16s%2Fg%2F11sf6pzx53!19sChIJ1VI2f-V5zDYRIm7Krad0j08?authuser=0&hl=en&rclk=1,http://mrhungvietnamtourism.com/
"209 Minh Khai, P. Minh Khai, Hà Giang, 310000 ",22.8147737,104.9895965,Ha Giang Historic House,0974 087 988 ,769847.0,"₫769,847",4.8,Hotel,https://www.google.com/maps/place/Ha+Giang+Historic+House/data=!4m10!3m9!1s0x36cc7946d3f80d75:0xa82cb9d19ee61f0a!5m2!4m1!1i2!8m2!3d22.8147737!4d104.9895965!16s%2Fg%2F11fjz70n2x!19sChIJdQ3400Z5zDYRCh_mntG5LKg?authuser=0&hl=en&rclk=1,https://hagianghistorichouse.com/
"Núi Chiêu Lầu, Thi Xã, Hoàng Su Phì, Hà Giang ",22.6376857,104.6402695,Homestay Chân Mây Chiêu Lầu Thi,0943 060 666 ,300150.0,"₫300,150",4.3,Homestay,https://www.google.com/maps/place/Homestay+Ch%C3%A2n+M%C3%A2y+Chi%C3%AAu+L%E1%BA%A7u+Thi/data=!4m10!3m9!1s0x36ccf5dac855ab65:0x17ae979a2f1e6009!5m2!4m1!1i2!8m2!3d22.6376857!4d104.6402695!16s%2Fg%2F11ptlfw_qf!19sChIJZatVyNr1zDYRCWAeL5qXrhc?authuser=0&hl=en&rclk=1,https://chanmaychieulauthi.wordpress.com/
"Thông Nguyên, Hoàng Su Phì District, Hà Giang ",22.5707188,104.7279825,HillHome Hoàng Su Phì,0353 096 013 ,null,,4.8,Hotel,https://www.google.com/maps/place/HillHome+Ho%C3%A0ng+Su+Ph%C3%AC/data=!4m10!3m9!1s0x36cc8d3f542d8d9d:0x887d9b1fd9a1b190!5m2!4m1!1i2!8m2!3d22.5707188!4d104.7279825!16s%2Fg%2F11p13f7h5m!19sChIJnY0tVD-NzDYRkLGh2R-bfYg?authuser=0&hl=en&rclk=1,
"220 Nguyễn Trãi, P. Nguyễn Trãi, Hà Giang ",22.8165824,104.9813675,An Khang Hotel Hà giang,0812 966 566 ,569788.0,"₫569,788",4.8,Hotel,https://www.google.com/maps/place/An+Khang+Hotel+H%C3%A0+giang/data=!4m10!3m9!1s0x36cc7988d33b8ee3:0x4821619de4a7c613!5m2!4m1!1i2!8m2!3d22.8165824!4d104.9813675!16s%2Fg%2F11vyxhv_tv!19sChIJ444704h5zDYRE8an5J1hIUg?authuser=0&hl=en&rclk=1,https://www.facebook.com/profile.php?id=61557928983103&mibextid=LQQJ4d
"Bản Luốc, Hoàng Su Phì District, Hà Giang ",22.6953416,104.6682831,Nậm Lỳ Retreat,0971 180 607 ,399000.0,"₫399,000",4.8,Hotel,https://www.google.com/maps/place/N%E1%BA%ADm+L%E1%BB%B3+Retreat/data=!4m10!3m9!1s0x36cc8bf19d99231d:0xcdef407dca742cf7!5m2!4m1!1i2!8m2!3d22.6953416!4d104.6682831!16s%2Fg%2F11h4zj9bsq!19sChIJHSOZnfGLzDYR9yx0yn1A780?authuser=0&hl=en&rclk=1,https://namlyretreat.vn/
"Nam Hong hamlets, Thong Nguyen ward, Thông Nguyên, Hoàng Su Phì, Hà Giang ",22.5630787,104.7241235,Hoàng Su Phì bungalow,0988 070 619 ,null,,4.3,Hotel,https://www.google.com/maps/place/Ho%C3%A0ng+Su+Ph%C3%AC+bungalow/data=!4m10!3m9!1s0x36cc8c3a4fcb49e3:0x2fa1a5dfe8599b90!5m2!4m1!1i2!8m2!3d22.5630787!4d104.7241235!16s%2Fg%2F11fy53yz4c!19sChIJ40nLTzqMzDYRkJtZ6N-loS8?authuser=0&hl=en&rclk=1,
"Tả Sử Choóng, Hoàng Su Phì District, Hà Giang 20601 ",22.6724738,104.7461717,Riz d'Or Ermitage Hoang Su Phi,0352 692 699 ,1584089.0,"₫1,584,089",4.7,Hotel,https://www.google.com/maps/place/Riz+d%27Or+Ermitage+Hoang+Su+Phi/data=!4m10!3m9!1s0x36cc8b91cedad795:0xced35fd4755355cc!5m2!4m1!1i2!8m2!3d22.6724738!4d104.7461717!16s%2Fg%2F11s92lqhp0!19sChIJldfazpGLzDYRzFVTddRf084?authuser=0&hl=en&rclk=1,
"thôn Lúp, Ha Giang, Hà Giang 20000 ",22.8175435,104.9594537,Ha Giang Hostel,0982 818 385 ,504866.0,"₫504,866",4.9,Hostel,https://www.google.com/maps/place/Ha+Giang+Hostel/data=!4m10!3m9!1s0x36cc79bf6f116663:0x39073d9add3c323f!5m2!4m1!1i2!8m2!3d22.8175435!4d104.9594537!16s%2Fg%2F11fk3_g2s0!19sChIJY2YRb795zDYRPzI83Zo9Bzk?authuser=0&hl=en&rclk=1,http://hagianghostel.com/
"Số 33 Lê Trần Mãn (đường sau bến xe, Tp. Hà Giang, Hà Giang ",22.8020683,104.9767773,Hoang Kim Hotel,0827 971 993 ,null,,4.7,Hotel,https://www.google.com/maps/place/Hoang+Kim+Hotel/data=!4m10!3m9!1s0x36cc79040cb2326f:0x573d284368607e26!5m2!4m1!1i2!8m2!3d22.8020683!4d104.9767773!16s%2Fg%2F11c6v59wbx!19sChIJbzKyDAR5zDYRJn5gaEMoPVc?authuser=0&hl=en&rclk=1,
"92 L Nguyễn Trãi, P. Nguyễn Trãi, Hà Giang, 310000 ",22.8098257,104.9789866,Good Morning Ha Giang Loop- Small group - The best experience,0984 535 091 ,92129.0,"₫92,129",4.9,Hotel,https://www.google.com/maps/place/Good+Morning+Ha+Giang+Loop-+Small+group+-+The+best+experience/data=!4m10!3m9!1s0x36cc7941d44de857:0x6ceb536f6cd2e19d!5m2!4m1!1i2!8m2!3d22.8098257!4d104.9789866!16s%2Fg%2F11txqclywx!19sChIJV-hN1EF5zDYRneHSbG9T62w?authuser=0&hl=en&rclk=1,http://goodmorninghagiang.com/
"Nậm Hồng, Hoàng Su Phì District, Hà Giang 20623 ",22.5636403,104.7238617,Dao Homestay,0961 618 090 ,486440.0,"₫486,440",4.4,Homestay,https://www.google.com/maps/place/Dao+Homestay/data=!4m10!3m9!1s0x36cc8c48c93de027:0x2dccea7af01f2ce2!5m2!4m1!1i2!8m2!3d22.5636403!4d104.7238617!16s%2Fg%2F11f3clw9rt!19sChIJJ-A9yUiMzDYR4iwf8HrqzC0?authuser=0&hl=en&rclk=1,http://namhongcbt.vn/
"Xóm, Cốc Pảng, Yên Minh, Hà Giang 20000 ",22.9304882,105.2169411,Tom's Du Gia homestay,0985 106 697 ,null,,4.5,Homestay,https://www.google.com/maps/place/Tom%27s+Du+Gia+homestay/data=!4m10!3m9!1s0x36cb8d7ef6f4cf87:0x53d6c54418263a8e!5m2!4m1!1i2!8m2!3d22.9304882!4d105.2169411!16s%2Fg%2F11qnk6zq02!19sChIJh8_09n6NyzYRjjomGETF1lM?authuser=0&hl=en&rclk=1,
"257 Nguyễn Thái Học, P. Trần Phú, Hà Giang, 20106 ",22.8298686,104.9859438,Phúc Lâm Hotel,0989 751 818 ,629898.0,"₫629,898",4.6,Hotel,https://www.google.com/maps/place/Ph%C3%BAc+L%C3%A2m+Hotel/data=!4m10!3m9!1s0x36cc790516d78783:0xcbb1ccc9d5a26976!5m2!4m1!1i2!8m2!3d22.8298686!4d104.9859438!16s%2Fg%2F11s21qb_w6!19sChIJg4fXFgV5zDYRdmmi1cnMscs?authuser=0&hl=en&rclk=1,
"Thôn Tiến Thắng, Hà Giang 310000 ",22.7770116,104.969979,Wings Ha Giang Loop Bungalow & tour,0345 329 190 ,246379.0,"₫246,379",4.9,Hotel,https://www.google.com/maps/place/Wings+Ha+Giang+Loop+Bungalow+%26+tour/data=!4m10!3m9!1s0x36cc7959740b2611:0x3244c359c7af6245!5m2!4m1!1i2!8m2!3d22.7770116!4d104.969979!16s%2Fg%2F11j31ctpdq!19sChIJESYLdFl5zDYRRWKvx1nDRDI?authuser=0&hl=en&rclk=1,http://wingshagiangloop.com/
"43 Nguyễn Thái Học, P. Minh Khai, Hà Giang, 310000 ",22.8208972,104.9842465,Garden Hostel II,0775 263 939 ,694980.0,"₫694,980",4.8,Hostel,https://www.google.com/maps/place/Garden+Hostel+II/data=!4m10!3m9!1s0x36cc79b5f854b46f:0x14de28b06a66c49a!5m2!4m1!1i2!8m2!3d22.8208972!4d104.9842465!16s%2Fg%2F11y5vyqcwc!19sChIJb7RU-LV5zDYRmsRmarAo3hQ?authuser=0&hl=en&rclk=1,
"49 Đường Lâm Đồng, P. Trần Phú, Hà Giang, 310000 ",22.8315714,104.9874205,Ruby Hotel,0912 356 969 ,105290.0,"₫105,290",3.9,Hotel,https://www.google.com/maps/place/Ruby+Hotel/data=!4m10!3m9!1s0x36cc783568cf0293:0x64645b38c02e6010!5m2!4m1!1i2!8m2!3d22.8315714!4d104.9874205!16s%2Fg%2F11f5ly9xq9!19sChIJkwLPaDV4zDYREGAuwDhbZGQ?authuser=0&hl=en&rclk=1,
"239 Nguyễn Văn Linh, P. Quang Trung, Hà Giang, 310000 ",22.8413527,104.9796805,Lotus Premium Lodge,0965 481 678 ,234000.0,"₫234,000",4.4,Hotel,https://www.google.com/maps/place/Lotus+Premium+Lodge/data=!4m10!3m9!1s0x36cc790037e153af:0xc33c85bf920bb71!5m2!4m1!1i2!8m2!3d22.8413527!4d104.9796805!16s%2Fg%2F11vz4t4f0m!19sChIJr1PhNwB5zDYRcbsg-VvIMww?authuser=0&hl=en&rclk=1,https://lotushagiang.com/
"54a Đ. Trần Phú, street, Hà Giang ",22.8198041,104.9871656,Hà Giang 1 Hostel and Tour,0366 166 968 ,240588.0,"₫240,588",4.9,Hostel,https://www.google.com/maps/place/H%C3%A0+Giang+1+Hostel+and+Tour/data=!4m10!3m9!1s0x36cc784d6045cd3b:0xf13234dae33ea7e6!5m2!4m1!1i2!8m2!3d22.8198041!4d104.9871656!16s%2Fg%2F11f4wtkb1j!19sChIJO81FYE14zDYR5qc-49o0MvE?authuser=0&hl=en&rclk=1,http://motorbiketourshagiang1hostel.com/
"Hotel - Long Hotel - coffee & restaurants, 134b Lý Tự Trọng, P. Minh Khai, Hà Giang ",22.8236046,104.9896467,Long Hotel,0342 475 666 ,299813.0,"₫299,813",4.0,Hotel,https://www.google.com/maps/place/Long+Hotel/data=!4m10!3m9!1s0x36cc799584372545:0x3dd8d4efc6f67b7!5m2!4m1!1i2!8m2!3d22.8236046!4d104.9896467!16s%2Fg%2F11fhm511jk!19sChIJRSU3hJV5zDYRt2dv_E6N3QM?authuser=0&hl=en&rclk=1,
"395 Nguyễn Trãi, P. Nguyễn Trãi, Hà Giang ",22.8230876,104.9831892,Huy Hoan hotel,0219 3861 288 ,573292.0,"₫573,292",3.9,Hotel,https://www.google.com/maps/place/Huy+Hoan+hotel/data=!4m10!3m9!1s0x36cc79adb1d1d31b:0xb2f7568fc418861e!5m2!4m1!1i2!8m2!3d22.8230876!4d104.9831892!16s%2Fg%2F1hc33_zvv!19sChIJG9PRsa15zDYRHoYYxI9W97I?authuser=0&hl=en&rclk=1,https://huyhoanhotel.com/
"49 Đường Lâm Đồng, P. Trần Phú, Hà Giang, 310000 ",22.8315714,104.9874205,Ruby Hotel,0912 356 969 ,105290.0,"₫105,290",3.9,Hotel,https://www.google.com/maps/place/Ruby+Hotel/data=!4m10!3m9!1s0x36cc783568cf0293:0x64645b38c02e6010!5m2!4m1!1i2!8m2!3d22.8315714!4d104.9874205!16s%2Fg%2F11f5ly9xq9!19sChIJkwLPaDV4zDYREGAuwDhbZGQ?authuser=0&hl=en&rclk=1,
"239 Nguyễn Văn Linh, P. Quang Trung, Hà Giang, 310000 ",22.8413527,104.9796805,Lotus Premium Lodge,0965 481 678 ,234000.0,"₫234,000",4.4,Hotel,https://www.google.com/maps/place/Lotus+Premium+Lodge/data=!4m10!3m9!1s0x36cc790037e153af:0xc33c85bf920bb71!5m2!4m1!1i2!8m2!3d22.8413527!4d104.9796805!16s%2Fg%2F11vz4t4f0m!19sChIJr1PhNwB5zDYRcbsg-VvIMww?authuser=0&hl=en&rclk=1,https://lotushagiang.com/
"54a Đ. Trần Phú, street, Hà Giang ",22.8198041,104.9871656,Hà Giang 1 Hostel and Tour,0366 166 968 ,240588.0,"₫240,588",4.9,Hostel,https://www.google.com/maps/place/H%C3%A0+Giang+1+Hostel+and+Tour/data=!4m10!3m9!1s0x36cc784d6045cd3b:0xf13234dae33ea7e6!5m2!4m1!1i2!8m2!3d22.8198041!4d104.9871656!16s%2Fg%2F11f4wtkb1j!19sChIJO81FYE14zDYR5qc-49o0MvE?authuser=0&hl=en&rclk=1,http://motorbiketourshagiang1hostel.com/
"Hotel - Long Hotel - coffee & restaurants, 134b Lý Tự Trọng, P. Minh Khai, Hà Giang ",22.8236046,104.9896467,Long Hotel,0342 475 666 ,299813.0,"₫299,813",4.0,Hotel,https://www.google.com/maps/place/Long+Hotel/data=!4m10!3m9!1s0x36cc799584372545:0x3dd8d4efc6f67b7!5m2!4m1!1i2!8m2!3d22.8236046!4d104.9896467!16s%2Fg%2F11fhm511jk!19sChIJRSU3hJV5zDYRt2dv_E6N3QM?authuser=0&hl=en&rclk=1,
"395 Nguyễn Trãi, P. Nguyễn Trãi, Hà Giang ",22.8230876,104.9831892,Huy Hoan hotel,0219 3861 288 ,573292.0,"₫573,292",3.9,Hotel,https://www.google.com/maps/place/Huy+Hoan+hotel/data=!4m10!3m9!1s0x36cc79adb1d1d31b:0xb2f7568fc418861e!5m2!4m1!1i2!8m2!3d22.8230876!4d104.9831892!16s%2Fg%2F1hc33_zvv!19sChIJG9PRsa15zDYRHoYYxI9W97I?authuser=0&hl=en&rclk=1,https://huyhoanhotel.com/
"QXGC+227, Unnamed Road, Phương Thiện, Hà Giang ",22.775035,104.9700571,A SÍNH HOMESTAY,,88400.0,"₫88,400",4.8,Homestay,https://www.google.com/maps/place/A+S%C3%8DNH+HOMESTAY/data=!4m10!3m9!1s0x36cc79beac1322f3:0x8f49468d7cc312fe!5m2!4m1!1i2!8m2!3d22.775035!4d104.9700571!16s%2Fg%2F11q23bj7pl!19sChIJ8yITrL55zDYR_hLDfI1GSY8?authuser=0&hl=en&rclk=1,
"08 Mai Hắc Đế, P. Nguyễn Trãi, Hà Giang ",22.8141747,104.9796582,Lila Inn & Tours | Ha Giang Loop with Small Group,0968 321 715 ,180000.0,"₫180,000",4.9,Hotel,https://www.google.com/maps/place/Lila+Inn+%26+Tours+%7C+Ha+Giang+Loop+with+Small+Group/data=!4m10!3m9!1s0x36cc7958ba985e95:0x7e2664f5ea54702b!5m2!4m1!1i2!8m2!3d22.8141747!4d104.9796582!16s%2Fg%2F11h1md4f20!19sChIJlV6Yulh5zDYRK3BU6vVkJn4?authuser=0&hl=en&rclk=1,https://lilainn.tours/
"441 20 Tháng 8, Phương Độ, Hà Giang ",22.8274859,104.9536573,Maison Teahouse Bungalow,,357246.0,"₫357,246",4.1,Hotel,https://www.google.com/maps/place/Maison+Teahouse+Bungalow/data=!4m10!3m9!1s0x36cc79a70343a933:0x95038eef5c303017!5m2!4m1!1i2!8m2!3d22.8274859!4d104.9536573!16s%2Fg%2F11h39s33fq!19sChIJM6lDA6d5zDYRFzAwXO-OA5U?authuser=0&hl=en&rclk=1,http://mai-son-tea-homestay-vn.book.direct/?utm_source=gmb
"67A Nguyễn Văn Cừ, P. Minh Khai, Hà Giang ",22.8265351,104.9866826,Loop Central Stay Tour & Motorbike Rental,0363 288 558 ,200260.0,"₫200,260",5.0,Hotel,https://www.google.com/maps/place/Loop+Central+Stay+Tour+%26+Motorbike+Rental/data=!4m10!3m9!1s0x36cc79007fbf4a25:0x34e0e347d2d74671!5m2!4m1!1i2!8m2!3d22.8265351!4d104.9866826!16s%2Fg%2F11xmwsbjl9!19sChIJJUq_fwB5zDYRcUbX0kfj4DQ?authuser=0&hl=en&rclk=1,https://loopcentralstay.com/
"Thôn Hạ Thành, Phương Độ, Hà Giang, 310000 ",22.8414664,104.9346689,Dong Que homestay,0399 861 199 ,29062.0,"₫29,062",4.6,Homestay,https://www.google.com/maps/place/Dong+Que+homestay/data=!4m10!3m9!1s0x36cc7a1ebea028c9:0xec95a0ce957c8cde!5m2!4m1!1i2!8m2!3d22.8414664!4d104.9346689!16s%2Fg%2F11dxl37b78!19sChIJySigvh56zDYR3ox8lc6glew?authuser=0&hl=en&rclk=1,http://www.dongquehomestay.com/
"86 Cầu Mè, Phương Thiện, Hà Giang, 310000 ",22.801566,104.9799661,TEA HOTEL by Chiến Hảo,0369 207 899 ,528247.0,"₫528,247",5.0,Hotel,https://www.google.com/maps/place/TEA+HOTEL+by+Chi%E1%BA%BFn+H%E1%BA%A3o/data=!4m10!3m9!1s0x36cc79026805a3e7:0x94d478faf0943d85!5m2!4m1!1i2!8m2!3d22.801566!4d104.9799661!16s%2Fg%2F11x8xk42qk!19sChIJ56MFaAJ5zDYRhT2U8Pp41JQ?authuser=0&hl=en&rclk=1,
"Thông Nguyên, Hoàng Su Phì District, Hà Giang 20623 ",22.587944,104.7464294,Tay Eco House,0368 446 224 ,390000.0,"₫390,000",5.0,Hotel,https://www.google.com/maps/place/Tay+Eco+House/data=!4m10!3m9!1s0x36cc8dba00809887:0x5916f8bee933c4fb!5m2!4m1!1i2!8m2!3d22.587944!4d104.7464294!16s%2Fg%2F11vy_zr9zp!19sChIJh5iAALqNzDYR-8Qz6b74Flk?authuser=0&hl=en&rclk=1,
"228 Lý Tự Trọng, P. Minh Khai, Hà Giang ",22.8283501,104.9899622,Hotels Triangle Circuits,0983 011 488 ,304692.0,"₫304,692",3.9,Hotel,https://www.google.com/maps/place/Hotels+Triangle+Circuits/data=!4m10!3m9!1s0x36cc784a35889085:0xdb3ddade5921f188!5m2!4m1!1i2!8m2!3d22.8283501!4d104.9899622!16s%2Fg%2F11c2llxtph!19sChIJhZCINUp4zDYRiPEhWd7aPds?authuser=0&hl=en&rclk=1,
"59a Nguyễn Thái Học, Street, Hà Giang, 310000 ",22.8212431,104.9846399,"Bông Hostel, Ha Giang loop",0888 526 606 ,600680.0,"₫600,680",4.9,Hostel,"https://www.google.com/maps/place/B%C3%B4ng+Hostel,+Ha+Giang+loop/data=!4m10!3m9!1s0x36cc7852b42bea35:0x34124015b502f7e3!5m2!4m1!1i2!8m2!3d22.8212431!4d104.9846399!16s%2Fg%2F11cmh1d077!19sChIJNeortFJ4zDYR4_cCtRVAEjQ?authuser=0&hl=en&rclk=1",https://www.bongbackpackerhostel.com/
"91 Đ. Lê Quý Đôn, P. Nguyễn Trãi, Hà Giang, 310000 ",22.8286111,104.9814825,Royal Hotel Ha Giang,0336 422 333 ,466172.0,"₫466,172",4.4,Hotel,https://www.google.com/maps/place/Royal+Hotel+Ha+Giang/data=!4m10!3m9!1s0x36cc79b44ba02c95:0xdb7aeb3ba90087e4!5m2!4m1!1i2!8m2!3d22.8286111!4d104.9814825!16s%2Fg%2F11fkp0dy2x!19sChIJlSygS7R5zDYR5IcAqTvrets?authuser=0&hl=en&rclk=1,
"Sky Building, No.15 Nguyễn Thái Học, Street, Hà Giang, 310000 ",22.8203374,104.9839402,Sky Hotel & Homestay Hà Giang,0376 028 369 ,315000.0,"₫315,000",4.9,Homestay,https://www.google.com/maps/place/Sky+Hotel+%26+Homestay+H%C3%A0+Giang/data=!4m10!3m9!1s0x36cc79016abc6b25:0x726a7625046c0901!5m2!4m1!1i2!8m2!3d22.8203374!4d104.9839402!16s%2Fg%2F11ty06tn4c!19sChIJJWu8agF5zDYRAQlsBCV2anI?authuser=0&hl=en&rclk=1,https://www.facebook.com/skyhomestayhagiang
"city, QL4C, Thuận Hoà, Vị Xuyên, Hà Giang 20213 ",22.8702342,105.0079143,Villa Xiav,0866 653 768 ,751244.0,"₫751,244",5.0,Villa,https://www.google.com/maps/place/Villa+Xiav/data=!4m10!3m9!1s0x36cc777217b07bfb:0x3737a1276efb2fe6!5m2!4m1!1i2!8m2!3d22.8702342!4d105.0079143!16s%2Fg%2F11nfm1h7f9!19sChIJ-3uwF3J3zDYR5i_7biehNzc?authuser=0&hl=en&rclk=1,
"Suôi Thầu, Hoàng Su Phì District, Hà Giang ",22.6895527,104.6650402,Trà My Lúa Vàng Bản Luốc,0867 687 899 ,842371.0,"₫842,371",5.0,Hotel,https://www.google.com/maps/place/Tr%C3%A0+My+L%C3%BAa+V%C3%A0ng+B%E1%BA%A3n+Lu%E1%BB%91c/data=!4m10!3m9!1s0x36cc8bdfd37b76ed:0x7ca9d8fddbf84c61!5m2!4m1!1i2!8m2!3d22.6895527!4d104.6650402!16s%2Fg%2F11tnkbxj31!19sChIJ7XZ709-LzDYRYUz42_3YqXw?authuser=0&hl=en&rclk=1,
"ngõ 30 đường 3/2, Ngọc Hà, Hà Giang, 310000 ",22.8437853,105.0102675,Ha Giang Loop Hostel,0944 686 366 ,240000.0,"₫240,000",4.6,Hostel,https://www.google.com/maps/place/Ha+Giang+Loop+Hostel/data=!4m10!3m9!1s0x36cc799ddb96e101:0x374e83062a305e9d!5m2!4m1!1i2!8m2!3d22.8437853!4d105.0102675!16s%2Fg%2F11q9m0_cv2!19sChIJAeGW2515zDYRnV4wKgaDTjc?authuser=0&hl=en&rclk=1,http://hagiangloophostel.com/
"Đội 2 thôn, Lâm Đồng, Phương Thiện, Tp. Hà Giang, Hà Giang 310000 ",22.8057551,104.9754435,HG Hostel & Motorbikes,0327 258 338 ,253958.0,"₫253,958",4.8,Hostel,https://www.google.com/maps/place/HG+Hostel+%26+Motorbikes/data=!4m10!3m9!1s0x36cc79a041095cf7:0x8267f105c92f0cac!5m2!4m1!1i2!8m2!3d22.8057551!4d104.9754435!16s%2Fg%2F11sw4r_k9h!19sChIJ91wJQaB5zDYRrAwvyQXxZ4I?authuser=0&hl=en&rclk=1,
