address,latitude,longitude,name,phone,price,price_text,rating,type,url,website
"105 Đường Hai Bà Trưng, Phường 6, Đà Lạt, Lâm Đồng 670000 ",11.945054,108.433109,Coba Coffee,0945 209 079 ,100000.0,"100,000",4.8,Coffee Shop,https://www.google.com/maps/place/Coba+Coffee/data=!4m7!3m6!1s0x317113b01b67ca3b:0xfb4c70070a4833db!8m2!3d11.945054!4d108.433109!16s%2Fg%2F11h101ggd0!19sChIJO8pnG7ATcTER2zNICgdwTPs?authuser=0&hl=en&rclk=1,http://cobacaphedalat.com/
"Hẻm 31 Sào Nam, Phường 11, Đà Lạt, Lâm Đồng 66100 ",11.9409956,108.4836846,Tiệm Cà Phê Túi Mơ To,0978 476 942 ,100000.0,"100,000",4.5,Coffee Shop,https://www.google.com/maps/place/Ti%E1%BB%87m+C%C3%A0+Ph%C3%AA+T%C3%BAi+M%C6%A1+To/data=!4m7!3m6!1s0x3171137e0b663621:0xbd8adab3ed9921bd!8m2!3d11.9409956!4d108.4836846!16s%2Fg%2F11ngjpscp5!19sChIJITZmC34TcTERvSGZ7bPair0?authuser=0&hl=en&rclk=1,https://www.facebook.com/tiemcaphe.tuimoto
"206/15 Đ. Tô Ngọc Vân, Phường 2, Đà Lạt, Lâm Đồng 670000 ",11.9492694,108.4336456,Cafe Tỏi Đen - Quán cà phê trung tâm Đà Lạt,0968 115 005 ,100000.0,"100,000",4.6,Coffee Shop,https://www.google.com/maps/place/Cafe+T%E1%BB%8Fi+%C4%90en+-+Qu%C3%A1n+c%C3%A0+ph%C3%AA+trung+t%C3%A2m+%C4%90%C3%A0+L%E1%BA%A1t/data=!4m7!3m6!1s0x31711327c646f10d:0x6902656e3f1caafb!8m2!3d11.9492694!4d108.4336456!16s%2Fg%2F11bzv05y4x!19sChIJDfFGxicTcTER-6ocP25lAmk?authuser=0&hl=en&rclk=1,http://cafetoiden.vn/
"49 Khe Sanh, Phường 10, Đà Lạt, Lâm Đồng ",11.9333888,108.4581501,Dalat View cafe,0888 888 081 ,100000.0,"100,000",4.0,Coffee Shop,https://www.google.com/maps/place/Dalat+View+cafe/data=!4m7!3m6!1s0x31711300781641b7:0x1b0c68b67c1c2091!8m2!3d11.9333888!4d108.4581501!16s%2Fg%2F11f66qjq_s!19sChIJt0EWeAATcTERkSAcfLZoDBs?authuser=0&hl=en&rclk=1,http://dalatview.com/
"6A Trần Hưng Đạo, Phường 3, Đà Lạt, Lâm Đồng 670000 ",11.9361248,108.4442214,Nhà Lồng Coffee,0974 324 243 ,100000.0,"100,000",4.7,Coffee Shop,https://www.google.com/maps/place/Nh%C3%A0+L%E1%BB%93ng+Coffee/data=!4m7!3m6!1s0x317113408018ab01:0x373cef5677f1ba07!8m2!3d11.9361248!4d108.4442214!16s%2Fg%2F11gwml7bct!19sChIJAasYgEATcTERB7rxd1bvPDc?authuser=0&hl=en&rclk=1,
"19 Đường Nguyễn Khuyến, Phường 5, Đà Lạt, Lâm Đồng 66000 ",11.9442973,108.4219362,Quiet Art Cafe,0913 826 768 ,100000.0,"100,000",5.0,Coffee Shop,https://www.google.com/maps/place/Quiet+Art+Cafe/data=!4m7!3m6!1s0x31716d81a4af6ef7:0xbf21b8629d9d620b!8m2!3d11.9442973!4d108.4219362!16s%2Fg%2F11l3n_y766!19sChIJ926vpIFtcTERC2KdnWK4Ib8?authuser=0&hl=en&rclk=1,https://www.facebook.com/langartcaphe/
"24 Hùng Vương, Phường 10, Đà Lạt, Lâm Đồng 670000 ",11.9451751,108.4641901,Nhà hàng Memory Đà Lạt - The Memory Restaurant,0916 871 306 ,null,,4.6,Restaurant,https://www.google.com/maps/place/Nh%C3%A0+h%C3%A0ng+Memory+%C4%90%C3%A0+L%E1%BA%A1t+-+The+Memory+Restaurant/data=!4m7!3m6!1s0x31711302e3cea4e5:0xa9a701c25b10efd9!8m2!3d11.9451751!4d108.4641901!16s%2Fg%2F11df81gky2!19sChIJ5aTO4wITcTER2e8QW8IBp6k?authuser=0&hl=en&rclk=1,https://nhahangdalat.info/
"Vòng Xoay 723, Trại Mát, Đà Lạt, Lâm Đồng ",11.9466682,108.4902526,Panorama Cafe Dalat,0937 772 350 ,100000.0,"100,000",4.3,Coffee Shop,https://www.google.com/maps/place/Panorama+Cafe+Dalat/data=!4m7!3m6!1s0x3171124cdecbde71:0x5217956eb9b9c687!8m2!3d11.9466682!4d108.4902526!16s%2Fg%2F11c6cc21l6!19sChIJcd7L3kwScTERh8a5uW6VF1I?authuser=0&hl=en&rclk=1,
"200 Nguyễn Công Trứ, Phường 8, Đà Lạt, Lâm Đồng 66000 ",11.9567925,108.4350921,La Viet Coffee,0263 3981 189 ,100000.0,"100,000",4.5,Coffee Shop,https://www.google.com/maps/place/La+Viet+Coffee/data=!4m7!3m6!1s0x317112d0ec679cb9:0x69dd101b15161e40!8m2!3d11.9567925!4d108.4350921!16s%2Fg%2F11cjh_0nd3!19sChIJuZxn7NAScTERQB4WFRsQ3Wk?authuser=0&hl=en&rclk=1,http://www.laviet.coffee/
"89 Hoàng Hoa Thám, Phường 10, Đà Lạt, Lâm Đồng ",11.9336278,108.4647733,Tiệm cà phê Bình Minh Ơi,0925 903 634 ,100000.0,"100,000",4.4,Coffee Shop,https://www.google.com/maps/place/Ti%E1%BB%87m+c%C3%A0+ph%C3%AA+B%C3%ACnh+Minh+%C6%A0i/data=!4m7!3m6!1s0x317113516992abd1:0x44cf319313eafc9f!8m2!3d11.9336278!4d108.4647733!16s%2Fg%2F11sx6wbc04!19sChIJ0auSaVETcTERn_zqE5Mxz0Q?authuser=0&hl=en&rclk=1,https://www.facebook.com/Tiemcaphebinhminhoi
"4 Đường Đống Đa, Phường 3, Đà Lạt, Lâm Đồng 66000 ",11.9259335,108.4453393,Đà Lạt Nights,0862 961 579 ,100000.0,"100,000",4.1,Coffee Shop,https://www.google.com/maps/place/%C4%90%C3%A0+L%E1%BA%A1t+Nights/data=!4m7!3m6!1s0x3171131a3adc1fb3:0x54e8894866e7c710!8m2!3d11.9259335!4d108.4453393!16s%2Fg%2F1tg6s5xn!19sChIJsx_cOhoTcTEREMfnZkiJ6FQ?authuser=0&hl=en&rclk=1,https://www.facebook.com/Dalatnightscafe
"116 Đ. Hùng Vương, Phường 11, Đà Lạt, Lâm Đồng 66000 ",11.9381566,108.4823005,Tiệm cà phê Cheo veooo,0921 297 299 ,100000.0,"100,000",4.5,Coffee Shop,https://www.google.com/maps/place/Ti%E1%BB%87m+c%C3%A0+ph%C3%AA+Cheo+veooo/data=!4m7!3m6!1s0x3171133b90a317fb:0x90af4ba6231f53a4!8m2!3d11.9381566!4d108.4823005!16s%2Fg%2F11h0kq8pkr!19sChIJ-xejkDsTcTERpFMfI6ZLr5A?authuser=0&hl=en&rclk=1,https://www.facebook.com/cheoveooo/
"6 Khu Hoà Bình, Phường 1, Đà Lạt, Lâm Đồng ",11.944171,108.4358881,Cafe Tùng,,100000.0,"100,000",4.5,Coffee Shop,https://www.google.com/maps/place/Cafe+T%C3%B9ng/data=!4m7!3m6!1s0x31711315afdf4207:0x5842606a8af22c1f!8m2!3d11.944171!4d108.4358881!16s%2Fg%2F11rwq7d3d9!19sChIJB0LfrxUTcTERHyzyimpgQlg?authuser=0&hl=en&rclk=1,
"31/6 Đường 3/4, Phường 3, Đà Lạt, Lâm Đồng ",11.9238342,108.4483607,Horizon Coffee - BBQ,0367 255 299 ,100000.0,"100,000",4.2,Coffee Shop,https://www.google.com/maps/place/Horizon+Coffee+-+BBQ/data=!4m7!3m6!1s0x317113c342e671ff:0x5d6d9fd0c9af533!8m2!3d11.9238342!4d108.4483607!16s%2Fg%2F11h336hkld!19sChIJ_3HmQsMTcTERM_WaDP3Z1gU?authuser=0&hl=en&rclk=1,https://m.facebook.com/horizondalat/
"Hẻm 31, 8 Đường 3/4, Phường 3, Đà Lạt, Lâm Đồng ",11.920853,108.447134,Lưng Chừng,0972 850 852 ,100000.0,"100,000",4.3,Coffee Shop,https://www.google.com/maps/place/L%C6%B0ng+Ch%E1%BB%ABng/data=!4m7!3m6!1s0x3171133a5a14cb67:0x20199be1eb982385!8m2!3d11.920853!4d108.447134!16s%2Fg%2F11ll9w06d2!19sChIJZ8sUWjoTcTERhSOY6-GbGSA?authuser=0&hl=en&rclk=1,https://dalatreview.vn/lung-chung-tiem-ca-phe-ban-su-binh-yen.html
"59 Nguyễn Trãi, Phường 9, Đà Lạt, Lâm Đồng 66111 ",11.9443445,108.4543587,Still Cafe,0869 275 079 ,100000.0,"100,000",4.5,Coffee Shop,https://www.google.com/maps/place/Still+Cafe/data=!4m7!3m6!1s0x3171131ee16d0c6b:0xb2854c0b76957c47!8m2!3d11.9443445!4d108.4543587!16s%2Fg%2F11fz2kv7q9!19sChIJawxt4R4TcTERR3yVdgtMhbI?authuser=0&hl=en&rclk=1,https://www.facebook.com/still.dalat
"48 Đường Thiện Ý, Phường 4, Đà Lạt, Lâm Đồng 66000 ",11.9374483,108.4240525,Thềm Nhà Có Hoa,0903 692 426 ,100000.0,"100,000",4.9,Coffee Shop,https://www.google.com/maps/place/Th%E1%BB%81m+Nh%C3%A0+C%C3%B3+Hoa/data=!4m7!3m6!1s0x31716d67f9198deb:0xbb02cc458d7e2808!8m2!3d11.9374483!4d108.4240525!16s%2Fg%2F11nntqyg74!19sChIJ640Z-WdtcTERCCh-jUXMArs?authuser=0&hl=en&rclk=1,https://www.facebook.com/share/1HneFndsda/?mibextid=wwXIfr
"2/2 2, Trần Quang Diệu, Phường 10, Đà Lạt, Lâm Đồng ",11.9420569,108.4669705,Gâu Garden,0988 651 357 ,100000.0,"100,000",4.3,Coffee Shop,https://www.google.com/maps/place/G%C3%A2u+Garden/data=!4m7!3m6!1s0x317113635afbb973:0x6d11948eb0306aa6!8m2!3d11.9420569!4d108.4669705!16s%2Fg%2F11g22yn8qy!19sChIJc7n7WmMTcTERpmowsI6UEW0?authuser=0&hl=en&rclk=1,https://www.facebook.com/Gau.Gardendl?mibextid=LQQJ4d
"14 Đường Đống Đa, Phường 3, Đà Lạt, Lâm Đồng 670000 ",11.9268783,108.4416005,Dalat Golf Cafe - Cafe ngắm view toàn cảnh thành phố Đà Lạt,0263 3503 535 ,100000.0,"100,000",4.0,Coffee Shop,https://www.google.com/maps/place/Dalat+Golf+Cafe+-+Cafe+ng%E1%BA%AFm+view+to%C3%A0n+c%E1%BA%A3nh+th%C3%A0nh+ph%E1%BB%91+%C4%90%C3%A0+L%E1%BA%A1t/data=!4m7!3m6!1s0x317113f527c1930d:0x9703112b35e93b68!8m2!3d11.9268783!4d108.4416005!16s%2Fg%2F11h7fnpn3t!19sChIJDZPBJ_UTcTERaDvpNSsRA5c?authuser=0&hl=en&rclk=1,https://amazingdalat.com/
"Sân Thượng, 19 Đường Lê Đại Hành, Phường 03, Đà Lạt, Lâm Đồng 670000 ",11.9385246,108.4380427,Chốn Bình Yên Coffee - Đà Lạt,0906 819 295 ,100000.0,"100,000",4.7,Coffee Shop,https://www.google.com/maps/place/Ch%E1%BB%91n+B%C3%ACnh+Y%C3%AAn+Coffee+-+%C4%90%C3%A0+L%E1%BA%A1t/data=!4m7!3m6!1s0x3171135d35d8bab9:0x8a076024527a6e9a!8m2!3d11.9385246!4d108.4380427!16s%2Fg%2F11vyyftzsj!19sChIJubrYNV0TcTERmm56UiRgB4o?authuser=0&hl=en&rclk=1,https://www.facebook.com/chonbinhyencoffee
"9 Đường Triệu Việt Vương, Phường 4, Đà Lạt, Lâm Đồng ",11.9308749,108.4283069,Quán Của Thời Thanh Xuân,0914 142 850 ,100000.0,"100,000",4.9,Restaurant,https://www.google.com/maps/place/Qu%C3%A1n+C%E1%BB%A7a+Th%E1%BB%9Di+Thanh+Xu%C3%A2n/data=!4m7!3m6!1s0x317113affdffa0c3:0xbb47c65b7e6748a9!8m2!3d11.9308749!4d108.4283069!16s%2Fg%2F11lhb4bwfj!19sChIJw6D__a8TcTERqUhnflvGR7s?authuser=0&hl=en&rclk=1,http://nhacuathoithanhxuan.com/
"63Bis Ba Tháng Hai, Phường 1, Đà Lạt, Lâm Đồng 661100 ",11.9416988,108.4338265,An CaFe Global,0961 100 063 ,100000.0,"100,000",4.3,Coffee Shop,https://www.google.com/maps/place/An+CaFe+Global/data=!4m7!3m6!1s0x3171132e8180b17f:0x31c1592cbaa353c2!8m2!3d11.9416988!4d108.4338265!16s%2Fg%2F11bxfpwgm0!19sChIJf7GAgS4TcTERwlOjuixZwTE?authuser=0&hl=en&rclk=1,http://ancafeglobal.com/
"2/4, Trần Quang Diệu, Phường 10, Đà Lạt, Lâm Đồng 670000 ",11.9419828,108.4668039,Kimochi coffee,0342 824 179 ,100000.0,"100,000",4.4,Coffee Shop,https://www.google.com/maps/place/Kimochi+coffee/data=!4m7!3m6!1s0x317113336cd76769:0xa1e1ca6a32cee591!8m2!3d11.9419828!4d108.4668039!16s%2Fg%2F11j4trrc46!19sChIJaWfXbDMTcTERkeXOMmrK4aE?authuser=0&hl=en&rclk=1,https://www.facebook.com/kimochicoffee.dalat
"WFPM+HCJ, Dã Chiến, Đà Lạt, Lâm Đồng ",11.9364747,108.4835164,Kong Coffee,0909 994 125 ,100000.0,"100,000",4.6,Coffee Shop,https://www.google.com/maps/place/Kong+Coffee/data=!4m7!3m6!1s0x317113af733a869b:0x5077916e462f070!8m2!3d11.9364747!4d108.4835164!16s%2Fg%2F11g8vt7cxz!19sChIJm4Y6c68TcTERcPBi5BZ5BwU?authuser=0&hl=en&rclk=1,https://www.facebook.com/kongcafedalat
"9 Trần Hưng Đạo, Phường 10, Đà Lạt, Lâm Đồng 670000 ",11.9371712,108.4485328,Cà phê Tiệm may Nhớ Hoài (phim trường chính gốc phim Em và Trịnh),0933 079 857 ,100000.0,"100,000",4.8,Coffee Shop,https://www.google.com/maps/place/C%C3%A0+ph%C3%AA+Ti%E1%BB%87m+may+Nh%E1%BB%9B+Ho%C3%A0i+%28phim+tr%C6%B0%E1%BB%9Dng+ch%C3%ADnh+g%E1%BB%91c+phim+Em+v%C3%A0+Tr%E1%BB%8Bnh%29/data=!4m7!3m6!1s0x317113cab1eda681:0xc3ead54bd288cdad!8m2!3d11.9371712!4d108.4485328!16s%2Fg%2F11nh4g3ptr!19sChIJgabtscoTcTERrc2I0kvV6sM?authuser=0&hl=en&rclk=1,https://www.facebook.com/caphetiemmaynhohoaia
"09 Trần Hưng Đạo, Phường 10, Đà Lạt, Lâm Đồng 670000 ",11.9377603,108.4487991,Sunshine Coffee Dalat,0911 665 021 ,null,,4.2,Coffee Shop,https://www.google.com/maps/place/Sunshine+Coffee+Dalat/data=!4m7!3m6!1s0x3171133d2de42837:0x877d9ade4fac805c!8m2!3d11.9377603!4d108.4487991!16s%2Fg%2F11c3tqzd_q!19sChIJNyjkLT0TcTERXICsT96afYc?authuser=0&hl=en&rclk=1,https://www.facebook.com/sunshinecoffeedalat
"360 Tự Phước, Xuân Thọ, Đà Lạt, Lâm Đồng 66000 ",11.9431576,108.5025077,Ixora Homestay & Coffee,0918 819 233 ,null,,4.9,Coffee Shop,https://www.google.com/maps/place/Ixora+Homestay+%26+Coffee/data=!4m7!3m6!1s0x31711389de9199a7:0xd170d6bf617e5e57!8m2!3d11.9431576!4d108.5025077!16s%2Fg%2F11j1f3sq19!19sChIJp5mR3okTcTERV15-Yb_WcNE?authuser=0&hl=en&rclk=1,https://www.facebook.com/ixoracoffee/
"12_6 Lê Văn Tám, Phường 10, Đà Lạt, Lâm Đồng ",11.9371731,108.4544329,Tiệm cà phê Phía Tây Mặt Trời - Specialty coffee Da Lat,0772 277 444 ,100000.0,"100,000",4.7,Coffee Shop,https://www.google.com/maps/place/Ti%E1%BB%87m+c%C3%A0+ph%C3%AA+Ph%C3%ADa+T%C3%A2y+M%E1%BA%B7t+Tr%E1%BB%9Di+-+Specialty+coffee+Da+Lat/data=!4m7!3m6!1s0x31711344dbfee2cd:0x59ba296e9158de74!8m2!3d11.9371731!4d108.4544329!16s%2Fg%2F11n0419sl2!19sChIJzeL-20QTcTERdN5YkW4pulk?authuser=0&hl=en&rclk=1,https://www.instagram.com/tiemcafephiataymattroi/
"85 Xô Viết Nghệ Tĩnh, Phường 7, Đà Lạt, Lâm Đồng ",11.9640313,108.4311411,Green box Coffee,0866 267 641 ,100000.0,"100,000",4.5,Coffee Shop,https://www.google.com/maps/place/Green+box+Coffee/data=!4m7!3m6!1s0x317112d195111c95:0x5e81fe63232603b7!8m2!3d11.9640313!4d108.4311411!16s%2Fg%2F11g8f_j5t7!19sChIJlRwRldEScTERtwMmI2P-gV4?authuser=0&hl=en&rclk=1,http://www.facebook.com/greenboxdlvn
"1 Đ. Nguyễn Chí Thanh, Phường 1, Đà Lạt, Lâm Đồng ",11.9420274,108.4363165,Cafe Gia Nguyễn,0263 3510 499 ,100000.0,"100,000",3.8,Coffee Shop,https://www.google.com/maps/place/Cafe+Gia+Nguy%E1%BB%85n/data=!4m7!3m6!1s0x3171132ee3b54399:0x9db8115f77193cca!8m2!3d11.9420274!4d108.4363165!16s%2Fg%2F11b7sv6p7q!19sChIJmUO14y4TcTERyjwZd18RuJ0?authuser=0&hl=en&rclk=1,
"Khe sanh, Phường 10, Đà Lạt, Lâm Đồng 66100 ",11.9055213,108.4635508,Tiệm Cafe Trong rừng,0908 861 118 ,100000.0,"100,000",4.5,Coffee Shop,https://www.google.com/maps/place/Ti%E1%BB%87m+Cafe+Trong+r%E1%BB%ABng/data=!4m7!3m6!1s0x3171138ca1ef8e49:0x2fb16d65fb4dc8cb!8m2!3d11.9055213!4d108.4635508!16s%2Fg%2F11rggxwdbr!19sChIJSY7voYwTcTERy8hN-2VtsS8?authuser=0&hl=en&rclk=1,https://top1dexuat.com/tiem-ca-phe-trong-rung-da-lat/
"678 Đ. Hùng Vương, Phường 11, Đà Lạt, Lâm Đồng ",11.9459645,108.4885109,Đà Lạt - Vì yêu mà đến,0944 114 749 ,100000.0,"100,000",4.4,Coffee Shop,https://www.google.com/maps/place/%C4%90%C3%A0+L%E1%BA%A1t+-+V%C3%AC+y%C3%AAu+m%C3%A0+%C4%91%E1%BA%BFn/data=!4m7!3m6!1s0x3171137c2c2bd797:0x499aac7259296b09!8m2!3d11.9459645!4d108.4885109!16s%2Fg%2F11t3zk2pxk!19sChIJl9crLHwTcTERCWspWXKsmkk?authuser=0&hl=en&rclk=1,http://facebook.com/dalat.viyeumaden.cafe
"27 Hẻm, 1 Đường Đặng Thái Thân, Phường 3, Đà Lạt, Lâm Đồng ",11.9317664,108.4527627,Khu Vườn Mùa Hè,0931 864 961 ,100000.0,"100,000",4.6,Coffee Shop,https://www.google.com/maps/place/Khu+V%C6%B0%E1%BB%9Dn+M%C3%B9a+H%C3%A8/data=!4m7!3m6!1s0x317113a3674209e5:0xcd75d4263e6a3c38!8m2!3d11.9317664!4d108.4527627!16s%2Fg%2F11h9kv0d7_!19sChIJ5QlCZ6MTcTERODxqPibUdc0?authuser=0&hl=en&rclk=1,
"01 Đ. Trần Quốc Toản, Phường 1, Đà Lạt, Lâm Đồng ",11.9438705,108.4496602,Xuân Hương Garden Coffee,0263 3617 617 ,100000.0,"100,000",4.1,Coffee Shop,https://www.google.com/maps/place/Xu%C3%A2n+H%C6%B0%C6%A1ng+Garden+Coffee/data=!4m7!3m6!1s0x31711321921ab1eb:0xed01f038d0123ec1!8m2!3d11.9438705!4d108.4496602!16s%2Fg%2F11f4tdz46b!19sChIJ67EakiETcTERwT4S0DjwAe0?authuser=0&hl=en&rclk=1,https://www.facebook.com/xuanhuongcoffeedalat/
"18 Trúc Lâm Yên Tử, Phường 3, Đà Lạt, Lâm Đồng ",11.9012269,108.4442234,Lỡ Đà Lạt,0916 637 663 ,100000.0,"100,000",4.6,Coffee Shop,https://www.google.com/maps/place/L%E1%BB%A1+%C4%90%C3%A0+L%E1%BA%A1t/data=!4m7!3m6!1s0x317115a8cdb269f9:0xc0d310e468937460!8m2!3d11.9012269!4d108.4442234!16s%2Fg%2F11sc9dw4c_!19sChIJ-WmyzagVcTERYHSTaOQQ08A?authuser=0&hl=en&rclk=1,
"18/3 Lê Văn Tám, Phường 10, Đà Lạt, Lâm Đồng 670000 ",11.937338,108.4553797,Amelie Coffee,0848 360 538 ,100000.0,"100,000",4.9,Coffee Shop,https://www.google.com/maps/place/Amelie+Coffee/data=!4m7!3m6!1s0x317113cec54445ab:0xb8b4d3a9798ecc02!8m2!3d11.937338!4d108.4553797!16s%2Fg%2F11jzyj6lnv!19sChIJq0VExc4TcTERAsyOeanTtLg?authuser=0&hl=en&rclk=1,
"Hoa Cẩm Tú Cầu, Phường 3, Đà Lạt, Lâm Đồng 66100 ",11.9016983,108.4393224,Suối Mơ,0707 935 999 ,100000.0,"100,000",4.1,Coffee Shop,https://www.google.com/maps/place/Su%E1%BB%91i+M%C6%A1/data=!4m7!3m6!1s0x3171152b66556949:0xe75829a5926865e1!8m2!3d11.9016983!4d108.4393224!16s%2Fg%2F11tdc3crl4!19sChIJSWlVZisVcTER4WVokqUpWOc?authuser=0&hl=en&rclk=1,https://dalatreview.vn/cafe-suoi-mo-dap-tran-7-tang-da-lat.html
"7 Đ. Nguyễn Chí Thanh, Phường 1, Đà Lạt, Lâm Đồng ",11.9414595,108.4365788,"Phê La - Nguyễn Chí Thanh, Đà Lạt",,100000.0,"100,000",4.1,Coffee Shop,"https://www.google.com/maps/place/Ph%C3%AA+La+-+Nguy%C3%AA%CC%83n+Chi%CC%81+Thanh,+%C4%90%C3%A0+L%E1%BA%A1t/data=!4m7!3m6!1s0x317113eb9941bec9:0x5cf171c5dd148869!8m2!3d11.9414595!4d108.4365788!16s%2Fg%2F11ryr54m4b!19sChIJyb5BmesTcTERaYgU3cVx8Vw?authuser=0&hl=en&rclk=1",https://phela.vn/
"118 Đ. Hùng Vương, Phường 11, Đà Lạt, Lâm Đồng 670000 ",11.9371288,108.4834935,LẠC COFFEE,0909 295 089 ,100000.0,"100,000",4.7,Coffee Shop,https://www.google.com/maps/place/L%E1%BA%A0C+COFFEE/data=!4m7!3m6!1s0x3171130a6ad7feab:0xe921986ff1f8d409!8m2!3d11.9371288!4d108.4834935!16s%2Fg%2F11f9_qnsdc!19sChIJq_7XagoTcTERCdT48W-YIek?authuser=0&hl=en&rclk=1,
"8 Khu Hoà Bình, Phường 1, Đà Lạt, Lâm Đồng 670000 ",11.9440831,108.4358314,CHẠM Cafe & Kem Bơ Đà Lạt,1900 9429 ,null,,4.9,Coffee Shop,https://www.google.com/maps/place/CH%E1%BA%A0M+Cafe+%26+Kem+B%C6%A1+%C4%90%C3%A0+L%E1%BA%A1t/data=!4m7!3m6!1s0x31721fd5c96bc025:0x942a3d4c953e6f31!8m2!3d11.9440831!4d108.4358314!16s%2Fg%2F11t7kzqb03!19sChIJJcBrydUfcjERMW8-lUw9KpQ?authuser=0&hl=en&rclk=1,https://www.facebook.com/chamkembo/
"dốc số 7, Trại Mát, Đà Lạt, Lâm Đồng 66000 ",11.943029,108.488097,Thung Lũng Đèn Coffee - BBQ,0943 821 916 ,100000.0,"100,000",4.3,Coffee Shop,https://www.google.com/maps/place/Thung+L%C5%A9ng+%C4%90%C3%A8n+Coffee+-+BBQ/data=!4m7!3m6!1s0x31711368ea8177c5:0x168f7e3a4836b10c!8m2!3d11.943029!4d108.488097!16s%2Fg%2F11stzb15ks!19sChIJxXeB6mgTcTERDLE2SDp-jxY?authuser=0&hl=en&rclk=1,https://www.facebook.com/thunglungdencoffee
"dốc số 7, Trại Mát, Đà Lạt, Lâm Đồng 66000 ",11.943029,108.488097,Thung Lũng Đèn Coffee - BBQ,0943 821 916 ,100000.0,"100,000",4.3,Coffee Shop,https://www.google.com/maps/place/Thung+L%C5%A9ng+%C4%90%C3%A8n+Coffee+-+BBQ/data=!4m7!3m6!1s0x31711368ea8177c5:0x168f7e3a4836b10c!8m2!3d11.943029!4d108.488097!16s%2Fg%2F11stzb15ks!19sChIJxXeB6mgTcTERDLE2SDp-jxY?authuser=0&hl=en&rclk=1,https://www.facebook.com/thunglungdencoffee
"31 Đường 3/4, Phường 3, Đà Lạt, Lâm Đồng ",11.9227409,108.4468789,Thông ơi coffee,,100000.0,"100,000",4.4,Coffee Shop,https://www.google.com/maps/place/Th%C3%B4ng+%C6%A1i+coffee/data=!4m7!3m6!1s0x3171138514b00a17:0x5960dc3ba522828!8m2!3d11.9227409!4d108.4468789!16s%2Fg%2F11jkbm7j3s!19sChIJFwqwFIUTcTERKChSusMNlgU?authuser=0&hl=en&rclk=1,
"133A Phan Đình Phùng, Phường 2, Đà Lạt, Lâm Đồng ",11.9449475,108.4345645,Windmills,0263 3540 806 ,100000.0,"100,000",4.9,Coffee Shop,https://www.google.com/maps/place/Windmills/data=!4m7!3m6!1s0x317113774d0646f1:0xc77130c12585b724!8m2!3d11.9449475!4d108.4345645!16s%2Fg%2F11kqsljb4n!19sChIJ8UYGTXcTcTERJLeFJcEwccc?authuser=0&hl=en&rclk=1,
"Đường Huỳnh Tấn Phát, Phường 11, Đà Lạt, Lâm Đồng ",11.949984,108.4911826,Lời Của Gió,0333 437 231 ,100000.0,"100,000",4.3,Coffee Shop,https://www.google.com/maps/place/L%E1%BB%9Di+C%E1%BB%A7a+Gi%C3%B3/data=!4m7!3m6!1s0x3171134b1043ac43:0xb1b5de3fea591de5!8m2!3d11.949984!4d108.4911826!16s%2Fg%2F11kjg9_r6y!19sChIJQ6xDEEsTcTER5R1Z6j_etbE?authuser=0&hl=en&rclk=1,
"138 Yersin, Phường 9, Đà Lạt, Lâm Đồng ",11.9451004,108.4529807,Đậm Đà Lạt Coffee Roasters,0967 474 793 ,100000.0,"100,000",4.9,Coffee Shop,https://www.google.com/maps/place/%C4%90%E1%BA%ADm+%C4%90%C3%A0+L%E1%BA%A1t+Coffee+Roasters/data=!4m7!3m6!1s0x3171133075c1e501:0x5adc61fa3530818c!8m2!3d11.9451004!4d108.4529807!16s%2Fg%2F11yc0yl_63!19sChIJAeXBdTATcTERjIEwNfph3Fo?authuser=0&hl=en&rclk=1,
"WFPJ+R2H, Phường 11, Đà Lạt, Lâm Đồng ",11.9371818,108.4795608,Tiệm cà phê Dốc Thị,0939 602 260 ,100000.0,"100,000",4.9,Coffee Shop,https://www.google.com/maps/place/Ti%E1%BB%87m+c%C3%A0+ph%C3%AA+D%E1%BB%91c+Th%E1%BB%8B/data=!4m7!3m6!1s0x3171130016a097fd:0x46e5773df00030!8m2!3d11.9371818!4d108.4795608!16s%2Fg%2F11vm5z53c8!19sChIJ_ZegFgATcTERMADwPXflRgA?authuser=0&hl=en&rclk=1,https://www.tiktok.com/@tiemcaphedocthi?_t=8j7tWMwvU82&_r=1
"18/2 Đường Khởi Nghĩa Bắc Sơn, Phường 10, Đà Lạt, Lâm Đồng 670000 ",11.9347198,108.4507834,Tiệm Cafe Nàng Đà Lạt,0911 229 393 ,200000.0,"200,000",4.6,Coffee Shop,https://www.google.com/maps/place/Ti%E1%BB%87m+Cafe+N%C3%A0ng+%C4%90%C3%A0+L%E1%BA%A1t/data=!4m7!3m6!1s0x317113898db1e589:0xeec1bd2eae1dad4c!8m2!3d11.9347198!4d108.4507834!16s%2Fg%2F11m6x9k35r!19sChIJieWxjYkTcTERTK0dri69we4?authuser=0&hl=en&rclk=1,
"2/2, 2 Đường Khởi Nghĩa Bắc Sơn, Phường 10, Đà Lạt, Lâm Đồng ",11.9340997,108.4496815,Him Cafe,0939 862 665 ,100000.0,"100,000",4.3,Coffee Shop,https://www.google.com/maps/place/Him+Cafe/data=!4m7!3m6!1s0x317113e511067fc9:0xd905af75335c70ce!8m2!3d11.9340997!4d108.4496815!16s%2Fg%2F11h7n7cpzf!19sChIJyX8GEeUTcTERznBcM3WvBdk?authuser=0&hl=en&rclk=1,
"Hẻm 32 Đ. 3/4, Phường 3, Đà Lạt, Lâm Đồng ",11.9198646,108.4419735,Tiệm cà phê Góc của Tùng,0941 507 560 ,100000.0,"100,000",4.7,Coffee Shop,https://www.google.com/maps/place/Ti%E1%BB%87m+c%C3%A0+ph%C3%AA+G%C3%B3c+c%E1%BB%A7a+T%C3%B9ng/data=!4m7!3m6!1s0x317113a8e051d4ef:0x7a30dc6e44f7edac!8m2!3d11.9198646!4d108.4419735!16s%2Fg%2F11pxm99cy9!19sChIJ79RR4KgTcTERrO33RG7cMHo?authuser=0&hl=en&rclk=1,
"153 Đ. Huỳnh Mẫn Đạt, Phường 7, Quận 5, Thành phố Hồ Chí Minh ",10.7567789,106.6759108,Đà Lạt Phố Coffee,0909 559 902 ,100000.0,"100,000",4.2,Coffee Shop,https://www.google.com/maps/place/%C4%90%C3%A0+L%E1%BA%A1t+Ph%E1%BB%91+Coffee/data=!4m7!3m6!1s0x31752efd5ed44485:0xa4c33b3b7d9cb987!8m2!3d10.7567789!4d106.6759108!16s%2Fg%2F11bxkz3qhs!19sChIJhUTUXv0udTERh7mcfTs7w6Q?authuser=0&hl=en&rclk=1,
"Tổ Tây Hồ 2, Phường 11, Đà Lạt, Lâm Đồng ",11.9341893,108.4774209,Nhà Bên Rừng,0975 371 124 ,100000.0,"100,000",4.8,Coffee Shop,https://www.google.com/maps/place/Nh%C3%A0+B%C3%AAn+R%E1%BB%ABng/data=!4m7!3m6!1s0x3171136f916e0e5b:0x3d6585d44cf56584!8m2!3d11.9341893!4d108.4774209!16s%2Fg%2F11rw9dk_bx!19sChIJWw5ukW8TcTERhGX1TNSFZT0?authuser=0&hl=en&rclk=1,https://www.facebook.com/tiemcaphe.nhabenrung
"31 3 Tháng 4, Phường 3, Đà Lạt, Lâm Đồng ",11.9247979,108.4469176,Bui Van Ngo Coffee,0263 3532 122 ,100000.0,"100,000",4.2,Coffee Shop,https://www.google.com/maps/place/Bui+Van+Ngo+Coffee/data=!4m7!3m6!1s0x3171133f67303689:0xf8816bd20c5a9223!8m2!3d11.9247979!4d108.4469176!16s%2Fg%2F11j00rvlq9!19sChIJiTYwZz8TcTERI5JaDNJrgfg?authuser=0&hl=en&rclk=1,https://www.facebook.com/buivanngocoffee.dalat
"89 Hoàng Hoa Thám, Phường 10, Đà Lạt, Lâm Đồng 66117 ",11.9337549,108.4652509,Hoa Xương Rồng - Quán Cà Phê Trung Tâm TP Đà Lạt,0925 903 634 ,null,,4.4,Coffee Shop,https://www.google.com/maps/place/Hoa+X%C6%B0%C6%A1ng+R%E1%BB%93ng+-+Qu%C3%A1n+C%C3%A0+Ph%C3%AA+Trung+T%C3%A2m+TP+%C4%90%C3%A0+L%E1%BA%A1t/data=!4m7!3m6!1s0x31711373c4968e8f:0xfdc2eb7a93c2fb71!8m2!3d11.9337549!4d108.4652509!16s%2Fg%2F11y2cmz39f!19sChIJj46WxHMTcTERcfvCk3rrwv0?authuser=0&hl=en&rclk=1,https://hoaxuongrong.vn/
"85 Phan Kế Bính, Đa Kao, Quận 1, Thành phố Hồ Chí Minh ",10.7906677,106.6983617,Oromia Coffee & Lounge,,100000.0,"100,000",4.0,Coffee Shop,https://www.google.com/maps/place/Oromia+Coffee+%26+Lounge/data=!4m7!3m6!1s0x317529d17a01d24f:0xba30a4f3588755bf!8m2!3d10.7906677!4d106.6983617!16s%2Fg%2F11rylp49k3!19sChIJT9IBetEpdTERv1WHWPOkMLo?authuser=0&hl=en&rclk=1,https://www.facebook.com/oromiacafe
"398 Đ. Kinh Dương Vương, An Lạc, Bình Tân, Thành phố Hồ Chí Minh ",10.7415684,106.6184778,CŨ SÀI GÒN CÀ PHÊ,0969 650 704 ,null,,4.9,Coffee Shop,https://www.google.com/maps/place/C%C5%A8+S%C3%80I+G%C3%92N+C%C3%80+PH%C3%8A/data=!4m7!3m6!1s0x31752df7b7417439:0x7d6ff3b2e6143070!8m2!3d10.7415684!4d106.6184778!16s%2Fg%2F11r8f5cv2d!19sChIJOXRBt_ctdTERcDAU5rLzb30?authuser=0&hl=en&rclk=1,https://www.facebook.com/cusaigoncaphe
"176/1b Đ. Lê Văn Sỹ, Phường 10, Phú Nhuận, Thành phố Hồ Chí Minh 700000 ",10.7928157,106.6709737,Oasis Cafe,,200000.0,"200,000",4.6,Coffee Shop,https://www.google.com/maps/place/Oasis+Cafe/data=!4m7!3m6!1s0x3175292b648da76d:0xdb17465b6e45a711!8m2!3d10.7928157!4d106.6709737!16s%2Fg%2F11c1cy8cnl!19sChIJbaeNZCspdTEREadFbltGF9s?authuser=0&hl=en&rclk=1,https://www.instagram.com/oasiscafevn?igsh=MXc5c2hheDI1dzZsZg%3D%3D&utm_source=qr
"78 Đ. Số 23, Phường 10, Quận 6, Thành phố Hồ Chí Minh ",10.7417858,106.6254808,Vincup Coffee,0912 270 720 ,100000.0,"100,000",3.9,Coffee Shop,https://www.google.com/maps/place/Vincup+Coffee/data=!4m7!3m6!1s0x31752d4c12393279:0xdbd0748e5fb5d0ba!8m2!3d10.7417858!4d106.6254808!16s%2Fg%2F11qmr9w11j!19sChIJeTI5EkwtdTERutC1X4500Ns?authuser=0&hl=en&rclk=1,
"200 Pasteur, Phường 6, Quận 3, Thành phố Hồ Chí Minh 700000 ",10.7829311,106.6934913,Anh Coffee Roastery,0886 292 099 ,100000.0,"100,000",4.4,Coffee Shop,https://www.google.com/maps/place/Anh+Coffee+Roastery/data=!4m7!3m6!1s0x31752f464a459bf5:0x479165040ceb8142!8m2!3d10.7829311!4d106.6934913!16s%2Fg%2F11pctlyysd!19sChIJ9ZtFSkYvdTERQoHrDARlkUc?authuser=0&hl=en&rclk=1,https://anhcoffeeroastery.vn/
"46 Đ. Trịnh Văn Cấn, Phường Cầu Ông Lãnh, Quận 1, Thành phố Hồ Chí Minh 700000 ",10.767311,106.696205,r ê u,0966 988 815 ,100000.0,"100,000",4.5,Coffee Shop,https://www.google.com/maps/place/r+%C3%AA+u+.+coffee/data=!4m7!3m6!1s0x31752f7eea782783:0x17b2d50c4d064639!8m2!3d10.767311!4d106.696205!16s%2Fg%2F11sx28zv7m!19sChIJgyd46n4vdTEROUYGTQzVshc?authuser=0&hl=en&rclk=1,https://www.facebook.com/reu.coffee.official
"60 Đường số 1, An Lạc, Bình Tân, Thành phố Hồ Chí Minh 700000 ",10.7386923,106.6205018,LÊ's Path Coffee An Dương Vương,0939 122 032 ,100000.0,"100,000",4.9,Coffee Shop,https://www.google.com/maps/place/L%C3%8A%27s+Path+Coffee+An+D%C6%B0%C6%A1ng+V%C6%B0%C6%A1ng/data=!4m7!3m6!1s0x31752d315ec5b639:0xc01dc2406a3c8d21!8m2!3d10.7386923!4d106.6205018!16s%2Fg%2F11t_m9qfbs!19sChIJObbFXjEtdTERIY08akDCHcA?authuser=0&hl=en&rclk=1,https://lepathcoffee.com/
"209 Nam Kỳ Khởi Nghĩa, Phường Võ Thị Sáu, Quận 3, Thành phố Hồ Chí Minh 700000 ",10.7876005,106.6859865,Sori Garden,0783 617 430 ,100000.0,"100,000",4.2,Coffee Shop,https://www.google.com/maps/place/Sori+Garden/data=!4m7!3m6!1s0x31752f4dac36f951:0x6c8215be79759774!8m2!3d10.7876005!4d106.6859865!16s%2Fg%2F11t9ct37j6!19sChIJUfk2rE0vdTERdJd1eb4Vgmw?authuser=0&hl=en&rclk=1,
"12 Thủ Khoa Huân, Phường Bến Thành, Quận 1, Thành phố Hồ Chí Minh ",10.7734577,106.6975476,Local Saigon Cafe - Bến Thành,,100000.0,"100,000",4.7,Coffee Shop,https://www.google.com/maps/place/Local+Saigon+Cafe+-+B%E1%BA%BFn+Th%C3%A0nh/data=!4m7!3m6!1s0x317519edc9328fe7:0x6e042943d21151bf!8m2!3d10.7734577!4d106.6975476!16s%2Fg%2F11ppz9c9_1!19sChIJ548yye0ZdTERv1ER0kMpBG4?authuser=0&hl=en&rclk=1,
"7 Đ. Phan Văn Trị, Phường 10, Gò Vấp, Thành phố Hồ Chí Minh ",10.8317552,106.674078,Du Miên Garden Cafe,028 3894 5555 ,100000.0,"100,000",4.3,Coffee Shop,https://www.google.com/maps/place/Du+Mi%C3%AAn+Garden+Cafe/data=!4m7!3m6!1s0x3175290059e6b929:0x81a062389a2dcac2!8m2!3d10.8317552!4d106.674078!16s%2Fg%2F1ptvydvpc!19sChIJKbnmWQApdTERwsotmjhioIE?authuser=0&hl=en&rclk=1,https://www.facebook.com/DuMienGardenCoffee/
"216 Điện Biên Phủ, Phường Võ Thị Sáu, Quận 3, Thành phố Hồ Chí Minh 700000 ",10.783004,106.6898619,THE WISELANDS Coffee,0334 626 989 ,100000.0,"100,000",4.5,Coffee Shop,https://www.google.com/maps/place/THE+WISELANDS+Coffee/data=!4m7!3m6!1s0x31752f52793bd42f:0x1881b2f0ed07cae4!8m2!3d10.783004!4d106.6898619!16s%2Fg%2F11pv5_flj0!19sChIJL9Q7eVIvdTER5MoH7fCygRg?authuser=0&hl=en&rclk=1,https://wiselands.vn/
"54/2 Nguyễn Cư Trinh, Phường Phạm Ngũ Lão, Quận 1, Thành phố Hồ Chí Minh ",10.764614,106.691323,Tiệm cà phê EM Ở ĐÂU,0909 077 371 ,100000.0,"100,000",4.8,Coffee Shop,https://www.google.com/maps/place/Ti%E1%BB%87m+c%C3%A0+ph%C3%AA+EM+%E1%BB%9E+%C4%90%C3%82U/data=!4m7!3m6!1s0x31752f56810b7c1d:0x5bcc849a91f66ca3!8m2!3d10.764614!4d106.691323!16s%2Fg%2F11kjh3y_cm!19sChIJHXwLgVYvdTERo2z2kZqEzFs?authuser=0&hl=en&rclk=1,http://facebook.com/emodaucafe
"42 Hồ Hảo Hớn, Phường Cô Giang, Quận 1, Thành phố Hồ Chí Minh 70000 ",10.7620124,106.6923935,Beanthere Cafe - Hồ Hảo Hớn,0987 168 584 ,100000.0,"100,000",4.5,Coffee Shop,https://www.google.com/maps/place/Beanthere+Cafe+-+H%E1%BB%93+H%E1%BA%A3o+H%E1%BB%9Bn/data=!4m7!3m6!1s0x31752f4cbdd5c65b:0xe906943eeae1ad30!8m2!3d10.7620124!4d106.6923935!16s%2Fg%2F11fnrb14hk!19sChIJW8bVvUwvdTERMK3h6j6UBuk?authuser=0&hl=en&rclk=1,https://www.facebook.com/nowherebutbeanthere
"202 Đ. Trần Văn Kiểu, Phường 10, Quận 6, Thành phố Hồ Chí Minh ",10.74136,106.6281922,TAURUS COFFEE,0768 111 171 ,100000.0,"100,000",4.1,Coffee Shop,https://www.google.com/maps/place/TAURUS+COFFEE/data=!4m7!3m6!1s0x31752d2d9c000b19:0x4f1113869c0b9d2!8m2!3d10.74136!4d106.6281922!16s%2Fg%2F11ssjvk0vx!19sChIJGQsAnC0tdTER0rnAaTgR8QQ?authuser=0&hl=en&rclk=1,
"45 Đường số 59, Phường 10, Quận 6, Thành phố Hồ Chí Minh ",10.7382471,106.6238901,Dang Xua Cafe Stock House,0901 204 004 ,100000.0,"100,000",4.2,Coffee Shop,https://www.google.com/maps/place/Dang+Xua+Cafe+Stock+House/data=!4m7!3m6!1s0x31752dd9fa6b623b:0x6bf445759ea4002f!8m2!3d10.7382471!4d106.6238901!16s%2Fg%2F1hc4np7zj!19sChIJO2Jr-tktdTERLwCknnVF9Gs?authuser=0&hl=en&rclk=1,
"24/4/1 Trần Ngọc Diện, Thảo Điền, Thủ Đức, Thành phố Hồ Chí Minh ",10.8044692,106.7406814,Dalaland Coffee,,100000.0,"100,000",4.3,Coffee Shop,https://www.google.com/maps/place/Dalaland+Coffee/data=!4m7!3m6!1s0x317527ff2489f2b1:0xbd49afd78718b2aa!8m2!3d10.8044692!4d106.7406814!16s%2Fg%2F11r35765js!19sChIJsfKJJP8ndTERqrIYh9evSb0?authuser=0&hl=en&rclk=1,http://facebook.com/dalaland.coffee
"554E Đ. Minh Phụng, Phường 10, Quận 11, Thành phố Hồ Chí Minh ",10.7629977,106.644905,Cafe Sân Vườn Miền Thảo Mộc,028 3963 1068 ,100000.0,"100,000",4.3,Coffee Shop,https://www.google.com/maps/place/Cafe+S%C3%A2n+V%C6%B0%E1%BB%9Dn+Mi%E1%BB%81n+Th%E1%BA%A3o+M%E1%BB%99c/data=!4m7!3m6!1s0x31752e910e489d8d:0x60132c636359e234!8m2!3d10.7629977!4d106.644905!16s%2Fg%2F11c0t932yx!19sChIJjZ1IDpEudTERNOJZY2MsE2A?authuser=0&hl=en&rclk=1,https://www.facebook.com/profile.php?id=100064847911808&mibextid=ZbWKwL
"38/7 Lê Lợi, Bến Nghé, Quận 1, Thành phố Hồ Chí Minh 70000 ",10.7740913,106.7003273,BẢN Cà Phê,028 6672 6936 ,100000.0,"100,000",4.6,Coffee Shop,https://www.google.com/maps/place/B%E1%BA%A2N+C%C3%A0+Ph%C3%AA/data=!4m7!3m6!1s0x31752fb17c270d9d:0x6518a4e8faa0318!8m2!3d10.7740913!4d106.7003273!16s%2Fg%2F11h_3_0shm!19sChIJnQ0nfLEvdTERGAOqj06KUQY?authuser=0&hl=en&rclk=1,https://www.facebook.com/bancaphevn/
"142 Đ. Nguyễn Văn Công, Phường 3, Gò Vấp, Thành phố Hồ Chí Minh ",10.8236785,106.6762533,Phen’s Coffee,0396 439 014 ,100000.0,"100,000",4.3,Coffee Shop,https://www.google.com/maps/place/Phen%E2%80%99s+Coffee/data=!4m7!3m6!1s0x3175298400a727a1:0xc5b1f7fdbeffbe10!8m2!3d10.8236785!4d106.6762533!16s%2Fg%2F11jn3sg0g7!19sChIJoSenAIQpdTEREL7_vv33scU?authuser=0&hl=en&rclk=1,https://www.facebook.com/PhensCoffee/
"25 Tân Canh, Phường 1, Tân Bình, Thành phố Hồ Chí Minh 70000 ",10.7966197,106.6674828,Tiệm cà phê Hiên Cúc Trắng,0902 300 420 ,100000.0,"100,000",4.5,Coffee Shop,https://www.google.com/maps/place/Ti%E1%BB%87m+c%C3%A0+ph%C3%AA+Hi%C3%AAn+C%C3%BAc+Tr%E1%BA%AFng/data=!4m7!3m6!1s0x317529183c89fa07:0x2ee713e2f20b5789!8m2!3d10.7966197!4d106.6674828!16s%2Fg%2F11h583bz72!19sChIJB_qJPBgpdTERiVcL8uIT5y4?authuser=0&hl=en&rclk=1,http://hiencuctrang.com/
"42 Thảo Điền, Khu phố 2, Thủ Đức, Thành phố Hồ Chí Minh 70000 ",10.8083534,106.7332772,Bonjour Cafe the Art,0387 384 548 ,100000.0,"100,000",4.1,Coffee Shop,https://www.google.com/maps/place/Bonjour+Cafe+the+Art/data=!4m7!3m6!1s0x3175274fc133262b:0x64b4b287c1c25c03!8m2!3d10.8083534!4d106.7332772!16s%2Fg%2F11g0s7t481!19sChIJKyYzwU8ndTERA1zCwYeytGQ?authuser=0&hl=en&rclk=1,
"64 Đ. số 30, Phường 10, Quận 6, Thành phố Hồ Chí Minh ",10.741365,106.626972,Anam cafe,,100000.0,"100,000",4.6,Coffee Shop,https://www.google.com/maps/place/Anam+cafe/data=!4m7!3m6!1s0x31752d45346474c3:0xaea4184c08439305!8m2!3d10.741365!4d106.626972!16s%2Fg%2F11s5whr3xb!19sChIJw3RkNEUtdTERBZNDCEwYpK4?authuser=0&hl=en&rclk=1,
"105 Trần Hưng Đạo, B Phường, An Đông, Thành phố Hồ Chí Minh 70000 ",10.7524772,106.6685759,Koi Garden Coffee,0815 606 568 ,100000.0,"100,000",4.2,Coffee Shop,https://www.google.com/maps/place/Koi+Garden+Coffee/data=!4m7!3m6!1s0x31752fe882f7b671:0x871da91127572818!8m2!3d10.7524772!4d106.6685759!16s%2Fg%2F11j4l34224!19sChIJcbb3gugvdTERGChXJxGpHYc?authuser=0&hl=en&rclk=1,
"35 Phan Chu Trinh, Phường Bến Thành, Quận 1, Thành phố Hồ Chí Minh 70000 ",10.772408,106.6972096,Soo Kafe,0899 312 386 ,100000.0,"100,000",4.7,Coffee Shop,https://www.google.com/maps/place/Soo+Kafe/data=!4m7!3m6!1s0x31752f3f2ecd492d:0xe0f7a304b6059db5!8m2!3d10.772408!4d106.6972096!16s%2Fg%2F11f40000hd!19sChIJLUnNLj8vdTERtZ0FtgSj9-A?authuser=0&hl=en&rclk=1,
"87 Võ Thị Sáu, Phường 6, Quận 3, Thành phố Hồ Chí Minh ",10.7870337,106.6913054,Lagom Cafe - Coffee & Belgian Beer Lounge,0919 000 195 ,null,,4.9,Coffee Shop,https://www.google.com/maps/place/Lagom+Cafe+-+Coffee+%26+Belgian+Beer+Lounge/data=!4m7!3m6!1s0x31752f3300d86e47:0x9f97de89193d4d1b!8m2!3d10.7870337!4d106.6913054!16s%2Fg%2F11f2wdtbsn!19sChIJR27YADMvdTERG009GYnel58?authuser=0&hl=en&rclk=1,https://lagomcafe.vn/
"304C Trịnh Đình Trọng, Phú Trung, Tân Phú, Thành phố Hồ Chí Minh 100000 ",10.7763259,106.637643,Tiên Lãng Coffee - Cà Phê Thuốc Lào Điếu Cày,0383 268 024 ,100000.0,"100,000",4.9,Coffee Shop,https://www.google.com/maps/place/Ti%C3%AAn+L%C3%A3ng+Coffee+-+C%C3%A0+Ph%C3%AA+Thu%E1%BB%91c+L%C3%A0o+%C4%90i%E1%BA%BFu+C%C3%A0y/data=!4m7!3m6!1s0x31752f211bba0b91:0x5cd94034e5ad96bb!8m2!3d10.7763259!4d106.637643!16s%2Fg%2F11jnn4cm5z!19sChIJkQu6GyEvdTERu5at5TRA2Vw?authuser=0&hl=en&rclk=1,https://thuoclaophugia.com/
"42 Nguyễn Huệ, Bến Nghé, Quận 1, Thành phố Hồ Chí Minh ",10.774112,106.704089,Cà phê Sài Gòn Ơi,0938 531 517 ,100000.0,"100,000",4.1,Coffee Shop,https://www.google.com/maps/place/C%C3%A0+ph%C3%AA+S%C3%A0i+G%C3%B2n+%C6%A0i/data=!4m7!3m6!1s0x31752f46ea37b9c3:0x45fbe8de0dfcd227!8m2!3d10.774112!4d106.704089!16s%2Fg%2F11bxd7v_q1!19sChIJw7k36kYvdTERJ9L8Dd7o-0U?authuser=0&hl=en&rclk=1,https://m.facebook.com/saigonoicafe/
"20 Tú Xương, Phường Võ Thị Sáu, Quận 3, Thành phố Hồ Chí Minh 700000 ",10.7815743,106.6866791,Sori cafe & more,0968 365 499 ,200000.0,"200,000",4.4,Coffee Shop,https://www.google.com/maps/place/Sori+cafe+%26+more/data=!4m7!3m6!1s0x31752f47fb696903:0xd324290bd8f4de6!8m2!3d10.7815743!4d106.6866791!16s%2Fg%2F11py9jnkx0!19sChIJA2lp-0cvdTER5k2PvZBCMg0?authuser=0&hl=en&rclk=1,
"4 Tân Hương, Tân Quý, Tân Phú, Thành phố Hồ Chí Minh 70000 ",10.7924496,106.6287009,COFFEE 24/24 - CÀ PHÊ MỞ 24H,0908 254 089 ,100000.0,"100,000",4.8,Coffee Shop,https://www.google.com/maps/place/COFFEE+24%2F24+-+C%C3%80+PH%C3%8A+M%E1%BB%9E+24H/data=!4m7!3m6!1s0x31752d99c505af01:0xce734d68e971c4ea!8m2!3d10.7924496!4d106.6287009!16s%2Fg%2F11h89ffwmy!19sChIJAa8FxZktdTER6sRx6WhNc84?authuser=0&hl=en&rclk=1,http://coffee2424.net/
"355 Hoàng Sa, Phường Tân Định, Quận 1, Thành phố Hồ Chí Minh ",10.7940152,106.6860921,3T Egg Coffee Sài Gòn,0937 430 600 ,100000.0,"100,000",4.4,Coffee Shop,https://www.google.com/maps/place/3T+Egg+Coffee+S%C3%A0i+G%C3%B2n/data=!4m7!3m6!1s0x317528d247821c31:0x2c429ee6c75db98f!8m2!3d10.7940152!4d106.6860921!16s%2Fg%2F11cndc1847!19sChIJMRyCR9IodTERj7ldx-aeQiw?authuser=0&hl=en&rclk=1,https://caphetrung3t.com/
"221A Nguyễn Trọng Tuyển, Phường 8, Phú Nhuận, Thành phố Hồ Chí Minh ",10.7975395,106.6751783,Mien Dong Thao Coffee,028 3845 1357 ,100000.0,"100,000",4.2,Coffee Shop,https://www.google.com/maps/place/Mien+Dong+Thao+Coffee/data=!4m7!3m6!1s0x31752929c159137f:0x94d4ba137a0e737c!8m2!3d10.7975395!4d106.6751783!16s%2Fg%2F1tj5585b!19sChIJfxNZwSkpdTERfHMOehO61JQ?authuser=0&hl=en&rclk=1,http://congngheykhoa.com/
"10/16 Đ. Đoàn Thị Điểm, Phường 1, Phú Nhuận, Thành phố Hồ Chí Minh 700000 ",10.7987118,106.6810714,The Dome Kaffe ドームカフェ,0938 907 221 ,100000.0,"100,000",4.4,Coffee Shop,https://www.google.com/maps/place/The+Dome+Kaffe+%E3%83%89%E3%83%BC%E3%83%A0%E3%82%AB%E3%83%95%E3%82%A7/data=!4m7!3m6!1s0x3175292de70695bb:0x4ba6af5df4c286f0!8m2!3d10.7987118!4d106.6810714!16s%2Fg%2F11jb3kjxyz!19sChIJu5UG5y0pdTER8IbC9F2vpks?authuser=0&hl=en&rclk=1,
"1 Đ. Số 1, An Lạc A, Bình Tân, Thành phố Hồ Chí Minh ",10.7478689,106.6220908,SV COFFEE,0907 301 127 ,100000.0,"100,000",4.2,Coffee Shop,https://www.google.com/maps/place/SV+COFFEE/data=!4m7!3m6!1s0x31752dd36f10acbf:0xbdf5e91cc9784018!8m2!3d10.7478689!4d106.6220908!16s%2Fg%2F11h9vylmfn!19sChIJv6wQb9MtdTERGEB4yRzp9b0?authuser=0&hl=en&rclk=1,
"14E Đ. Đặng Văn Ngữ, Phường 10, Phú Nhuận, Thành phố Hồ Chí Minh 70000 ",10.7967161,106.6695572,The Xi Cafe,0907 401 493 ,100000.0,"100,000",4.7,Coffee Shop,https://www.google.com/maps/place/The+Xi+Cafe/data=!4m7!3m6!1s0x31752905808f33fb:0xd4c7c2d7964bb17b!8m2!3d10.7967161!4d106.6695572!16s%2Fg%2F11h0j14gx4!19sChIJ-zOPgAUpdTERe7FLltfCx9Q?authuser=0&hl=en&rclk=1,https://www.facebook.com/thexicafe.ppa/
"40 Trường Sa, Phường 17, Bình Thạnh, Thành phố Hồ Chí Minh 700000 ",10.7930347,106.703876,Lục Coffee & Tea - Trường Sa,0357 998 661 ,null,,4.5,Coffee Shop,https://www.google.com/maps/place/L%E1%BB%A5c+Coffee+%26+Tea+-+Tr%C6%B0%E1%BB%9Dng+Sa/data=!4m7!3m6!1s0x317529566f0bdce9:0x1607f8c9a63a2429!8m2!3d10.7930347!4d106.703876!16s%2Fg%2F11jcl7vdvv!19sChIJ6dwLb1YpdTERKSQ6psn4BxY?authuser=0&hl=en&rclk=1,https://lypham.vn/
"42 Trần Minh Quyền, Phường 10, Quận 10, Thành phố Hồ Chí Minh ",10.7702647,106.675152,The Daily Coffee,028 2211 4680 ,100000.0,"100,000",3.9,Coffee Shop,https://www.google.com/maps/place/The+Daily+Coffee/data=!4m7!3m6!1s0x31752f6bd8e02ca9:0xc0cd1e3db567cf29!8m2!3d10.7702647!4d106.675152!16s%2Fg%2F11h4cq0jrf!19sChIJqSzg2GsvdTERKc9ntT0ezcA?authuser=0&hl=en&rclk=1,https://www.facebook.com/Thedailycoffee24h/
"377 Hoàng Sa, Phường Tân Định, Quận 1, Thành phố Hồ Chí Minh 70000 ",10.7926338,106.686781,Chiêu Cafe Sách,028 3935 0377 ,100000.0,"100,000",4.0,Coffee Shop,https://www.google.com/maps/place/Chi%C3%AAu+Cafe+S%C3%A1ch/data=!4m7!3m6!1s0x317528d260fe907b:0xf611fdb97730a49d!8m2!3d10.7926338!4d106.686781!16s%2Fg%2F11clycwv1_!19sChIJe5D-YNIodTERnaQwd7n9EfY?authuser=0&hl=en&rclk=1,
"222 Đ. Trần Văn Kiểu, Phường 10, Quận 6, Thành phố Hồ Chí Minh 700000 ",10.7421508,106.6282803,Nova Coffee Trần Văn Kiểu,0938 658 899 ,100000.0,"100,000",4.2,Coffee Shop,https://www.google.com/maps/place/Nova+Coffee+Tr%E1%BA%A7n+V%C4%83n+Ki%E1%BB%83u/data=!4m7!3m6!1s0x31752da5ff97641b:0xd4686770be9f7455!8m2!3d10.7421508!4d106.6282803!16s%2Fg%2F11fmp9n8_1!19sChIJG2SX_6UtdTERVXSfvnBnaNQ?authuser=0&hl=en&rclk=1,
"491/2 Đ. Lê Văn Sỹ, Phường 12, Quận 3, Thành phố Hồ Chí Minh ",10.78993,106.673713,The Seat Cafe,0987 160 175 ,100000.0,"100,000",4.5,Coffee Shop,https://www.google.com/maps/place/The+Seat+Cafe/data=!4m7!3m6!1s0x31752f68f5e074d5:0xc04d9d79a1272bf7!8m2!3d10.78993!4d106.673713!16s%2Fg%2F11hdss28px!19sChIJ1XTg9WgvdTER9ysnoXmdTcA?authuser=0&hl=en&rclk=1,http://fb.me/theseatcafe
"1199 Đ. Lê Đức Thọ, Phường 15, Gò Vấp, Thành phố Hồ Chí Minh ",10.8544765,106.656417,Tôn Cũ Cà Phê,0932 181 199 ,100000.0,"100,000",4.5,Coffee Shop,https://www.google.com/maps/place/T%C3%B4n+C%C5%A9+C%C3%A0+Ph%C3%AA/data=!4m7!3m6!1s0x3175293800fac76f:0x20a910aa24995296!8m2!3d10.8544765!4d106.656417!16s%2Fg%2F11n0pdtt5t!19sChIJb8f6ADgpdTERllKZJKoQqSA?authuser=0&hl=en&rclk=1,https://www.facebook.com/toncucaphe/?hc_ref=ARQ1GyIMj2Z-y_IhXeXUk--7xAnzhEAgvRFDNg632Cr-XrVPU0tsfmNSF4qAi2UK9uI&ref=nf_target&fref=tag
"5 Trần Khánh Dư, Phường Tân Định, Quận 1, Thành phố Hồ Chí Minh ",10.7939149,106.689155,Cà phê trứng 3T - Garden Saigon,0865 925 670 ,100000.0,"100,000",4.3,Coffee Shop,https://www.google.com/maps/place/C%C3%A0+ph%C3%AA+tr%E1%BB%A9ng+3T+-+Garden+Saigon/data=!4m7!3m6!1s0x317529404ddb7dd7:0x837a73a2677dd4c0!8m2!3d10.7939149!4d106.689155!16s%2Fg%2F11pbdqcskq!19sChIJ133bTUApdTERwNR9Z6JzeoM?authuser=0&hl=en&rclk=1,https://caphetrung3t.com/
"139 Nguyễn Thái Bình, Phường Nguyễn Thái Bình, Quận 1, Thành phố Hồ Chí Minh ",10.7684341,106.6989863,Kai Coffee,028 6652 2233 ,100000.0,"100,000",4.3,Coffee Shop,https://www.google.com/maps/place/Kai+Coffee/data=!4m7!3m6!1s0x31752f3fee716247:0xbf7e648100309161!8m2!3d10.7684341!4d106.6989863!16s%2Fg%2F11cs6258x4!19sChIJR2Jx7j8vdTERYZEwAIFkfr8?authuser=0&hl=en&rclk=1,http://kaicoffee.vn/
"55 Tân Canh, Phường 1, Tân Bình, Thành phố Hồ Chí Minh ",10.7960258,106.6674489,Coi Xua Cafe Abb,028 3844 8622 ,100000.0,"100,000",4.1,Coffee Shop,https://www.google.com/maps/place/Coi+Xua+Cafe+Abb/data=!4m7!3m6!1s0x3175292dd37afa17:0xf5e0a641081c754f!8m2!3d10.7960258!4d106.6674489!16s%2Fg%2F1tfrjv54!19sChIJF_p60y0pdTERT3UcCEGm4PU?authuser=0&hl=en&rclk=1,https://www.facebook.com/CaPheCoiXua/
"37-39 D5, Phường 25, Bình Thạnh, Thành phố Hồ Chí Minh ",10.8064113,106.7141219,Sống Cà Phê,0983 334 511 ,100000.0,"100,000",4.7,Coffee Shop,https://www.google.com/maps/place/S%E1%BB%91ng+C%C3%A0+Ph%C3%AA/data=!4m7!3m6!1s0x317529e146e87427:0xee322fb0f6d69cef!8m2!3d10.8064113!4d106.7141219!16s%2Fg%2F11hrb6pw65!19sChIJJ3ToRuEpdTER75zW9rAvMu4?authuser=0&hl=en&rclk=1,https://www.facebook.com/song.caphe2
"73-75 Đ. Vành Đai Trong, An Lạc A, Bình Tân, Thành phố Hồ Chí Minh 70000 ",10.7440907,106.614767,Mako Coffee,0902 679 684 ,100000.0,"100,000",4.6,Coffee Shop,https://www.google.com/maps/place/Mako+Coffee/data=!4m7!3m6!1s0x31752d320ef0ae89:0xd68e28cccfef0b94!8m2!3d10.7440907!4d106.614767!16s%2Fg%2F11v3phc88l!19sChIJia7wDjItdTERlAvvz8wojtY?authuser=0&hl=en&rclk=1,http://mako.vn/
"182 Pasteur, Bến Nghé, Quận 1, Thành phố Hồ Chí Minh ",10.7785065,106.6982525,Cafe Đen Đá,028 6682 1999 ,100000.0,"100,000",3.9,Coffee Shop,https://www.google.com/maps/place/Cafe+%C4%90en+%C4%90%C3%A1/data=!4m7!3m6!1s0x31752f378a9a6fa7:0xf5570f07ba83a5c9!8m2!3d10.7785065!4d106.6982525!16s%2Fg%2F11c53c5380!19sChIJp2-aijcvdTERyaWDugcPV_U?authuser=0&hl=en&rclk=1,https://m.facebook.com/denda.coffee.dessert/
"95 Bình Phú, Phường 11, Quận 6, Thành phố Hồ Chí Minh ",10.7428589,106.6300355,Chất Coffee,028 6293 3986 ,100000.0,"100,000",4.3,Coffee Shop,https://www.google.com/maps/place/Ch%E1%BA%A5t+Coffee/data=!4m7!3m6!1s0x31752e78962916c5:0x4f18a30d7a2c3a1d!8m2!3d10.7428589!4d106.6300355!16s%2Fg%2F11bvzts9yt!19sChIJxRYplngudTERHToseg2jGE8?authuser=0&hl=en&rclk=1,
"4-6 Đồng Khởi, Bến Nghé, Quận 1, Thành phố Hồ Chí Minh 700000 ",10.7733231,106.7061965,Cà phê Cô Ba Đồng Khởi,,100000.0,"100,000",4.3,Coffee Shop,https://www.google.com/maps/place/C%C3%A0+ph%C3%AA+C%C3%B4+Ba+%C4%90%E1%BB%93ng+Kh%E1%BB%9Fi/data=!4m7!3m6!1s0x31752f7c2a08c7f9:0xcbe99747746c0873!8m2!3d10.7733231!4d106.7061965!16s%2Fg%2F11f658d4f6!19sChIJ-ccIKnwvdTERcwhsdEeX6cs?authuser=0&hl=en&rclk=1,https://www.facebook.com/caphecobadongkhoi/
"Nguyễn Hữu Cảnh/92 Str, Saigon Pearl, Bình Thạnh, Thành phố Hồ Chí Minh 700000 ",10.789047,106.7207773,Bosgaurus Coffee Roasters - Saigon Pearl,0901 426 877 ,200000.0,"200,000",4.5,Coffee Shop,https://www.google.com/maps/place/Bosgaurus+Coffee+Roasters+-+Saigon+Pearl/data=!4m7!3m6!1s0x31752919665bb315:0x61a84ad53007412!8m2!3d10.789047!4d106.7207773!16s%2Fg%2F11clyzht3c!19sChIJFbNbZhkpdTEREnQAU62EGgY?authuser=0&hl=en&rclk=1,http://bosgauruscoffee.com/
"3 Đ. Hòa Bình, Phường 3, Quận 11, Thành phố Hồ Chí Minh 700000 ",10.7674369,106.6405096,Quán Cafe Vườn Đá,028 3606 3246 ,100000.0,"100,000",4.1,Coffee Shop,https://www.google.com/maps/place/Qu%C3%A1n+Cafe+V%C6%B0%E1%BB%9Dn+%C4%90%C3%A1/data=!4m7!3m6!1s0x31752e976f5b804f:0x8fd5cf0f3c1ea861!8m2!3d10.7674369!4d106.6405096!16s%2Fg%2F1hc2_wtg7!19sChIJT4Bbb5cudTERYagePA_P1Y8?authuser=0&hl=en&rclk=1,http://cafevuonda.vn/
"Saigon Center, 65 Lê Lợi, Phường Sài Gòn, Quận 1, Thành phố Hồ Chí Minh 71006 ",10.7736943,106.7010209,Miyama - Modern Tokyo Restaurant Cafe - Saigon Centre,028 2253 1076 ,null,,4.7,Coffee Shop,https://www.google.com/maps/place/Miyama+-+Modern+Tokyo+Restaurant+Cafe+-+Saigon+Centre/data=!4m7!3m6!1s0x31752f474173c941:0xfa566f5dff74f32b!8m2!3d10.7736943!4d106.7010209!16s%2Fg%2F11c538x7fr!19sChIJQclzQUcvdTERK_N0_11vVvo?authuser=0&hl=en&rclk=1,
"91/1 Hoà Hưng, Phường 12, Quận 10, Thành phố Hồ Chí Minh ",10.7789967,106.6748244,Nhâm cafe,0982 784 657 ,100000.0,"100,000",4.2,Coffee Shop,https://www.google.com/maps/place/Nh%C3%A2m+cafe/data=!4m7!3m6!1s0x31752f00591cb4b5:0xad0b45f5a67e5c4c!8m2!3d10.7789967!4d106.6748244!16s%2Fg%2F11vyc8gv43!19sChIJtbQcWQAvdTERTFx-pvVFC60?authuser=0&hl=en&rclk=1,
"64 Đ. Số 23, Phường 10, Quận 6, Thành phố Hồ Chí Minh 700000 ",10.7415393,106.6255154,TỜ CÀ PHÊ QUẬN 6,0765 760 739 ,100000.0,"100,000",5.0,Coffee Shop,https://www.google.com/maps/place/T%E1%BB%9C+C%C3%80+PH%C3%8A+QU%E1%BA%ACN+6/data=!4m7!3m6!1s0x31752d000397e5d3:0x579011804f37c009!8m2!3d10.7415393!4d106.6255154!16s%2Fg%2F11xmdrr9ms!19sChIJ0-WXAwAtdTERCcA3T4ARkFc?authuser=0&hl=en&rclk=1,https://www.tiktok.com/@tocaphe
"215 Đ. Trần Văn Kiểu, Phường 10, Quận 6, Thành phố Hồ Chí Minh ",10.7413771,106.6278985,Rich Café| Tiệm Cà Phê Quận 6 | Tiệm Cà Phê Trần Văn Kiểu,0908 720 730 ,100000.0,"100,000",2.6,Coffee Shop,https://www.google.com/maps/place/Rich+Caf%C3%A9%7C+Ti%E1%BB%87m+C%C3%A0+Ph%C3%AA+Qu%E1%BA%ADn+6+%7C+Ti%E1%BB%87m+C%C3%A0+Ph%C3%AA+Tr%E1%BA%A7n+V%C4%83n+Ki%E1%BB%83u/data=!4m7!3m6!1s0x31752d004475b6cb:0xaa48a757a848db75!8m2!3d10.7413771!4d106.6278985!16s%2Fg%2F11vz8blj_1!19sChIJy7Z1RAAtdTERddtIqFenSKo?authuser=0&hl=en&rclk=1,
"16 Bình Phú, Phường 11, Quận 6, Thành phố Hồ Chí Minh ",10.7446076,106.6309705,Bang Lang Tim coffee,0908 241 142 ,100000.0,"100,000",4.0,Coffee Shop,https://www.google.com/maps/place/Bang+Lang+Tim+coffee/data=!4m7!3m6!1s0x31752e7f49dd661b:0x85eecc7bcbd03e7e!8m2!3d10.7446076!4d106.6309705!16s%2Fg%2F11xxgqf2k!19sChIJG2bdSX8udTERfj7Qy3vM7oU?authuser=0&hl=en&rclk=1,
"119/5 Yersin, Phường Phạm Ngũ Lão, Quận 1, Thành phố Hồ Chí Minh ",10.7694043,106.6960112,Little HaNoi Egg Coffee (Yersin),0904 522 339 ,200000.0,"200,000",4.8,Coffee Shop,https://www.google.com/maps/place/Little+HaNoi+Egg+Coffee+%28Yersin%29/data=!4m7!3m6!1s0x31752f164ecc9ea9:0x39b88bbce659a587!8m2!3d10.7694043!4d106.6960112!16s%2Fg%2F11c1x54lkb!19sChIJqZ7MThYvdTERh6VZ5ryLuDk?authuser=0&hl=en&rclk=1,http://littlehanoieggcoffee.vn/
"220 Đ. Trần Văn Kiểu, Khu IV, Quận 6, Thành phố Hồ Chí Minh 700000 ",10.7418699,106.6282355,Milk House-Coffee&Tea,,100000.0,"100,000",4.8,Coffee Shop,https://www.google.com/maps/place/Milk+House-Coffee%26Tea/data=!4m7!3m6!1s0x31752d006fa241f3:0xb3727e9715ba87e9!8m2!3d10.7418699!4d106.6282355!16s%2Fg%2F11xp45qbp3!19sChIJ80GibwAtdTER6Ye6FZd-crM?authuser=0&hl=en&rclk=1,
"118 Đường số 7, Bình Trị Đông B, Bình Tân, Thành phố Hồ Chí Minh ",10.7520861,106.6131128,King Koi Coffee,0924 033 337 ,null,,4.2,Coffee Shop,https://www.google.com/maps/place/King+Koi+Coffee/data=!4m7!3m6!1s0x3175299dfe6ed709:0xf1668cf09bd15c13!8m2!3d10.7520861!4d106.6131128!16s%2Fg%2F11h5n6_x1_!19sChIJCddu_p0pdTERE1zRm_CMZvE?authuser=0&hl=en&rclk=1,https://www.facebook.com/kingkoicoffee/
"151 Đồng Khởi, Bến Nghé, Quận 1, Thành phố Hồ Chí Minh ",10.7757628,106.7031707,Lacàph Coffee Bar,,100000.0,"100,000",4.9,Coffee Shop,https://www.google.com/maps/place/Lac%C3%A0ph+Coffee+Bar/data=!4m7!3m6!1s0x31752f250219e89b:0x74f9cd6a6fa5317!8m2!3d10.7757628!4d106.7031707!16s%2Fg%2F11hmrtn_rq!19sChIJm-gZAiUvdTERF1P6ptacTwc?authuser=0&hl=en&rclk=1,https://www.lacaph.com/
"196 Võ Văn Kiệt, Phường Cầu Ông Lãnh, Quận 1, Thành phố Hồ Chí Minh ",10.7643624,106.697965,Tiên Lãng Coffee CS3 - Cà Phê Điếu Cày - Thuốc lào Quận 1,,100000.0,"100,000",5.0,Coffee Shop,https://www.google.com/maps/place/Ti%C3%AAn+L%C3%A3ng+Coffee+CS3+-+C%C3%A0+Ph%C3%AA+%C4%90i%E1%BA%BFu+C%C3%A0y+-+Thu%E1%BB%91c+l%C3%A0o+Qu%E1%BA%ADn+1/data=!4m7!3m6!1s0x31752f001d68e9d3:0x6c1532905e5102b3!8m2!3d10.7643624!4d106.697965!16s%2Fg%2F11ltbgvjt4!19sChIJ0-loHQAvdTERswJRXpAyFWw?authuser=0&hl=en&rclk=1,https://thuoclaophugia.com/
"12 Đ Số 34, Bình Trị Đông B, Bình Tân, Thành phố Hồ Chí Minh ",10.7527299,106.6076821,Cafe Trên Từng Cây Số,0968 012 366 ,100000.0,"100,000",4.2,Coffee Shop,https://www.google.com/maps/place/Cafe+Tr%C3%AAn+T%E1%BB%ABng+C%C3%A2y+S%E1%BB%91/data=!4m7!3m6!1s0x31752df399a3640f:0x4304d1f9e5a534e3!8m2!3d10.7527299!4d106.6076821!16s%2Fg%2F11fk26qwdc!19sChIJD2SjmfMtdTER4zSl5fnRBEM?authuser=0&hl=en&rclk=1,https://www.facebook.com/cafetrentungcayso/
"2 Đường số 8, An Lạc A, Bình Tân, Thành phố Hồ Chí Minh ",10.7469974,106.6179662,Nam Bộ Nest Coffee,0938 069 266 ,null,,4.6,Coffee Shop,https://www.google.com/maps/place/Nam+B%E1%BB%99+Nest+Coffee/data=!4m7!3m6!1s0x31752df30c9f3051:0x42d12660b5884ff8!8m2!3d10.7469974!4d106.6179662!16s%2Fg%2F11q41rxy0x!19sChIJUTCfDPMtdTER-E-ItWAm0UI?authuser=0&hl=en&rclk=1,
"250 Đ. Tên Lửa, Bình Trị Đông B, Bình Tân, Thành phố Hồ Chí Minh 70000 ",10.7456692,106.6129087,Swebi Coffee,028 6686 2559 ,100000.0,"100,000",4.4,Coffee Shop,https://www.google.com/maps/place/Swebi+Coffee/data=!4m7!3m6!1s0x31752dcc181fa0e3:0xe4868d9ec3721ffd!8m2!3d10.7456692!4d106.6129087!16s%2Fg%2F1q62df_6g!19sChIJ46AfGMwtdTER_R9yw56NhuQ?authuser=0&hl=en&rclk=1,https://m.facebook.com/SWEBICOFFEE/
"109/ 36 Đ. Nguyễn Thiện Thuật, Phường 2, Quận 3, Thành phố Hồ Chí Minh 70000 ",10.766997,106.6798533,Cheo Leo Cafe,0369 626 363 ,100000.0,"100,000",4.4,Coffee Shop,https://www.google.com/maps/place/Cheo+Leo+Cafe/data=!4m7!3m6!1s0x31752f1f0d65d987:0xf9187afa90943906!8m2!3d10.766997!4d106.6798533!16s%2Fg%2F11btrs8b_4!19sChIJh9llDR8vdTERBjmUkPp6GPk?authuser=0&hl=en&rclk=1,https://www.facebook.com/cheoleocafe
"80 Nguyễn Sỹ Sách, Phường 15, Tân Bình, Thành phố Hồ Chí Minh 700000 ",10.8202588,106.6365135,Bụi Coffee,0974 812 622 ,100000.0,"100,000",4.5,Coffee Shop,https://www.google.com/maps/place/B%E1%BB%A5i+Coffee/data=!4m7!3m6!1s0x31752954d77c19c9:0x62db300e033fcc0!8m2!3d10.8202588!4d106.6365135!16s%2Fg%2F11pb6h2nj_!19sChIJyRl811QpdTERwPwz4ACzLQY?authuser=0&hl=en&rclk=1,
"6 Lô A2 Trịnh Đình Trọng, Phường 5, Quận 11, Thành phố Hồ Chí Minh ",10.7747376,106.6449115,Tiệm cà phê số 6,,100000.0,"100,000",4.7,Coffee Shop,https://www.google.com/maps/place/Ti%E1%BB%87m+c%C3%A0+ph%C3%AA+s%E1%BB%91+6/data=!4m7!3m6!1s0x31752f286ea38c0d:0xc4e054b677287ff0!8m2!3d10.7747376!4d106.6449115!16s%2Fg%2F11j5_xhpnv!19sChIJDYyjbigvdTER8H8od7ZU4MQ?authuser=0&hl=en&rclk=1,
"28 Đường Số 21, Phường 10, Quận 6, Thành phố Hồ Chí Minh 700000 ",10.7400759,106.6258805,Dakroco Coffee,0839 229 279 ,100000.0,"100,000",4.4,Coffee Shop,https://www.google.com/maps/place/Dakroco+Coffee/data=!4m7!3m6!1s0x31752f1f0bbf6ef3:0x898f3158d73082f9!8m2!3d10.7400759!4d106.6258805!16s%2Fg%2F11qmmdjmvb!19sChIJ826_Cx8vdTER-YIw11gxj4k?authuser=0&hl=en&rclk=1,https://www.facebook.com/dakroco.vn/
"152 Đ. Chợ Lớn, Phường 11, Quận 6, Thành phố Hồ Chí Minh ",10.7457656,106.6311957,Cong Ca Phe,0911 866 507 ,100000.0,"100,000",4.2,Coffee Shop,https://www.google.com/maps/place/Cong+Ca+Phe/data=!4m7!3m6!1s0x31752f3738dd9bb1:0xda254f501264fcd1!8m2!3d10.7457656!4d106.6311957!16s%2Fg%2F11gmyvlmg6!19sChIJsZvdODcvdTER0fxkElBPJdo?authuser=0&hl=en&rclk=1,http://congcaphe.com/
"232 Võ Thị Sáu, Phường 7, Quận 3, Thành phố Hồ Chí Minh 70000 ",10.7824775,106.6853812,Saigon Coffee Roastery,0938 808 385 ,100000.0,"100,000",4.5,Coffee Shop,https://www.google.com/maps/place/Saigon+Coffee+Roastery/data=!4m7!3m6!1s0x31752f1d357ad38d:0x45778df1f429125b!8m2!3d10.7824775!4d106.6853812!16s%2Fg%2F11h29xmyt1!19sChIJjdN6NR0vdTERWxIp9PGNd0U?authuser=0&hl=en&rclk=1,http://www.saigoncoffeeroastery.com/
"353/7A Bình Quới, Phường 28, Bình Thạnh, Thành phố Hồ Chí Minh ",10.8274207,106.7343208,Tiệm Cà Phê Dưới Tán Cây (Sunset View),0971 538 853 ,100000.0,"100,000",4.3,Coffee Shop,https://www.google.com/maps/place/Ti%E1%BB%87m+C%C3%A0+Ph%C3%AA+D%C6%B0%E1%BB%9Bi+T%C3%A1n+C%C3%A2y+%28Sunset+View%29/data=!4m7!3m6!1s0x3175272b5abcef9f:0xa2a4902d197a099e!8m2!3d10.8274207!4d106.7343208!16s%2Fg%2F11pyy8f8ds!19sChIJn--8WisndTERngl6GS2QpKI?authuser=0&hl=en&rclk=1,
"70e Lô B Cư Xá Phú Lâm D, Khu III, Quận 6, Thành phố Hồ Chí Minh ",10.7383948,106.6303392,Cái tiệm cà phê,,null,,5.0,Coffee Shop,https://www.google.com/maps/place/C%C3%A1i+ti%E1%BB%87m+c%C3%A0+ph%C3%AA/data=!4m7!3m6!1s0x31752f000ec7595f:0xa7b317b10a13bf09!8m2!3d10.7383948!4d106.6303392!16s%2Fg%2F11yj1v75w8!19sChIJX1nHDgAvdTERCb8TCrEXs6c?authuser=0&hl=en&rclk=1,
"88 Đường số 5, Bình Trị Đông B, Bình Tân, Thành phố Hồ Chí Minh 71908 ",10.7502826,106.6160316,Mia Oi - Cafe Bình Tân - Sạc xe điện 24/24,0325 488 933 ,100000.0,"100,000",4.7,Coffee Shop,https://www.google.com/maps/place/Mia+Oi+-+Cafe+B%C3%ACnh+T%C3%A2n+-+S%E1%BA%A1c+xe+%C4%91i%E1%BB%87n+24%2F24/data=!4m7!3m6!1s0x31752da7487551af:0xc6036e288529bed6!8m2!3d10.7502826!4d106.6160316!16s%2Fg%2F11ll9m18c7!19sChIJr1F1SKctdTER1r4phShuA8Y?authuser=0&hl=en&rclk=1,https://www.facebook.com/miaoiii
"299B Hoàng Sa, Phường Tân Định, Quận 1, Thành phố Hồ Chí Minh ",10.7958586,106.6852972,Lão Hạc Quán,0938 938 476 ,100000.0,"100,000",4.3,Restaurant,https://www.google.com/maps/place/L%C3%A3o+H%E1%BA%A1c+Qu%C3%A1n/data=!4m7!3m6!1s0x317528d1806b9a21:0x3e3ebb16abd589f5!8m2!3d10.7958586!4d106.6852972!16s%2Fg%2F11cmf4mwh0!19sChIJIZprgNEodTER9YnVqxa7Pj4?authuser=0&hl=en&rclk=1,https://www.foody.vn/ho-chi-minh/lao-hac-quan-beer-cafe
"68 Đ. số 3, P, Bình Tân, Thành phố Hồ Chí Minh 70000 ",10.7490037,106.6185638,RES coffee & tea,0911 594 242 ,100000.0,"100,000",3.8,Coffee Shop,https://www.google.com/maps/place/RES+coffee+%26+tea/data=!4m7!3m6!1s0x31752d20bbd2f4ef:0xc1a0f37bbf73707a!8m2!3d10.7490037!4d106.6185638!16s%2Fg%2F11ssr0d9js!19sChIJ7_TSuyAtdTERenBzv3vzoME?authuser=0&hl=en&rclk=1,https://www.facebook.com/profile.php?id=61566458612343
"395 Đ. Kinh Dương Vương, An Lạc, Tp, Thành phố Hồ Chí Minh 70000 ",10.7406149,106.6180685,Highlands Coffee Bến Xe Miền Tây,028 7108 8395 ,100000.0,"100,000",3.7,Coffee Shop,https://www.google.com/maps/place/Highlands+Coffee+B%E1%BA%BFn+Xe+Mi%E1%BB%81n+T%C3%A2y/data=!4m7!3m6!1s0x31752dd35e377257:0x15d5ccb83432e1d4!8m2!3d10.7406149!4d106.6180685!16s%2Fg%2F11q363s6qn!19sChIJV3I3XtMtdTER1OEyNLjM1RU?authuser=0&hl=en&rclk=1,https://www.highlandscoffee.com.vn/
"140B Đ. Nguyễn Văn Trỗi, Phường 8, Phú Nhuận, Thành phố Hồ Chí Minh 008484 ",10.7983276,106.6712603,Lúa Cà Phê | Cà Phê View Đẹp Phú Nhuận,0906 722 221 ,null,,4.9,Coffee Shop,https://www.google.com/maps/place/L%C3%BAa+C%C3%A0+Ph%C3%AA+%7C+C%C3%A0+Ph%C3%AA+View+%C4%90%E1%BA%B9p+Ph%C3%BA+Nhu%E1%BA%ADn/data=!4m7!3m6!1s0x3175293219df167f:0xeb744252ce1ed63e!8m2!3d10.7983276!4d106.6712603!16s%2Fg%2F11vxcbdpy5!19sChIJfxbfGTIpdTERPtYezlJCdOs?authuser=0&hl=en&rclk=1,http://luacaphe.com/
"141 - 143 Đ. Vành Đai Trong, An Lạc A, Bình Tân, Thành phố Hồ Chí Minh ",10.7461929,106.6148345,Mía coffee Lê Dương,0703 535 469 ,100000.0,"100,000",4.7,Coffee Shop,https://www.google.com/maps/place/M%C3%ADa+coffee+L%C3%AA+D%C6%B0%C6%A1ng/data=!4m7!3m6!1s0x31752d1552cb4769:0xf86cc0fb0122d731!8m2!3d10.7461929!4d106.6148345!16s%2Fg%2F11rn098f6c!19sChIJaUfLUhUtdTERMdciAfvAbPg?authuser=0&hl=en&rclk=1,https://www.facebook.com/Mia-coffee-L%C3%AA-D%C6%B0%C6%A1ng-104560968168813
"206 Đ. Trần Văn Kiểu, Phường 10, Quận 6, Thành phố Hồ Chí Minh ",10.7414577,106.6281331,Trung Nguyên E-Coffee,0919 447 938 ,100000.0,"100,000",4.4,Coffee Shop,https://www.google.com/maps/place/Trung+Nguy%C3%AAn+E-Coffee/data=!4m7!3m6!1s0x31752df5dc9325b1:0xc17a1d72cc15a4ae!8m2!3d10.7414577!4d106.6281331!16s%2Fg%2F11l4m4d4gw!19sChIJsSWT3PUtdTERrqQVzHIdesE?authuser=0&hl=en&rclk=1,
"02-03 Đường D9, Tây Thạnh, Tân Phú, Thành phố Hồ Chí Minh 700000 ",10.8150286,106.6248931,The Rust Coffee,0335 343 228 ,100000.0,"100,000",4.1,Coffee Shop,https://www.google.com/maps/place/The+Rust+Coffee/data=!4m7!3m6!1s0x31752b317397757d:0x60b06e34f863953d!8m2!3d10.8150286!4d106.6248931!16s%2Fg%2F11t7h6q3m_!19sChIJfXWXczErdTERPZVj-DRusGA?authuser=0&hl=en&rclk=1,
"103BIS Võ Thị Sáu, Phường 6, Quận 3, Thành phố Hồ Chí Minh ",10.7864174,106.6910119,The Hummingbird Café & Roastery,028 6270 3153 ,100000.0,"100,000",4.6,Coffee Shop,https://www.google.com/maps/place/The+Hummingbird+Caf%C3%A9+%26+Roastery/data=!4m7!3m6!1s0x31752f6a86db62e3:0x5e26be111bfd42e3!8m2!3d10.7864174!4d106.6910119!16s%2Fg%2F11lgv0dgl2!19sChIJ42LbhmovdTER40L9GxG-Jl4?authuser=0&hl=en&rclk=1,https://thehummingbirdsaigon.com/
"25 Phạm Hồng Thái, Hải Châu, Đà Nẵng 55000 ",16.0673825,108.2217327,Trình cà phê,0932 453 811 ,100000.0,"100,000",4.8,Coffee Shop,https://www.google.com/maps/place/Tr%C3%ACnh+c%C3%A0+ph%C3%AA/data=!4m7!3m6!1s0x314217b76e56e1d9:0xcd8455fecf74c490!8m2!3d16.0673825!4d108.2217327!16s%2Fg%2F11f9hdgyv2!19sChIJ2eFWbrcXQjERkMR0z_5VhM0?authuser=0&hl=en&rclk=1,https://www.facebook.com/trinhcaphedn/
"422 Ngô Thì Sĩ, Bắc Mỹ An, Ngũ Hành Sơn, Đà Nẵng 550000 ",16.0480872,108.2460233,XLIII Specialty Coffee,0799 343 943 ,null,,4.7,Coffee Shop,https://www.google.com/maps/place/XLIII+Specialty+Coffee/data=!4m7!3m6!1s0x314217b3ee661bef:0x516cdf137fb627ef!8m2!3d16.0480872!4d108.2460233!16s%2Fg%2F11g10nqwyc!19sChIJ7xtm7rMXQjER7ye2fxPfbFE?authuser=0&hl=en&rclk=1,https://xliiicoffee.com/
"khoảng 30 m, 15/1, số 15 Lê Hồng Phong, vô hẻm, Hải Châu, 550000 ",16.0632856,108.2222436,NAM house Cafe,0787 786 869 ,100000.0,"100,000",4.6,Coffee Shop,https://www.google.com/maps/place/NAM+house+Cafe/data=!4m7!3m6!1s0x314219ccc550a84d:0x2e1490e9e59ad2ac!8m2!3d16.0632856!4d108.2222436!16s%2Fg%2F11g9q3qyfg!19sChIJTahQxcwZQjERrNKa5emQFC4?authuser=0&hl=en&rclk=1,https://m.facebook.com/NAMhouseCoffee/
"550 Trưng Nữ Vương, Hòa Thuận Nam, Hải Châu, Đà Nẵng 550000 ",16.0477566,108.2119938,COLOR COFFEE - RỪNG NHIỆT ĐỚI,0345 671 659 ,100000.0,"100,000",4.7,Coffee Shop,https://www.google.com/maps/place/COLOR+COFFEE+-+R%E1%BB%AANG+NHI%E1%BB%86T+%C4%90%E1%BB%9AI/data=!4m7!3m6!1s0x314219e151873183:0xb0be1b5076bdbc15!8m2!3d16.0477566!4d108.2119938!16s%2Fg%2F11vhyym_yb!19sChIJgzGHUeEZQjERFby9dlAbvrA?authuser=0&hl=en&rclk=1,
"186 Bạch Đằng, Phước Ninh, Hải Châu, Đà Nẵng 550000 ",16.0658831,108.2243421,Cà Phê Trứng 3T - Cầu Rồng - Đà Nẵng,0865 787 073 ,100000.0,"100,000",4.6,Coffee Shop,https://www.google.com/maps/place/C%C3%A0+Ph%C3%AA+Tr%E1%BB%A9ng+3T+-+C%E1%BA%A7u+R%E1%BB%93ng+-+%C4%90%C3%A0+N%E1%BA%B5ng/data=!4m7!3m6!1s0x314219db1459073f:0xd21c732fa95755be!8m2!3d16.0658831!4d108.2243421!16s%2Fg%2F11x8f0jcmg!19sChIJPwdZFNsZQjERvlVXqS9zHNI?authuser=0&hl=en&rclk=1,http://caphetrung3t.com/
"98-96 Bạch Đằng, Hải Châu, Đà Nẵng 550000 ",16.0690486,108.2248767,Cộng Cà Phê,0236 6553 644 ,100000.0,"100,000",4.1,Coffee Shop,https://www.google.com/maps/place/C%E1%BB%99ng+C%C3%A0+Ph%C3%AA/data=!4m7!3m6!1s0x314218321ae9468b:0x7f3c3d5f44588746!8m2!3d16.0690486!4d108.2248767!16s%2Fg%2F11bc6z8n75!19sChIJi0bpGjIYQjERRodYRF89PH8?authuser=0&hl=en&rclk=1,http://congcaphe.com/
"24 Lê Hồng Phong, Phước Ninh, Hải Châu, Đà Nẵng 550000 ",16.0639729,108.2226686,Gé Cafe,0935 350 968 ,100000.0,"100,000",4.4,Coffee Shop,https://www.google.com/maps/place/G%C3%A9+Cafe/data=!4m7!3m6!1s0x314219fa6c34dc6d:0x4676f79b884440cf!8m2!3d16.0639729!4d108.2226686!16s%2Fg%2F11slq8804g!19sChIJbdw0bPoZQjERz0BEiJv3dkY?authuser=0&hl=en&rclk=1,
"186 Phan Châu Trinh, Phước Ninh, Hải Châu, Đà Nẵng 550000 ",16.0614708,108.2195006,The Local Beans | Vietnamese Coffee Roaster & Workspace – Da Nang,0784 117 944 ,100000.0,"100,000",4.4,Coffee Shop,https://www.google.com/maps/place/The+Local+Beans+%7C+Vietnamese+Coffee+Roaster+%26+Workspace+%E2%80%93+Da+Nang/data=!4m7!3m6!1s0x314219002afce367:0xb6fba2557971314b!8m2!3d16.0614708!4d108.2195006!16s%2Fg%2F11vpc9ln6v!19sChIJZ-P8KgAZQjERSzFxeVWi-7Y?authuser=0&hl=en&rclk=1,
"106 Phạm Văn Đồng, An Hải, Sơn Trà, Đà Nẵng 550000 ",16.0711437,108.2362378,NORMAD CAFE - Da Nang,0784 888 828 ,100000.0,"100,000",4.6,Coffee Shop,https://www.google.com/maps/place/NORMAD+CAFE+-+Da+Nang/data=!4m7!3m6!1s0x31421978ac2e2107:0x93262a7c5fa2720!8m2!3d16.0711437!4d108.2362378!16s%2Fg%2F11kq5tqgwj!19sChIJByEurHgZQjERICf6xadiMgk?authuser=0&hl=en&rclk=1,http://normad.com.vn/
"3/14, Phan Thành Tài, Bình Thuận, Hải Châu, Đà Nẵng 550000 ",16.0529845,108.2214719,Nia Coffee,0903 515 415 ,100000.0,"100,000",4.3,Coffee Shop,https://www.google.com/maps/place/Nia+Coffee/data=!4m7!3m6!1s0x314219cf43f4d151:0x6f97e2f6f0100ad0!8m2!3d16.0529845!4d108.2214719!16s%2Fg%2F1pzwnl1d9!19sChIJUdH0Q88ZQjER0AoQ8Pbil28?authuser=0&hl=en&rclk=1,
"44 Bùi Thiện Ngộ, Hoà Xuân, Cẩm Lệ, Đà Nẵng 550000 ",16.0149485,108.2174928,Dream House Coffee - Tiệm cà phê chill Hòa Xuân - Đà Nẵng,0905 585 469 ,100000.0,"100,000",4.5,Coffee Shop,https://www.google.com/maps/place/Dream+House+Coffee+-+Ti%E1%BB%87m+c%C3%A0+ph%C3%AA+chill+H%C3%B2a+Xu%C3%A2n+-+%C4%90%C3%A0+N%E1%BA%B5ng/data=!4m7!3m6!1s0x31421be09f9b6629:0x302fb6ff3d0e4663!8m2!3d16.0149485!4d108.2174928!16s%2Fg%2F11hz_krxzb!19sChIJKWabn-AbQjERY0YOPf-2LzA?authuser=0&hl=en&rclk=1,https://www.facebook.com/cafe.dreamhouse?mibextid=ZbWKwL
"191 Hoàng Diệu, Phước Ninh, Hải Châu, Đà Nẵng 550000 ",16.0602043,108.2171271,I COFFEE,0706 666 662 ,100000.0,"100,000",3.9,Coffee Shop,https://www.google.com/maps/place/I+COFFEE/data=!4m7!3m6!1s0x314219d556554713:0xc88a8045959712ca!8m2!3d16.0602043!4d108.2171271!16s%2Fg%2F11jt39ch7c!19sChIJE0dVVtUZQjERyhKXlUWAisg?authuser=0&hl=en&rclk=1,
"96 Trần Phú, Hải Châu, Đà Nẵng 840236 ",16.0691557,108.223843,WONDERLUST - Coffee & Souvenir,0236 3744 678 ,100000.0,"100,000",4.6,Coffee Shop,https://www.google.com/maps/place/WONDERLUST+-+Coffee+%26+Souvenir/data=!4m7!3m6!1s0x3142183224111241:0xa99dd0ef2ad89be0!8m2!3d16.0691557!4d108.223843!16s%2Fg%2F11gf5kqnwq!19sChIJQRIRJDIYQjER4JvYKu_Qnak?authuser=0&hl=en&rclk=1,http://wonderlust.vn/
"2 Đặng Thùy Trâm, Hoà Thuận, Hải Châu, Đà Nẵng 550000 ",16.0523796,108.2062998,Hem Xeo,0934 877 432 ,100000.0,"100,000",4.7,Coffee Shop,https://www.google.com/maps/place/Hem+Xeo/data=!4m7!3m6!1s0x314219b9f2efd265:0x5e0a2cc156361522!8m2!3d16.0523796!4d108.2062998!16s%2Fg%2F11f3vdmnbh!19sChIJZdLv8rkZQjERIhU2VsEsCl4?authuser=0&hl=en&rclk=1,https://m.facebook.com/hemxeohouse2018/
"72 Lê Mạnh Trinh, Phước Mỹ, Sơn Trà, Đà Nẵng 550000 ",16.074512,108.2434614,Wind Garden,0905 519 991 ,100000.0,"100,000",4.3,Coffee Shop,https://www.google.com/maps/place/Wind+Garden/data=!4m7!3m6!1s0x31421788b5ae9f13:0x4258793219812e82!8m2!3d16.074512!4d108.2434614!16s%2Fg%2F11b6nmv8qt!19sChIJE5-utYgXQjERgi6BGTJ5WEI?authuser=0&hl=en&rclk=1,https://www.facebook.com/windgardencoffee?mibextid=ZbWKwL
"52 Lê Lợi, Thạch Thang, Hải Châu, Đà Nẵng 550000 ",16.0786035,108.2193211,Cafeholic Coffee,0812 045 252 ,100000.0,"100,000",4.8,Coffee Shop,https://www.google.com/maps/place/Cafeholic+Coffee/data=!4m7!3m6!1s0x3142191b55f680b3:0x238d015190a84f59!8m2!3d16.0786035!4d108.2193211!16s%2Fg%2F11rf4nb072!19sChIJs4D2VRsZQjERWU-okFEBjSM?authuser=0&hl=en&rclk=1,http://cafeholic.vn/
"68/23 Nguyễn Hữu Thọ, Hòa Thuận Nam, Hải Châu, Đà Nẵng 550000 ",16.0474011,108.2087224,Vối cà phê- tiệm cà phê nhà Vối,0344 108 411 ,100000.0,"100,000",4.6,Coffee Shop,https://www.google.com/maps/place/V%E1%BB%91i+c%C3%A0+ph%C3%AA-+ti%E1%BB%87m+c%C3%A0+ph%C3%AA+nh%C3%A0+V%E1%BB%91i/data=!4m7!3m6!1s0x314219c9ca7a1b63:0x46340e7fc0f2c717!8m2!3d16.0474011!4d108.2087224!16s%2Fg%2F11ptyx_x5_!19sChIJYxt6yskZQjERF8fywH8ONEY?authuser=0&hl=en&rclk=1,
"66 Đỗ Quang, Thạc Gián, Thanh Khê, Đà Nẵng 550000 ",16.0605706,108.2118763,Gé Cafe,0935 350 968 ,100000.0,"100,000",4.8,Coffee Shop,https://www.google.com/maps/place/G%C3%A9+Cafe/data=!4m7!3m6!1s0x314219b4da1387cd:0xdd379ef2f5ad1635!8m2!3d16.0605706!4d108.2118763!16s%2Fg%2F11mdkcvxr3!19sChIJzYcT2rQZQjERNRat9fKeN90?authuser=0&hl=en&rclk=1,
"25 Đỗ Quang, Thạc Gián, Thanh Khê, Đà Nẵng 550000 ",16.0628543,108.212676,Xém,0905 847 008 ,100000.0,"100,000",4.2,Coffee Shop,https://www.google.com/maps/place/X%C3%A9m.+C%C3%A0+Ph%C3%AA/data=!4m7!3m6!1s0x3142194751d0e72f:0x49a8ee29a25cce2b!8m2!3d16.0628543!4d108.212676!16s%2Fg%2F11n1908nbs!19sChIJL-fQUUcZQjERK85coinuqEk?authuser=0&hl=en&rclk=1,https://www.facebook.com/xem.cafe/?ref=page_internal
"225/3 Đống Đa, Thạch Thang, Hải Châu, Đà Nẵng 550000 ",16.0755634,108.2155914,Fil's Cafe,0905 888 136 ,100000.0,"100,000",4.5,Coffee Shop,https://www.google.com/maps/place/Fil%27s+Cafe/data=!4m7!3m6!1s0x314218378c857159:0x7d066fc664d3bbd0!8m2!3d16.0755634!4d108.2155914!16s%2Fg%2F11ggnc450w!19sChIJWXGFjDcYQjER0LvTZMZvBn0?authuser=0&hl=en&rclk=1,https://www.facebook.com/Fils-Coffee-562598227431620/
"59 Hải Phòng, Thạch Thang, Hải Châu, Đà Nẵng 550000 ",16.0717586,108.2175209,The 59 cafe,,100000.0,"100,000",4.4,Coffee Shop,https://www.google.com/maps/place/The+59+cafe/data=!4m7!3m6!1s0x314219bb28181783:0xdc89976718ec6b96!8m2!3d16.0717586!4d108.2175209!16s%2Fg%2F11jdrj84zk!19sChIJgxcYKLsZQjERlmvsGGeXidw?authuser=0&hl=en&rclk=1,
"03 Trường Thi 6, Hòa Thuận Tây, Hải Châu, Đà Nẵng 55000 ",16.0597407,108.2045725,PASSPORT Coffee Roastery,0898 160 703 ,100000.0,"100,000",4.5,Coffee Shop,https://www.google.com/maps/place/PASSPORT+Coffee+Roastery/data=!4m7!3m6!1s0x3142191a5cd97919:0x2f11535e9a6b2ec3!8m2!3d16.0597407!4d108.2045725!16s%2Fg%2F11p6x_9knh!19sChIJGXnZXBoZQjERwy5rml5TES8?authuser=0&hl=en&rclk=1,https://www.facebook.com/PassportRoastery
"24 Nguyễn Công Trứ, An Hải, Sơn Trà, Đà Nẵng 550000 ",16.0685733,108.2296095,Đi Lạc Coffee,0839 123 996 ,100000.0,"100,000",4.8,Coffee Shop,https://www.google.com/maps/place/%C4%90i+L%E1%BA%A1c+Coffee/data=!4m7!3m6!1s0x314219c7d94eb98b:0x702b8a5dfc82590d!8m2!3d16.0685733!4d108.2296095!16s%2Fg%2F11j2_svb0s!19sChIJi7lO2ccZQjERDVmC_F2KK3A?authuser=0&hl=en&rclk=1,https://www.facebook.com/dilaccoffee
"124 Yên Khê 1, Thanh Khê Đông, Thanh Khê, Đà Nẵng ",16.072602,108.1798707,Ibasho Coffee,0941 293 678 ,100000.0,"100,000",4.1,Coffee Shop,https://www.google.com/maps/place/Ibasho+Coffee/data=!4m7!3m6!1s0x31421949baf9e1a1:0x71f980b2515c49c5!8m2!3d16.072602!4d108.1798707!16s%2Fg%2F11qyn_6jxq!19sChIJoeH5ukkZQjERxUlcUbKA-XE?authuser=0&hl=en&rclk=1,https://m.facebook.com/ibashocoffeeandhomestay/
"192 Nguyễn Văn Thoại, Bắc Mỹ Phú, Ngũ Hành Sơn, Đà Nẵng 550000 ",16.0560206,108.2460604,The Cups Coffee Roastery,0913 320 177 ,100000.0,"100,000",4.5,Coffee Shop,https://www.google.com/maps/place/The+Cups+Coffee+Roastery/data=!4m7!3m6!1s0x314217dec9f11185:0xdca9de0f2bf6523d!8m2!3d16.0560206!4d108.2460604!16s%2Fg%2F11g07yw4fm!19sChIJhRHxyd4XQjERPVL2Kw_eqdw?authuser=0&hl=en&rclk=1,http://thecupscoffee.vn/
"21 Núi Thành, Bình Thuận, Hải Châu, Đà Nẵng 550000 ",16.053308,108.2204506,GIÁC Coffee,,100000.0,"100,000",4.2,Coffee Shop,https://www.google.com/maps/place/GI%C3%81C+Coffee/data=!4m7!3m6!1s0x31421945e44322ef:0x676f8b13ebb5fd8a!8m2!3d16.053308!4d108.2204506!16s%2Fg%2F11hdsyqk3t!19sChIJ7yJD5EUZQjERiv216xOLb2c?authuser=0&hl=en&rclk=1,
"35 - 41 Nguyễn Văn Linh, Phước Ninh, Hải Châu, Đà Nẵng 550000 ",16.0607498,108.2209704,"Phê La - Nguyễn Văn Linh, Đà Nẵng",1900 3013 ,100000.0,"100,000",4.4,Coffee Shop,"https://www.google.com/maps/place/Ph%C3%AA+La+-+Nguy%C3%AA%CC%83n+V%C4%83n+Linh,+%C4%90%C3%A0+N%E1%BA%B5ng/data=!4m7!3m6!1s0x314219fcbe9899b7:0xb0e7cb4505abcd79!8m2!3d16.0607498!4d108.2209704!16s%2Fg%2F11l59jn8m5!19sChIJt5mYvvwZQjERec2rBUXL57A?authuser=0&hl=en&rclk=1",
"03 Nguyễn Bá Học, Bình Thuận, Hải Châu, Đà Nẵng 550000 ",16.0546513,108.2208819,Phê Coffee,0902 575 368 ,100000.0,"100,000",4.4,Coffee Shop,https://www.google.com/maps/place/Ph%C3%AA+Coffee/data=!4m7!3m6!1s0x314219a84889aab3:0x9fd8ed1f1d8a579a!8m2!3d16.0546513!4d108.2208819!16s%2Fg%2F11t0psfvwm!19sChIJs6qJSKgZQjERmleKHR_t2J8?authuser=0&hl=en&rclk=1,
"1 Tân Trào, Hoà Minh, Liên Chiểu, Đà Nẵng 550000 ",16.0602436,108.1744226,SaiGon Brown Coffee,1900 232747 ,100000.0,"100,000",4.2,Coffee Shop,https://www.google.com/maps/place/SaiGon+Brown+Coffee/data=!4m7!3m6!1s0x314219252364b16b:0x8db861d1104b5ced!8m2!3d16.0602436!4d108.1744226!16s%2Fg%2F11fj33_yf0!19sChIJa7FkIyUZQjER7VxLENFhuI0?authuser=0&hl=en&rclk=1,
"75/18 Lê Hồng Phong, Phước Ninh, Hải Châu, Đà Nẵng 550000 ",16.0634429,108.2187969,Khâu,0906 430 620 ,100000.0,"100,000",4.4,Coffee Shop,https://www.google.com/maps/place/Kh%C3%A2u.c%C3%A0+ph%C3%AA/data=!4m7!3m6!1s0x31421964275a06fb:0x98cf4cb0cff36086!8m2!3d16.0634429!4d108.2187969!16s%2Fg%2F11s82xsbnp!19sChIJ-wZaJ2QZQjERhmDzz7BMz5g?authuser=0&hl=en&rclk=1,
"35 Lý Thường Kiệt, Thạch Thang, Hải Châu, Đà Nẵng 550000 ",16.0800348,108.2205032,Incheon Coffee Đà Nẵng,0905 123 333 ,100000.0,"100,000",4.0,Coffee Shop,https://www.google.com/maps/place/Incheon+Coffee+%C4%90%C3%A0+N%E1%BA%B5ng/data=!4m7!3m6!1s0x314219d77a63fa3b:0x6a6be4642a148708!8m2!3d16.0800348!4d108.2205032!16s%2Fg%2F11syr3nbps!19sChIJO_pjetcZQjERCIcUKmTka2o?authuser=0&hl=en&rclk=1,https://m.facebook.com/35LythuongkietDN/
"30 Đặng Thùy Trâm, Hòa Thuận Nam, Hải Châu, Đà Nẵng 50000 ",16.0522882,108.2051718,Cổ Động Cafe,0335 522 591 ,100000.0,"100,000",4.8,Coffee Shop,https://www.google.com/maps/place/C%E1%BB%95+%C4%90%E1%BB%99ng+Cafe/data=!4m7!3m6!1s0x314219f0acc5f66f:0xb79e473d833c2fbb!8m2!3d16.0522882!4d108.2051718!16s%2Fg%2F11tbzl6dgb!19sChIJb_bFrPAZQjERuy88gz1Hnrc?authuser=0&hl=en&rclk=1,https://www.facebook.com/cafecodong
"16 Dương Khuê, Bắc Mỹ Phú, Ngũ Hành Sơn, Đà Nẵng 550000 ",16.0481737,108.2349853,Zozi Coffee 24/7,0866 144 363 ,100000.0,"100,000",4.4,Coffee Shop,https://www.google.com/maps/place/Zozi+Coffee+24%2F7/data=!4m7!3m6!1s0x314219a937935ae9:0xaf3643b9555c1c1a!8m2!3d16.0481737!4d108.2349853!16s%2Fg%2F11t10qd6hq!19sChIJ6VqTN6kZQjERGhxcVblDNq8?authuser=0&hl=en&rclk=1,https://www.facebook.com/zozi.offical
"134/2 Quang Trung, Thạch Thang, Hải Châu, Đà Nẵng 550000 ",16.0743929,108.2162289,Cafe Yen,,100000.0,"100,000",4.4,Coffee Shop,https://www.google.com/maps/place/Cafe+Yen/data=!4m7!3m6!1s0x3142183a7f090975:0xdebca14ac0090125!8m2!3d16.0743929!4d108.2162289!16s%2Fg%2F11h414ll7w!19sChIJdQkJfzoYQjERJQEJwEqhvN4?authuser=0&hl=en&rclk=1,https://www.facebook.com/tiemcapheyenquangtrung
"113/27 Nguyễn Chí Thanh, Hải Châu, Đà Nẵng 550000 ",16.0736256,108.2216705,Àla Cafe,0917 168 530 ,100000.0,"100,000",4.7,Coffee Shop,https://www.google.com/maps/place/%C3%80la+Cafe/data=!4m7!3m6!1s0x314219f116c68ce9:0x648fcfcd1a4c3eb6!8m2!3d16.0736256!4d108.2216705!16s%2Fg%2F11jlmml20j!19sChIJ6YzGFvEZQjERtj5MGs3Pj2Q?authuser=0&hl=en&rclk=1,https://www.facebook.com/alacafe.official
"05 An Cư 5, An Hải Bắc, Sơn Trà, Đà Nẵng 550000 ",16.0740525,108.2419258,ACACIA coffee and more,0769 482 888 ,100000.0,"100,000",4.8,Coffee Shop,https://www.google.com/maps/place/ACACIA+coffee+and+more/data=!4m7!3m6!1s0x314217d1fac2c311:0x94c5c423146d01af!8m2!3d16.0740525!4d108.2419258!16s%2Fg%2F11kq3v81rp!19sChIJEcPC-tEXQjERrwFtFCPExZQ?authuser=0&hl=en&rclk=1,http://facebook.com/caysidng
"53-55 Nguyễn Văn Linh, Phước Ninh, Hải Châu, Đà Nẵng 50211 ",16.0607465,108.2206633,P Coffee,0838 437 777 ,100000.0,"100,000",4.2,Coffee Shop,https://www.google.com/maps/place/P+Coffee/data=!4m7!3m6!1s0x314219d18f373ac7:0x6d21db29006aceef!8m2!3d16.0607465!4d108.2206633!16s%2Fg%2F11qyc0plp4!19sChIJxzo3j9EZQjER785qACnbIW0?authuser=0&hl=en&rclk=1,https://www.facebook.com/p.poonacoffee/
"4 Nguyễn Du, Thạch Thang, Hải Châu, Đà Nẵng 550000 ",16.0791193,108.2233106,Cosmos Coffee - Nguyễn Du,,100000.0,"100,000",4.3,Coffee Shop,https://www.google.com/maps/place/Cosmos+Coffee+-+Nguy%E1%BB%85n+Du/data=!4m7!3m6!1s0x3142198eb9d202e3:0xe8f683400f16f83!8m2!3d16.0791193!4d108.2233106!16s%2Fg%2F11tct69ry2!19sChIJ4wLSuY4ZQjERg2_xADRojw4?authuser=0&hl=en&rclk=1,
"37 Trần Quý Cáp, Thạch Thang, Hải Châu, Đà Nẵng 550000 ",16.0811223,108.2201319,Das Chill Coffee,,100000.0,"100,000",4.6,Coffee Shop,https://www.google.com/maps/place/Das+Chill+Coffee/data=!4m7!3m6!1s0x31421964daf682bb:0x85e7b11c1b86beaa!8m2!3d16.0811223!4d108.2201319!16s%2Fg%2F11sx0nh18s!19sChIJu4L22mQZQjERqr6GGxyx54U?authuser=0&hl=en&rclk=1,https://facebook.com/Das-Chill-Coffee-103167125659146/
"60 Nguyễn Chí Thanh, Hải Châu, Đà Nẵng 55000 ",16.0740215,108.2205959,IKIGAI,0762 076 421 ,100000.0,"100,000",4.4,Coffee Shop,https://www.google.com/maps/place/IKIGAI+.+garden+.+cafe/data=!4m7!3m6!1s0x3142198e485eda79:0x91cf5b707450a662!8m2!3d16.0740215!4d108.2205959!16s%2Fg%2F11js7bd1jn!19sChIJedpeSI4ZQjERYqZQdHBbz5E?authuser=0&hl=en&rclk=1,
"02 Phan Bội Châu, Thạch Thang, Hải Châu, Đà Nẵng 02363 ",16.080964,108.2211754,Moss Coffee Shop 2,0905 404 436 ,100000.0,"100,000",4.5,Coffee Shop,https://www.google.com/maps/place/Moss+Coffee+Shop+2/data=!4m7!3m6!1s0x31421962c295f3db:0x4e823ec83064d3ac!8m2!3d16.080964!4d108.2211754!16s%2Fg%2F11cs31kn4w!19sChIJ2_OVwmIZQjERrNNkMMg-gk4?authuser=0&hl=en&rclk=1,
"36 Lê Duẩn, Hải Châu, Đà Nẵng 550000 ",16.0723858,108.2218489,Goc Nha Tui Minh Teahouse,,100000.0,"100,000",4.7,Tea Shop,https://www.google.com/maps/place/Goc+Nha+Tui+Minh+Teahouse/data=!4m7!3m6!1s0x314218311e0b5cb7:0xe7c8369519580d10!8m2!3d16.0723858!4d108.2218489!16s%2Fg%2F11d_wwzp9m!19sChIJt1wLHjEYQjEREA1YGZU2yOc?authuser=0&hl=en&rclk=1,https://www.facebook.com/gocnhatuiminh
"402 Điện Biên Phủ, Thanh Khê Đông, Thanh Khê, Đà Nẵng 550000 ",16.0663007,108.18943,Khong Gian Xua,0236 3730 777 ,200000.0,"200,000",4.2,Coffee Shop,https://www.google.com/maps/place/Khong+Gian+Xua/data=!4m7!3m6!1s0x314219001064ce23:0x67d2fa43164ccba6!8m2!3d16.0663007!4d108.18943!16s%2Fg%2F1hhngl_mz!19sChIJI85kEAAZQjERpstMFkP60mc?authuser=0&hl=en&rclk=1,http://khonggianxua.samdigroup.vn/
"36 - 38 Bạch Đằng, Thạch Thang, Hải Châu, Đà Nẵng 550000 ",16.0771891,108.2238641,Phê La Bạch Đằng - Đà Nẵng,,100000.0,"100,000",4.8,Coffee Shop,https://www.google.com/maps/place/Ph%C3%AA+La+B%E1%BA%A1ch+%C4%90%E1%BA%B1ng+-+%C4%90%C3%A0+N%E1%BA%B5ng/data=!4m7!3m6!1s0x314219001d9e732b:0xd9d7889eedb61753!8m2!3d16.0771891!4d108.2238641!16s%2Fg%2F11yg55bj24!19sChIJK3OeHQAZQjERUxe27Z6I19k?authuser=0&hl=en&rclk=1,
"02 Đốc Ngữ, Hoà Cường Bắc, Hải Châu, Đà Nẵng 550000 ",16.0441157,108.2178896,Yahaa Coffee,0889 090 168 ,null,,4.9,Coffee Shop,https://www.google.com/maps/place/Yahaa+Coffee/data=!4m7!3m6!1s0x314219c1a5c58f39:0xc6278077c931a6ba!8m2!3d16.0441157!4d108.2178896!16s%2Fg%2F1jkw7y02q!19sChIJOY_FpcEZQjERuqYxyXeAJ8Y?authuser=0&hl=en&rclk=1,https://yahaacoffee.com/
"83 Trần Phú, Hải Châu, Đà Nẵng 550000 ",16.0697472,108.2242796,A-kopi Coffee,0352 392 879 ,100000.0,"100,000",4.8,Coffee Shop,https://www.google.com/maps/place/A-kopi+Coffee/data=!4m7!3m6!1s0x314219508d3ddacb:0x3a790faf9f06856c!8m2!3d16.0697472!4d108.2242796!16s%2Fg%2F11vr7v__95!19sChIJy9o9jVAZQjERbIUGn68PeTo?authuser=0&hl=en&rclk=1,
"66 Pasteur, Hải Châu, Đà Nẵng 550000 ",16.0699137,108.2177666,Outta da Blue Đà Nẵng - Danang Specialty Coffee Shop - 다낭 스페셜티 커피 전문점 - ダナン・スペシャルティコーヒーショップ,0799 357 247 ,null,,4.9,Coffee Shop,https://www.google.com/maps/place/Outta+da+Blue+%C4%90%C3%A0+N%E1%BA%B5ng+-+Danang+Specialty+Coffee+Shop+-+%EB%8B%A4%EB%82%AD+%EC%8A%A4%ED%8E%98%EC%85%9C%ED%8B%B0+%EC%BB%A4%ED%94%BC+%EC%A0%84%EB%AC%B8%EC%A0%90+-+%E3%83%80%E3%83%8A%E3%83%B3%E3%83%BB%E3%82%B9%E3%83%9A%E3%82%B7%E3%83%A3%E3%83%AB%E3%83%86%E3%82%A3%E3%82%B3%E3%83%BC%E3%83%92%E3%83%BC%E3%82%B7%E3%83%A7%E3%83%83%E3%83%97/data=!4m7!3m6!1s0x314219007a49590f:0x7901f17cd1bb2723!8m2!3d16.0699137!4d108.2177666!16s%2Fg%2F11wmjh4wxk!19sChIJD1lJegAZQjERIye70XzxAXk?authuser=0&hl=en&rclk=1,https://jp.gurutto-vietnam.com/detail/6321/index.html
"29-31 Hùng Vương, Hải Châu, Đà Nẵng 550000 ",16.068498,108.223168,Kaldi & More Coffee Shop,0922 061 866 ,200000.0,"200,000",4.8,Coffee Shop,https://www.google.com/maps/place/Kaldi+%26+More+Coffee+Shop/data=!4m7!3m6!1s0x3142118086a57fc1:0x7b46cad6c2ab391f!8m2!3d16.068498!4d108.223168!16s%2Fg%2F11k3jgh2wz!19sChIJwX-lhoARQjERHzmrwtbKRns?authuser=0&hl=en&rclk=1,https://www.facebook.com/Kaldiandmore/
"113/18 Nguyễn Chí Thanh, Hải Châu, Đà Nẵng 550000 ",16.0737166,108.2215743,Nối Café,0935 804 537 ,100000.0,"100,000",4.4,Coffee Shop,https://www.google.com/maps/place/N%E1%BB%91i+Caf%C3%A9/data=!4m7!3m6!1s0x31421830b8f7ac35:0xb33f644c4ec6cbe4!8m2!3d16.0737166!4d108.2215743!16s%2Fg%2F11dxkxf4s7!19sChIJNaz3uDAYQjER5MvGTkxkP7M?authuser=0&hl=en&rclk=1,
"155 Lê Đình Lý, Bình Thuận, Hải Châu, Đà Nẵng 552200 ",16.0535347,108.2113574,34 Tropical,0966 523 434 ,100000.0,"100,000",4.9,Coffee Shop,https://www.google.com/maps/place/34+Tropical/data=!4m7!3m6!1s0x3142190067477515:0x88b01749f66dccce!8m2!3d16.0535347!4d108.2113574!16s%2Fg%2F11wtgx93bh!19sChIJFXVHZwAZQjERzsxt9kkXsIg?authuser=0&hl=en&rclk=1,
"130 Nguyễn Chí Thanh, Hải Châu, Đà Nẵng 550000 ",16.0677357,108.2208447,Namto House Coffee & Vietnamese Cuisine,0948 877 777 ,100000.0,"100,000",4.5,Coffee Shop,https://www.google.com/maps/place/Namto+House+Coffee+%26+Vietnamese+Cuisine/data=!4m7!3m6!1s0x3142199f4577a21d:0x9e152035e28c81d9!8m2!3d16.0677357!4d108.2208447!16s%2Fg%2F11fnb14vc2!19sChIJHaJ3RZ8ZQjER2YGM4jUgFZ4?authuser=0&hl=en&rclk=1,https://www.facebook.com/namtohouse?mibextid=ZbWKwL
"57 Bà Huyện Thanh Quan, Bắc Mỹ An, Ngũ Hành Sơn, Đà Nẵng 50700 ",16.0433923,108.2440618,Roost Coffee Roasters | Da Nang,0914 002 628 ,100000.0,"100,000",4.9,Coffee Shop,https://www.google.com/maps/place/Roost+Coffee+Roasters+%7C+Da+Nang/data=!4m7!3m6!1s0x31421724b9f30a89:0x8cbb28ee01d72686!8m2!3d16.0433923!4d108.2440618!16s%2Fg%2F11kq2mfb_9!19sChIJiQrzuSQXQjERhibXAe4ou4w?authuser=0&hl=en&rclk=1,http://www.roostvn.cafe/
"102 Nguyễn Thị Minh Khai, Thạch Thang, Hải Châu, Đà Nẵng 550000 ",16.0719706,108.2181749,Cửa Ngõ Café – Cửa Hàng Số 2,0889 440 440 ,100000.0,"100,000",4.5,Coffee Shop,https://www.google.com/maps/place/C%E1%BB%ADa+Ng%C3%B5+Caf%C3%A9+%E2%80%93+C%E1%BB%ADa+H%C3%A0ng+S%E1%BB%91+2/data=!4m7!3m6!1s0x314219805c6565cf:0xb2046216c06654f5!8m2!3d16.0719706!4d108.2181749!16s%2Fg%2F11rzcp_r2k!19sChIJz2VlXIAZQjER9VRmwBZiBLI?authuser=0&hl=en&rclk=1,
"153 Triệu Nữ Vương, Hải Châu, Đà Nẵng 550000 ",16.0623027,108.2167533,THE POWERHOUSE,0966 020 246 ,100000.0,"100,000",4.6,Coffee Shop,https://www.google.com/maps/place/THE+POWERHOUSE/data=!4m7!3m6!1s0x314219b3ef299c95:0x2d21d006353364e!8m2!3d16.0623027!4d108.2167533!16s%2Fg%2F11sh19dyfj!19sChIJlZwp77MZQjERTjZTYwAd0gI?authuser=0&hl=en&rclk=1,
"141 Lê Quang Đạo, Bắc Mỹ Phú, Ngũ Hành Sơn, Đà Nẵng 50000 ",16.0517903,108.2451117,Forest Coffee Da Nang,0346 955 686 ,100000.0,"100,000",4.7,Coffee Shop,https://www.google.com/maps/place/Forest+Coffee+Da+Nang/data=!4m7!3m6!1s0x314217000105c52b:0xbede429c5bb60875!8m2!3d16.0517903!4d108.2451117!16s%2Fg%2F11vrt5bkb9!19sChIJK8UFAQAXQjERdQi2W5xC3r4?authuser=0&hl=en&rclk=1,https://www.facebook.com/profile.php?id=61555361106302&mibextid=YMEMSu
"10 Nguyễn Thiện Thuật, Phước Ninh, Hải Châu, Đà Nẵng 550000 ",16.0565099,108.22162,Tân Coffee,0777 167 610 ,100000.0,"100,000",4.4,Coffee Shop,https://www.google.com/maps/place/T%C3%A2n+Coffee/data=!4m7!3m6!1s0x31421966a365dcd7:0xc318528bf0b8d44b!8m2!3d16.0565099!4d108.22162!16s%2Fg%2F11l1qjf0fl!19sChIJ19xlo2YZQjERS9S48ItSGMM?authuser=0&hl=en&rclk=1,https://tan-co.vn/
"58 Tố Hữu, Hoà Cường Nam, Hải Châu, Đà Nẵng ",16.0347248,108.220025,TANA COFFEE,0905 886 636 ,100000.0,"100,000",4.6,Coffee Shop,https://www.google.com/maps/place/TANA+COFFEE/data=!4m7!3m6!1s0x3142194f1e96f3fd:0x78dd83d7aa6b3ad4!8m2!3d16.0347248!4d108.220025!16s%2Fg%2F11n0f_llb8!19sChIJ_fOWHk8ZQjER1DprqteD3Xg?authuser=0&hl=en&rclk=1,
"K385A/24 Nguyễn Văn Linh, Thạc Gián, Thanh Khê, Đà Nẵng 550000 ",16.0583208,108.2070073,MOR CÀ PHÊ,0705 305 205 ,100000.0,"100,000",4.3,Coffee Shop,https://www.google.com/maps/place/MOR+C%C3%80+PH%C3%8A/data=!4m7!3m6!1s0x3142197df6e30f31:0xcb4f0d9472a410e8!8m2!3d16.0583208!4d108.2070073!16s%2Fg%2F11qht__j98!19sChIJMQ_j9n0ZQjER6BCkcpQNT8s?authuser=0&hl=en&rclk=1,
"26PF+866, 467/3 Núi Thành, Hoà Cường Nam, Hải Châu, Đà Nẵng 550000 ",16.0363614,108.2230001,Đảo Cà Phê,0899 089 568 ,100000.0,"100,000",4.5,Coffee Shop,https://www.google.com/maps/place/%C4%90%E1%BA%A3o+C%C3%A0+Ph%C3%AA/data=!4m7!3m6!1s0x3142190d766a3e57:0x2de28c2c985e08fc!8m2!3d16.0363614!4d108.2230001!16s%2Fg%2F11t7j303rc!19sChIJVz5qdg0ZQjER_AhemCyM4i0?authuser=0&hl=en&rclk=1,https://www.facebook.com/daocaphedn
"31 Tản Đà, Thạc Gián, Thanh Khê, Đà Nẵng 550000 ",16.0629984,108.2092355,Cà Phê muối Huế 2 - n salt Cafe Tản Đà,0385 567 050 ,100000.0,"100,000",4.8,Coffee Shop,https://www.google.com/maps/place/C%C3%A0+Ph%C3%AA+mu%E1%BB%91i+Hu%E1%BA%BF+2+-+n+salt+Cafe+T%E1%BA%A3n+%C4%90%C3%A0/data=!4m7!3m6!1s0x314219d0d53535c1:0x93937c23ae5927b3!8m2!3d16.0629984!4d108.2092355!16s%2Fg%2F11rjj3t1k2!19sChIJwTU11dAZQjERsydZriN8k5M?authuser=0&hl=en&rclk=1,https://www.facebook.com/caphemuoionline
"46 Trần Văn Trứ, Bình Thuận, Hải Châu, Đà Nẵng 550000 ",16.056244,108.222706,Pillar Cafe - Specialty Coffee (Specialty coffee in DaNang),0935 467 508 ,100000.0,"100,000",5.0,Coffee Shop,https://www.google.com/maps/place/Pillar+Cafe+-+Specialty+Coffee+%28Specialty+coffee+in+DaNang%29/data=!4m7!3m6!1s0x314219e56dcd599d:0x4690d7caf6c254b3!8m2!3d16.056244!4d108.222706!16s%2Fg%2F11yfnkg3hy!19sChIJnVnNbeUZQjERs1TC9srXkEY?authuser=0&hl=en&rclk=1,https://www.instagram.com/thepillarcafe/
"46 Trần Văn Trứ, Bình Thuận, Hải Châu, Đà Nẵng 550000 ",16.056244,108.222706,Pillar Cafe - Specialty Coffee (Specialty coffee in DaNang),0935 467 508 ,100000.0,"100,000",5.0,Coffee Shop,https://www.google.com/maps/place/Pillar+Cafe+-+Specialty+Coffee+%28Specialty+coffee+in+DaNang%29/data=!4m7!3m6!1s0x314219e56dcd599d:0x4690d7caf6c254b3!8m2!3d16.056244!4d108.222706!16s%2Fg%2F11yfnkg3hy!19sChIJnVnNbeUZQjERs1TC9srXkEY?authuser=0&hl=en&rclk=1,https://www.instagram.com/thepillarcafe/
"192 Phan Châu Trinh, Phước Ninh, Hải Châu, Đà Nẵng 550000 ",16.061367,108.2194442,La Bonne Café Đà Nẵng,0914 100 236 ,100000.0,"100,000",4.4,Coffee Shop,https://www.google.com/maps/place/La+Bonne+Caf%C3%A9+%C4%90%C3%A0+N%E1%BA%B5ng/data=!4m7!3m6!1s0x314219309d412a23:0xf75cc6e62c6ff22c!8m2!3d16.061367!4d108.2194442!16s%2Fg%2F11j4n6f57t!19sChIJIypBnTAZQjERLPJvLObGXPc?authuser=0&hl=en&rclk=1,https://facebook.com/labonnecafedanang
"77 Trần Quốc Toản, phường, Hải Châu, Đà Nẵng 550000 ",16.0662561,108.2210361,Boulevard Gelato & Coffee,0774 404 175 ,null,,4.3,Coffee Shop,https://www.google.com/maps/place/Boulevard+Gelato+%26+Coffee/data=!4m7!3m6!1s0x3142183371e8c0ab:0x239d8448650187ac!8m2!3d16.0662561!4d108.2210361!16s%2Fg%2F11b8tb_l28!19sChIJq8DocTMYQjERrIcBZUiEnSM?authuser=0&hl=en&rclk=1,https://www.boulevard.vn/
"04 Nguyễn Hữu Thọ phường Hòa Thuận Tây, Đà Nẵng ",16.0523239,108.2087986,An Nhiên Coffee 04,0932 564 099 ,100000.0,"100,000",4.9,Coffee Shop,https://www.google.com/maps/place/An+Nhi%C3%AAn+Coffee+04/data=!4m7!3m6!1s0x31421b620b95a573:0x7845ab8a42620754!8m2!3d16.0523239!4d108.2087986!16s%2Fg%2F11ssbh3433!19sChIJc6WVC2IbQjERVAdiQoqrRXg?authuser=0&hl=en&rclk=1,https://www.facebook.com/profile.php?id=100091729440117&mibextid=LQQJ4d
"22/4 Lê Đình Dương, Street, Hải Châu, Đà Nẵng 550000 ",16.0612895,108.2219468,Đông Đô cà phê,0943 419 478 ,100000.0,"100,000",4.8,Coffee Shop,https://www.google.com/maps/place/%C4%90%C3%B4ng+%C4%90%C3%B4+c%C3%A0+ph%C3%AA/data=!4m7!3m6!1s0x314219dd9be701c9:0xc461c2223008a1a4!8m2!3d16.0612895!4d108.2219468!16s%2Fg%2F11wv01hck6!19sChIJyQHnm90ZQjERpKEIMCLCYcQ?authuser=0&hl=en&rclk=1,
"18 Đ. Nguyễn Văn Thông, Hoà Xuân, Cẩm Lệ, Đà Nẵng 550100 ",16.0206287,108.2228898,Hạ Coffee,0357 799 999 ,100000.0,"100,000",4.4,Coffee Shop,https://www.google.com/maps/place/H%E1%BA%A1+Coffee/data=!4m7!3m6!1s0x314219059fe3ac99:0x5c11d740df5ed3db!8m2!3d16.0206287!4d108.2228898!16s%2Fg%2F11fmz8kx4y!19sChIJmazjnwUZQjER29Ne30DXEVw?authuser=0&hl=en&rclk=1,https://coffeeha.com/
"89 Hoàng Kế Viêm, Bắc Mỹ Phú, Ngũ Hành Sơn, Đà Nẵng 550000 ",16.0492014,108.244635,H Coffee,0979 195 968 ,100000.0,"100,000",4.6,Coffee Shop,https://www.google.com/maps/place/H+Coffee/data=!4m7!3m6!1s0x3142177b13e18547:0x94f8ee79b0fcf205!8m2!3d16.0492014!4d108.244635!16s%2Fg%2F11f0_ghrfc!19sChIJR4XhE3sXQjERBfL8sHnu-JQ?authuser=0&hl=en&rclk=1,https://ndangtung.wixsite.com/h-coffee-vietnam
"126C Đ. 2 Tháng 9, Bình Thuận, Hải Châu, Đà Nẵng 50000 ",16.0533601,108.2219511,Lani Gelato & Coffee - Đà Nẵng,0989 077 808 ,100000.0,"100,000",4.8,Coffee Shop,https://www.google.com/maps/place/Lani+Gelato+%26+Coffee+-+%C4%90%C3%A0+N%E1%BA%B5ng/data=!4m7!3m6!1s0x31421900780b87e5:0x9314d755501d74bc!8m2!3d16.0533601!4d108.2219511!16s%2Fg%2F11wm_hjwv2!19sChIJ5YcLeAAZQjERvHQdUFXXFJM?authuser=0&hl=en&rclk=1,
"20 Lê Thị Xuyến, Chính Gián, Thanh Khê, Đà Nẵng 550000 ",16.0689035,108.2008045,Nờ cafe,0905 087 743 ,100000.0,"100,000",4.9,Coffee Shop,https://www.google.com/maps/place/N%E1%BB%9D+cafe.s/data=!4m7!3m6!1s0x31421912dc0a9c79:0xdba9b841de1e9918!8m2!3d16.0689035!4d108.2008045!16s%2Fg%2F11j_rzxg4c!19sChIJeZwK3BIZQjERGJke3kG4qds?authuser=0&hl=en&rclk=1,
"34 Hồ Phi Tích, Hoà Xuân, Cẩm Lệ, Đà Nẵng 550000 ",16.016853,108.2313722,Cuckoo House Coffee,0975 959 579 ,100000.0,"100,000",4.9,Coffee Shop,https://www.google.com/maps/place/Cuckoo+House+Coffee/data=!4m7!3m6!1s0x31421b8957b5d11f:0x4c9db6de9f7029df!8m2!3d16.016853!4d108.2313722!16s%2Fg%2F11hfxjqv7x!19sChIJH9G1V4kbQjER3ylwn962nUw?authuser=0&hl=en&rclk=1,https://coffeecuckoohouse.wordpress.com/
"36 Đ. Nguyễn Văn Thông, Hoà Xuân, Cẩm Lệ, Đà Nẵng 840236 ",16.0198284,108.2222373,La’s Cafe,0943 747 599 ,100000.0,"100,000",4.6,Coffee Shop,https://www.google.com/maps/place/La%E2%80%99s+Cafe/data=!4m7!3m6!1s0x3142195032d6c221:0x90697642e2c75bd5!8m2!3d16.0198284!4d108.2222373!16s%2Fg%2F11dx94n0rn!19sChIJIcLWMlAZQjER1VvH4kJ2aZA?authuser=0&hl=en&rclk=1,
"36 Đống Đa, Thuận Phước, Hải Châu, Đà Nẵng 550000 ",16.0822432,108.2199001,NAM cafe - 36 Dong Da,0857 786 869 ,100000.0,"100,000",4.2,Coffee Shop,https://www.google.com/maps/place/NAM+cafe+-+36+Dong+Da/data=!4m7!3m6!1s0x314219c99f4d937d:0xb2fb7f3a52070fcb!8m2!3d16.0822432!4d108.2199001!16s%2Fg%2F11h9198nln!19sChIJfZNNn8kZQjERyw8HUjp_-7I?authuser=0&hl=en&rclk=1,https://www.facebook.com/NAMcafe36DongDa/
"03 Đảo Xanh 1, Hoà Cường Bắc, Hải Châu, Đà Nẵng 550000 ",16.0476659,108.2278415,Kashi Garden Coffee,0934 770 077 ,100000.0,"100,000",4.3,Coffee Shop,https://www.google.com/maps/place/Kashi+Garden+Coffee/data=!4m7!3m6!1s0x314219db6b789a81:0xbd30da5e2d8a7161!8m2!3d16.0476659!4d108.2278415!16s%2Fg%2F11dzzmgjdh!19sChIJgZp4a9sZQjERYXGKLV7aML0?authuser=0&hl=en&rclk=1,
"42 P. Lương Văn Can, Hàng Gai, Hoàn Kiếm, Hà Nội 11015 ",21.0327784,105.850361,MẸT Vietnamese Restaurant & Vegetarian Met 2,0392 257 292 ,null,,4.9,Vegetarian,https://www.google.com/maps/place/M%E1%BA%B8T+Vietnamese+Restaurant+%26+Vegetarian+Met+2/data=!4m7!3m6!1s0x3135ab2c7beb29ad:0xa0c930717b21b67a!8m2!3d21.0327784!4d105.850361!16s%2Fg%2F11szbz_z8y!19sChIJrSnreyyrNTERerYhe3EwyaA?authuser=0&hl=en&rclk=1,https://www.facebook.com/metvietnameserestaurant2?mibextid=LQQJ4d
"27 P. Bát Đàn, Phố cổ Hà Nội, Hoàn Kiếm, Hà Nội ",21.0336365,105.8472338,Countryside Restaurant,0378 534 927 ,200000.0,"200,000",4.6,Restaurant,https://www.google.com/maps/place/Countryside+Restaurant/data=!4m7!3m6!1s0x3135ab007fca17c7:0xd79b991b9cf374ee!8m2!3d21.0336365!4d105.8472338!16s%2Fg%2F11b6dx9cl9!19sChIJxxfKfwCrNTER7nTznBuZm9c?authuser=0&hl=en&rclk=1,https://countrysiderestaurant.vn/
"25 P. Hàng Bè, Hàng Bạc, Hoàn Kiếm, Hà Nội 10000 ",21.033067,105.8540332,Nhà Hàng Little Hanoi,024 3926 0168 ,200000.0,"200,000",4.7,Restaurant,https://www.google.com/maps/place/Nh%C3%A0+H%C3%A0ng+Little+Hanoi/data=!4m7!3m6!1s0x3135abbf5c8f55b3:0x16a3b970d65321e7!8m2!3d21.033067!4d105.8540332!16s%2Fg%2F1tdf8l3m!19sChIJs1WPXL-rNTER5yFT1nC5oxY?authuser=0&hl=en&rclk=1,https://www.facebook.com/profile.php?id=100093023855824
"42B P. Đào Duy Từ, Hàng Buồm, Hoàn Kiếm, Hà Nội 100000 ",21.0359051,105.8526723,Madam Tran Restaurant - Vietnamese Restaurant & Vegan Foods,0916 400 858 ,null,,4.7,Restaurant,https://www.google.com/maps/place/Madam+Tran+Restaurant+-+Vietnamese+Restaurant+%26+Vegan+Foods/data=!4m7!3m6!1s0x3135abbd7c1a0e97:0x55a0c31ae8c00c8e!8m2!3d21.0359051!4d105.8526723!16s%2Fg%2F11fmmmh0gt!19sChIJlw4afL2rNTERjgzA6BrDoFU?authuser=0&hl=en&rclk=1,https://madamtranrestaurant.vn/
"Số 7A, ngõ 40 Đ. Xuân Diệu, Tứ Liên, Tây Hồ, Hà Nội 10000 ",21.0617355,105.83157,SHIMLA - Indian Restaurant,024 3266 8049 ,300000.0,"300,000",4.8,Restaurant,https://www.google.com/maps/place/SHIMLA+-+Indian+Restaurant/data=!4m7!3m6!1s0x3135adc76b62c8b9:0xd0449252e8fee4a2!8m2!3d21.0617355!4d105.83157!16s%2Fg%2F11gskfk0w_!19sChIJuchia8etNTERouT-6FKSRNA?authuser=0&hl=en&rclk=1,
"16 P. Hàng Bè, Hàng Bạc, Hoàn Kiếm, Hà Nội 10000 ",21.0334527,105.8537377,Little Hanoi Restaurant (Location 1),0912 173 472 ,200000.0,"200,000",4.8,Restaurant,https://www.google.com/maps/place/Little+Hanoi+Restaurant+%28Location+1%29/data=!4m7!3m6!1s0x3135ab86dc6e4265:0x4572eadd42f6c644!8m2!3d21.0334527!4d105.8537377!16s%2Fg%2F11kk8gh5_8!19sChIJZUJu3IarNTERRMb2Qt3qckU?authuser=0&hl=en&rclk=1,
"6 P. Hàng Lược, Hàng Mã, Hoàn Kiếm, Hà Nội 100000 ",21.0382708,105.8473834,Hill Top Curry Indian Restaurant hoan kiem Hanoi,0335 509 430 ,null,,4.8,Restaurant,https://www.google.com/maps/place/Hill+Top+Curry+Indian+Restaurant+hoan+kiem+Hanoi/data=!4m7!3m6!1s0x3135ab48cedd0167:0xe4d29db997d4fae3!8m2!3d21.0382708!4d105.8473834!16s%2Fg%2F11pz4y2k5z!19sChIJZwHdzkirNTER4_rUl7md0uQ?authuser=0&hl=en&rclk=1,http://hilltopcurry.com/
"47 P. Hàng Dầu, Lý Thái Tổ, Hoàn Kiếm, Hà Nội 100000 ",21.0305893,105.8540387,Lake View Side Restaurant,0834 063 388 ,300000.0,"300,000",4.8,Restaurant,https://www.google.com/maps/place/Lake+View+Side+Restaurant/data=!4m7!3m6!1s0x3135abe5267cb769:0x91642bb8eda52fac!8m2!3d21.0305893!4d105.8540387!16s%2Fg%2F11h3g98jnx!19sChIJabd8JuWrNTERrC-l7bgrZJE?authuser=0&hl=en&rclk=1,https://lakeviewsiderestaurant-cafe.com/
"16 ngách 64 Ng. 161 P. Hoa Lâm, Việt Hưng, Long Biên, Hà Nội 10000 ",21.0561028,105.8981348,The Hung Snake Restaurant,0989 331 012 ,null,,4.9,Restaurant,https://www.google.com/maps/place/The+Hung+Snake+Restaurant/data=!4m7!3m6!1s0x3135a9a2016ef787:0x7c058bd7368145cb!8m2!3d21.0561028!4d105.8981348!16s%2Fg%2F11btrrt_b1!19sChIJh_duAaKpNTERy0WBNteLBXw?authuser=0&hl=en&rclk=1,
"38A P. Trần Phú, Điện Biên, Ba Đình, Hà Nội 10000 ",21.0306414,105.8418372,Essence Restaurant Original (since 2011),024 3935 2485 ,null,,4.8,Restaurant,https://www.google.com/maps/place/Essence+Restaurant+Original+%28since+2011%29/data=!4m7!3m6!1s0x3135abbf66dc68d1:0x28cec9291020be57!8m2!3d21.0306414!4d105.8418372!16s%2Fg%2F119tqv59c!19sChIJ0WjcZr-rNTERV74gECnJzig?authuser=0&hl=en&rclk=1,http://www.essencedining.com/
"P. Hàng Thùng/21 Str, Phố cổ Hà Nội, Hoàn Kiếm, Hà Nội 100000 ",21.0319795,105.8550381,Red Bean Central,024 3938 0963 ,null,,4.9,Restaurant,https://www.google.com/maps/place/Red+Bean+Central/data=!4m7!3m6!1s0x3135abc2085a5d0b:0x2828505a07edc104!8m2!3d21.0319795!4d105.8550381!16s%2Fg%2F11j6frpv6f!19sChIJC11aCMKrNTERBMHtB1pQKCg?authuser=0&hl=en&rclk=1,https://central.redbeanrestaurants.com/
"23 Ng. Huyện, Hàng Trống, Hoàn Kiếm, Hà Nội 100000 ",21.0295321,105.8487519,Au Lac Family Restaurant,0345 315 123 ,200000.0,"200,000",4.9,Restaurant,https://www.google.com/maps/place/Au+Lac+Family+Restaurant/data=!4m7!3m6!1s0x3135ab04e462394f:0x10c56f1c40596603!8m2!3d21.0295321!4d105.8487519!16s%2Fg%2F11h15x66mf!19sChIJTzli5ASrNTERA2ZZQBxvxRA?authuser=0&hl=en&rclk=1,
"51 Mã Mây, Hàng Buồm, Hoàn Kiếm, Hà Nội 100000 ",21.0352091,105.8534858,May Vietnamese Restaurants & Vegetarian Food,0382 164 997 ,null,,4.8,Vegetarian,https://www.google.com/maps/place/May+Vietnamese+Restaurants+%26+Vegetarian+Food/data=!4m7!3m6!1s0x3135ab923838e2f5:0x98e9a58ca215fafc!8m2!3d21.0352091!4d105.8534858!16s%2Fg%2F11vkp__4s8!19sChIJ9eI4OJKrNTER_PoVooyl6Zg?authuser=0&hl=en&rclk=1,http://mayhanoirestaurant.com/
"2C P. Quang Trung, Hàng Trống, Hoàn Kiếm, Hà Nội 100000 ",21.0269004,105.8500153,T,0859 933 970 ,1000000.0,"₫1,000,000",4.7,Restaurant,https://www.google.com/maps/place/T.U.N.G+Dining/data=!4m7!3m6!1s0x3135abbdcd0d88bd:0xabf3436a009c02b4!8m2!3d21.0269004!4d105.8500153!16s%2Fg%2F11fhz5cb94!19sChIJvYgNzb2rNTERtAKcAGpD86s?authuser=0&hl=en&rclk=1,http://www.tungdining.com/
"3 Floors, 23 P. Đào Duy Từ, Hàng Buồm, Hoàn Kiếm, Hà Nội ",21.0362239,105.8527792,Cái Mâm Restaurant,0338 451 086 ,300000.0,"300,000",4.9,Restaurant,https://www.google.com/maps/place/C%C3%A1i+M%C3%A2m+Restaurant/data=!4m7!3m6!1s0x3135ab584e0a7f83:0xe7dd32745c4f7dbe!8m2!3d21.0362239!4d105.8527792!16s%2Fg%2F11v56l4gv1!19sChIJg38KTlirNTERvn1PXHQy3ec?authuser=0&hl=en&rclk=1,https://caimam.com/branches/cai-mam-02-vietnamese-restaurant-vegan-food/
"178B Đ. Xuân Diệu, Quảng An, Tây Hồ, Hà Nội 00000 ",21.0676313,105.8262663,Alsultan Hanoi Restaurant مطعم السلطان,0979 746 588 ,300000.0,"300,000",4.8,Restaurant,https://www.google.com/maps/place/Alsultan+Hanoi+Restaurant+%D9%85%D8%B7%D8%B9%D9%85+%D8%A7%D9%84%D8%B3%D9%84%D8%B7%D8%A7%D9%86%E2%80%AD/data=!4m7!3m6!1s0x3135abb607244281:0xa07afee458ddf1f3!8m2!3d21.0676313!4d105.8262663!16s%2Fg%2F11v0bc936f!19sChIJgUIkB7arNTER8_HdWOT-eqA?authuser=0&hl=en&rclk=1,http://www.alsultanhanoi.com/
"21 P. Nguyễn Hữu Huân, Lý Thái Tổ, Hoàn Kiếm, Hà Nội ",21.0343417,105.854475,Bun Cha Ta Hanoi,0966 848 389 ,200000.0,"200,000",4.4,Restaurant,https://www.google.com/maps/place/Bun+Cha+Ta+Hanoi/data=!4m7!3m6!1s0x3135abc0e966cf63:0x1c581d2e1774e31b!8m2!3d21.0343417!4d105.854475!16s%2Fg%2F11ckkx98hd!19sChIJY89m6cCrNTERG-N0Fy4dWBw?authuser=0&hl=en&rclk=1,http://www.bunchata.com/
"09 Ô Quan Chưởng Str, P. Ô Quan Chưởng, Gate, Hà Nội, 100000 ",21.0373075,105.8525178,Downtown Restaurant & Lounge,0916 292 882 ,null,,4.8,Bar/Pub,https://www.google.com/maps/place/Downtown+Restaurant+%26+Lounge/data=!4m7!3m6!1s0x3135abc07c1288cf:0xa5558d8f1601a49f!8m2!3d21.0373075!4d105.8525178!16s%2Fg%2F11f2w608y5!19sChIJz4gSfMCrNTERn6QBFo-NVaU?authuser=0&hl=en&rclk=1,http://www.hanoi-downtown.com/
"43 Tràng Tiền, Hoàn Kiếm, Hà Nội ",21.0249846,105.8542127,Pizza 4P’s Tràng Tiền,1900 6043 ,null,,4.9,Tea Shop,https://www.google.com/maps/place/Pizza+4P%E2%80%99s+Tr%C3%A0ng+Ti%E1%BB%81n/data=!4m7!3m6!1s0x3135ab72f83894e1:0x4737dc743d51a9d4!8m2!3d21.0249846!4d105.8542127!16s%2Fg%2F11s8x0d9vq!19sChIJ4ZQ4-HKrNTER1KlRPXTcN0c?authuser=0&hl=en&rclk=1,https://pizza4ps.com/
"44 P. Đào Duy Từ, Hàng Buồm, Hoàn Kiếm, Hà Nội ",21.0357784,105.8528062,Green Farm Restaurant,0947 853 658 ,null,,4.6,Restaurant,https://www.google.com/maps/place/Green+Farm+Restaurant/data=!4m7!3m6!1s0x3135abc0a92d8113:0xbe2d6b9f88ad8eb!8m2!3d21.0357784!4d105.8528062!16s%2Fg%2F1pv0qlrjw!19sChIJE4EtqcCrNTER69iK-LnW4gs?authuser=0&hl=en&rclk=1,https://greenfarmrestaurant.vn/
"54 P. Nguyễn Trường Tộ, Quán Thánh, Ba Đình, Hà Nội 10000 ",21.0432877,105.8432677,Hanoi Fusion Pub & Restaurant,0969 633 354 ,null,,4.9,Bar/Pub,https://www.google.com/maps/place/Hanoi+Fusion+Pub+%26+Restaurant/data=!4m7!3m6!1s0x3135abc728b2542b:0xfcec2c54d4688c90!8m2!3d21.0432877!4d105.8432677!16s%2Fg%2F11v78xb1h7!19sChIJK1SyKMerNTERkIxo1FQs7Pw?authuser=0&hl=en&rclk=1,https://hanoifusion.com/
"35 P. Hàng Khay, st, Hoàn Kiếm, Hà Nội 100000 ",21.025705,105.8519632,Lake View 1983 Traditional Vietnamese & Vegan Restaurant,0835 073 388 ,200000.0,"200,000",4.6,Restaurant,https://www.google.com/maps/place/Lake+View+1983+Traditional+Vietnamese+%26+Vegan+Restaurant/data=!4m7!3m6!1s0x3135abd28422bc97:0xd1e558f4a7e42c95!8m2!3d21.025705!4d105.8519632!16s%2Fg%2F11y5xvgsm4!19sChIJl7wihNKrNTERlSzkp_RY5dE?authuser=0&hl=en&rclk=1,https://lakeside1983restaurant.com/
"68 P. Đào Duy Từ, Hàng Buồm, Hoàn Kiếm, Hà Nội 100000 ",21.0348905,105.8530147,Hải Sản Seafood 68 Restaurant Hanoi Old Quarter,0787 590 333 ,null,,4.6,Restaurant,https://www.google.com/maps/place/H%E1%BA%A3i+S%E1%BA%A3n+Seafood+68+Restaurant+Hanoi+Old+Quarter/data=!4m7!3m6!1s0x3135abc0a3264607:0x43ad564fc6b3e2e9!8m2!3d21.0348905!4d105.8530147!16s%2Fg%2F11bccm3n_w!19sChIJB0Ymo8CrNTER6eKzxk9WrUM?authuser=0&hl=en&rclk=1,http://seafood68.com/
"42 P. Hàng Hòm, Hàng Gai, Hoàn Kiếm, Hà Nội 100000 ",21.0316466,105.8488382,Rk Spice Indian Restaurant Hanoi Hoan Kiem,0988 189 802 ,null,,4.7,Restaurant,https://www.google.com/maps/place/Rk+Spice+Indian+Restaurant+Hanoi+Hoan+Kiem/data=!4m7!3m6!1s0x3135abbe157191f3:0xe36b5cf5875ec750!8m2!3d21.0316466!4d105.8488382!16s%2Fg%2F11c1nbqtn4!19sChIJ85FxFb6rNTERUMdeh_Vca-M?authuser=0&hl=en&rclk=1,https://www.rkspice.com/
"29 Đ. Lê Duẩn, Street, Hoàn Kiếm, Hà Nội 100000 ",21.0271456,105.8416414,Veteran Restaurant Hoan Kiem,0397 593 080 ,null,,5.0,Restaurant,https://www.google.com/maps/place/Veteran+Restaurant+Hoan+Kiem/data=!4m7!3m6!1s0x3135abb28bd5b459:0x45b1be20db23e887!8m2!3d21.0271456!4d105.8416414!16s%2Fg%2F11m6zjq5px!19sChIJWbTVi7KrNTERh-gj2yC-sUU?authuser=0&hl=en&rclk=1,
"22 Ta Hien street Hoan Kiem district Hanoi City, 10000 ",21.0345387,105.8520469,The Gourmet Corner Restaurant,0985 682 220 ,null,,4.9,Restaurant,https://www.google.com/maps/place/The+Gourmet+Corner+Restaurant/data=!4m7!3m6!1s0x3135ab11af76bf79:0xfba1419ffe4751f6!8m2!3d21.0345387!4d105.8520469!16s%2Fg%2F11jgj579t9!19sChIJeb92rxGrNTER9lFH_p9Bofs?authuser=0&hl=en&rclk=1,https://gourmetcornerrestaurant.com/
"22 P. Báo Khánh, Hàng Trống, Hoàn Kiếm, Hà Nội 100000 ",21.030185,105.8503479,MIAs restaurant,0966 396 698 ,null,,4.9,Restaurant,https://www.google.com/maps/place/MIAs+restaurant/data=!4m7!3m6!1s0x3135ab4b97d7412b:0x2a2404f3acda039!8m2!3d21.030185!4d105.8503479!16s%2Fg%2F11vcmclk4q!19sChIJK0HXl0urNTEROaDNOk9AogI?authuser=0&hl=en&rclk=1,https://mias.com.vn/
"2 Ng. Cầu Gỗ, Hàng Bạc, Hoàn Kiếm, Hà Nội 10000 ",21.0327248,105.8529474,UPPER CLOUD RESTAURANT LAKE VIEW,0888 026 600 ,null,,5.0,Restaurant,https://www.google.com/maps/place/UPPER+CLOUD+RESTAURANT+LAKE+VIEW/data=!4m7!3m6!1s0x3135ab01b3cfd597:0xb816c9d2425a22bb!8m2!3d21.0327248!4d105.8529474!16s%2Fg%2F11kqsdtyf3!19sChIJl9XPswGrNTERuyJaQtLJFrg?authuser=0&hl=en&rclk=1,https://www.lucienhanoihotel.com/restaurant-and-bar
"Villa 28, Ngõ 11 - Tô Ngọc Vân, Quảng An, Tây Hồ, Hà Nội 100000 ",21.0671098,105.8242535,Chào Bạn - Vietnamese restaurant,024 3552 8028 ,null,,4.8,Restaurant,https://www.google.com/maps/place/Ch%C3%A0o+B%E1%BA%A1n+-+Vietnamese+restaurant/data=!4m7!3m6!1s0x3135ab6899c7548f:0x1d9850dc59618c1c!8m2!3d21.0671098!4d105.8242535!16s%2Fg%2F11lf_4ymql!19sChIJj1THmWirNTERHIxhWdxQmB0?authuser=0&hl=en&rclk=1,https://chaobanhanoi.com/
"22 P. Báo Khánh, Hàng Trống, Hoàn Kiếm, Hà Nội 100000 ",21.030185,105.8503479,Solasta Restaurant & Bar,0966 396 698 ,null,,5.0,Bar/Pub,https://www.google.com/maps/place/Solasta+Restaurant+%26+Bar/data=!4m7!3m6!1s0x3135ab7950077f79:0xc1ff842760d97e1e!8m2!3d21.030185!4d105.8503479!16s%2Fg%2F11fqw065nz!19sChIJeX8HUHmrNTERHn7ZYCeE_8E?authuser=0&hl=en&rclk=1,https://www.solastarestaurant.com/
"28 P. Đào Duy Từ, Hàng Buồm, Hoàn Kiếm, Hà Nội 100000 ",21.036559,105.8525938,Kadhai Indian Restaurant Hanoi,0904 883 733 ,300000.0,"300,000",4.7,Restaurant,https://www.google.com/maps/place/Kadhai+Indian+Restaurant+Hanoi/data=!4m7!3m6!1s0x3135ab000aba22eb:0x3a1c85195b49c66!8m2!3d21.036559!4d105.8525938!16s%2Fg%2F11vyx4764h!19sChIJ6yK6CgCrNTERZpy0lVHIoQM?authuser=0&hl=en&rclk=1,https://www.kadhairestaurants.com/
"24 P. Đường Thành, Cửa Đông, Hoàn Kiếm, Hà Nội ",21.0321337,105.8465176,S&L's Diner Duong Thanh,024 3710 0529 ,400000.0,"400,000",4.7,Restaurant,https://www.google.com/maps/place/S%26L%27s+Diner+Duong+Thanh/data=!4m7!3m6!1s0x3135ab9564e13533:0x3ae279f69fbac4c2!8m2!3d21.0321337!4d105.8465176!16s%2Fg%2F11c5_txqtm!19sChIJMzXhZJWrNTERwsS6n_Z54jo?authuser=0&hl=en&rclk=1,http://sldiner.com/
"Chops, 4 P. Quảng An, Quảng An, Tây Hồ, Hà Nội ",21.0626683,105.8291829,Chops Tay Ho,024 6292 1044 ,300000.0,"300,000",4.6,Restaurant,https://www.google.com/maps/place/Chops+Tay+Ho/data=!4m7!3m6!1s0x3135aa5602879005:0xcc5543f1f9a06fa0!8m2!3d21.0626683!4d105.8291829!16s%2Fg%2F11b6ctmql0!19sChIJBZCHAlaqNTERoG-g-fFDVcw?authuser=0&hl=en&rclk=1,http://www.chops.vn/
"26 P. Hàng Thùng, Hàng Bạc, Hoàn Kiếm, Hà Nội 10000 ",21.0322512,105.8542683,La Passion Restaurant,024 2228 6688 ,null,,4.8,Restaurant,https://www.google.com/maps/place/La+Passion+Restaurant/data=!4m7!3m6!1s0x3135abffa3dcb8eb:0xdb72be6087fba1e!8m2!3d21.0322512!4d105.8542683!16s%2Fg%2F11t7jz0y8q!19sChIJ67jco_-rNTERHrp_COYrtw0?authuser=0&hl=en&rclk=1,http://lapassionhanoi.com/
"35 Trần Hưng Đạo, Phan Chu Trinh, Hoàn Kiếm, Hà Nội 100000 ",21.0202397,105.854113,Vị Quảng Restaurant,024 3943 3962 ,300000.0,"300,000",4.6,Restaurant,https://www.google.com/maps/place/V%E1%BB%8B+Qu%E1%BA%A3ng+Restaurant/data=!4m7!3m6!1s0x3135abed15a1fcef:0xbe40bb2cd44ef5c1!8m2!3d21.0202397!4d105.854113!16s%2Fg%2F1q5bksn88!19sChIJ7_yhFe2rNTERwfVO1Cy7QL4?authuser=0&hl=en&rclk=1,
"5 P. Phan Kế Bính, Cống Vị, Ba Đình, Hà Nội 100000 ",21.0341714,105.8125096,Pizza 4P's Phan Ke Binh,1900 6043 ,null,,4.9,Restaurant,https://www.google.com/maps/place/Pizza+4P%27s+Phan+Ke+Binh/data=!4m7!3m6!1s0x3135ab94762e930d:0x4e2723f5f84ce55c!8m2!3d21.0341714!4d105.8125096!16s%2Fg%2F11gk8wjj5c!19sChIJDZMudpSrNTERXOVM-PUjJ04?authuser=0&hl=en&rclk=1,http://pizza4ps.com/
"54 P. Quảng An, Quảng An, Tây Hồ, Hà Nội 10000 ",21.0610128,105.82766,La Fiorentina - Italian Restaurant,0936 302 868 ,null,,4.6,Restaurant,https://www.google.com/maps/place/La+Fiorentina+-+Italian+Restaurant/data=!4m7!3m6!1s0x3135ab6daf634987:0x9de7a2ccf409f139!8m2!3d21.0610128!4d105.82766!16s%2Fg%2F11fl5dn97x!19sChIJh0ljr22rNTEROfEJ9Myi550?authuser=0&hl=en&rclk=1,https://www.facebook.com/italiadrinkfood/
"No.9 Nha Tho, Minerva Church Hotel Hoan Kiem Ward, Hanoi City, Hà Nội 10000 ",21.0289236,105.8500274,Masala Art Indian Restaurant at Minerva Church Hanoi,0393 252 726 ,null,,4.7,Restaurant,https://www.google.com/maps/place/Masala+Art+Indian+Restaurant+at+Minerva+Church+Hanoi/data=!4m7!3m6!1s0x3135ab19974622f1:0x905ce0021a60434!8m2!3d21.0289236!4d105.8500274!16s%2Fg%2F11krtmbl1n!19sChIJ8SJGlxmrNTERNASmIQDOBQk?authuser=0&hl=en&rclk=1,https://www.saffrongroupvn.com/
"27-29 Gia Ngu Street, Hoan Kiem Dist, Hanoi City, Hà Nội 100000 ",21.0329966,105.8526794,Gia Ngư Restaurant,0344 077 383 ,300000.0,"300,000",4.7,Restaurant,https://www.google.com/maps/place/Gia+Ng%C6%B0+Restaurant/data=!4m7!3m6!1s0x3135ab332822ee75:0x8cb9f2e1a400374b!8m2!3d21.0329966!4d105.8526794!16s%2Fg%2F11stj7ws4r!19sChIJde4iKDOrNTERSzcApOHyuYw?authuser=0&hl=en&rclk=1,https://giangu-restaurant.com/
"39 P. Hàng Gà, Hàng Bồ, Hoàn Kiếm, Hà Nội 10000 ",21.035385,105.8473203,The Corn Restaurant - Old Quarter View,0904 248 612 ,null,,5.0,Restaurant,https://www.google.com/maps/place/The+Corn+Restaurant+-+Old+Quarter+View/data=!4m7!3m6!1s0x3135ab3c3679927f:0x13d415ba094fac6!8m2!3d21.035385!4d105.8473203!16s%2Fg%2F11wv4kn4bt!19sChIJf5J5NjyrNTERxvqUoFtBPQE?authuser=0&hl=en&rclk=1,https://heritagehanoi.com/restaurant.html
"56d P. Thợ Nhuộm, Trần Hưng Đạo, Hoàn Kiếm, Hà Nội 11000 ",21.0252198,105.845784,DASCO INDIAN KITCHEN,0917 247 102 ,200000.0,"200,000",4.7,Restaurant,https://www.google.com/maps/place/DASCO+INDIAN+KITCHEN/data=!4m7!3m6!1s0x3135ab9434345e7f:0xc7005f8935be876c!8m2!3d21.0252198!4d105.845784!16s%2Fg%2F11h804bxr2!19sChIJf140NJSrNTERbIe-NYlfAMc?authuser=0&hl=en&rclk=1,
"11 P. Tống Duy Tân, Hàng Bông, Hoàn Kiếm, Hà Nội ",21.0291991,105.8435864,Ky Dong Restaurant,0976 209 593 ,100000.0,"100,000",4.6,Restaurant,https://www.google.com/maps/place/Ky+Dong+Restaurant/data=!4m7!3m6!1s0x3135ab964d979869:0x90c7abad25b00261!8m2!3d21.0291991!4d105.8435864!16s%2Fg%2F11b6dppc00!19sChIJaZiXTZarNTERYQKwJa2rx5A?authuser=0&hl=en&rclk=1,
"11B P. Báo Khánh, Alley, Hoàn Kiếm, Hà Nội 100000 ",21.031054,105.8501487,Pizza 4P’s Bao Khanh,1900 6043 ,null,,4.9,Restaurant,https://www.google.com/maps/place/Pizza+4P%E2%80%99s+Bao+Khanh/data=!4m7!3m6!1s0x3135ab95850c0c9b:0x8f6aaef1b985c9b5!8m2!3d21.031054!4d105.8501487!16s%2Fg%2F11bw46_k6g!19sChIJmwwMhZWrNTERtcmFufGuao8?authuser=0&hl=en&rclk=1,https://pizza4ps.com/
"7th floor, 33-35 Hàng Dầu, Hoan Kiem ward, 33-35 P. Hàng Dầu, street, Hoàn Kiếm, Hà Nội 100000 ",21.0311385,105.8540458,The Rhythms Restaurant,0968 756 488 ,null,,4.7,Restaurant,https://www.google.com/maps/place/The+Rhythms+Restaurant/data=!4m7!3m6!1s0x3135abd6558f7729:0x3e41bd71e0c511de!8m2!3d21.0311385!4d105.8540458!16s%2Fg%2F11h7v59jl0!19sChIJKXePVdarNTER3hHF4HG9QT4?authuser=0&hl=en&rclk=1,https://lasinfoniavietnam.com/therhythms/
"6, ngõ 12 Đường Đặng Thai Mai, Phường Quảng An, Quận Tây Hồ, Tp. Hà Nội, Hanoi City, Hà Nội 10000 ",21.0630453,105.8239963,Mawlana Restaurant Hanoi,0868 030 050 ,null,,4.6,Restaurant,https://www.google.com/maps/place/Mawlana+Restaurant+Hanoi/data=!4m7!3m6!1s0x3135ab4b47b40ee3:0xfc247c8da8d541a1!8m2!3d21.0630453!4d105.8239963!16s%2Fg%2F11gyxfqwy1!19sChIJ4w60R0urNTERoUHVqI18JPw?authuser=0&hl=en&rclk=1,https://mawlanarestaurant.com/
"41 P. Hàng Nón, Hàng Gai, Hoàn Kiếm, Hà Nội ",21.0324649,105.8475497,GREEN INN - Vegan Restaurant,0328 828 685 ,200000.0,"200,000",4.8,Restaurant,https://www.google.com/maps/place/GREEN+INN+-+Vegan+Restaurant/data=!4m7!3m6!1s0x3135ab980ab4fe25:0x55658a1314f82bca!8m2!3d21.0324649!4d105.8475497!16s%2Fg%2F11twyc75ym!19sChIJJf60CpirNTERyiv4FBOKZVU?authuser=0&hl=en&rclk=1,https://greeninn.vn/
"26 P. Lãn Ông, Phố cổ Hà Nội, Hoàn Kiếm, Hà Nội ",21.0353712,105.8491116,Lan Ong Restaurant – Authentic Vietnamese Cuisine in Hanoi Old Quarter,0375 542 627 ,null,,4.9,Restaurant,https://www.google.com/maps/place/Lan+Ong+Restaurant+%E2%80%93+Authentic+Vietnamese+Cuisine+in+Hanoi+Old+Quarter/data=!4m7!3m6!1s0x3135abb45a958db5:0xb479ce98bfffaa9a!8m2!3d21.0353712!4d105.8491116!16s%2Fg%2F11w2mz8c3b!19sChIJtY2VWrSrNTERmqr_v5jOebQ?authuser=0&hl=en&rclk=1,https://lanongrestaurant.com/
"46 P. Thợ Nhuộm, Trần Hưng Đạo, Hoàn Kiếm, Hà Nội ",21.0259621,105.8452872,Namaste Hanoi,0904 224 400 ,300000.0,"300,000",4.4,Restaurant,https://www.google.com/maps/place/Namaste+Hanoi/data=!4m7!3m6!1s0x3135abc0377ff9c7:0x9ed94f6b67147780!8m2!3d21.0259621!4d105.8452872!16s%2Fg%2F1jkwmldwt!19sChIJx_l_N8CrNTERgHcUZ2tP2Z4?authuser=0&hl=en&rclk=1,http://www.namastehanoi.com/
"101 Mã Mây, Hàng Buồm, Hoàn Kiếm, Hà Nội 10000 ",21.0341113,105.8534409,Duong's 2 Restaurant & Cooking Class,024 3636 4567 ,null,,4.6,Restaurant,https://www.google.com/maps/place/Duong%27s+2+Restaurant+%26+Cooking+Class/data=!4m7!3m6!1s0x3135ab40df73a595:0x9ca85cd2cce95de9!8m2!3d21.0341113!4d105.8534409!16s%2Fg%2F11h40sbwt5!19sChIJlaVz30CrNTER6V3pzNJcqJw?authuser=0&hl=en&rclk=1,https://duongs2restaurant.com/
"75 P. Nguyễn Đình Chiểu, Lê Đại Hành, Hai Bà Trưng, Hà Nội ",21.0118644,105.8461619,HOME Hanoi - HOME Vietnamese Restaurant,0889 038 822 ,null,,4.5,Restaurant,https://www.google.com/maps/place/HOME+Hanoi+-+HOME+Vietnamese+Restaurant/data=!4m7!3m6!1s0x3135abac801ded7f:0x40c83151f5546b14!8m2!3d21.0118644!4d105.8461619!16s%2Fg%2F11h2pg68sc!19sChIJf-0dgKyrNTERFGtU9VExyEA?authuser=0&hl=en&rclk=1,http://homevietnameserestaurants.com/
"13 Hàng Điếu, Cửa Đông, Hoàn Kiếm, Hà Nội ",21.0334271,105.8471121,Zaika Indian Restaurant Hanoi,0913 221 971 ,null,,4.4,Restaurant,https://www.google.com/maps/place/Zaika+Indian+Restaurant+Hanoi/data=!4m7!3m6!1s0x3135abbe7966c761:0x6711fd1dde7d4d2b!8m2!3d21.0334271!4d105.8471121!16s%2Fg%2F11g9r0z14s!19sChIJYcdmeb6rNTERK0193h39EWc?authuser=0&hl=en&rclk=1,https://zaikavn.com/zaika/?utm_source=google+my+business&utm_medium=GMB&utm_campaign=GMB+URL
"151-153 Hang Bong Hoan Kiem Ward, Hà Nội, 100000 ",21.0293134,105.8454768,MAY TRE DAN Restaurant,0886 028 558 ,null,,5.0,Restaurant,https://www.google.com/maps/place/MAY+TRE+DAN+Restaurant/data=!4m7!3m6!1s0x3135abe82d6c811d:0xdc3b9b71b9ddcc90!8m2!3d21.0293134!4d105.8454768!16s%2Fg%2F11vf33ltyw!19sChIJHYFsLeirNTERkMzduXGbO9w?authuser=0&hl=en&rclk=1,https://maytredan.vn/
"39 P. Hàng Quạt, Hàng Gai, Hoàn Kiếm, Hà Nội 10000 ",21.0326121,105.8493614,Bếp Chay Huệ Nhiên - Vegan & Vegetarian Restaurant,0862 234 788 ,200000.0,"200,000",4.8,Vegetarian,https://www.google.com/maps/place/B%E1%BA%BFp+Chay+Hu%E1%BB%87+Nhi%C3%AAn+-+Vegan+%26+Vegetarian+Restaurant/data=!4m7!3m6!1s0x3135ab05322710b1:0xed542656b4a5b827!8m2!3d21.0326121!4d105.8493614!16s%2Fg%2F11txy07vbr!19sChIJsRAnMgWrNTERJ7iltFYmVO0?authuser=0&hl=en&rclk=1,https://www.facebook.com/profile.php?id=100091099003443&mibextid=LQQJ4d
"100 Đ. Xuân Diệu, Tứ Liên, Tây Hồ, Hà Nội 100000 ",21.0625936,105.8298661,Dalcheeni Indian Restaurant,024 3266 8453 ,null,,4.5,Restaurant,https://www.google.com/maps/place/Dalcheeni+Indian+Restaurant/data=!4m7!3m6!1s0x3135aa5610ea6d95:0x847833adbfb24676!8m2!3d21.0625936!4d105.8298661!16s%2Fg%2F11btv64gkq!19sChIJlW3qEFaqNTERdkayv60zeIQ?authuser=0&hl=en&rclk=1,https://dalcheenivn.com/hanoi/
"116/D4, Khu tập thể Giảng Võ, Ba Đình, Hà Nội ",21.0263462,105.8216083,Botanica Restaurant,0963 615 086 ,200000.0,"200,000",4.6,Restaurant,https://www.google.com/maps/place/Botanica+Restaurant/data=!4m7!3m6!1s0x3135ab716a6cfbe5:0xd88aca276fc04465!8m2!3d21.0263462!4d105.8216083!16s%2Fg%2F11bbrkgm3p!19sChIJ5ftsanGrNTERZUTAbyfKitg?authuser=0&hl=en&rclk=1,http://botanica.vn/
"7 ngõ 58 P. Đào Tấn, Cống Vị, Ba Đình, Hà Nội ",21.0334771,105.8075798,Cousins Restaurant Đào Tấn,0949 925 863 ,null,,4.4,Restaurant,https://www.google.com/maps/place/Cousins+Restaurant+%C4%90%C3%A0o+T%E1%BA%A5n/data=!4m7!3m6!1s0x3135ab6add13f4d1:0xf9b8ff69e9064260!8m2!3d21.0334771!4d105.8075798!16s%2Fg%2F11c59ztskr!19sChIJ0fQT3WqrNTERYEIG6Wn_uPk?authuser=0&hl=en&rclk=1,https://www.facebook.com/cousins.daotan/
"27 P. Nam Ngư, Cửa Nam, Hoàn Kiếm, Hà Nội ",21.0264385,105.8427149,Luna d'Autunno - Italian Pizzeria & Restaurant,0388 884 052 ,null,,4.5,Restaurant,https://www.google.com/maps/place/Luna+d%27Autunno+-+Italian+Pizzeria+%26+Restaurant/data=!4m7!3m6!1s0x3135ab97cf30b439:0x19e5fad2f139116f!8m2!3d21.0264385!4d105.8427149!16s%2Fg%2F1tdy6jm0!19sChIJObQwz5erNTERbxE58dL65Rk?authuser=0&hl=en&rclk=1,https://linktr.ee/lunadautunno.hn
"2A Trần Phú Hà Nội, Hanoi City ",21.0301503,105.8445222,CỌ Restaurant Vietnamese Cuisine & Vegetarian Food 2,0389 262 826 ,200000.0,"200,000",4.9,Vegetarian,https://www.google.com/maps/place/C%E1%BB%8C+Restaurant+Vietnamese+Cuisine+%26+Vegetarian+Food+2/data=!4m7!3m6!1s0x3135abeaa9737b4b:0x32e41e5d640f055d!8m2!3d21.0301503!4d105.8445222!16s%2Fg%2F11yg_720_p!19sChIJS3tzqeqrNTERXQUPZF0e5DI?authuser=0&hl=en&rclk=1,https://covietnameserestaurant.com/
"44-46 Phố Đường Tàu, Hàng Bông, Hoàn Kiếm, Hà Nội 10000 ",21.0313806,105.8448388,Ms Hương LY Vietnamese Restaurant - Drinks & Vegetarian Food,0911 251 282 ,null,,4.7,Vegetarian,https://www.google.com/maps/place/Ms+H%C6%B0%C6%A1ng+LY+Vietnamese+Restaurant+-+Drinks+%26+Vegetarian+Food/data=!4m7!3m6!1s0x3135abbd8b938eb1:0x849f590ab1fa742b!8m2!3d21.0313806!4d105.8448388!16s%2Fg%2F11q84mzqlj!19sChIJsY6Ti72rNTERK3T6sQpZn4Q?authuser=0&hl=en&rclk=1,
"61 P. Văn Miếu, Văn Miếu – Quốc Tử Giám, Đống Đa, Hà Nội 100000 ",21.027329,105.83591,Gia Restaurant,0896 682 996 ,1000000.0,"₫1,000,000",4.4,Restaurant,https://www.google.com/maps/place/Gia+Restaurant/data=!4m7!3m6!1s0x3135abcfca26e977:0x6a03e33fc669ffc!8m2!3d21.027329!4d105.83591!16s%2Fg%2F11mvwb4962!19sChIJd-kmys-rNTER_J9m_DM-oAY?authuser=0&hl=en&rclk=1,https://gia-hanoi.com/
"29 P. Lãn Ông, Hàng Bồ, Hoàn Kiếm, Hà Nội ",21.035226,105.849267,Tet Restaurant Vietnamese And Vegetarian Food,0911 805 999 ,null,,4.9,Vegetarian,https://www.google.com/maps/place/Tet+Restaurant+Vietnamese+And+Vegetarian+Food/data=!4m7!3m6!1s0x3135ab05736a670b:0x62e3a881229a47c5!8m2!3d21.035226!4d105.849267!16s%2Fg%2F11wpzkb_cg!19sChIJC2dqcwWrNTERxUeaIoGo42I?authuser=0&hl=en&rclk=1,
"29 P. Lãn Ông, Hàng Bồ, Hoàn Kiếm, Hà Nội ",21.035226,105.849267,Tet Restaurant Vietnamese And Vegetarian Food,0911 805 999 ,null,,4.9,Vegetarian,https://www.google.com/maps/place/Tet+Restaurant+Vietnamese+And+Vegetarian+Food/data=!4m7!3m6!1s0x3135ab05736a670b:0x62e3a881229a47c5!8m2!3d21.035226!4d105.849267!16s%2Fg%2F11wpzkb_cg!19sChIJC2dqcwWrNTERxUeaIoGo42I?authuser=0&hl=en&rclk=1,
"109 Đ. Nguyễn Chí Thanh, Láng Hạ, Đống Đa, Hà Nội ",21.0162046,105.80601,Vị Quảng (Nhà hàng 13 năm tuổi),024 3845 1999 ,200000.0,"200,000",4.7,Restaurant,https://www.google.com/maps/place/V%E1%BB%8B+Qu%E1%BA%A3ng+%28Nh%C3%A0+h%C3%A0ng+13+n%C4%83m+tu%E1%BB%95i%29/data=!4m7!3m6!1s0x3135ab663bee3107:0xc462be62ee0b47fc!8m2!3d21.0162046!4d105.80601!16s%2Fg%2F11cp5rclzk!19sChIJBzHuO2arNTER_EcL7mK-YsQ?authuser=0&hl=en&rclk=1,
"49 Đ. Xuân Diệu, Quảng An, Tây Hồ, Hà Nội ",21.0636494,105.8285276,NAN N KABAB HALAL RESTAURANT,0981 347 171 ,null,,4.4,Restaurant,https://www.google.com/maps/place/NAN+N+KABAB+HALAL+RESTAURANT/data=!4m7!3m6!1s0x3135aaf89acb1643:0xb294af6cfddabc0c!8m2!3d21.0636494!4d105.8285276!16s%2Fg%2F11bwnxmnl5!19sChIJQxbLmviqNTERDLza_WyvlLI?authuser=0&hl=en&rclk=1,http://nannkababvietnam.net/
"4A P. Lê Thánh Tông, Phan Chu Trinh, Hoàn Kiếm, Hà Nội ",21.0224921,105.857444,Luk Lak Vietnamese Restaurant,0943 143 686 ,null,,4.3,Restaurant,https://www.google.com/maps/place/Luk+Lak+Vietnamese+Restaurant/data=!4m7!3m6!1s0x3135abec3d107393:0x3e18292b974e206e!8m2!3d21.0224921!4d105.857444!16s%2Fg%2F11d_8hx0kj!19sChIJk3MQPeyrNTERbiBOlyspGD4?authuser=0&hl=en&rclk=1,http://luklak.vn/
"48 P. Hàng Bè, Hàng Bạc, Hoàn Kiếm, Hà Nội 10000 ",21.0327024,105.8537627,Madame Hien - Vietnamese Restaurant Hanoi,024 3938 1588 ,null,,4.3,Restaurant,https://www.google.com/maps/place/Madame+Hien+-+Vietnamese+Restaurant+Hanoi/data=!4m7!3m6!1s0x3135ab958d123701:0xa53ad274972bedf4!8m2!3d21.0327024!4d105.8537627!16s%2Fg%2F1z449sr2y!19sChIJATcSjZWrNTER9O0rl3TSOqU?authuser=0&hl=en&rclk=1,
"New Urban Area, 62nd Floor, Keangnam Hanoi Landmark Tower, Plot E6 Cau Giay, Ward, Hà Nội ",21.0167331,105.7841791,3 Spoons Restaurant,024 3698 8888 ,null,,4.4,Restaurant,https://www.google.com/maps/place/3+Spoons+Restaurant/data=!4m7!3m6!1s0x3135abb41681d541:0x50653b056eb5b10e!8m2!3d21.0167331!4d105.7841791!16s%2Fg%2F11hytgyqcm!19sChIJQdWBFrSrNTERDrG1bgU7ZVA?authuser=0&hl=en&rclk=1,https://landmark72.intercontinental.com/dinings/3-spoons-restaurant/
"20 P. Báo Khánh, Hàng Trống, Hoàn Kiếm, Hà Nội ",21.0301347,105.8504545,Huyền Hương Chicken Phở,024 3828 8430 ,200000.0,"200,000",4.7,Restaurant,https://www.google.com/maps/place/Huy%E1%BB%81n+H%C6%B0%C6%A1ng+Chicken+Ph%E1%BB%9F/data=!4m7!3m6!1s0x3135abf72c5ee771:0x48d78dd4b1030f0c!8m2!3d21.0301347!4d105.8504545!16s%2Fg%2F11s_ws2b5b!19sChIJcedeLPerNTERDA8DsdSN10g?authuser=0&hl=en&rclk=1,https://www.facebook.com/HuyenHuongRestaurant
"P. Hàng Bông/64 P. Đường Thành, Cửa Đông, Hoàn Kiếm, Hà Nội 100000 ",21.0305642,105.8474765,Bánh mì Phố,0963 930 055 ,100000.0,"100,000",4.3,Bakery,https://www.google.com/maps/place/B%C3%A1nh+m%C3%AC+Ph%E1%BB%91/data=!4m7!3m6!1s0x3135ab95f13b51e5:0xc31d18ec4691610!8m2!3d21.0305642!4d105.8474765!16s%2Fg%2F11c1wk9n_b!19sChIJ5VE78ZWrNTEREBZpxI7RMQw?authuser=0&hl=en&rclk=1,http://banhmipho.vn/
"575 P. Kim Mã, Ngọc Khánh, Ba Đình, Hà Nội ",21.0294265,105.8092779,Highway4 Restaurant,024 3771 6372 ,300000.0,"300,000",4.2,Restaurant,https://www.google.com/maps/place/Highway4+Restaurant/data=!4m7!3m6!1s0x3135ab69f6759ee9:0x4da2ecfc2e92bfcf!8m2!3d21.0294265!4d105.8092779!16s%2Fg%2F1tcxx8q3!19sChIJ6Z519mmrNTERz7-SLvzsok0?authuser=0&hl=en&rclk=1,
"67 Đ. Tô Ngọc Vân, Quảng An, Tây Hồ, Hà Nội ",21.0678917,105.8225195,Cugini - italian restaurant,0888 116 654 ,null,,4.6,Restaurant,https://www.google.com/maps/place/Cugini+-+italian+restaurant/data=!4m7!3m6!1s0x3135aafa07941021:0xebc4839de61c6b2e!8m2!3d21.0678917!4d105.8225195!16s%2Fg%2F11gc9k2prj!19sChIJIRCUB_qqNTERLmsc5p2DxOs?authuser=0&hl=en&rclk=1,https://www.facebook.com/cugini.tongocvan/
"9 Đinh Tiên Hoàng, Hàng Trống, Hoàn Kiếm, Hà Nội ",21.0320256,105.8520696,Fu Rong Hua Cantonese Restaurant,024 3936 9797 ,null,,4.2,Restaurant,https://www.google.com/maps/place/Fu+Rong+Hua+Cantonese+Restaurant/data=!4m7!3m6!1s0x3135abbff30e2a57:0x637ffadbdabdcfda!8m2!3d21.0320256!4d105.8520696!16s%2Fg%2F11b_2wv3dn!19sChIJVyoO87-rNTER2s-92tv6f2M?authuser=0&hl=en&rclk=1,http://furonghua.com.vn/
"44 P. Lương Ngọc Quyến, Hàng Buồm, Hoàn Kiếm, Hà Nội 10000 ",21.0349275,105.8515767,Masha Allah Indian Restaurant in Hanoi - Indian Food in Hanoi,0367 161 790 ,null,,4.6,Restaurant,https://www.google.com/maps/place/Masha+Allah+Indian+Restaurant+in+Hanoi+-+Indian+Food+in+Hanoi/data=!4m7!3m6!1s0x3135ab34e1638707:0x99dc0a97bc0a1bd4!8m2!3d21.0349275!4d105.8515767!16s%2Fg%2F11vyzvmqgn!19sChIJB4dj4TSrNTER1BsKvJcK3Jk?authuser=0&hl=en&rclk=1,https://masha-allah.vn/
"Ngõ 70 P. Nguyễn Thị Định, Trung Hoà, Thanh Xuân, Hà Nội ",21.0073166,105.8050831,Chum Korean Restaurant,0913 566 383 ,300000.0,"300,000",4.5,Restaurant,https://www.google.com/maps/place/Chum+Korean+Restaurant/data=!4m7!3m6!1s0x3135aca1d826004f:0xa2565594b81649a2!8m2!3d21.0073166!4d105.8050831!16s%2Fg%2F11bccltx36!19sChIJTwAm2KGsNTERokkWuJRVVqI?authuser=0&hl=en&rclk=1,https://chumrestaurant.com/
"R6 Đ. Phan Huy Ích, Phường 2, Vũng Tàu, Bà Rịa - Vũng Tàu 791000 ",10.3375409,107.0828775,Offshore Restaurant (Nhà hàng Tây Úc Offshore),0385 679 572 ,null,,4.9,Restaurant,https://www.google.com/maps/place/Offshore+Restaurant+%28Nh%C3%A0+h%C3%A0ng+T%C3%A2y+%C3%9Ac+Offshore%29/data=!4m7!3m6!1s0x31756f000d614add:0x178cde2a631137b1!8m2!3d10.3375409!4d107.0828775!16s%2Fg%2F11wh5bwk7k!19sChIJ3UphDQBvdTERsTcRYyrejBc?authuser=0&hl=en&rclk=1,
"289 Thống Nhất Mới, Phường 8, Vũng Tàu, Bà Rịa - Vũng Tàu ",10.3561275,107.0882593,Black Pan steak restaurant,0937 565 691 ,null,,4.8,Tea Shop,https://www.google.com/maps/place/Black+Pan+steak+restaurant/data=!4m7!3m6!1s0x31756fbe64b0d93f:0x1d34179434dd3ab6!8m2!3d10.3561275!4d107.0882593!16s%2Fg%2F11smzs38dv!19sChIJP9mwZL5vdTERtjrdNJQXNB0?authuser=0&hl=en&rclk=1,
"187 Võ Thị Sáu, Phường Thắng Tam, Vũng Tàu, Bà Rịa - Vũng Tàu 780000 ",10.340251,107.0882706,Quach’s Seafood Restaurant,0979 870 043 ,null,,4.8,Restaurant,https://www.google.com/maps/place/Quach%E2%80%99s+Seafood+Restaurant/data=!4m7!3m6!1s0x31756fdbcc9d10c5:0x5c797e1aaae2c264!8m2!3d10.340251!4d107.0882706!16s%2Fg%2F11swwyyqzy!19sChIJxRCdzNtvdTERZMLiqhp-eVw?authuser=0&hl=en&rclk=1,
"844 Bình Giã, Phường Rạch Rừa, Vũng Tàu, Bà Rịa - Vũng Tàu 78000 ",10.396484,107.1174756,Tan Long Hung Restaurant,0702 727 777 ,null,,4.9,Restaurant,https://www.google.com/maps/place/Tan+Long+Hung+Restaurant/data=!4m7!3m6!1s0x31757179f088045b:0xa9f8aa5a20e93a53!8m2!3d10.396484!4d107.1174756!16s%2Fg%2F11gmy7pmmt!19sChIJWwSI8HlxdTERUzrpIFqq-Kk?authuser=0&hl=en&rclk=1,https://zalo.me/2138345067340747643
"159 Thùy Vân, Phường Thắng Tam, Vũng Tàu, Bà Rịa - Vũng Tàu 790000 ",10.3430794,107.094644,La Sirena,0908 429 866 ,null,,4.5,Restaurant,https://www.google.com/maps/place/La+Sirena/data=!4m7!3m6!1s0x31756ffc9f86fc29:0xd0b7ce87a6202eb5!8m2!3d10.3430794!4d107.094644!16s%2Fg%2F11dxdk6rfj!19sChIJKfyGn_xvdTERtS4gpofOt9A?authuser=0&hl=en&rclk=1,https://www.foody.vn/vung-tau/la-sirena-bar-grill
"Đ. Bờ Kè Trần Hưng Đạo, Phước Hải, Đất Đỏ, Bà Rịa - Vũng Tàu 78000 ",10.4194772,107.2892684,Thanh Hao Seafood Restaurant,0879 339 988 ,null,,4.7,Restaurant,https://www.google.com/maps/place/Thanh+Hao+Seafood+Restaurant/data=!4m7!3m6!1s0x31757587a3a034ed:0x1f5814c625c32d5f!8m2!3d10.4194772!4d107.2892684!16s%2Fg%2F11tp35k1ph!19sChIJ7TSgo4d1dTERXy3DJcYUWB8?authuser=0&hl=en&rclk=1,https://sites.google.com/view/nha-hang-hai-san-thanh-hao/homes?authuser=0#h.w9n3tumfe9ym
"36 Trần Hưng Đạo, Phường 1, Vũng Tàu, Bà Rịa - Vũng Tàu 79000 ",10.3449522,107.0768961,Don Quijote,0254 6508 033 ,null,,4.5,Restaurant,https://www.google.com/maps/place/Don+Quijote/data=!4m7!3m6!1s0x31756fee27dc1f83:0x48653465e9f8f873!8m2!3d10.3449522!4d107.0768961!16s%2Fg%2F11df0nprtk!19sChIJgx_cJ-5vdTERc_j46WU0ZUg?authuser=0&hl=en&rclk=1,
"93/24 Lê Lợi, Phường 4, Vũng Tàu, Bà Rịa - Vũng Tàu 790000 ",10.3622732,107.0746478,ALEX Restaurant,0931 283 857 ,200000.0,"200,000",4.8,Restaurant,https://www.google.com/maps/place/ALEX+Restaurant/data=!4m7!3m6!1s0x31756fd3359aca4f:0x55b46865378e98e1!8m2!3d10.3622732!4d107.0746478!16s%2Fg%2F11t31_zgw6!19sChIJT8qaNdNvdTER4ZiON2VotFU?authuser=0&hl=en&rclk=1,
"66 Hạ Long, Phường 02, Vũng Tàu, Bà Rịa - Vũng Tàu 240000 ",10.3306298,107.0756959,BOHO Restaurant- Nhà Hàng Hải Sản View Biển,0798 633 339 ,null,,4.7,Restaurant,https://www.google.com/maps/place/BOHO+Restaurant-+Nh%C3%A0+H%C3%A0ng+H%E1%BA%A3i+S%E1%BA%A3n+View+Bi%E1%BB%83n/data=!4m7!3m6!1s0x3175650053e5ff69:0x963ec05ced05b444!8m2!3d10.3306298!4d107.0756959!16s%2Fg%2F11vs2c674v!19sChIJaf_lUwBldTERRLQF7VzAPpY?authuser=0&hl=en&rclk=1,https://www.facebook.com/bohogarden.vn/
"230 Phan Chu Trinh, Phường 2, Vũng Tàu, Bà Rịa - Vũng Tàu 78000 ",10.3307392,107.0833545,Luca Pizza & Italian Restaurant,0254 3854 261 ,300000.0,"300,000",4.7,Restaurant,https://www.google.com/maps/place/Luca+Pizza+%26+Italian+Restaurant/data=!4m7!3m6!1s0x317565d13510b453:0xb62fe10f3295762c!8m2!3d10.3307392!4d107.0833545!16s%2Fg%2F11fmlgm3l9!19sChIJU7QQNdFldTERLHaVMg_hL7Y?authuser=0&hl=en&rclk=1,
"342 Trần Phú, Phường 5, Vũng Tàu, Bà Rịa - Vũng Tàu ",10.3864,107.0622321,342 Lagoon - Vựa Hải Sản Tươi Sống Vũng Tàu,0908 354 194 ,null,,4.7,Restaurant,https://www.google.com/maps/place/342+Lagoon+-+V%E1%BB%B1a+H%E1%BA%A3i+S%E1%BA%A3n+T%C6%B0%C6%A1i+S%E1%BB%91ng+V%C5%A9ng+T%C3%A0u/data=!4m7!3m6!1s0x31756f9b09edcf4d:0x9fc16a85f4c20e8a!8m2!3d10.3864!4d107.0622321!16s%2Fg%2F11t79n955t!19sChIJTc_tCZtvdTERig7C9IVqwZ8?authuser=0&hl=en&rclk=1,
"03 Trần Phú, Phường 5, Vũng Tàu, Bà Rịa - Vũng Tàu ",10.3600349,107.0602722,Gành Hào Seafood Restaurant,1900 3332 ,null,,4.3,Restaurant,https://www.google.com/maps/place/G%C3%A0nh+H%C3%A0o+Seafood+Restaurant/data=!4m7!3m6!1s0x31756febf0656077:0xf390596a3075a7df!8m2!3d10.3600349!4d107.0602722!16s%2Fg%2F1tfm44f1!19sChIJd2Bl8OtvdTER36d1MGpZkPM?authuser=0&hl=en&rclk=1,http://ganhhao.com.vn/
"tổ 11 ấp phước thắng, Phước Tỉnh, Long Điền, Bà Rịa - Vũng Tàu ",10.4070701,107.1985328,Sea & Mountain Restaurant,,200000.0,"200,000",4.8,Restaurant,https://www.google.com/maps/place/Sea+%26+Mountain+Restaurant/data=!4m7!3m6!1s0x3175733e584a7d01:0x1f3fcaa94000a024!8m2!3d10.4070701!4d107.1985328!16s%2Fg%2F11sd51nng7!19sChIJAX1KWD5zdTERJKAAQKnKPx8?authuser=0&hl=en&rclk=1,
"17A Hoàng Hoa Thám, Phường 3, Vũng Tàu, Bà Rịa - Vũng Tàu ",10.3406762,107.0798116,Ebisu Japanese Restaurant,0359 958 735 ,null,,4.3,Restaurant,https://www.google.com/maps/place/Ebisu+Japanese+Restaurant/data=!4m7!3m6!1s0x31756f35ae0ca459:0x79dfdb22f9a891da!8m2!3d10.3406762!4d107.0798116!16s%2Fg%2F11pd7x99tp!19sChIJWaQMrjVvdTER2pGo-SLb33k?authuser=0&hl=en&rclk=1,http://ebisushi.com.vn/
"4A Lê Quý Đôn, Phường 1, Vũng Tàu, Bà Rịa - Vũng Tàu 78206 ",10.3486156,107.0733092,Oc Diem 2 Restaurant,0329 925 500 ,200000.0,"200,000",4.7,Restaurant,https://www.google.com/maps/place/Oc+Diem+2+Restaurant/data=!4m7!3m6!1s0x31756fb7ffe7b7b3:0x8df27243ac84f2b4!8m2!3d10.3486156!4d107.0733092!16s%2Fg%2F11tx_r78l1!19sChIJs7fn_7dvdTERtPKErENy8o0?authuser=0&hl=en&rclk=1,
"212A Phan Chu Trinh, Phường 2, Vũng Tàu, Bà Rịa - Vũng Tàu ",10.331017,107.0826221,Hàu Nướng Oyster Box,0901 421 009 ,200000.0,"200,000",4.7,Restaurant,https://www.google.com/maps/place/H%C3%A0u+N%C6%B0%E1%BB%9Bng+Oyster+Box/data=!4m7!3m6!1s0x31756f0cae94f12d:0xb3ac5164a39bf2e5!8m2!3d10.331017!4d107.0826221!16s%2Fg%2F11s2lqql7s!19sChIJLfGUrgxvdTER5fKbo2RRrLM?authuser=0&hl=en&rclk=1,https://www.facebook.com/oysterboxvungtau
"02-04 Lê Hồng Phong, Phường Thắng Tam, Vũng Tàu, Bà Rịa - Vũng Tàu 970000 ",10.3471438,107.0932351,Van Chai Restaurant,0901 558 866 ,null,,4.1,Restaurant,https://www.google.com/maps/place/Van+Chai+Restaurant/data=!4m7!3m6!1s0x31756fe4418778e3:0xc99f7ca148d374d0!8m2!3d10.3471438!4d107.0932351!16s%2Fg%2F11cncf5ghs!19sChIJ43iHQeRvdTER0HTTSKF8n8k?authuser=0&hl=en&rclk=1,http://vanchairestaurant.com/
"9 Trương Vĩnh Ký, Phường 1, Vũng Tàu, Bà Rịa - Vũng Tàu 790000 ",10.3490547,107.0728877,Bistro Nine,0254 3511 571 ,null,,4.4,Restaurant,https://www.google.com/maps/place/Bistro+Nine/data=!4m7!3m6!1s0x31756f93c429131b:0xe8ab33f4540c130!8m2!3d10.3490547!4d107.0728877!16s%2Fg%2F1jky1616w!19sChIJGxMpxJNvdTERMMFART-zig4?authuser=0&hl=en&rclk=1,https://www.facebook.com/bistro92018/?locale=vi_VN
"Long Hau, Cần Giuộc, Long An ",10.6347222,106.7189598,Ben Sen Restaurant,0908 186 834 ,100000.0,"100,000",4.1,Restaurant,https://www.google.com/maps/place/Ben+Sen+Restaurant/data=!4m7!3m6!1s0x317530a1ea18e233:0x985521846913b7c3!8m2!3d10.6347222!4d106.7189598!16s%2Fg%2F11bw44mqst!19sChIJM-IY6qEwdTERw7cTaYQhVZg?authuser=0&hl=en&rclk=1,
"124 Hoàng Cầm, Phường 2, Vũng Tàu, Bà Rịa - Vũng Tàu ",10.3370497,107.0846095,Phở Khiêm,,100000.0,"100,000",4.6,Restaurant,https://www.google.com/maps/place/Ph%E1%BB%9F+Khi%C3%AAm/data=!4m7!3m6!1s0x31756fe30a376af7:0xdc53613d10914df0!8m2!3d10.3370497!4d107.0846095!16s%2Fg%2F11pbbtvrsf!19sChIJ92o3CuNvdTER8E2RED1hU9w?authuser=0&hl=en&rclk=1,
"151 Thùy Vân, Phường Thắng Tam, Vũng Tàu, Bà Rịa - Vũng Tàu ",10.3409058,107.0930727,UNIC Restaurant & Lounge,0702 696 969 ,null,,4.0,Bar/Pub,https://www.google.com/maps/place/UNIC+Restaurant+%26+Lounge/data=!4m7!3m6!1s0x31756fb534a7e095:0x2238b2208786d946!8m2!3d10.3409058!4d107.0930727!16s%2Fg%2F11t5l6fkbv!19sChIJleCnNLVvdTERRtmGhyCyOCI?authuser=0&hl=en&rclk=1,http://www.uniclounge.com/
"04 Phan Đình Phùng, Phường 1, Vũng Tàu, Bà Rịa - Vũng Tàu ",10.3504901,107.0723817,Khương Gia Restaurant,0816 424 836 ,null,,5.0,Restaurant,https://www.google.com/maps/place/Kh%C6%B0%C6%A1ng+Gia+Restaurant/data=!4m7!3m6!1s0x31756f5e1e3f0ca5:0x9359ecbc32eddeea!8m2!3d10.3504901!4d107.0723817!16s%2Fg%2F11y0xt3rcx!19sChIJpQw_Hl5vdTER6t7tMrzsWZM?authuser=0&hl=en&rclk=1,
"152 Phan Chu Trinh, Phường 2, Vũng Tàu, Bà Rịa - Vũng Tàu ",10.3336839,107.0817404,Taj Grill,0902 646 945 ,200000.0,"200,000",4.3,Restaurant,https://www.google.com/maps/place/Taj+Grill/data=!4m7!3m6!1s0x31756ff341df3af3:0xc7faf9d45d83e096!8m2!3d10.3336839!4d107.0817404!16s%2Fg%2F11btn15fx2!19sChIJ8zrfQfNvdTERluCDXdT5-sc?authuser=0&hl=en&rclk=1,https://m.facebook.com/tajgrillatvungtau
"299 Ba Tháng Hai, Phường 12, Vũng Tàu, Bà Rịa - Vũng Tàu ",10.3992058,107.152991,"Ola Ola Restaurant, Bar & Coffee",0933 022 569 ,null,,4.5,Coffee Shop,"https://www.google.com/maps/place/Ola+Ola+Restaurant,+Bar+%26+Coffee/data=!4m7!3m6!1s0x3175718b808400d1:0x2a16be9503f962e4!8m2!3d10.3992058!4d107.152991!16s%2Fg%2F11qnt92thy!19sChIJ0QCEgItxdTER5GL5A5W-Fio?authuser=0&hl=en&rclk=1",http://olaola.vn/
"3 Trần Huy Liệu, Phường 7, Vũng Tàu, Bà Rịa - Vũng Tàu ",10.365392,107.0768145,MEN Restaurant,0932 858 898 ,null,,4.6,Restaurant,https://www.google.com/maps/place/MEN+Restaurant/data=!4m7!3m6!1s0x31756feffea48d35:0xd0b81ba97861430!8m2!3d10.365392!4d107.0768145!16s%2Fg%2F11fj1rgb52!19sChIJNY2k_u9vdTERMBSGl7qBCw0?authuser=0&hl=en&rclk=1,
"275 Đ. 27/4, Phước Hưng, Bà Rịa, Bà Rịa - Vũng Tàu ",10.5055271,107.1715001,May Garden Restaurant,0933 932 972 ,null,,4.5,Restaurant,https://www.google.com/maps/place/May+Garden+Restaurant/data=!4m7!3m6!1s0x31750dc5e3440993:0xf6f5273631207db6!8m2!3d10.5055271!4d107.1715001!16s%2Fg%2F11l2q7k8q9!19sChIJkwlE48UNdTERtn0gMTYn9fY?authuser=0&hl=en&rclk=1,
"City, Pullman Hotel, 15 Đường Thi Sách, Street, Vũng Tàu, Bà Rịa - Vũng Tàu 700000 ",10.3482107,107.0943665,"Benaras Masala Bay, Indian Restaurant (Vung Tau)",0909 842 476 ,null,,4.6,Restaurant,"https://www.google.com/maps/place/Benaras+Masala+Bay,+Indian+Restaurant+%28Vung+Tau%29/data=!4m7!3m6!1s0x31756fed02914db7:0xbf5a0ce90de64442!8m2!3d10.3482107!4d107.0943665!16s%2Fg%2F11n04qg0x4!19sChIJt02RAu1vdTERQkTmDekMWr8?authuser=0&hl=en&rclk=1",http://www.benaras.club/
"83QC+RM3, 09 Hạ Long, Phường 2, Vũng Tàu, Bà Rịa - Vũng Tàu ",10.3390897,107.0713957,Gành Hào 2 Seafood Restaurant,1900 3332 ,null,,4.2,Restaurant,https://www.google.com/maps/place/G%C3%A0nh+H%C3%A0o+2+Seafood+Restaurant/data=!4m7!3m6!1s0x31756f8942a2102f:0xaf3f7be58d5cb50!8m2!3d10.3390897!4d107.0713957!16s%2Fg%2F119wznjmk!19sChIJLxCiQolvdTERUMvVWL738wo?authuser=0&hl=en&rclk=1,https://ganhhao.com.vn/
"2 Lê Hồng Phong, Phường Thắng Tam, Vũng Tàu, Bà Rịa - Vũng Tàu 79000 ",10.3462777,107.0956125,Restaurant & Cafe Oasky 36,0837 393 968 ,null,,4.2,Coffee Shop,https://www.google.com/maps/place/Restaurant+%26+Cafe+Oasky+36/data=!4m7!3m6!1s0x31756f2e8e946601:0xea754fe145d44627!8m2!3d10.3462777!4d107.0956125!16s%2Fg%2F11tmnsl8rt!19sChIJAWaUji5vdTERJ0bUReFPdeo?authuser=0&hl=en&rclk=1,https://oaskyvungtau.com/
"150 Lê Hồng Phong, Phường 4, Vũng Tàu, Bà Rịa - Vũng Tàu ",10.3581341,107.0802292,Rhino Restaurant,0254 3853 938 ,300000.0,"300,000",4.1,Restaurant,https://www.google.com/maps/place/Rhino+Restaurant/data=!4m7!3m6!1s0x31756fc054152a59:0x76c5f4e8b84a6261!8m2!3d10.3581341!4d107.0802292!16s%2Fg%2F1hc11yd0j!19sChIJWSoVVMBvdTERYWJKuOj0xXY?authuser=0&hl=en&rclk=1,https://thongtinthuebao.com/te-giac-quan-te-giac-3853938
"2 Trần Hưng Đạo, Phường 3, Vũng Tàu, Bà Rịa - Vũng Tàu ",10.3419543,107.0779277,Lan Rừng Coffee & Restaurant,0254 3530 713 ,null,,4.1,Coffee Shop,https://www.google.com/maps/place/Lan+R%E1%BB%ABng+Coffee+%26+Restaurant/data=!4m7!3m6!1s0x31756ff32c58272d:0x9d7c4b07dd1f9639!8m2!3d10.3419543!4d107.0779277!16s%2Fg%2F1tfm8qx0!19sChIJLSdYLPNvdTEROZYf3QdLfJ0?authuser=0&hl=en&rclk=1,https://www.lanrungresort.com/
"39 Trần Huy Liệu, Phước Nguyễn, Bà Rịa, Bà Rịa - Vũng Tàu ",10.5031838,107.1826675,Vườn Bia Restaurant,0707 526 272 ,null,,4.3,Restaurant,https://www.google.com/maps/place/V%C6%B0%E1%BB%9Dn+Bia+Restaurant/data=!4m7!3m6!1s0x31750d6b7e5de9cb:0xa14b26b6847dd52!8m2!3d10.5031838!4d107.1826675!16s%2Fg%2F11txdwck_9!19sChIJy-ldfmsNdTERUt1HaGuyFAo?authuser=0&hl=en&rclk=1,
"220 Phan Chu Trinh, Phường 2, Vũng Tàu, Bà Rịa - Vũng Tàu ",10.33085,107.0829734,3 Fat Gúy Restaurant,,200000.0,"200,000",5.0,Restaurant,https://www.google.com/maps/place/3+Fat+G%C3%BAy+Restaurant/data=!4m7!3m6!1s0x3175650039f3e72d:0xe402ff26a2f1c491!8m2!3d10.33085!4d107.0829734!16s%2Fg%2F11xmljb0s4!19sChIJLefzOQBldTERkcTxoib_AuQ?authuser=0&hl=en&rclk=1,
"6 Nguyễn Du, Phường 1, Vũng Tàu, Bà Rịa - Vũng Tàu 790000 ",10.3439084,107.076241,The T restaurant,0933 191 131 ,200000.0,"200,000",5.0,Restaurant,https://www.google.com/maps/place/The+T+restaurant/data=!4m7!3m6!1s0x31756f005f83d7ef:0x7ae4911b56b5ba48!8m2!3d10.3439084!4d107.076241!16s%2Fg%2F11x8z34_jc!19sChIJ79eDXwBvdTERSLq1VhuR5Ho?authuser=0&hl=en&rclk=1,
"227 Nguyễn Văn Linh, Phước Nguyễn, Bà Rịa, Bà Rịa - Vũng Tàu ",10.49529,107.1805697,NGUYÊN RESTAURANT,0977 695 252 ,null,,4.3,Restaurant,https://www.google.com/maps/place/NGUY%C3%8AN+RESTAURANT/data=!4m7!3m6!1s0x3175738029d56689:0xfdb4611dcec838d!8m2!3d10.49529!4d107.1805697!16s%2Fg%2F11p_8rfy4j!19sChIJiWbVKYBzdTERjYPs3BFG2w8?authuser=0&hl=en&rclk=1,https://www.facebook.com/nhahangbahungfood/
"186 Đ. 2 Tháng 9, Phường 8, Vũng Tàu, Bà Rịa - Vũng Tàu ",10.3600547,107.0915512,C Tao - Chinese Restaurant,0254 7301 689 ,null,,4.4,Restaurant,https://www.google.com/maps/place/C+Tao+-+Chinese+Restaurant/data=!4m7!3m6!1s0x31756f61f38c675f:0x81a1cbf88e254ef2!8m2!3d10.3600547!4d107.0915512!16s%2Fg%2F11h3nhl9k4!19sChIJX2eM82FvdTER8k4ljvjLoYE?authuser=0&hl=en&rclk=1,http://www.ctao.com.vn/
"3 Hạ Long, Phường 2, Vũng Tàu, Bà Rịa - Vũng Tàu 78000 ",10.3268623,107.0809466,Marina Club - Cafe & Lounge,1900 292977 ,null,,4.2,Coffee Shop,https://www.google.com/maps/place/Marina+Club+-+Cafe+%26+Lounge/data=!4m7!3m6!1s0x317565bf0a63e755:0xe67ec3952316c871!8m2!3d10.3268623!4d107.0809466!16s%2Fg%2F11rvbgbgfq!19sChIJVedjCr9ldTERccgWI5XDfuY?authuser=0&hl=en&rclk=1,https://marinaseafood.com.vn/
"phường 8, Vũng Tàu, Ba Ria - Vung Tau ",10.3620513,107.0924472,Bamboo Restaurant,,null,,4.2,Restaurant,https://www.google.com/maps/place/Bamboo+Restaurant/data=!4m7!3m6!1s0x31756fdba05ed43b:0x93d0e3bccc2afeca!8m2!3d10.3620513!4d107.0924472!16s%2Fg%2F11rgbsv0_4!19sChIJO9ReoNtvdTERyv4qzLzj0JM?authuser=0&hl=en&rclk=1,
"155 Lê Duẩn, TT. Long Hải, Long Điền, Bà Rịa - Vũng Tàu ",10.407124,107.233243,Wind Hằng 1988 Restaurant - OutSide - Beach,0933 889 301 ,300000.0,"300,000",4.1,Restaurant,https://www.google.com/maps/place/Wind+H%E1%BA%B1ng+1988+Restaurant+-+OutSide+-+Beach/data=!4m7!3m6!1s0x317577845cc6ad9b:0x8d8c4f174fb8cc2c!8m2!3d10.407124!4d107.233243!16s%2Fg%2F11pzxtrn9h!19sChIJm63GXIR3dTERLMy4TxdPjI0?authuser=0&hl=en&rclk=1,
"Tổ 13 khu phố Thị Vải, Phường, Tân Thành ",10.6219311,107.0590716,Minh Hai Restaurant,0908 989 282 ,100000.0,"100,000",4.1,Restaurant,https://www.google.com/maps/place/Minh+Hai+Restaurant/data=!4m7!3m6!1s0x317511a14546b551:0xd0f72409c07a29b7!8m2!3d10.6219311!4d107.0590716!16s%2Fg%2F11f375jkxm!19sChIJUbVGRaERdTERtyl6wAkk99A?authuser=0&hl=en&rclk=1,
"63 Bà Huyện Thanh Quan, Phường 4, Vũng Tàu, Bà Rịa - Vũng Tàu ",10.3570114,107.0790197,NHÀ HÀNG D'LISA & LIDA RESTAURANT & WINES,0983 206 040 ,900000.0,"900,000",4.5,Restaurant,https://www.google.com/maps/place/NH%C3%80+H%C3%80NG+D%27LISA+%26+LIDA+RESTAURANT+%26+WINES/data=!4m7!3m6!1s0x31756fc03d7b907d:0x834e15a3374f37e4!8m2!3d10.3570114!4d107.0790197!16s%2Fg%2F11c5hxxpfz!19sChIJfZB7PcBvdTER5DdPN6MVToM?authuser=0&hl=en&rclk=1,
"Tổ 03 khu phố Thị Vải, TT. Phú Mỹ, Tân Thành, Thành phố Hồ Chí Minh ",10.622004,107.0583036,Minh Hai Resort & Restaurant,0908 989 282 ,null,,4.6,Restaurant,https://www.google.com/maps/place/Minh+Hai+Resort+%26+Restaurant/data=!4m7!3m6!1s0x31751172bf93f7fd:0x6cd7bc480863a9dd!8m2!3d10.622004!4d107.0583036!16s%2Fg%2F11q84l89x5!19sChIJ_feTv3IRdTER3aljCEi812w?authuser=0&hl=en&rclk=1,http://www.minhhairesort.vn/
"26 Bình Giã, Phường 8, Vũng Tàu, Bà Rịa - Vũng Tàu 790000 ",10.3532467,107.0891928,Cỏ Mây Vegetarian Restaurant,0774 714 190 ,null,,4.3,Vegetarian,https://www.google.com/maps/place/C%E1%BB%8F+M%C3%A2y+Vegetarian+Restaurant/data=!4m7!3m6!1s0x31756f855095d333:0xfd0c63ffbc9fb073!8m2!3d10.3532467!4d107.0891928!16s%2Fg%2F11gxr2stfp!19sChIJM9OVUIVvdTERc7CfvP9jDP0?authuser=0&hl=en&rclk=1,http://facebook.com/nhahangchaycomay
"77 Phan Chu Trinh, Phường 2, Vũng Tàu, Bà Rịa - Vũng Tàu 02543 ",10.3340183,107.0819687,OMG RESTAURANT,0812 552 655 ,200000.0,"200,000",4.8,Restaurant,https://www.google.com/maps/place/OMG+RESTAURANT/data=!4m7!3m6!1s0x31756f67ab294169:0x89f78591597a16de!8m2!3d10.3340183!4d107.0819687!16s%2Fg%2F11vz52k6rd!19sChIJaUEpq2dvdTER3hZ6WZGF94k?authuser=0&hl=en&rclk=1,
"117 Thùy Vân, Phường Thắng Tam, Vũng Tàu, Bà Rịa - Vũng Tàu ",10.3363961,107.0904094,strEATs restaurant Vung Tau,0254 3526 008 ,200000.0,"200,000",4.4,Restaurant,https://www.google.com/maps/place/strEATs+restaurant+Vung+Tau/data=!4m7!3m6!1s0x31756f59daa45fe1:0xd8df20a00076e6a4!8m2!3d10.3363961!4d107.0904094!16s%2Fg%2F11v3k9gp1c!19sChIJ4V-k2llvdTERpOZ2AKAg39g?authuser=0&hl=en&rclk=1,
"02 Trương Công Định, Phường 2, Vũng Tàu, Bà Rịa - Vũng Tàu 790000 ",10.3416706,107.0758616,Fresh Restaurant - nhà hàng Fresh,0254 6270 288 ,null,,4.5,Restaurant,https://www.google.com/maps/place/Fresh+Restaurant+-+nh%C3%A0+h%C3%A0ng+Fresh/data=!4m7!3m6!1s0x31756f04dfc73375:0xca399145f94aa396!8m2!3d10.3416706!4d107.0758616!16s%2Fg%2F11vpqsrz6h!19sChIJdTPH3wRvdTERlqNK-UWROco?authuser=0&hl=en&rclk=1,https://vungtau.fusion-suites.com/am-thuc/
"H3H6+3PV, TT. Phú Mỹ, Tân Thành, Bà Rịa - Vũng Tàu ",10.5777351,107.0618088,ChintFon Restaurant,,null,,5.0,Restaurant,https://www.google.com/maps/place/ChintFon+Restaurant/data=!4m7!3m6!1s0x3175133ce2d7fc31:0xe5a0a71314b47119!8m2!3d10.5777351!4d107.0618088!16s%2Fg%2F11lrybxf85!19sChIJMfzX4jwTdTERGXG0FBOnoOU?authuser=0&hl=en&rclk=1,
"28 Trần Phú, Phường 1, Vũng Tàu, Bà Rịa - Vũng Tàu 790000 ",10.353097,107.0640739,Vuon Pho Restaurant,0254 3513 885 ,300000.0,"300,000",4.0,Restaurant,https://www.google.com/maps/place/Vuon+Pho+Restaurant/data=!4m7!3m6!1s0x31756f99bf631453:0xab85aa01ec15ec5a!8m2!3d10.353097!4d107.0640739!16s%2Fg%2F1pzqfgxpb!19sChIJUxRjv5lvdTERWuwV7AGqhas?authuser=0&hl=en&rclk=1,http://seasideresort.vn/
"1 Hoàng Hoa Thám, Phường 3, Vũng Tàu, Bà Rịa - Vũng Tàu 790000 ",10.3413835,107.0784992,Cô Ba Restaurant,0254 3526 165 ,200000.0,"200,000",3.9,Restaurant,https://www.google.com/maps/place/C%C3%B4+Ba+Restaurant/data=!4m7!3m6!1s0x31756f3574b531cf:0x93afef3306b19cef!8m2!3d10.3413835!4d107.0784992!16s%2Fg%2F11hymg5f2x!19sChIJzzG1dDVvdTER75yxBjPvr5M?authuser=0&hl=en&rclk=1,http://cobavungtau.com/
"Đường Ông Ích Khiêm/F19 Bến Đình 2, Phường 6, Vũng Tàu, Bà Rịa - Vũng Tàu ",10.3732114,107.0809347,Hung Chi Seafood restaurant,0905 965 556 ,300000.0,"300,000",4.2,Restaurant,https://www.google.com/maps/place/Hung+Chi+Seafood+restaurant/data=!4m7!3m6!1s0x31756fcbc9a72fa5:0xd882fdee1217e4b6!8m2!3d10.3732114!4d107.0809347!16s%2Fg%2F11b6fk5bfr!19sChIJpS-nyctvdTERtuQXEu79gtg?authuser=0&hl=en&rclk=1,https://www.facebook.com/Qu%C3%A1n-%C4%83n-H%E1%BA%A3i-S%E1%BA%A3n-H%C3%B9ng-Chi-565131643638346/
"JJPX+X5G, ĐH11, Quý Đức, Bình Chánh, Thành phố Hồ Chí Minh ",10.6374321,106.6479617,Hoai Thuong Restaurant,028 3779 1077 ,null,,5.0,Restaurant,https://www.google.com/maps/place/Hoai+Thuong+Restaurant/data=!4m7!3m6!1s0x3175314199832129:0xfb73a3b96c1faacd!8m2!3d10.6374321!4d106.6479617!16s%2Fg%2F1pp2v0s1q!19sChIJKSGDmUExdTERzaofbLmjc_s?authuser=0&hl=en&rclk=1,
"Tổ 26 ấp phước lâm, phường, Long Điền, Bà Rịa - Vũng Tàu ",10.407339,107.2060843,Sóc Quán - Squirrel's little restaurant with the sea,0936 369 235 ,null,,5.0,Restaurant,https://www.google.com/maps/place/S%C3%B3c+Qu%C3%A1n+-+Squirrel%27s+little+restaurant+with+the+sea/data=!4m7!3m6!1s0x317575005d11339d:0x256c2a82601f9499!8m2!3d10.407339!4d107.2060843!16s%2Fg%2F11x8tyf7gf!19sChIJnTMRXQB1dTERmZQfYIIqbCU?authuser=0&hl=en&rclk=1,https://www.facebook.com/share/15zrS82kX5/?mibextid=wwXIfr
"3 NGHĨA SĨ CẦN GIUỘC, HUYỆN MỘC HÓA, THỊ TRẤN MỘC HÓA, TỈNH LONG AN, TT. Cần Giuộc, Cần Giuộc, Long An ",10.6078609,106.6720385,Giang Thanh Restaurant,0272 3893 242 ,null,,5.0,Restaurant,https://www.google.com/maps/place/Giang+Thanh+Restaurant/data=!4m7!3m6!1s0x317536d722b13459:0x79334674743b2594!8m2!3d10.6078609!4d106.6720385!16s%2Fg%2F1hc3zqftm!19sChIJWTSxItc2dTERlCU7dHRGM3k?authuser=0&hl=en&rclk=1,
"345 Thống Nhất Mới, Phường 8, Vũng Tàu, Bà Rịa - Vũng Tàu ",10.3591467,107.0903834,345 The Restaurant - Tinh Hoa Ẩm Thực - Tinh Hoa Bia - Real Bia Hơi Hà Nội,0933 929 206 ,null,,4.0,Restaurant,https://www.google.com/maps/place/345+The+Restaurant+-+Tinh+Hoa+%E1%BA%A8m+Th%E1%BB%B1c+-+Tinh+Hoa+Bia+-+Real+Bia+H%C6%A1i+H%C3%A0+N%E1%BB%99i/data=!4m7!3m6!1s0x31756fdb7b4dd67f:0x26a4577d70e4f3fd!8m2!3d10.3591467!4d107.0903834!16s%2Fg%2F11c52sy7qv!19sChIJf9ZNe9tvdTER_fPkcH1XpCY?authuser=0&hl=en&rclk=1,http://biahoihanoi.info/index.php?route=news/news&news_id=1
"15/35/13A Nguyễn Bảo, Phường 6, Vũng Tàu, Bà Rịa - Vũng Tàu ",10.3734557,107.0790882,Seafood & Fighting Chicken Restaurant Hai Hao,0906 874 295 ,null,,4.2,Restaurant,https://www.google.com/maps/place/Seafood+%26+Fighting+Chicken+Restaurant+Hai+Hao/data=!4m7!3m6!1s0x31756fc9ec7ffcdf:0x6810d6752a526a0d!8m2!3d10.3734557!4d107.0790882!16s%2Fg%2F11dx8l2426!19sChIJ3_x_7MlvdTERDWpSKnXWEGg?authuser=0&hl=en&rclk=1,
"22 Thống Nhất, Phường 1, Vũng Tàu, Bà Rịa - Vũng Tàu ",10.3466176,107.0789648,Cô Nên Restaurant & Beer Chill,0786 617 676 ,200000.0,"200,000",4.2,Restaurant,https://www.google.com/maps/place/C%C3%B4+N%C3%AAn+Restaurant+%26+Beer+Chill/data=!4m7!3m6!1s0x31756f2dfb453a7d:0x76747524a4109296!8m2!3d10.3466176!4d107.0789648!16s%2Fg%2F11v78r9k8_!19sChIJfTpF-y1vdTERlpIQpCR1dHY?authuser=0&hl=en&rclk=1,https://www.facebook.com/QuanNuongCoNen?mibextid=LQQJ4d
"3 Ba Cu, Phường 1, Vũng Tàu, Bà Rịa - Vũng Tàu ",10.3479656,107.0736893,Sophie Coffee & Restaurant,0387 436 764 ,100000.0,"100,000",3.8,Coffee Shop,https://www.google.com/maps/place/Sophie+Coffee+%26+Restaurant/data=!4m7!3m6!1s0x31756f93ad523419:0xbfa53ce1eaf39b4f!8m2!3d10.3479656!4d107.0736893!16s%2Fg%2F11cpfmf52q!19sChIJGTRSrZNvdTERT5vz6uE8pb8?authuser=0&hl=en&rclk=1,
"2 Nguyễn Thái Học, Phường 7, Vũng Tàu, Bà Rịa - Vũng Tàu ",10.3594088,107.0812423,Russian Restaurant,,null,,4.5,Restaurant,https://www.google.com/maps/place/Russian+Restaurant/data=!4m7!3m6!1s0x31756f004d4f19ef:0xbb043140dc0d9930!8m2!3d10.3594088!4d107.0812423!16s%2Fg%2F11lf7dlmkx!19sChIJ7xlPTQBvdTERMJkN3EAxBLs?authuser=0&hl=en&rclk=1,
"9328+5GJ, Vũng Tàu, Bà Rịa - Vũng Tàu 78214 ",10.35051,107.0662709,In The Sea Restaurant & Coffee,0934 496 778 ,100000.0,"100,000",4.0,Coffee Shop,https://www.google.com/maps/place/In+The+Sea+Restaurant+%26+Coffee/data=!4m7!3m6!1s0x31756f471ab894e3:0x217fd20a0f94a22a!8m2!3d10.35051!4d107.0662709!16s%2Fg%2F11w58zgzhq!19sChIJ45S4GkdvdTERKqKUDwrSfyE?authuser=0&hl=en&rclk=1,https://www.facebook.com/profile.php?id=61562246955835
"32 Lê Lai, Phường 3, Vũng Tàu, Bà Rịa - Vũng Tàu 78000 ",10.3472057,107.0792582,Hồ Tây Bún Chả Restaurant,0977 869 091 ,100000.0,"100,000",4.1,Restaurant,https://www.google.com/maps/place/H%E1%BB%93+T%C3%A2y+B%C3%BAn+Ch%E1%BA%A3+Restaurant/data=!4m7!3m6!1s0x31756fed1838f771:0xee96d3a6a798f7f7!8m2!3d10.3472057!4d107.0792582!16s%2Fg%2F1hc1gxqyd!19sChIJcfc4GO1vdTER9_eYp6bTlu4?authuser=0&hl=en&rclk=1,https://bunchahotay.vn/?fbclid=IwAR10trrjV473_voC8ABlAw5Jf3xn6Keh2W5ixvpf1K_46kibALSkEMO-9ro
"Tồ/2 Ấp 4, Tân Hưng, Bà Rịa, Bà Rịa - Vũng Tàu ",10.5316895,107.1705865,Phố Núi Restaurant,0792 759 353 ,null,,4.0,Restaurant,https://www.google.com/maps/place/Ph%E1%BB%91+N%C3%BAi+Restaurant/data=!4m7!3m6!1s0x31750ced20738afb:0xe837a65d3211b906!8m2!3d10.5316895!4d107.1705865!16s%2Fg%2F11cjj8g_qy!19sChIJ-4pzIO0MdTERBrkRMl2mN-g?authuser=0&hl=en&rclk=1,
"7QRJ+673, Tân Thành, Gò Công Đông, Tiền Giang ",10.2905148,106.7806764,Huong Bien Restaurant,,null,,3.1,Restaurant,https://www.google.com/maps/place/Huong+Bien+Restaurant/data=!4m7!3m6!1s0x31755bb0cb332555:0xf32da9bcfa48255a!8m2!3d10.2905148!4d106.7806764!16s%2Fg%2F11c5fz576f!19sChIJVSUzy7BbdTERWiVI-rypLfM?authuser=0&hl=en&rclk=1,
"422/7 Lê Hồng Phong, Phường 8, Vũng Tàu, Bà Rịa - Vũng Tàu 790000 ",10.3499757,107.0898655,"Lin China Restaurant 린 차이나 한국 중화요리 , ẩm thực Hàn Quốc , trung quốc",0762 934 530 ,null,,4.5,Restaurant,"https://www.google.com/maps/place/Lin+China+Restaurant+%EB%A6%B0+%EC%B0%A8%EC%9D%B4%EB%82%98+%ED%95%9C%EA%B5%AD+%EC%A4%91%ED%99%94%EC%9A%94%EB%A6%AC+,+%E1%BA%A9m+th%E1%BB%B1c+H%C3%A0n+Qu%E1%BB%91c+,+trung+qu%E1%BB%91c/data=!4m7!3m6!1s0x31756f471bf21c5b:0xf647bd6003b4fd40!8m2!3d10.3499757!4d107.0898655!16s%2Fg%2F11t_ssc0nj!19sChIJWxzyG0dvdTERQP20A2C9R_Y?authuser=0&hl=en&rclk=1",
"119/3 Hoàng Hoa Thám, Phường Thắng Tam, Vũng Tàu, Bà Rịa - Vũng Tàu 790000 ",10.3393314,107.0855668,Quán Chay Tâm Từ Vegan & Vegetarian Restaurant,0586 298 298 ,null,,4.9,Vegetarian,https://www.google.com/maps/place/Qu%C3%A1n+Chay+T%C3%A2m+T%E1%BB%AB+Vegan+%26+Vegetarian+Restaurant/data=!4m7!3m6!1s0x31756fefc316ab13:0x52de7147e054ce1a!8m2!3d10.3393314!4d107.0855668!16s%2Fg%2F11w4s28krv!19sChIJE6sWw-9vdTERGs5U4Edx3lI?authuser=0&hl=en&rclk=1,https://bom.so/chaytamtu
"9 Phan Chu Trinh, Phường 2, Vũng Tàu, Bà Rịa - Vũng Tàu ",10.3388035,107.0795774,Tuyết Mai Restaurant,0254 3850 365 ,100000.0,"100,000",3.7,Restaurant,https://www.google.com/maps/place/Tuy%E1%BA%BFt+Mai+Restaurant/data=!4m7!3m6!1s0x31756ff49079c81d:0x61010ecc23e3c026!8m2!3d10.3388035!4d107.0795774!16s%2Fg%2F1tdpcpxf!19sChIJHch5kPRvdTERJsDjI8wOAWE?authuser=0&hl=en&rclk=1,http://www.banhbeotuyetmai.com/
"3/5 Lý Thường Kiệt, Phường 3, Vũng Tàu, Bà Rịa - Vũng Tàu ",10.3432894,107.0789744,Viet An Halalfood restaurant,0913 764 026 ,200000.0,"200,000",4.3,Restaurant,https://www.google.com/maps/place/Viet+An+Halalfood+restaurant/data=!4m7!3m6!1s0x31756ff2dc99bceb:0xa2fa8b0bca2f4564!8m2!3d10.3432894!4d107.0789744!16s%2Fg%2F11b6bfd2pj!19sChIJ67yZ3PJvdTERZEUvyguL-qI?authuser=0&hl=en&rclk=1,
"64 Yên Bái, Phường 4, Vũng Tàu, Bà Rịa - Vũng Tàu 790000 ",10.3545512,107.0804211,Chạn Bát Restaurant,0902 469 934 ,300000.0,"300,000",4.7,Restaurant,https://www.google.com/maps/place/Ch%E1%BA%A1n+B%C3%A1t+Restaurant/data=!4m7!3m6!1s0x31756f8c5a918143:0xbecf10840df96cdb!8m2!3d10.3545512!4d107.0804211!16s%2Fg%2F11kbc45rcv!19sChIJQ4GRWoxvdTER22z5DYQQz74?authuser=0&hl=en&rclk=1,
"Road 44, Long Điền ",10.3799153,107.2444062,Le Vent Restaurant,0254 3662 222 ,null,,3.9,Restaurant,https://www.google.com/maps/place/Le+Vent+Restaurant/data=!4m7!3m6!1s0x3175770b765fecf3:0xf55d90d4f31ae9d!8m2!3d10.3799153!4d107.2444062!16s%2Fg%2F11h1hssgjx!19sChIJ8-xfdgt3dTERna4xTw3ZVQ8?authuser=0&hl=en&rclk=1,
"89 Cô Giang, Phường 4, Vũng Tàu, Bà Rịa - Vũng Tàu 78200 ",10.3561903,107.0752921,Auntie Vy Vegan restaurant,0932 778 959 ,100000.0,"100,000",4.6,Restaurant,https://www.google.com/maps/place/Auntie+Vy+Vegan+restaurant/data=!4m7!3m6!1s0x31756fc744f47915:0x148cab1b23588849!8m2!3d10.3561903!4d107.0752921!16s%2Fg%2F11rhhjc8jh!19sChIJFXn0RMdvdTERSYhYIxurjBQ?authuser=0&hl=en&rclk=1,
"38/9 Bình Giã, Phường 8, Vũng Tàu, Bà Rịa - Vũng Tàu ",10.3532418,107.0899019,Nhà Hàng Vườn Chay Vegetarian Restaurant,0828 981 081 ,200000.0,"200,000",4.4,Vegetarian,https://www.google.com/maps/place/Nh%C3%A0+H%C3%A0ng+V%C6%B0%E1%BB%9Dn+Chay+Vegetarian+Restaurant/data=!4m7!3m6!1s0x31756f2faa674761:0x4dd7447553a03bd9!8m2!3d10.3532418!4d107.0899019!16s%2Fg%2F11fj1pc52h!19sChIJYUdnqi9vdTER2TugU3VE100?authuser=0&hl=en&rclk=1,
"47 Nguyễn Trường Tộ, Phường 3, Vũng Tàu, Bà Rịa - Vũng Tàu 78000 ",10.3439249,107.079579,Fish Hotpot Restaurant 66,0796 478 468 ,200000.0,"200,000",4.0,Restaurant,https://www.google.com/maps/place/Fish+Hotpot+Restaurant+66/data=!4m7!3m6!1s0x31756f0b7b277fa3:0x74e4a62d62c3d80!8m2!3d10.3439249!4d107.079579!16s%2Fg%2F11rn1k9pb1!19sChIJo38newtvdTERgD0s1mJKTgc?authuser=0&hl=en&rclk=1,
"3 Hoàng Diệu, Phường 1, Vũng Tàu, Bà Rịa - Vũng Tàu ",10.3497127,107.072459,Soul Pizza & Burger,0703 546 845 ,200000.0,"200,000",4.4,Restaurant,https://www.google.com/maps/place/Soul+Pizza+%26+Burger/data=!4m7!3m6!1s0x3175654f99c90d65:0x9c17b18d37aad703!8m2!3d10.3497127!4d107.072459!16s%2Fg%2F11k4xwpjl5!19sChIJZQ3JmU9ldTERA9eqN42xF5w?authuser=0&hl=en&rclk=1,https://www.facebook.com/SoulPizzaVungTau?mibextid=LQQJ4d
"13 Nguyễn Trường Tộ, Phường 3, Vũng Tàu, Bà Rịa - Vũng Tàu ",10.3421377,107.0790771,Minh Bảo Vegetarian Restaurant,0986 147 299 ,100000.0,"100,000",4.4,Vegetarian,https://www.google.com/maps/place/Minh+B%E1%BA%A3o+Vegetarian+Restaurant/data=!4m7!3m6!1s0x31756f6d8dbb0655:0xd4586150208442b1!8m2!3d10.3421377!4d107.0790771!16s%2Fg%2F11mk7w4gr4!19sChIJVQa7jW1vdTERsUKEIFBhWNQ?authuser=0&hl=en&rclk=1,
"89 Trần Phú, Phường 5, Vũng Tàu, Bà Rịa - Vũng Tàu ",10.3694321,107.0608664,Ngọc Linh Restaurant,0984 209 420 ,null,,4.6,Restaurant,https://www.google.com/maps/place/Ng%E1%BB%8Dc+Linh+Restaurant/data=!4m7!3m6!1s0x31756f702e9b8d8f:0xd38301735e8e05b!8m2!3d10.3694321!4d107.0608664!16s%2Fg%2F11ts0tbt6f!19sChIJj42bLnBvdTERW-DoNRcwOA0?authuser=0&hl=en&rclk=1,https://www.facebook.com/profile.php?id=100090158525513&mibextid=ZbWKwL
"518 Trương Công Định, Phường 8, Vũng Tàu, Bà Rịa - Vũng Tàu ",10.3637847,107.0893245,Rodstarz Fast Food Restaurant,0254 3515 757 ,200000.0,"200,000",3.9,Restaurant,https://www.google.com/maps/place/Rodstarz+Fast+Food+Restaurant/data=!4m7!3m6!1s0x31756fc2a6b3829f:0x6bb1217c8a7c8be8!8m2!3d10.3637847!4d107.0893245!16s%2Fg%2F11bbrhh4kr!19sChIJn4KzpsJvdTER6It8inwhsWs?authuser=0&hl=en&rclk=1,https://app.shopeefood.vn/Yx6JliKynlb
"74 Lê Lai, Phường 3, Vũng Tàu, Bà Rịa - Vũng Tàu 790000 ",10.3479646,107.0789668,Phuoc Tho Vegan restaurant,0931 547 229 ,100000.0,"100,000",4.5,Restaurant,https://www.google.com/maps/place/Phuoc+Tho+Vegan+restaurant/data=!4m7!3m6!1s0x31756fecb641e6d1:0xa292b8ec7522bdbd!8m2!3d10.3479646!4d107.0789668!16s%2Fg%2F11try1x2wy!19sChIJ0eZBtuxvdTERvb0idey4kqI?authuser=0&hl=en&rclk=1,
"215/3 Xô Viết Nghệ Tĩnh, Phường Thắng Tam, Vũng Tàu, Bà Rịa - Vũng Tàu ",10.3511574,107.0878357,Sushi Tokyo Restaurant,0254 3807 066 ,300000.0,"300,000",4.1,Restaurant,https://www.google.com/maps/place/Sushi+Tokyo+Restaurant/data=!4m7!3m6!1s0x31756fe8362da0c7:0xdd9d5a96daf4ac09!8m2!3d10.3511574!4d107.0878357!16s%2Fg%2F11b6y9kc_h!19sChIJx6AtNuhvdTERCaz02pZand0?authuser=0&hl=en&rclk=1,http://sushitokyo.vn/
"26 Đường Lưu Thị Dung, Phường 2, Gò Công, Tiền Giang ",10.3603181,106.6767645,Trau Cau Restaurant,0909 114 982 ,null,,3.9,Restaurant,https://www.google.com/maps/place/Trau+Cau+Restaurant/data=!4m7!3m6!1s0x31754fd4b695226b:0xbbc488bad9af7678!8m2!3d10.3603181!4d106.6767645!16s%2Fg%2F1x5f7w4w!19sChIJayKVttRPdTEReHav2bqIxLs?authuser=0&hl=en&rclk=1,
"KCN MỸ XUÂN A2, Tân Thành, Ba Ria - Vung Tau ",10.6346028,107.0473927,越湘楼中餐厅(restaurants),0933 854 832 ,300000.0,"300,000",4.4,Restaurant,https://www.google.com/maps/place/%E8%B6%8A%E6%B9%98%E6%A5%BC%E4%B8%AD%E9%A4%90%E5%8E%85%28restaurants%29/data=!4m7!3m6!1s0x3175115e9c0f0c65:0xc47fb7b441a07a80!8m2!3d10.6346028!4d107.0473927!16s%2Fg%2F11kc2kkqns!19sChIJZQwPnF4RdTERgHqgQbS3f8Q?authuser=0&hl=en&rclk=1,
"18 Hoàng Hoa Thám, Long Tâm, Bà Rịa, Bà Rịa - Vũng Tàu ",10.5103206,107.1876754,Truong Cua Restaurant,0988 222 774 ,null,,4.1,Restaurant,https://www.google.com/maps/place/Truong+Cua+Restaurant/data=!4m7!3m6!1s0x31750dcf53a637bd:0x786e71ade34766dd!8m2!3d10.5103206!4d107.1876754!16s%2Fg%2F11qyqf0wtw!19sChIJvTemU88NdTER3WZH461xbng?authuser=0&hl=en&rclk=1,
"94GJ+QFG, Phường 10, Vũng Tàu, Bà Rịa - Vũng Tàu ",10.3763413,107.1315422,Sapphire Restaurant,,null,,3.3,Restaurant,https://www.google.com/maps/place/Sapphire+Restaurant/data=!4m7!3m6!1s0x317571001aea924b:0x171607a7c673a010!8m2!3d10.3763413!4d107.1315422!16s%2Fg%2F11x1m_zymj!19sChIJS5LqGgBxdTEREKBzxqcHFhc?authuser=0&hl=en&rclk=1,
"284 Trần Phú, Phường 5, Vũng Tàu, Bà Rịa - Vũng Tàu ",10.3868978,107.0595812,284 Seafood Restaurant-Vung Tau,0904 444 392 ,300000.0,"300,000",4.0,Restaurant,https://www.google.com/maps/place/284+Seafood+Restaurant-Vung+Tau/data=!4m7!3m6!1s0x31756f082621dd53:0xd3fed9b933444908!8m2!3d10.3868978!4d107.0595812!16s%2Fg%2F11fkt2mpxj!19sChIJU90hJghvdTERCElEM7nZ_tM?authuser=0&hl=en&rclk=1,
"70 Hạ Long, Phường 2, Vũng Tàu, Bà Rịa - Vũng Tàu 02543 ",10.3309562,107.0745678,"Ocean Coffee , Restaurant and Bar",0903 915 795 ,100000.0,"100,000",3.4,Coffee Shop,"https://www.google.com/maps/place/Ocean+Coffee+,+Restaurant+and+Bar/data=!4m7!3m6!1s0x3175657a0ba89615:0x4b511a9dcd1b0284!8m2!3d10.3309562!4d107.0745678!16s%2Fg%2F11j3x7wx7p!19sChIJFZaoC3pldTERhAIbzZ0aUUs?authuser=0&hl=en&rclk=1",
"9M54+WM7, Long Hung Hamlet, Long Chanh Commune, Go Cong Town, Long Chánh, Gò Công, Tiền Giang ",10.3597869,106.6566619,Sao Mai Restaurant,0273 3512 652 ,null,,4.3,Restaurant,https://www.google.com/maps/place/Sao+Mai+Restaurant/data=!4m7!3m6!1s0x31754e2104973adf:0x262a553fab7207d6!8m2!3d10.3597869!4d106.6566619!16s%2Fg%2F1pzq05318!19sChIJ3zqXBCFOdTER1gdyqz9VKiY?authuser=0&hl=en&rclk=1,
"F37Q+M78, Long Sơn, Vũng Tàu, Bà Rịa - Vũng Tàu ",10.4641641,107.0882036,SHILLA BBQ KOREA RESTAURANT,0779 058 717 ,null,,3.9,Restaurant,https://www.google.com/maps/place/SHILLA+BBQ+KOREA+RESTAURANT/data=!4m7!3m6!1s0x31756d61705b94bb:0xd456d077d3f5fc27!8m2!3d10.4641641!4d107.0882036!16s%2Fg%2F11hh7jm_29!19sChIJu5RbcGFtdTERJ_z103fQVtQ?authuser=0&hl=en&rclk=1,
"VUNG TAU CENTER, Chung Cư, LK15-16, 93 Lê Lợi, Vũng Tàu, Bà Rịa - Vũng Tàu ",10.3615428,107.0748739,Nhà Hàng Ẩm Thực Chay BaNa Vegetarian Restaurant,0944 764 168 ,100000.0,"100,000",4.6,Vegetarian,https://www.google.com/maps/place/Nh%C3%A0+H%C3%A0ng+%E1%BA%A8m+Th%E1%BB%B1c+Chay+BaNa+Vegetarian+Restaurant/data=!4m7!3m6!1s0x31756f00602a6f39:0x70f19f70a79d25b1!8m2!3d10.3615428!4d107.0748739!16s%2Fg%2F11y4lpz170!19sChIJOW8qYABvdTERsSWdp3Cf8XA?authuser=0&hl=en&rclk=1,http://amthucchaybana.com/
"H3V6+8FV, TT. Phú Mỹ, Tân Thành, Bà Rịa - Vũng Tàu ",10.5933742,107.0611668,Lotus Restaurant,0254 3922 481 ,null,,3.9,Restaurant,https://www.google.com/maps/place/Lotus+Restaurant/data=!4m7!3m6!1s0x317513d40003e0ef:0x7f4e8b0413a8ed34!8m2!3d10.5933742!4d107.0611668!16s%2Fg%2F11b6d001_w!19sChIJ7-ADANQTdTERNO2oEwSLTn8?authuser=0&hl=en&rclk=1,http://thelotusresort.vn/
"02 Lâm Quang Ky, Phước Nguyễn, Bà Rịa, Bà Rịa - Vũng Tàu 790000 ",10.5048281,107.177154,OnSlay Restaurant,0707 207 979 ,null,,4.0,Restaurant,https://www.google.com/maps/place/OnSlay+Restaurant/data=!4m7!3m6!1s0x31750d0602538643:0xe6fb1b783ce363ee!8m2!3d10.5048281!4d107.177154!16s%2Fg%2F11v4rv7pq6!19sChIJQ4ZTAgYNdTER7mPjPHgb--Y?authuser=0&hl=en&rclk=1,
"104C Đ. Số 23, Phường 11, Quận 6, Thành phố Hồ Chí Minh 700000 ",10.7432148,106.6255657,Royal Seafood Restaurant,0855 667 768 ,null,,4.2,Restaurant,https://www.google.com/maps/place/Royal+Seafood+Restaurant/data=!4m7!3m6!1s0x31752f5960d99415:0x25e3c12357faa66!8m2!3d10.7432148!4d106.6255657!16s%2Fg%2F11jbqpj3qt!19sChIJFZTZYFkvdTERZqp_NRI8XgI?authuser=0&hl=en&rclk=1,
"QL56, Quảng Thành 2, Châu Đức, Bà Rịa - Vũng Tàu 78616 ",10.5706339,107.2147226,Restaurant Bánh Canh Cá Lóc Cô Sáu,0933 206 397 ,null,,4.7,Bakery,https://www.google.com/maps/place/Restaurant+B%C3%A1nh+Canh+C%C3%A1+L%C3%B3c+C%C3%B4+S%C3%A1u/data=!4m7!3m6!1s0x31750be95facf7e3:0xd25c212f6b5cbdd7!8m2!3d10.5706339!4d107.2147226!16s%2Fg%2F11c6s6bjxl!19sChIJ4_esX-kLdTER171cay8hXNI?authuser=0&hl=en&rclk=1,
"175 Nguyễn Văn Linh, Street, Bà Rịa, Bà Rịa - Vũng Tàu ",10.4959713,107.1780242,Trinh Thi Kim Loan Restaurant,0978 336 118 ,null,,4.3,Restaurant,https://www.google.com/maps/place/Trinh+Thi+Kim+Loan+Restaurant/data=!4m7!3m6!1s0x3175734ead4cf403:0x590f21f5b06fd3cd!8m2!3d10.4959713!4d107.1780242!16s%2Fg%2F1pzq2k4p9!19sChIJA_RMrU5zdTERzdNvsPUhD1k?authuser=0&hl=en&rclk=1,
"01 Trần Phú, Phường 1, Vũng Tàu, Bà Rịa - Vũng Tàu 944028 ",10.3553228,107.0613372,Binh An Village Resort,0901 555 247 ,null,,4.1,Restaurant,https://www.google.com/maps/place/Binh+An+Village+Resort/data=!4m7!3m6!1s0x31756f98954bd09b:0x17aa84c2797a1fa0!8m2!3d10.3553228!4d107.0613372!16s%2Fg%2F11c0xtbvq6!19sChIJm9BLlZhvdTERoB96ecKEqhc?authuser=0&hl=en&rclk=1,
"39 An Thượng 30, Bắc Mỹ Phú, Ngũ Hành Sơn, Đà Nẵng 550000 ",16.051099,108.2457473,Miss NHI,0934 733 656 ,200000.0,"200,000",4.8,Restaurant,https://www.google.com/maps/place/Miss+NHI/data=!4m7!3m6!1s0x3142177b2f4e7db5:0x58fb957c09b844c5!8m2!3d16.051099!4d108.2457473!16s%2Fg%2F11df51qqvr!19sChIJtX1OL3sXQjERxUS4CXyV-1g?authuser=0&hl=en&rclk=1,
"Lô 12 Đường võ nguyên giáp, Phước Mỹ, Sơn Trà, Đà Nẵng 550000 ",16.0659264,108.2460097,"Esco Beach, Bar Lounge & Restaurant",0236 3955 668 ,null,,4.7,Bar/Pub,"https://www.google.com/maps/place/Esco+Beach,+Bar+Lounge+%26+Restaurant/data=!4m7!3m6!1s0x314217a3b04f5fbb:0x2b366b654ca8ffc4!8m2!3d16.0659264!4d108.2460097!16s%2Fg%2F11ll5sqxhh!19sChIJu19PsKMXQjERxP-oTGVrNis?authuser=0&hl=en&rclk=1",https://www.escobeach.com/
"20 Đống Đa, Street, Hải Châu, Đà Nẵng 550000 ",16.0826849,108.2212587,Gypsy Rooftop Restaurant & Bar,0767 194 074 ,null,,4.9,Bar/Pub,https://www.google.com/maps/place/Gypsy+Rooftop+Restaurant+%26+Bar/data=!4m7!3m6!1s0x3142190c4beda5ef:0x14568ecf8256aa25!8m2!3d16.0826849!4d108.2212587!16s%2Fg%2F11khkc9s2m!19sChIJ76XtSwwZQjERJapWgs-OVhQ?authuser=0&hl=en&rclk=1,https://thegypsydng.com/
"Alley 157 Nguyễn Phan Vinh, An Bang, Hội An, Quảng Nam ",15.9128263,108.3370204,Purple Lantern Restaurant( An Bang Beach Hoi An ),0935 420 190 ,200000.0,"200,000",4.9,Restaurant,https://www.google.com/maps/place/Purple+Lantern+Restaurant%28+An+Bang+Beach+Hoi+An+%29/data=!4m7!3m6!1s0x31420dfe9f563083:0x7d5ae53bd675bc35!8m2!3d15.9128263!4d108.3370204!16s%2Fg%2F11g6wfm35w!19sChIJgzBWn_4NQjERNbx11jvlWn0?authuser=0&hl=en&rclk=1,https://www.facebook.com/profile.php?id=100063703864273
"132A Nguyễn Thái Học, Old Town, Hội An, Quảng Nam 560000 ",15.8767188,108.3268231,MAAZI Hoi An,0235 3910 899 ,300000.0,"300,000",4.8,Restaurant,https://www.google.com/maps/place/MAAZI+Hoi+An/data=!4m7!3m6!1s0x31420fcc66b9c25d:0x3863c5ab2b71f77e!8m2!3d15.8767188!4d108.3268231!16s%2Fg%2F11khx0p3tq!19sChIJXcK5ZswPQjERfvdxK6vFYzg?authuser=0&hl=en&rclk=1,https://www.facebook.com/profile.php?id=100090493164247
"31-33 Trần Bạch Đằng, Phước Mỹ, Sơn Trà, Đà Nẵng 550000 ",16.0579628,108.2451505,Bếp Cuốn Đà Nẵng,0702 689 989 ,300000.0,"300,000",4.9,Restaurant,https://www.google.com/maps/place/B%E1%BA%BFp+Cu%E1%BB%91n+%C4%90%C3%A0+N%E1%BA%B5ng/data=!4m7!3m6!1s0x314217f4632748f9:0xdc14dcdba4c73425!8m2!3d16.0579628!4d108.2451505!16s%2Fg%2F11hz90gsyw!19sChIJ-UgnY_QXQjERJTTHpNvcFNw?authuser=0&hl=en&rclk=1,https://www.facebook.com/DINNER.LUNCH.BEPCUON/
"68 Đ. Bạch Đằng, Phường Minh An, Hội An, Quảng Nam 560000 ",15.8760759,108.3296997,Hoi An Heart Restaurant,0983 300 781 ,300000.0,"300,000",4.9,Restaurant,https://www.google.com/maps/place/Hoi+An+Heart+Restaurant/data=!4m7!3m6!1s0x31420dc18b032e2d:0x62266259efdc374a!8m2!3d15.8760759!4d108.3296997!16s%2Fg%2F11tp18dc6g!19sChIJLS4Di8ENQjERSjfc71liJmI?authuser=0&hl=en&rclk=1,https://hoianheartrestaurant.com/
"201 Lê Quang Đạo, Bắc Mỹ Phú, Ngũ Hành Sơn, Đà Nẵng 550000 ",16.0484972,108.2461956,Rasoi Indian Pure veg restaurant,0379 969 559 ,null,,4.7,Restaurant,https://www.google.com/maps/place/Rasoi+Indian+Pure+veg+restaurant/data=!4m7!3m6!1s0x31421992fdc4687d:0x10c3dc52e56b59cb!8m2!3d16.0484972!4d108.2461956!16s%2Fg%2F11nm9t0zvp!19sChIJfWjE_ZIZQjERy1lr5VLcwxA?authuser=0&hl=en&rclk=1,https://sites.google.com/view/rasoihoian-indianrestaurant/home
"216 Đường võ nguyên giáp, An Hải, Sơn Trà, Đà Nẵng 550000 ",16.0676095,108.2447798,Sky View Restaurant,0236 3928 688 ,null,,4.9,Restaurant,https://www.google.com/maps/place/Sky+View+Restaurant/data=!4m7!3m6!1s0x3142179ce12f3489:0xe9d21eb1e28da76e!8m2!3d16.0676095!4d108.2447798!16s%2Fg%2F11gr1h3_31!19sChIJiTQv4ZwXQjERbqeN4rEe0uk?authuser=0&hl=en&rclk=1,https://parosanddanang.com/restaurant/sky-view-restaurant/
"167 Trần Nhân Tông, Cẩm Châu, Hội An, Quảng Nam ",15.8781025,108.3451402,Nhan's kitchen,0905 186 867 ,200000.0,"200,000",4.9,Restaurant,https://www.google.com/maps/place/Nhan%27s+kitchen/data=!4m7!3m6!1s0x31420dce077af0e9:0x35c47733b941157c!8m2!3d15.8781025!4d108.3451402!16s%2Fg%2F11g81f2k8s!19sChIJ6fB6B84NQjERfBVBuTN3xDU?authuser=0&hl=en&rclk=1,http://facebook.com/pages/category/Vietnamese-Restaurant/Nhans-Kitchen-Hoi-An-1148784298600736
"8 D. Đình Nghệ, An Hải Bắc, Sơn Trà, Đà Nẵng 550000 ",16.0689576,108.2425892,Veteran Restaurant,0905 497 707 ,null,,4.9,Restaurant,https://www.google.com/maps/place/Veteran+Restaurant/data=!4m7!3m6!1s0x314217c82ec7b181:0xe9367e38bc69120c!8m2!3d16.0689576!4d108.2425892!16s%2Fg%2F11g1rbqmlt!19sChIJgbHHLsgXQjERDBJpvDh-Nuk?authuser=0&hl=en&rclk=1,https://www.facebook.com/veteranrestaurant/
"326 Lý Thường Kiệt, Phường Minh An, Hội An, Quảng Nam 560000 ",15.8839186,108.3273576,Mộc Garden Restaurant,0235 3666 100 ,null,,4.9,Restaurant,https://www.google.com/maps/place/M%E1%BB%99c+Garden+Restaurant/data=!4m7!3m6!1s0x31420fd0127228cf:0x277ff0af20b2696e!8m2!3d15.8839186!4d108.3273576!16s%2Fg%2F11vy_842v2!19sChIJzyhyEtAPQjERbmmyIK_wfyc?authuser=0&hl=en&rclk=1,https://mocgardenhoian.com/
"328 Cửa Đại, Cẩm Châu, Hội An, Quảng Nam ",15.8850333,108.3493798,Restaurant 328,0905 957 584 ,200000.0,"200,000",4.8,Restaurant,https://www.google.com/maps/place/Restaurant+328/data=!4m7!3m6!1s0x31420dc5c36d0453:0x41b918b632e84ad8!8m2!3d15.8850333!4d108.3493798!16s%2Fg%2F1hc2jy8pw!19sChIJUwRtw8UNQjER2EroMrYYuUE?authuser=0&hl=en&rclk=1,
"21-23 An Thượng 32, Bắc Mỹ Phú, Ngũ Hành Sơn, Đà Nẵng 550000 ",16.0507892,108.2463792,The Nomad Kitchen,0961 061 173 ,300000.0,"300,000",4.7,Restaurant,https://www.google.com/maps/place/The+Nomad+Kitchen/data=!4m7!3m6!1s0x314217ba67f110c9:0xb08b0bde0bae84ee!8m2!3d16.0507892!4d108.2463792!16s%2Fg%2F11qt0s0yz2!19sChIJyRDxZ7oXQjER7oSuC94Li7A?authuser=0&hl=en&rclk=1,
"100 Trần Bạch Đằng, Bắc Mỹ Phú, Ngũ Hành Sơn, Đà Nẵng 550000 ",16.0549127,108.2458977,Golden Meat House,0236 3712 888 ,null,,4.8,Restaurant,https://www.google.com/maps/place/Golden+Meat+House/data=!4m7!3m6!1s0x314217b74d212a13:0x8cde27e7191bf9a6!8m2!3d16.0549127!4d108.2458977!16s%2Fg%2F11fn9d1glv!19sChIJEyohTbcXQjERpvkbGecn3ow?authuser=0&hl=en&rclk=1,https://goldenmeat.vn/
"102 Đường võ nguyên giáp, Phước Mỹ, Sơn Trà, Đà Nẵng 550000 ",16.0792015,108.2459614,GUPGO BBQ HOUSE,0825 649 023 ,null,,4.8,Restaurant,https://www.google.com/maps/place/GUPGO+BBQ+HOUSE/data=!4m7!3m6!1s0x3142170a538d2961:0xbe50e8dc67e29ed5!8m2!3d16.0792015!4d108.2459614!16s%2Fg%2F11fhz6_8m8!19sChIJYSmNUwoXQjER1Z7iZ9zoUL4?authuser=0&hl=en&rclk=1,https://goldspadanang.com/
"43 Nguyễn Phan Vinh, Cẩm An, Hội An, Quảng Nam ",15.9087796,108.3467504,Blue Sea Hoi An Restaurants,0908 537 127 ,200000.0,"200,000",4.9,Restaurant,https://www.google.com/maps/place/Blue+Sea+Hoi+An+Restaurants/data=!4m7!3m6!1s0x31420dd4d4ed8b6b:0x73ed56e7193c123c!8m2!3d15.9087796!4d108.3467504!16s%2Fg%2F11tstxjz8s!19sChIJa4vt1NQNQjERPBI8GedW7XM?authuser=0&hl=en&rclk=1,
"44 đường Khuê Mỹ Đông 1, Khuê Mỹ, Ngũ Hành Sơn, Đà Nẵng 550000 ",16.036025,108.2447273,TinTin Restaurant,0905 520 208 ,null,,4.8,Restaurant,https://www.google.com/maps/place/TinTin+Restaurant/data=!4m7!3m6!1s0x3142191b22dd7c7d:0x7abe5b81e702d1de!8m2!3d16.036025!4d108.2447273!16s%2Fg%2F11sxvl48yp!19sChIJfXzdIhsZQjER3tEC54Fbvno?authuser=0&hl=en&rclk=1,https://hoatuuquan.vn/en/
"11 Nguyễn Phúc Chu, Phường Minh An, Hội An, Quảng Nam 560000 ",15.8756418,108.3274888,Hanoi - Hoian Restaurant,0964 577 544 ,null,,4.8,Restaurant,https://www.google.com/maps/place/Hanoi+-+Hoian+Restaurant/data=!4m7!3m6!1s0x31420fae747b3b4f:0xb92cba1d7d3e743d!8m2!3d15.8756418!4d108.3274888!16s%2Fg%2F11m6lyvzyd!19sChIJTzt7dK4PQjERPXQ-fR26LLk?authuser=0&hl=en&rclk=1,
"16 Chế Lan Viên, Bắc Mỹ An, Ngũ Hành Sơn, Đà Nẵng 550000 ",16.0426746,108.2454296,Le Comptoir,0708 040 560 ,1000000.0,"₫1,000,000",4.9,Restaurant,https://www.google.com/maps/place/Le+Comptoir/data=!4m7!3m6!1s0x31421772a3e3e8c3:0x107487f9a6308c!8m2!3d16.0426746!4d108.2454296!16s%2Fg%2F11gl587yy9!19sChIJw-jjo3IXQjERjDCm-Yd0EAA?authuser=0&hl=en&rclk=1,https://lecomptoirdng.com/
"476 Cửa Đại, Cẩm Châu, Hội An, Quảng Nam 560000 ",15.8805769,108.3413672,Le Petit Bistro Hội An,0394 608 397 ,null,,4.9,Restaurant,https://www.google.com/maps/place/Le+Petit+Bistro+H%E1%BB%99i+An/data=!4m7!3m6!1s0x31420d451e212f99:0x4e9ea429f3d344f9!8m2!3d15.8805769!4d108.3413672!16s%2Fg%2F11sppgvgxn!19sChIJmS8hHkUNQjER-UTT8ymknk4?authuser=0&hl=en&rclk=1,https://www.lepetitbistrohoian476.com/
"02-04 An Thượng 26, Bắc Mỹ Phú, Ngũ Hành Sơn, Đà Nẵng 556920 ",16.0550142,108.2442947,Indus Indian Restaurant - Nhà hàng Ấn Độ - 인도 음식점,0345 300 081 ,200000.0,"200,000",4.9,Restaurant,https://www.google.com/maps/place/Indus+Indian+Restaurant+-+Nh%C3%A0+h%C3%A0ng+%E1%BA%A4n+%C4%90%E1%BB%99+-+%EC%9D%B8%EB%8F%84+%EC%9D%8C%EC%8B%9D%EC%A0%90/data=!4m7!3m6!1s0x314217c9640b78c1:0x82136c206220b7c4!8m2!3d16.0550142!4d108.2442947!16s%2Fg%2F11w3c95sjg!19sChIJwXgLZMkXQjERxLcgYiBsE4I?authuser=0&hl=en&rclk=1,https://indus.vn/
"Nguyễn Phúc Chu, Phường Minh An, Hội An, Quảng Nam ",15.8752831,108.3282812,Hà Lan Restaurant,0914 310 022 ,100000.0,"100,000",4.9,Restaurant,https://www.google.com/maps/place/H%C3%A0+Lan+Restaurant/data=!4m7!3m6!1s0x31420f969968f241:0x33a64d34ccabf05d!8m2!3d15.8752831!4d108.3282812!16s%2Fg%2F11tjw3lq9j!19sChIJQfJomZYPQjERXfCrzDRNpjM?authuser=0&hl=en&rclk=1,
"20 Đống Đa, Thuận Phước, Hải Châu, Đà Nẵng 550000 ",16.0827532,108.2212419,Bistecca Italian Restaurant in Da Nang,0702 663 456 ,null,,4.9,Restaurant,https://www.google.com/maps/place/Bistecca+Italian+Restaurant+in+Da+Nang/data=!4m7!3m6!1s0x3142196de9ccba2f:0x7233cc1778c9e453!8m2!3d16.0827532!4d108.2212419!16s%2Fg%2F11f73ypv2v!19sChIJL7rM6W0ZQjERU-TJeBfMM3I?authuser=0&hl=en&rclk=1,https://bisteccadanang.com/
"170 Trần Nhân Tông, Cẩm Châu, Hội An, Quảng Nam 563831 ",15.8764089,108.3461494,Tuan Restaurant & Cafe,0905 706 674 ,200000.0,"200,000",4.9,Coffee Shop,https://www.google.com/maps/place/Tuan+Restaurant+%26+Cafe/data=!4m7!3m6!1s0x31420dcdbe5c0fbd:0x89dd03d704c4bf08!8m2!3d15.8764089!4d108.3461494!16s%2Fg%2F11cjh_fgjf!19sChIJvQ9cvs0NQjERCL_EBNcD3Yk?authuser=0&hl=en&rclk=1,https://www.facebook.com/share/19H7XDttrg/?mibextid=LQQJ4d
"Night Market street, 15/4 Nguyễn Hoàng, Phường Minh An, Hội An, Quảng Nam 560000 ",15.8741287,108.3263267,Pause and Enjoy Restaurant,0834 176 771 ,200000.0,"200,000",4.9,Restaurant,https://www.google.com/maps/place/Pause+and+Enjoy+Restaurant/data=!4m7!3m6!1s0x31420f979a200925:0x7e44d8c2b5101d20!8m2!3d15.8741287!4d108.3263267!16s%2Fg%2F11j0tj_p5k!19sChIJJQkgmpcPQjERIB0QtcLYRH4?authuser=0&hl=en&rclk=1,
"Trần Hưng Đạo, Phường Minh An, Hội An, Quảng Nam ",15.881035,108.3253257,Madame Hạnh Restaurant,0905 885 037 ,200000.0,"200,000",4.9,Restaurant,https://www.google.com/maps/place/Madame+H%E1%BA%A1nh+Restaurant/data=!4m7!3m6!1s0x31420f6feb695327:0x84e6d91797145dd0!8m2!3d15.881035!4d108.3253257!16s%2Fg%2F11jsj72wcr!19sChIJJ1Np628PQjER0F0UlxfZ5oQ?authuser=0&hl=en&rclk=1,
"53 Phan Thúc Duyện, Bắc Mỹ Phú, Ngũ Hành Sơn, Đà Nẵng 550000 ",16.0529867,108.2415777,Thìa Gỗ Restaurant Da Nang,0236 3689 005 ,null,,4.7,Restaurant,https://www.google.com/maps/place/Th%C3%ACa+G%E1%BB%97+Restaurant+Da+Nang/data=!4m7!3m6!1s0x314219c3b54c18d7:0x5028941bdf1ab5f5!8m2!3d16.0529867!4d108.2415777!16s%2Fg%2F11f3q_8q_1!19sChIJ1xhMtcMZQjER9bUa3xuUKFA?authuser=0&hl=en&rclk=1,http://danang.thiagorestaurant.com/
"354/1 Đường võ nguyên giáp, Bắc Mỹ An, Ngũ Hành Sơn, Đà Nẵng 550000 ",16.0438626,108.2473136,Quán Hải Sản Thời Cổ Đà Nẵng - Seafood Restaurant,0905 749 079 ,null,,4.7,Restaurant,https://www.google.com/maps/place/Qu%C3%A1n+H%E1%BA%A3i+S%E1%BA%A3n+Th%E1%BB%9Di+C%E1%BB%95+%C4%90%C3%A0+N%E1%BA%B5ng+-+Seafood+Restaurant/data=!4m7!3m6!1s0x3142177976f97ad5:0x3d4a6a72dc718a49!8m2!3d16.0438626!4d108.2473136!16s%2Fg%2F11fd4pvng9!19sChIJ1Xr5dnkXQjERSYpx3HJqSj0?authuser=0&hl=en&rclk=1,https://www.facebook.com/haisanthoico?mibextid=ZbWKwL
"Lô 73 Trần Bạch Đằng, Bắc Mỹ Phú, Ngũ Hành Sơn, Đà Nẵng 550000 ",16.0494843,108.2478681,Patakka,,200000.0,"200,000",4.8,Restaurant,https://www.google.com/maps/place/Patakka/data=!4m7!3m6!1s0x3142178e68bf1511:0xe2bd13b7d0002016!8m2!3d16.0494843!4d108.2478681!16s%2Fg%2F11trdpp1fx!19sChIJERW_aI4XQjERFiAA0LcTveI?authuser=0&hl=en&rclk=1,
"105 Hồ Nghinh, Phước Mỹ, Sơn Trà, Đà Nẵng 550000 ",16.0747288,108.2431298,An House restaurant,0966 410 777 ,200000.0,"200,000",4.6,Restaurant,https://www.google.com/maps/place/An+House+restaurant/data=!4m7!3m6!1s0x314217183a32f349:0xbf7b11fbe267da6d!8m2!3d16.0747288!4d108.2431298!16s%2Fg%2F11h2g1hv6v!19sChIJSfMyOhgXQjERbdpn4vsRe78?authuser=0&hl=en&rclk=1,
"20 An Thượng 10, Bắc Mỹ Phú, Ngũ Hành Sơn, Đà Nẵng 550000 ",16.0479167,108.2429991,Sakura Restaurant,0899 248 197 ,200000.0,"200,000",4.7,Restaurant,https://www.google.com/maps/place/Sakura+Restaurant/data=!4m7!3m6!1s0x31421742db3b1b95:0x6a3f13e14d12ac4e!8m2!3d16.0479167!4d108.2429991!16s%2Fg%2F11ll2_fkgd!19sChIJlRs720IXQjERTqwSTeETP2o?authuser=0&hl=en&rclk=1,https://www.facebook.com/Sakura.Hana.20anthuong10
"114 Bạch Đằng, Hải Châu, Đà Nẵng 550000 ",16.0682463,108.2248133,Ăn Thôi Restaurant,0987 824 285 ,200000.0,"200,000",4.7,Restaurant,https://www.google.com/maps/place/%C4%82n+Th%C3%B4i+Restaurant/data=!4m7!3m6!1s0x3142194921d15361:0xdd9637b7caf7eb1f!8m2!3d16.0682463!4d108.2248133!16s%2Fg%2F11tfk6fw62!19sChIJYVPRIUkZQjERH-v3yrc3lt0?authuser=0&hl=en&rclk=1,
"406 Đường võ nguyên giáp, Bắc Mỹ An, Ngũ Hành Sơn, Đà Nẵng 550000 ",16.042409,108.2480568,Dirty Fingers,0236 3552 297 ,null,,4.5,Restaurant,https://www.google.com/maps/place/Dirty+Fingers/data=!4m7!3m6!1s0x314217663656066b:0x3a1def61dc15d61b!8m2!3d16.042409!4d108.2480568!16s%2Fg%2F11gfp0363v!19sChIJawZWNmYXQjERG9YV3GHvHTo?authuser=0&hl=en&rclk=1,https://sites.google.com/view/dirtyfingers-danang
"47 Thoại Ngọc Hầu, Phường Cẩm Phổ, Ward, Quảng Nam 51300 ",15.8755385,108.3194734,The Soul Restaurant,0905 882 477 ,null,,4.9,Restaurant,https://www.google.com/maps/place/The+Soul+Restaurant/data=!4m7!3m6!1s0x31420de912b9833f:0x978fe2660e2d9bbe!8m2!3d15.8755385!4d108.3194734!16s%2Fg%2F11f5q8z70h!19sChIJP4O5EukNQjERvpstDmbij5c?authuser=0&hl=en&rclk=1,https://thesoulhoian.com/
"06 Đường võ nguyên giáp, Phước Mỹ, Sơn Trà, Đà Nẵng 550000 ",16.0666529,108.2459775,Ớt Xanh Ocean Restaurant,0769 479 479 ,null,,4.6,Restaurant,https://www.google.com/maps/place/%E1%BB%9At+Xanh+Ocean+Restaurant/data=!4m7!3m6!1s0x314217dc8591c1a3:0xce73f6514f96ffe0!8m2!3d16.0666529!4d108.2459775!16s%2Fg%2F11t61v4yf2!19sChIJo8GRhdwXQjER4P-WT1H2c84?authuser=0&hl=en&rclk=1,https://www.facebook.com/OtXanhOceanRestaurant
"Ancient Town, 14 La Hối, Phường Minh An, Hội An, Quảng Nam 560000 ",15.8757943,108.3250571,HOME Hoi An,0816 849 696 ,null,,4.7,Restaurant,https://www.google.com/maps/place/HOME+Hoi+An/data=!4m7!3m6!1s0x31420e7e55af18c7:0x6ab8c1e98148ccdc!8m2!3d15.8757943!4d108.3250571!16s%2Fg%2F11c5bldpy7!19sChIJxxivVX4OQjER3MxIgenBuGo?authuser=0&hl=en&rclk=1,https://homevietnameserestaurants.com/
"86 Đ. Phan Chu Trinh, Phường Minh An, Hội An, Quảng Nam ",15.8790781,108.3253943,Chickpea Eatery: Vietnamese Vegan Restaurant & Hội An Vegan Cooking Class | Nhà Hàng Chay Hội An,0766 731 285 ,null,,4.9,Vegetarian,https://www.google.com/maps/place/Chickpea+Eatery:+Vietnamese+Vegan+Restaurant+%26+H%E1%BB%99i+An+Vegan+Cooking+Class+%7C+Nh%C3%A0+H%C3%A0ng+Chay+H%E1%BB%99i+An/data=!4m7!3m6!1s0x31420f62dce160bf:0x43a1a8c2698ac90e!8m2!3d15.8790781!4d108.3253943!16s%2Fg%2F11t1bz3wb8!19sChIJv2Dh3GIPQjERDsmKacKooUM?authuser=0&hl=en&rclk=1,https://chickpeaeatery.com/
"01 Lưu Qúy Kỳ, Phường Minh An, Hội An, Quảng Nam ",15.8752149,108.3281741,Flower restaurant,0793 965 975 ,200000.0,"200,000",4.8,Restaurant,https://www.google.com/maps/place/Flower+restaurant/data=!4m7!3m6!1s0x31420f271eaaf901:0x4ae9617a3df3ae48!8m2!3d15.8752149!4d108.3281741!16s%2Fg%2F11fjy3frls!19sChIJAfmqHicPQjERSK7zPXph6Uo?authuser=0&hl=en&rclk=1,
"141 Nguyễn Phan Vinh, Cẩm An, Hội An, Quảng Nam 560000 ",15.9130924,108.3379283,Mom’s Restaurant,0796 780 206 ,200000.0,"200,000",4.8,Restaurant,https://www.google.com/maps/place/Mom%E2%80%99s+Restaurant/data=!4m7!3m6!1s0x31420d3720489e1d:0xb83b8379aa85e6e!8m2!3d15.9130924!4d108.3379283!16s%2Fg%2F11khb6d088!19sChIJHZ5IIDcNQjERbl6omje4gws?authuser=0&hl=en&rclk=1,
"Lot 40 An Thượng 30, Bắc Mỹ An, Ngũ Hành Sơn, Đà Nẵng 550000 ",16.0511304,108.2456882,L'Italiano Restaurant Danang,0906 069 458 ,300000.0,"300,000",4.7,Restaurant,https://www.google.com/maps/place/L%27Italiano+Restaurant+Danang/data=!4m7!3m6!1s0x314217f5cb2f52d3:0x7bef106543780227!8m2!3d16.0511304!4d108.2456882!16s%2Fg%2F11cn5pgp82!19sChIJ01Ivy_UXQjERJwJ4Q2UQ73s?authuser=0&hl=en&rclk=1,
"67 Trần Quang Khải, Cẩm Châu, Hội An, Quảng Nam ",15.8770607,108.3406501,Song thanh Riverside Restaurant,0793 598 018 ,200000.0,"200,000",4.7,Restaurant,https://www.google.com/maps/place/Song+thanh+Riverside+Restaurant/data=!4m7!3m6!1s0x31420dd3b8e672db:0x532a01ce615ced8c!8m2!3d15.8770607!4d108.3406501!16s%2Fg%2F11dzsxn7dn!19sChIJ23LmuNMNQjERjO1cYc4BKlM?authuser=0&hl=en&rclk=1,
"72b Đ. Bạch Đằng, Phường, Hội An, Đà Nẵng ",15.8760935,108.3294151,MẸT Hội An - Vietnamese restaurant & Vegetarian Food 6,0862 187 549 ,300000.0,"300,000",4.9,Vegetarian,https://www.google.com/maps/place/M%E1%BA%B8T+H%E1%BB%99i+An+-+Vietnamese+restaurant+%26+Vegetarian+Food+6/data=!4m7!3m6!1s0x31420f00185cfc61:0x61e9191196ab7cd4!8m2!3d15.8760935!4d108.3294151!16s%2Fg%2F11vwj79znc!19sChIJYfxcGAAPQjER1HyrlhEZ6WE?authuser=0&hl=en&rclk=1,https://metvietnameserestaurant.com/
"11 Lê Văn Lương, Thọ Quang, Sơn Trà, Đà Nẵng ",16.1037247,108.2640959,Son Tra Retreat,0236 3919 188 ,null,,4.9,Restaurant,https://www.google.com/maps/place/Son+Tra+Retreat/data=!4m7!3m6!1s0x314217f7df95ea2d:0xfceb5ecbd4ea401f!8m2!3d16.1037247!4d108.2640959!16s%2Fg%2F11h23558pj!19sChIJLeqV3_cXQjERH0Dq1Mte6_w?authuser=0&hl=en&rclk=1,https://sontraretreat.vn/home.html
"Unnamed, Road, Tp. Hội An, Quảng Nam ",15.915404,108.3386503,An bang beach Sea and Sand Restaurant,0932 541 908 ,200000.0,"200,000",4.9,Restaurant,https://www.google.com/maps/place/An+bang+beach+Sea+and+Sand+Restaurant/data=!4m7!3m6!1s0x31420dd706b6e673:0xe1b1c2aff5017d7f!8m2!3d15.915404!4d108.3386503!16s%2Fg%2F11fqxq_mhq!19sChIJc-a2BtcNQjERf30B9a_CseE?authuser=0&hl=en&rclk=1,
"43 Nguyễn Phúc Chu, An Hội, Hội An, Quảng Nam 560000 ",15.8759538,108.32606,Madam Kieu Vietnamese Restaurant,0902 946 086 ,null,,4.1,Restaurant,https://www.google.com/maps/place/Madam+Kieu+Vietnamese+Restaurant/data=!4m7!3m6!1s0x31420f765b6127eb:0x54a8c4c84e239e2!8m2!3d15.8759538!4d108.32606!16s%2Fg%2F11dfj4433l!19sChIJ6ydhW3YPQjER4jnihEyMSgU?authuser=0&hl=en&rclk=1,https://www.facebook.com/madamkieuhoian/
"96 Nguyễn Thái Học, Phường Minh An, Hội An, Quảng Nam ",15.8766265,108.3280079,Lim Dining Room,0934 740 229 ,null,,4.7,Restaurant,https://www.google.com/maps/place/Lim+Dining+Room/data=!4m7!3m6!1s0x31420f2b61849189:0xe4e3d806a872e7a2!8m2!3d15.8766265!4d108.3280079!16s%2Fg%2F11t40rb727!19sChIJiZGEYSsPQjERoudyqAbY4-Q?authuser=0&hl=en&rclk=1,http://limdiningroom.com/
"124 Nguyễn Phan Vinh, Cẩm An, Hội An, Quảng Nam ",15.9128601,108.3389229,Rustic House Restaurant and Bar,0905 323 955 ,200000.0,"200,000",4.9,Bar/Pub,https://www.google.com/maps/place/Rustic+House+Restaurant+and+Bar/data=!4m7!3m6!1s0x31420dfaf0b26377:0x6934ae9d5204c1e1!8m2!3d15.9128601!4d108.3389229!16s%2Fg%2F11ghtr6bst!19sChIJd2Oy8PoNQjER4cEEUp2uNGk?authuser=0&hl=en&rclk=1,
"Đường Mỹ Khê 4, Phước Mỹ, Sơn Trà, Đà Nẵng 550000 ",16.0581569,108.2454323,EMO'S HOMECOOKED VIETNAMESE CUISINE,0934 844 988 ,200000.0,"200,000",4.8,Restaurant,https://www.google.com/maps/place/EMO%27S+HOMECOOKED+VIETNAMESE+CUISINE/data=!4m7!3m6!1s0x314217641a07b4ef:0xe08cfd4c0fee906f!8m2!3d16.0581569!4d108.2454323!16s%2Fg%2F11d_tz40q7!19sChIJ77QHGmQXQjERb5DuD0z9jOA?authuser=0&hl=en&rclk=1,https://emoshomecook.com/
"17 Cửa Đại, Hội An, Quảng Nam ",15.8965128,108.3645404,Bao Han Restaurant,0935 326 404 ,200000.0,"200,000",4.7,Restaurant,https://www.google.com/maps/place/Bao+Han+Restaurant/data=!4m7!3m6!1s0x31420da1b1f1a127:0xb82f3dcd0649a716!8m2!3d15.8965128!4d108.3645404!16s%2Fg%2F1hc3l14qw!19sChIJJ6HxsaENQjERFqdJBs09L7g?authuser=0&hl=en&rclk=1,https://www.facebook.com/B%E1%BA%A3o-H%C3%A2n-Restaurant-547175538971556/
"132 Hùng Vương, Phường Cẩm Phổ, Hội An, Quảng Nam 560000 ",15.8800539,108.316486,The Temple Restaurant & Lounge,0902 022 444 ,null,,5.0,Bar/Pub,https://www.google.com/maps/place/The+Temple+Restaurant+%26+Lounge/data=!4m7!3m6!1s0x31420fd3ee77d4d7:0x799c1127f0b8eaab!8m2!3d15.8800539!4d108.316486!16s%2Fg%2F11ft0ltb6h!19sChIJ19R37tMPQjERq-q48CcRnHk?authuser=0&hl=en&rclk=1,http://thetemplerestaurant.com/
"141 Trần Phú, Phường Minh An, Hội An, Quảng Nam 51300 ",15.8770033,108.3269893,Châu Kitchen & Bar - Hoi An Restaurant - 호이안 로컬 레스토랑,0903 529 377 ,200000.0,"200,000",4.8,Bar/Pub,https://www.google.com/maps/place/Ch%C3%A2u+Kitchen+%26+Bar+-+Hoi+An+Restaurant+-+%ED%98%B8%EC%9D%B4%EC%95%88+%EB%A1%9C%EC%BB%AC+%EB%A0%88%EC%8A%A4%ED%86%A0%EB%9E%91/data=!4m7!3m6!1s0x31420f29f8d89271:0x109677d06cc603c0!8m2!3d15.8770033!4d108.3269893!16s%2Fg%2F11q9br7y7v!19sChIJcZLY-CkPQjERwAPGbNB3lhA?authuser=0&hl=en&rclk=1,https://chaukitchenandbar.vn/en/homepage/
"38 Đ. Phan Chu Trinh, Phường Minh An, Hội An, Quảng Nam 560000 ",15.8785168,108.3300265,Masa Taqueria [Mexican Restaurant],0798 877 620 ,200000.0,"200,000",4.7,Restaurant,https://www.google.com/maps/place/Masa+Taqueria+%5BMexican+Restaurant%5D/data=!4m7!3m6!1s0x31420f830703843f:0xe702933d13d6aa64!8m2!3d15.8785168!4d108.3300265!16s%2Fg%2F11kb892zzg!19sChIJP4QDB4MPQjERZKrWEz2TAuc?authuser=0&hl=en&rclk=1,
"15 Đ. Trần Cao Vân, Phường Cẩm Phổ, Hội An, Quảng Nam ",15.8834986,108.3261934,Restaurant Carot,0982 552 567 ,100000.0,"100,000",4.8,Restaurant,https://www.google.com/maps/place/Restaurant+Carot/data=!4m7!3m6!1s0x31420fbd635d6e7f:0xb53e84a257e060ba!8m2!3d15.8834986!4d108.3261934!16s%2Fg%2F11fnpl8g0r!19sChIJf25dY70PQjERumDgV6KEPrU?authuser=0&hl=en&rclk=1,
"80 Tô Hiến Thành, Phước Mỹ, Sơn Trà, Đà Nẵng 55000 ",16.0620817,108.2419802,Bladi Da Nang,0912 811 523 ,null,,4.7,Restaurant,https://www.google.com/maps/place/Bladi+Da+Nang/data=!4m7!3m6!1s0x3142170dca2068fb:0x1cf7373b579f4ca6!8m2!3d16.0620817!4d108.2419802!16s%2Fg%2F11q2vmlfl9!19sChIJ-2ggyg0XQjERpkyfVzs39xw?authuser=0&hl=en&rclk=1,
"11 Nguyễn Tri Phương, Cẩm Nam, Hội An, Quảng Nam ",15.8740047,108.3331219,Vietnamese Chopsticks - Dua Viet Restaurant,0905 191 136 ,200000.0,"200,000",4.8,Restaurant,https://www.google.com/maps/place/Vietnamese+Chopsticks+-+Dua+Viet+Restaurant/data=!4m7!3m6!1s0x31420e796de5b9a9:0xa163e03178d40f66!8m2!3d15.8740047!4d108.3331219!16s%2Fg%2F11c3_88snw!19sChIJqbnlbXkOQjERZg_UeDHgY6E?authuser=0&hl=en&rclk=1,
"20 Đào Duy Từ, Phường Minh An, Hội An, Quảng Nam 51000 ",15.8770873,108.3221879,Bới Cơm Hoi An Restaurant & Cafe,0935 447 566 ,300000.0,"300,000",4.7,Coffee Shop,https://www.google.com/maps/place/B%E1%BB%9Bi+C%C6%A1m+Hoi+An+Restaurant+%26+Cafe/data=!4m7!3m6!1s0x31420f1034df096f:0x1a245b9479455504!8m2!3d15.8770873!4d108.3221879!16s%2Fg%2F11kpxsg__v!19sChIJbwnfNBAPQjERBFVFeZRbJBo?authuser=0&hl=en&rclk=1,https://boicomhoianrestaurant.com/
"02 Nguyễn Thái Học, Cẩm Châu, Hội An, Quảng Nam ",15.8768607,108.3311089,Madame Hien ( Cô Mai),0235 3928 188 ,null,,4.8,Restaurant,https://www.google.com/maps/place/Madame+Hien+%28+C%C3%B4+Mai%29/data=!4m7!3m6!1s0x31420e7f0b4d1ad1:0x3337dfdf0ce4a76c!8m2!3d15.8768607!4d108.3311089!16s%2Fg%2F11ggzbjv99!19sChIJ0RpNC38OQjERbKfkDN_fNzM?authuser=0&hl=en&rclk=1,https://www.facebook.com/madamehienhoian/
"120 Nguyễn Thái Học, Old Town, Hội An, Quảng Nam ",15.8765835,108.3271607,Golden Dragon Restaurant,0787 516 985 ,200000.0,"200,000",4.7,Restaurant,https://www.google.com/maps/place/Golden+Dragon+Restaurant/data=!4m7!3m6!1s0x31420f128e15cd23:0x935a28452cb7acf6!8m2!3d15.8765835!4d108.3271607!16s%2Fg%2F11jzfzpv4v!19sChIJI80VjhIPQjER9qy3LEUoWpM?authuser=0&hl=en&rclk=1,
"21/3 Đường Phan Bội Châu, Sơn Phong, Hội An, Quảng Nam ",15.8768877,108.3345097,Citadel Restaurant & Bar Hoi An,0916 435 059 ,null,,4.9,Bar/Pub,https://www.google.com/maps/place/Citadel+Restaurant+%26+Bar+Hoi+An/data=!4m7!3m6!1s0x31420d248b9d8fc7:0xec0b14fa8b079671!8m2!3d15.8768877!4d108.3345097!16s%2Fg%2F11w7l3hvc0!19sChIJx4-diyQNQjERcZYHi_oUC-w?authuser=0&hl=en&rclk=1,https://www.citadelhoian.vn/
"101 Nguyễn Phan Vinh, Street, Hội An, Quảng Nam 560000 ",15.9121636,108.340467,The Lighthouse an bang restaurant & bar,0905 953 153 ,300000.0,"300,000",4.9,Bar/Pub,https://www.google.com/maps/place/The+Lighthouse+an+bang+restaurant+%26+bar/data=!4m7!3m6!1s0x31420d75e7bd4a3f:0x24b7b4ade1d6901d!8m2!3d15.9121636!4d108.340467!16s%2Fg%2F11ldx51w6k!19sChIJP0q953UNQjERHZDW4a20tyQ?authuser=0&hl=en&rclk=1,https://www.facebook.com/profile.php?id=61560010590878
"Trần Nhân Tông, Cẩm Thanh, Hội An, Quảng Nam 51300 ",15.873731,108.3631409,tok,0931 900 565 ,null,,4.8,Restaurant,https://www.google.com/maps/place/tok.+Bar+and+Restaurant/data=!4m7!3m6!1s0x31420dc366bdf143:0xcdc510eb0df61f85!8m2!3d15.873731!4d108.3631409!16s%2Fg%2F11s4zzzdkx!19sChIJQ_G9ZsMNQjERhR_2DesQxc0?authuser=0&hl=en&rclk=1,http://www.tokrestaurant.com/
"39-41 Đỗ Bá, WARD, Ngũ Hành Sơn, Đà Nẵng 550000 ",16.0515352,108.2459283,Gujarat Indian Restaurant Da nang,0395 528 747 ,300000.0,"300,000",4.7,Restaurant,https://www.google.com/maps/place/Gujarat+Indian+Restaurant+Da+nang/data=!4m7!3m6!1s0x3142172a2c4a5cb3:0x726ecf4296b0c395!8m2!3d16.0515352!4d108.2459283!16s%2Fg%2F11txhr7kc6!19sChIJs1xKLCoXQjERlcOwlkLPbnI?authuser=0&hl=en&rclk=1,http://gujaratrestaurant.com/
"54 Nguyễn Thái Học, Phường, Hội An, Quảng Nam 563800 ",15.8766362,108.3295425,Green Mango Restaurant,0988 681 208 ,null,,4.6,Restaurant,https://www.google.com/maps/place/Green+Mango+Restaurant/data=!4m7!3m6!1s0x31420e7e560a8487:0x99e8680cd1dca092!8m2!3d15.8766362!4d108.3295425!16s%2Fg%2F11r9blt1m!19sChIJh4QKVn4OQjERkqDc0Qxo6Jk?authuser=0&hl=en&rclk=1,https://hoiangm.wixsite.com/greenmango
"80 Bà Triệu, Phường Minh An, Hội An, Quảng Nam ",15.8811513,108.3255685,Bamboo Wood Restaurant,,200000.0,"200,000",4.7,Restaurant,https://www.google.com/maps/place/Bamboo+Wood+Restaurant/data=!4m7!3m6!1s0x31420fda0d1a08ab:0x997ff73c983701ca!8m2!3d15.8811513!4d108.3255685!16s%2Fg%2F11h5_vjs4_!19sChIJqwgaDdoPQjERygE3mDz3f5k?authuser=0&hl=en&rclk=1,
"500 meters from beach, 24 An Thượng 6, Ngũ Hành Sơn, Đà Nẵng 55000 ",16.0471001,108.2454776,Mumtaz Indian Aroma Restaurant(former Mumtaz Indian),0236 3839 888 ,null,,4.7,Restaurant,https://www.google.com/maps/place/Mumtaz+Indian+Aroma+Restaurant%28former+Mumtaz+Indian%29/data=!4m7!3m6!1s0x314219cd2f19aa79:0xe2751243eb75fdf8!8m2!3d16.0471001!4d108.2454776!16s%2Fg%2F1pzw39nkq!19sChIJeaoZL80ZQjER-P1160MSdeI?authuser=0&hl=en&rclk=1,https://indianaromadng.com/
"79 Mai Thúc Lân, Bắc Mỹ Phú, Ngũ Hành Sơn, Đà Nẵng 550000 ",16.0483942,108.2436262,Indian Ganga Dining & Lounge Da Nang - Indian Restaurant,0899 870 554 ,200000.0,"200,000",4.7,Bar/Pub,https://www.google.com/maps/place/Indian+Ganga+Dining+%26+Lounge+Da+Nang+-+Indian+Restaurant/data=!4m7!3m6!1s0x314217ab3c35a2df:0x24b1e85b67502a7!8m2!3d16.0483942!4d108.2436262!16s%2Fg%2F11ss5n06wm!19sChIJ36I1PKsXQjERpwJ1toUeSwI?authuser=0&hl=en&rclk=1,http://www.indian-ganga.com/
"1 Đường Phạm Hồng Thái, Street, Hội An, Quảng Nam ",15.876895,108.3359197,Hoi An Riverside Restaurant,0235 3914 555 ,null,,4.5,Restaurant,https://www.google.com/maps/place/Hoi+An+Riverside+Restaurant/data=!4m7!3m6!1s0x31420dd44df5bbbd:0xad70a474c20a2652!8m2!3d15.876895!4d108.3359197!16s%2Fg%2F11gfkd7cm5!19sChIJvbv1TdQNQjERUiYKwnSkcK0?authuser=0&hl=en&rclk=1,https://www.anantara.com/en/hoi-an/restaurants/hoi-an-riverside
"35 An Thượng 7, Bắc Mỹ Phú, Ngũ Hành Sơn, Đà Nẵng 550000 ",16.0487164,108.2446971,HANNAH Restaurant,0903 551 460 ,100000.0,"100,000",4.6,Restaurant,https://www.google.com/maps/place/HANNAH+Restaurant/data=!4m7!3m6!1s0x314217647a07c2a5:0x6649867e284e2bc7!8m2!3d16.0487164!4d108.2446971!16s%2Fg%2F11c20c1xqk!19sChIJpcIHemQXQjERxytOKH6GSWY?authuser=0&hl=en&rclk=1,
"124 Hùng Vương, Thanh Hà, Hội An, Quảng Nam ",15.8800382,108.3170332,Lily's Pancake Hoi An Restaurant,0905 354 835 ,200000.0,"200,000",4.8,Bakery,https://www.google.com/maps/place/Lily%27s+Pancake+Hoi+An+Restaurant/data=!4m7!3m6!1s0x31420f179959b429:0x41a7922c1234c53f!8m2!3d15.8800382!4d108.3170332!16s%2Fg%2F11j2wjckz6!19sChIJKbRZmRcPQjERP8U0EiySp0E?authuser=0&hl=en&rclk=1,
"2 Entrances - 98, Nguyễn Thái Học/111 Trần Phú, Tp. Hội An, Quảng Nam ",15.8769788,108.3279486,Hai Cafe Courtyard BBQ & Restaurant in Hoi An Old Town,0235 3863 210 ,null,,4.4,Coffee Shop,https://www.google.com/maps/place/Hai+Cafe+Courtyard+BBQ+%26+Restaurant+in+Hoi+An+Old+Town/data=!4m7!3m6!1s0x31420e7f1ac25f85:0xe8e6bb3572495a41!8m2!3d15.8769788!4d108.3279486!16s%2Fg%2F1whdfv3t!19sChIJhV_CGn8OQjERQVpJcjW75ug?authuser=0&hl=en&rclk=1,http://www.visithoian.com/
"184A Trần Nhân Tông, Cẩm Châu, Hội An, Quảng Nam 560000 ",15.8757921,108.3467231,Sunset Restaurant & Bar,0935 473 095 ,200000.0,"200,000",5.0,Bar/Pub,https://www.google.com/maps/place/Sunset+Restaurant+%26+Bar/data=!4m7!3m6!1s0x31420d5ea0cfedfb:0x66208c93331d9b65!8m2!3d15.8757921!4d108.3467231!16s%2Fg%2F11vspft8xd!19sChIJ--3PoF4NQjERZZsdM5OMIGY?authuser=0&hl=en&rclk=1,https://sunsetrestauranthoian.com/
"197 Trần Phú, Phước Ninh, Hải Châu, Đà Nẵng 550000 ",16.0656783,108.2236985,Banh Xeo Cuoi Restaurant (Authentic Vietnamese Cuisines) - Banh Mi - Bun Cha & Ha Noi Egg Coffee,0386 361 605 ,null,,4.9,Coffee Shop,https://www.google.com/maps/place/Banh+Xeo+Cuoi+Restaurant+%28Authentic+Vietnamese+Cuisines%29+-+Banh+Mi+-+Bun+Cha+%26+Ha+Noi+Egg+Coffee/data=!4m7!3m6!1s0x3142176fe1b2722d:0x5e6dbfe9bbf4d411!8m2!3d16.0656783!4d108.2236985!16s%2Fg%2F11yj5s13z3!19sChIJLXKy4W8XQjEREdT0u-m_bV4?authuser=0&hl=en&rclk=1,
"474 Cửa Đại, Cẩm Châu, Hội An, Quảng Nam ",15.880605,108.3415561,Bon Restaurant,,100000.0,"100,000",4.5,Restaurant,https://www.google.com/maps/place/Bon+Restaurant/data=!4m7!3m6!1s0x31420dd137af02dd:0x46c322df4f5128b0!8m2!3d15.880605!4d108.3415561!16s%2Fg%2F1pzw46b58!19sChIJ3QKvN9ENQjERsChRT98iw0Y?authuser=0&hl=en&rclk=1,
"111 Nguyễn Phan Vinh, Cẩm An, Hội An, Quảng Nam 51300 ",15.9123636,108.3397681,IRINI,0815 512 358 ,200000.0,"200,000",4.7,Restaurant,https://www.google.com/maps/place/IRINI.+HOI+AN+%7C+GREEK+RESTAURANT+%26+CAFE/data=!4m7!3m6!1s0x31420df8945e0515:0x8615984221a7bde1!8m2!3d15.9123636!4d108.3397681!16s%2Fg%2F11w1d8_8cp!19sChIJFQVelPgNQjER4b2nIUKYFYY?authuser=0&hl=en&rclk=1,https://irini.vn/greek-restaurant-hoi-an/?utm_source=gmb&utm_medium=organic&utm_campaign=hoi_an
"60D Đ. Trần Cao Vân, Phường Minh An, Hội An, Quảng Nam ",15.882432,108.3276172,Thành Nam Quán (탄남꽌) _ Vietnamese Restaurant,0901 733 228 ,100000.0,"100,000",4.8,Restaurant,https://www.google.com/maps/place/Th%C3%A0nh+Nam+Qu%C3%A1n+%28%ED%83%84%EB%82%A8%EA%BD%8C%29+_+Vietnamese+Restaurant/data=!4m7!3m6!1s0x31420dd5b72a7a99:0x46c83dca0bd25852!8m2!3d15.882432!4d108.3276172!16s%2Fg%2F11c0pr9mws!19sChIJmXoqt9UNQjERUljSC8o9yEY?authuser=0&hl=en&rclk=1,
"38 Pasteur, Hải Châu, Đà Nẵng 550000 ",16.0701185,108.2192087,Au Restaurant,0905 424 642 ,null,,4.3,Restaurant,https://www.google.com/maps/place/Au+Restaurant/data=!4m7!3m6!1s0x3142195c1841d4b7:0x19650f8cc2340e48!8m2!3d16.0701185!4d108.2192087!16s%2Fg%2F11pwysws6j!19sChIJt9RBGFwZQjERSA40wowPZRk?authuser=0&hl=en&rclk=1,
"4 Trần Quốc Toản, Hải Châu, Đà Nẵng 550000 ",16.066167,108.2243164,Thai Market,1900 0207 ,300000.0,"300,000",4.5,Restaurant,https://www.google.com/maps/place/Thai+Market/data=!4m7!3m6!1s0x31421832f2d75729:0xa27a87ed6c3b63de!8m2!3d16.066167!4d108.2243164!16s%2Fg%2F11cs1ks19l!19sChIJKVfX8jIYQjER3mM7bO2HeqI?authuser=0&hl=en&rclk=1,http://thaimarket.vn/
"23 An Thượng 2, Bắc Mỹ An, Ngũ Hành Sơn, Đà Nẵng 550000 ",16.0493189,108.2473065,Adobo Mexican Grill,0766 733 289 ,200000.0,"200,000",4.9,Restaurant,https://www.google.com/maps/place/Adobo+Mexican+Grill/data=!4m7!3m6!1s0x3142177a34473fb7:0xe7fbb362f64cf3bd!8m2!3d16.0493189!4d108.2473065!16s%2Fg%2F11sfgpqn1c!19sChIJtz9HNHoXQjERvfNM9mKz--c?authuser=0&hl=en&rclk=1,http://facebook.com/adobomexicangrill
"215 Lê Thánh Tông, Street, Hội An, Quảng Nam 51000 ",15.88299,108.3507941,Paddy Field Restaurant,0865 582 846 ,null,,4.9,Restaurant,https://www.google.com/maps/place/Paddy+Field+Restaurant/data=!4m7!3m6!1s0x31420d309acd9f19:0xf494eae9ca7f1de8!8m2!3d15.88299!4d108.3507941!16s%2Fg%2F11ksk4_g9s!19sChIJGZ_NmjANQjER6B1_yunqlPQ?authuser=0&hl=en&rclk=1,https://www.facebook.com/profile.php?id=61550070836628&mibextid=ZbWKwL
"125 Hồ Nghinh, Phước Mỹ, Sơn Trà, Đà Nẵng 550000 ",16.0734565,108.2431275,The Temptation,0817 952 552 ,1000000.0,"₫1,000,000",4.4,Restaurant,https://www.google.com/maps/place/The+Temptation/data=!4m7!3m6!1s0x3142175a37ec6177:0xe5b70d45f6bbd6d7!8m2!3d16.0734565!4d108.2431275!16s%2Fg%2F11fj6w3dbw!19sChIJd2HsN1oXQjER19a79kUNt-U?authuser=0&hl=en&rclk=1,https://thetemptation.com.vn/
"11c Phan Đình Phùng, Cẩm Sơn, Hội An, Quảng Nam ",15.8889401,108.330312,Tin Tin Restaurant-Bar,0905 704 500 ,200000.0,"200,000",4.8,Bar/Pub,https://www.google.com/maps/place/Tin+Tin+Restaurant-Bar/data=!4m7!3m6!1s0x31420e765bbdc83b:0x7befe7c7399ad124!8m2!3d15.8889401!4d108.330312!16s%2Fg%2F11bttn87dk!19sChIJO8i9W3YOQjERJNGaOcfn73s?authuser=0&hl=en&rclk=1,
"67 Đ. Phan Chu Trinh, Phường Minh An, Hội An, Quảng Nam ",15.8783916,108.3282137,Lê Bá Truyền 1 Restaurant,0905 226 408 ,100000.0,"100,000",4.7,Restaurant,https://www.google.com/maps/place/L%C3%AA+B%C3%A1+Truy%E1%BB%81n+1+Restaurant/data=!4m7!3m6!1s0x31420e7ec0bc2da7:0x11449e0f0859fe79!8m2!3d15.8783916!4d108.3282137!16s%2Fg%2F11bc7fpl1s!19sChIJpy28wH4OQjERef5ZCA-eRBE?authuser=0&hl=en&rclk=1,
"183 Nguyễn Văn Thoại, An Hải Đông, Sơn Trà, Đà Nẵng 550000 ",16.055331,108.2426189,Nhà Hàng Đồ Ăn Thái - Thai Market Restaurant - Nguyễn Văn Thoại,1900 0207 ,300000.0,"300,000",4.5,Restaurant,https://www.google.com/maps/place/Nh%C3%A0+H%C3%A0ng+%C4%90%E1%BB%93+%C4%82n+Th%C3%A1i+-+Thai+Market+Restaurant+-+Nguy%E1%BB%85n+V%C4%83n+Tho%E1%BA%A1i/data=!4m7!3m6!1s0x31421791c975ce17:0xd27a3655c80af5c1!8m2!3d16.055331!4d108.2426189!16s%2Fg%2F11f6g1k4x7!19sChIJF851yZEXQjERwfUKyFU2etI?authuser=0&hl=en&rclk=1,http://www.thaimarket.vn/
"88 Đ. Bạch Đằng, Phường Minh An, Hội An, Quảng Nam ",15.8761525,108.3287187,The Hoianian,0902 943 773 ,null,,4.6,Restaurant,https://www.google.com/maps/place/The+Hoianian/data=!4m7!3m6!1s0x31420e7f26ba8671:0x750708ea6f535158!8m2!3d15.8761525!4d108.3287187!16s%2Fg%2F1hc79bxt1!19sChIJcYa6Jn8OQjERWFFTb-oIB3U?authuser=0&hl=en&rclk=1,
"37 Chế Lan Viên, Bắc Mỹ An, Ngũ Hành Sơn, Đà Nẵng 50000 ",16.0423085,108.246475,MANVAR Rasoi Indian Restaurant,0354 488 822 ,200000.0,"200,000",4.8,Restaurant,https://www.google.com/maps/place/MANVAR+Rasoi+Indian+Restaurant/data=!4m7!3m6!1s0x3142176c64f33b9f:0x83ca3584dd4f419b!8m2!3d16.0423085!4d108.246475!16s%2Fg%2F11tt5p44vh!19sChIJnzvzZGwXQjERm0FP3YQ1yoM?authuser=0&hl=en&rclk=1,https://manvar-rasoi.com/
"439 Đ. Trần Hưng Đạo, An Hải Trung, Sơn Trà, Đà Nẵng 550000 ",16.0648589,108.2301009,Fatfish,0236 3945 707 ,null,,4.5,Restaurant,https://www.google.com/maps/place/Fatfish/data=!4m7!3m6!1s0x3142182ceeed1a37:0xe27c84359c53b1e5!8m2!3d16.0648589!4d108.2301009!16s%2Fg%2F11b8tnp0rh!19sChIJNxrt7iwYQjER5bFTnDWEfOI?authuser=0&hl=en&rclk=1,https://www.fatfishrestaurant.com/reservation
"546 Cửa Đại, Cẩm Châu, Hội An, Quảng Nam 56000 ",15.8799815,108.3378406,Orivy Restaurant,0905 306 465 ,200000.0,"200,000",4.6,Restaurant,https://www.google.com/maps/place/Orivy+Restaurant/data=!4m7!3m6!1s0x31420dd68bfb5541:0x42e2b315fedaec32!8m2!3d15.8799815!4d108.3378406!16s%2Fg%2F1hc3g18ys!19sChIJQVX7i9YNQjERMuza_hWz4kI?authuser=0&hl=en&rclk=1,http://www.orivy.com/
"36 An Thượng 12, Bắc Mỹ An, Ngũ Hành Sơn, Đà Nẵng 000052 ",16.0472201,108.2424899,Hang's Kitchen Restaurant,0905 709 164 ,100000.0,"100,000",4.4,Restaurant,https://www.google.com/maps/place/Hang%27s+Kitchen+Restaurant/data=!4m7!3m6!1s0x314217632009649b:0xefaf0f14543c8fe4!8m2!3d16.0472201!4d108.2424899!16s%2Fg%2F11b67gtjcc!19sChIJm2QJIGMXQjER5I88VBQPr-8?authuser=0&hl=en&rclk=1,
"hẻm 138 Nguyễn Phan Vinh, Cẩm An, Hội An, Quảng Nam ",15.9133986,108.3382932,Na Huy Restaurant & Coffee,0906 471 243 ,200000.0,"200,000",4.7,Coffee Shop,https://www.google.com/maps/place/Na+Huy+Restaurant+%26+Coffee/data=!4m7!3m6!1s0x31420d4f011a6a4f:0x28e14fc51f05942e!8m2!3d15.9133986!4d108.3382932!16s%2Fg%2F11tj8wbftd!19sChIJT2oaAU8NQjERLpQFH8VP4Sg?authuser=0&hl=en&rclk=1,
"115 Đ. Phan Chu Trinh, Phường Minh An, Hội An, Quảng Nam ",15.8784041,108.3260167,Baba's Kitchen Indian Restaurant - Hoian,0235 3939 919 ,200000.0,"200,000",4.8,Restaurant,https://www.google.com/maps/place/Baba%27s+Kitchen+Indian+Restaurant+-+Hoian/data=!4m7!3m6!1s0x31420e7c5e352983:0xfd056de03aba1002!8m2!3d15.8784041!4d108.3260167!16s%2Fg%2F11byxgb_cq!19sChIJgyk1XnwOQjERAhC6OuBtBf0?authuser=0&hl=en&rclk=1,https://babas.kitchen/
"187 Ly Thuong Kiet, Hoi An Ward, Da Nang City ",15.8833211,108.3276551,Nhà Hàng Spice Việt Hội An,0235 6269 999 ,null,,4.8,Restaurant,https://www.google.com/maps/place/Nh%C3%A0+H%C3%A0ng+Spice+Vi%E1%BB%87t+H%E1%BB%99i+An/data=!4m7!3m6!1s0x31420f7ed08a6923:0x8c9c4413bd7afaeb!8m2!3d15.8833211!4d108.3276551!16s%2Fg%2F11gt_wvjxj!19sChIJI2mK0H4PQjER6_p6vRNEnIw?authuser=0&hl=en&rclk=1,http://www.eatspiceviet.com/
"Biển An Bàng, Hội An, Quảng Nam ",15.9139228,108.3401057,Nhà Hàng Sao Biển Hội An - Seafood Restaurants,0931 974 353 ,null,,4.6,Restaurant,https://www.google.com/maps/place/Nh%C3%A0+H%C3%A0ng+Sao+Bi%E1%BB%83n+H%E1%BB%99i+An+-+Seafood+Restaurants/data=!4m7!3m6!1s0x31420d7489ec9009:0x2590375d0d78921d!8m2!3d15.9139228!4d108.3401057!16s%2Fg%2F11rylbvws7!19sChIJCZDsiXQNQjERHZJ4DV03kCU?authuser=0&hl=en&rclk=1,
"278 Võ Nguyên Giáp, Bắc Mỹ Phú, Ngũ Hành Sơn, Đà Nẵng 550000 ",16.0530767,108.2475222,Cá Gỗ Vietnamese Restaurant,0236 2228 666 ,200000.0,"200,000",4.9,Restaurant,https://www.google.com/maps/place/C%C3%A1+G%E1%BB%97+Vietnamese+Restaurant/data=!4m7!3m6!1s0x314217c8ff6f55b9:0xafb8783ad3587c76!8m2!3d16.0530767!4d108.2475222!16s%2Fg%2F11v5v44791!19sChIJuVVv_8gXQjERdnxY0zp4uK8?authuser=0&hl=en&rclk=1,https://cago.haianbeachhotelspa.com/
"Lạc Long Quân, Tp. Hội An, Quảng Nam 51300 ",15.9129569,108.3413661,La Plage restaurant,0935 927 565 ,null,,4.3,Restaurant,https://www.google.com/maps/place/La+Plage+restaurant/data=!4m7!3m6!1s0x314211fedfbbd1bf:0x4b1c2c074648a7ba!8m2!3d15.9129569!4d108.3413661!16s%2Fg%2F1tffg7mm!19sChIJv9G73_4RQjERuqdIRgcsHEs?authuser=0&hl=en&rclk=1,
"70 Lê Lợi, Phường Minh An, Hội An, Quảng Nam 56000 ",15.8774496,108.3284546,MIX Greek Restaurant Hoi An,0931 875 307 ,300000.0,"300,000",4.6,Restaurant,https://www.google.com/maps/place/MIX+Greek+Restaurant+Hoi+An/data=!4m7!3m6!1s0x31420e7c2c331be3:0x6e3f6fedd3e15114!8m2!3d15.8774496!4d108.3284546!16s%2Fg%2F11cs25vd9g!19sChIJ4xszLHwOQjERFFHh0-1vP24?authuser=0&hl=en&rclk=1,http://mixhoian.com/
"507 Đ. Trần Hưng Đạo, An Hải Trung, Sơn Trà, Đà Nẵng 550000 ",16.0629682,108.2303496,ISH - The Indian Restaurant,0386 432 514 ,300000.0,"300,000",4.7,Restaurant,https://www.google.com/maps/place/ISH+-+The+Indian+Restaurant/data=!4m7!3m6!1s0x31421941e6b07ad7:0x6e429370204ad953!8m2!3d16.0629682!4d108.2303496!16s%2Fg%2F11vwvzvttm!19sChIJ13qw5kEZQjERU9lKIHCTQm4?authuser=0&hl=en&rclk=1,https://www.ishdanang.com/
"66 Nguyễn Thái Học, Old Town, Hội An, Quảng Nam ",15.876603,108.3290244,Little Faifo Restaurant,0235 3917 444 ,null,,4.6,Restaurant,https://www.google.com/maps/place/Little+Faifo+Restaurant/data=!4m7!3m6!1s0x31420e7e57862f9d:0xb8e2e236059d6f9c!8m2!3d15.876603!4d108.3290244!16s%2Fg%2F1hhp2whmv!19sChIJnS-GV34OQjERnG-dBTbi4rg?authuser=0&hl=en&rclk=1,http://www.littlefaifo.com/
"Ha My Beach, Điện Bàn, Quảng Nam 560000 ",15.9271766,108.3217818,Papa Shark Beach Restaurant Hoi An,0777 512 050 ,null,,4.7,Restaurant,https://www.google.com/maps/place/Papa+Shark+Beach+Restaurant+Hoi+An/data=!4m7!3m6!1s0x314211cde37de905:0x2846fa914b4d1dbb!8m2!3d15.9271766!4d108.3217818!16s%2Fg%2F11j6ftlkx6!19sChIJBel9480RQjERux1NS5H6Rig?authuser=0&hl=en&rclk=1,
"09 An Thượng 2, Bắc Mỹ Phú, Ngũ Hành Sơn, Đà Nẵng 550000 ",16.0495376,108.2472441,Maharaja Indian Restaurant Đà Nẵng ( since 2016),0901 973 275 ,null,,4.7,Restaurant,https://www.google.com/maps/place/Maharaja+Indian+Restaurant+%C4%90%C3%A0+N%E1%BA%B5ng+%28+since+2016%29/data=!4m7!3m6!1s0x31421786c6fc6515:0xf14051563fe834d9!8m2!3d16.0495376!4d108.2472441!16s%2Fg%2F11c1tm0fy7!19sChIJFWX8xoYXQjER2TToP1ZRQPE?authuser=0&hl=en&rclk=1,https://www.maharaja.vn/
"City, 66 Hạ Long, Phường 2, Vũng Tàu, Bà Rịa - Vũng Tàu 70000 ",10.3304585,107.0763738,SOHO COFFEE VUNG TAU,0982 931 487 ,100000.0,"100,000",4.6,Coffee Shop,https://www.google.com/maps/place/SOHO+COFFEE+VUNG+TAU/data=!4m7!3m6!1s0x317565d29483e3dd:0x1da3a31f35f867c!8m2!3d10.3304585!4d107.0763738!16s%2Fg%2F11fqzb4dcd!19sChIJ3eODlNJldTERfIZf8zE62gE?authuser=0&hl=en&rclk=1,http://facebook.com/sohocoffeevungtau
"2 Lê Lợi, Phường 1, Vũng Tàu, Bà Rịa - Vũng Tàu 790000 ",10.3456802,107.0745125,"Phê La - Lê Lợi, Vũng Tàu",1900 3013 ,100000.0,"100,000",4.8,Coffee Shop,"https://www.google.com/maps/place/Ph%C3%AA+La+-+L%C3%AA+L%C6%A1%CC%A3i,+V%C5%A9ng+T%C3%A0u/data=!4m7!3m6!1s0x31756f078ae1d085:0x2e5bcfb56eeee921!8m2!3d10.3456802!4d107.0745125!16s%2Fg%2F11y9cxx427!19sChIJhdDhigdvdTERIenubrXPWy4?authuser=0&hl=en&rclk=1",https://phela.vn/
"2 Hẻm 2 Hải Đăng, Phường 2, Vũng Tàu, Bà Rịa - Vũng Tàu 79000 ",10.3369424,107.072302,Lightroom Coffee,0989 117 464 ,100000.0,"100,000",4.5,Coffee Shop,https://www.google.com/maps/place/Lightroom+Coffee/data=!4m7!3m6!1s0x31756f8b4b2dfdbb:0x61fe3d4dc0454db5!8m2!3d10.3369424!4d107.072302!16s%2Fg%2F11hyld1j5r!19sChIJu_0tS4tvdTERtU1FwE09_mE?authuser=0&hl=en&rclk=1,https://www.facebook.com/lightroomcoffeestudio
"32 Đường Thi Sách, Phường 8, Vũng Tàu, Bà Rịa - Vũng Tàu ",10.3501392,107.0948421,PALMA - the garden café,0358 808 085 ,100000.0,"100,000",4.2,Coffee Shop,https://www.google.com/maps/place/PALMA+-+the+garden+caf%C3%A9/data=!4m7!3m6!1s0x31756fcf5c030155:0x64da1d48351ef61e!8m2!3d10.3501392!4d107.0948421!16s%2Fg%2F11mfvkfv91!19sChIJVQEDXM9vdTERHvYeNUgd2mQ?authuser=0&hl=en&rclk=1,http://www.facebook.com/palma.thecafe
"5 Trương Vĩnh Ký, Phường 1, Vũng Tàu, Bà Rịa - Vũng Tàu ",10.349843,107.0720542,Upside Down House,0254 3540 768 ,null,,4.0,Coffee Shop,https://www.google.com/maps/place/Upside+Down+House/data=!4m7!3m6!1s0x31756f95531c75a5:0x545bba012f5976d7!8m2!3d10.349843!4d107.0720542!16s%2Fg%2F11c6dxyjlm!19sChIJpXUcU5VvdTER13ZZLwG6W1Q?authuser=0&hl=en&rclk=1,http://www.nhaupnguoc.com/
"23 Nguyễn Thái Học, Phường 7, Vũng Tàu, Bà Rịa - Vũng Tàu ",10.3660049,107.0837697,Havana Coffee,0982 198 511 ,100000.0,"100,000",4.1,Coffee Shop,https://www.google.com/maps/place/Havana+Coffee/data=!4m7!3m6!1s0x31756fc5fc85bae7:0x2a634a07442196df!8m2!3d10.3660049!4d107.0837697!16s%2Fg%2F11c1xfxztf!19sChIJ57qF_MVvdTER35YhRAdKYyo?authuser=0&hl=en&rclk=1,https://www.facebook.com/havanavtcoffee/
"88 Lê Hồng Phong, Phường 4, Vũng Tàu, Bà Rịa - Vũng Tàu ",10.3595861,107.0782458,Letto,0833 444 246 ,100000.0,"100,000",4.6,Coffee Shop,https://www.google.com/maps/place/Letto/data=!4m7!3m6!1s0x31756fc1faf14f49:0x5dadc44a98c7acfc!8m2!3d10.3595861!4d107.0782458!16s%2Fg%2F11c4ww8y5x!19sChIJSU_x-sFvdTER_KzHmErErV0?authuser=0&hl=en&rclk=1,http://facebook.com/lettocoffee
"5 Ba Cu, Phường 1, Vũng Tàu, Bà Rịa - Vũng Tàu 700000 ",10.3482318,107.0740896,The Coffee House,028 7303 9079 ,100000.0,"100,000",4.2,Coffee Shop,https://www.google.com/maps/place/The+Coffee+House/data=!4m7!3m6!1s0x31756f93ac6d5a57:0xb627df0b38b5c335!8m2!3d10.3482318!4d107.0740896!16s%2Fg%2F11fyz9m5_x!19sChIJV1ptrJNvdTERNcO1OAvfJ7Y?authuser=0&hl=en&rclk=1,http://www.thecoffeehouse.com/
"2 Hải Đăng, Phường 2, Vũng Tàu, Bà Rịa - Vũng Tàu ",10.3344487,107.073061,The Hill Coffee,0968 809 868 ,100000.0,"100,000",4.5,Coffee Shop,https://www.google.com/maps/place/The+Hill+Coffee/data=!4m7!3m6!1s0x31756f5b4a499c0b:0xe792ae9e39de9b63!8m2!3d10.3344487!4d107.073061!16s%2Fg%2F11sds82h2z!19sChIJC5xJSltvdTERY5veOZ6ukuc?authuser=0&hl=en&rclk=1,https://www.facebook.com/thehillcoffeevt?mibextid=LQQJ4d
"13 Trần Phú, Phường 5, Vũng Tàu, Bà Rịa - Vũng Tàu 790000 ",10.3623694,107.0613371,Mi Amor Beach,0582 379 479 ,100000.0,"100,000",4.2,Coffee Shop,https://www.google.com/maps/place/Mi+Amor+Beach/data=!4m7!3m6!1s0x31756f40e76c76eb:0xe9d8a280b41be262!8m2!3d10.3623694!4d107.0613371!16s%2Fg%2F11k3hl3dxj!19sChIJ63Zs50BvdTERYuIbtICi2Ok?authuser=0&hl=en&rclk=1,
"5a Lương Văn Can, Phường 2, Vũng Tàu, Bà Rịa - Vũng Tàu 78207 ",10.3378,107.080451,Cafe Lavender,0948 568 368 ,100000.0,"100,000",4.9,Coffee Shop,https://www.google.com/maps/place/Cafe+Lavender/data=!4m7!3m6!1s0x31756fa5104456bd:0x9852a989c460f4ed!8m2!3d10.3378!4d107.080451!16s%2Fg%2F11sjls_8_t!19sChIJvVZEEKVvdTER7fRgxImpUpg?authuser=0&hl=en&rclk=1,
"9328+99H, Vũng Tàu, Bà Rịa - Vũng Tàu 78214 ",10.3509375,107.0659375,Coffee Suối Bên Biển,0792 774 982 ,100000.0,"100,000",4.2,Coffee Shop,https://www.google.com/maps/place/Coffee+Su%E1%BB%91i+B%C3%AAn+Bi%E1%BB%83n/data=!4m7!3m6!1s0x31756f002296b57d:0x5f181edcd529e014!8m2!3d10.3509375!4d107.0659375!16s%2Fg%2F11vz8bzh5l!19sChIJfbWWIgBvdTERFOAp1dweGF8?authuser=0&hl=en&rclk=1,
"1A Trần Phú, Phường 1, Vũng Tàu, Bà Rịa - Vũng Tàu 790000 ",10.3551541,107.0614119,Oasis Sea,0827 794 599 ,100000.0,"100,000",4.2,Coffee Shop,https://www.google.com/maps/place/Oasis+Sea/data=!4m7!3m6!1s0x31756f15b980327d:0x16cc11c6604077bb!8m2!3d10.3551541!4d107.0614119!16s%2Fg%2F11svf_b1bk!19sChIJfTKAuRVvdTERu3dAYMYRzBY?authuser=0&hl=en&rclk=1,https://www.facebook.com/OasisSeaCoffee/
"17 Trần Phú, Phường 5, Vũng Tàu, Bà Rịa - Vũng Tàu ",10.3630783,107.0615534,Beach Stop,0254 3816 668 ,100000.0,"100,000",4.1,Coffee Shop,https://www.google.com/maps/place/Beach+Stop/data=!4m7!3m6!1s0x31756fdabfa34753:0x963cf6d9f18f4797!8m2!3d10.3630783!4d107.0615534!16s%2Fg%2F11hk3_7c4_!19sChIJU0ejv9pvdTERl0eP8dn2PJY?authuser=0&hl=en&rclk=1,
"11 Lê Văn Tám, Phường 1, Vũng Tàu, Bà Rịa - Vũng Tàu ",10.3490238,107.0759884,Cafe Artmio,0363 226 919 ,100000.0,"100,000",4.4,Coffee Shop,https://www.google.com/maps/place/Cafe+Artmio/data=!4m7!3m6!1s0x31756f9315f307d5:0xdc0c3a4bd3ab5824!8m2!3d10.3490238!4d107.0759884!16s%2Fg%2F11c1rt1rj3!19sChIJ1QfzFZNvdTERJFir00s6DNw?authuser=0&hl=en&rclk=1,https://www.artmio.vn/
"34 Hoàng Văn Thụ, Phường 7, Vũng Tàu, Bà Rịa - Vũng Tàu ",10.3631051,107.0864796,Quán cafe sách MAKEDO,0397 073 369 ,100000.0,"100,000",4.8,Coffee Shop,https://www.google.com/maps/place/Qu%C3%A1n+cafe+s%C3%A1ch+MAKEDO/data=!4m7!3m6!1s0x31756f6f9f8f7831:0xb1f4b4f95f9a2b08!8m2!3d10.3631051!4d107.0864796!16s%2Fg%2F11h4bzjxpw!19sChIJMXiPn29vdTERCCuaX_m09LE?authuser=0&hl=en&rclk=1,http://facebook.com/makedobookcoffee
"15 Vi Ba, Phường 1, Vũng Tàu, Bà Rịa - Vũng Tàu ",10.3561702,107.0646935,Hayashi Coffee View Đẹp Vũng Tàu,0833 223 377 ,100000.0,"100,000",4.3,Coffee Shop,https://www.google.com/maps/place/Hayashi+Coffee+View+%C4%90%E1%BA%B9p+V%C5%A9ng+T%C3%A0u/data=!4m7!3m6!1s0x31756f005568a777:0x3435b444bc5bf996!8m2!3d10.3561702!4d107.0646935!16s%2Fg%2F11vpp4ycbj!19sChIJd6doVQBvdTERlvlbvES0NTQ?authuser=0&hl=en&rclk=1,http://hayashicoffee.com/
"126/17 Trần Phú, Phường 5, Vũng Tàu, Bà Rịa - Vũng Tàu ",10.3701773,107.0642543,Tiệm cà phê Dốc Trong Hẻm,0784 593 113 ,100000.0,"100,000",4.4,Coffee Shop,https://www.google.com/maps/place/Ti%E1%BB%87m+c%C3%A0+ph%C3%AA+D%E1%BB%91c+Trong+H%E1%BA%BBm/data=!4m7!3m6!1s0x31756f099b64dc45:0x151823035027399b!8m2!3d10.3701773!4d107.0642543!16s%2Fg%2F11sk3j13kx!19sChIJRdxkmwlvdTERmzknUAMjGBU?authuser=0&hl=en&rclk=1,https://www.facebook.com/tiemcaphedoctronghem
"126D Hoàng Hoa Thám, Phường 2, Vũng Tàu, Bà Rịa - Vũng Tàu 78207 ",10.337724,107.0853465,CARIBAN COFFEE,0868 210 268 ,null,,4.8,Coffee Shop,https://www.google.com/maps/place/CARIBAN+COFFEE/data=!4m7!3m6!1s0x31756f562a9aef3b:0x13f56fc768b35d21!8m2!3d10.337724!4d107.0853465!16s%2Fg%2F11fd0hqdpw!19sChIJO--aKlZvdTERIV2zaMdv9RM?authuser=0&hl=en&rclk=1,https://www.facebook.com/caribancoffee/
"28A Hải Đăng, Phường, Vũng Tàu, Bà Rịa - Vũng Tàu ",10.3353781,107.0789398,Sơn Đăng Cafe,,100000.0,"100,000",3.4,Coffee Shop,https://www.google.com/maps/place/S%C6%A1n+%C4%90%C4%83ng+Cafe/data=!4m7!3m6!1s0x31756f71b94caf31:0x75cbdb7d9f9f02d8!8m2!3d10.3353781!4d107.0789398!16s%2Fg%2F11rpq767dz!19sChIJMa9MuXFvdTER2AKfn33by3U?authuser=0&hl=en&rclk=1,
"90 Hạ Long, Phường 2, Vũng Tàu, Bà Rịa - Vũng Tàu ",10.3348517,107.071917,Gazebo,0865 459 299 ,100000.0,"100,000",4.1,Coffee Shop,https://www.google.com/maps/place/Gazebo/data=!4m7!3m6!1s0x31756f0070a5e615:0x9f4aa78c3c96b3a0!8m2!3d10.3348517!4d107.071917!16s%2Fg%2F11ft_2pdx4!19sChIJFealcABvdTERoLOWPIynSp8?authuser=0&hl=en&rclk=1,http://gazebo.com.vn/
"190 Lê Hồng Phong, Phường 7, Vũng Tàu, Bà Rịa - Vũng Tàu 79000 ",10.3572892,107.0813269,An An Coffee Station,0968 162 063 ,100000.0,"100,000",4.7,Coffee Shop,https://www.google.com/maps/place/An+An+Coffee+Station/data=!4m7!3m6!1s0x31756fc1f0ebb499:0x83712a1c2defe078!8m2!3d10.3572892!4d107.0813269!16s%2Fg%2F11h9vqqqjz!19sChIJmbTr8MFvdTEReODvLRwqcYM?authuser=0&hl=en&rclk=1,
"488 Thống Nhất Mới, Phường 8, Vũng Tàu, Bà Rịa - Vũng Tàu ",10.3605135,107.0918484,An Coffee Bean,,100000.0,"100,000",4.2,Coffee Shop,https://www.google.com/maps/place/An+Coffee+Bean/data=!4m7!3m6!1s0x31756f26a502777f:0x862dba4f28db4a94!8m2!3d10.3605135!4d107.0918484!16s%2Fg%2F11fqzvmnzx!19sChIJf3cCpSZvdTERlErbKE-6LYY?authuser=0&hl=en&rclk=1,https://www.facebook.com/ancoffeebeanvt/
"4 Lê Quý Đôn, Phường 1, Vũng Tàu, Bà Rịa - Vũng Tàu 79000 ",10.348595,107.0732996,Indochine Café,,100000.0,"100,000",3.9,Coffee Shop,https://www.google.com/maps/place/Indochine+Caf%C3%A9/data=!4m7!3m6!1s0x31756faf065e7ce3:0x5ef6a92b1608c797!8m2!3d10.348595!4d107.0732996!16s%2Fg%2F11q57tgkrv!19sChIJ43xeBq9vdTERl8cIFiup9l4?authuser=0&hl=en&rclk=1,https://www.facebook.com/dongduongcafe.vt
"103 Trần Phú, Phường 5, Vũng Tàu, Bà Rịa - Vũng Tàu 790000 ",10.3700874,107.0600364,GU CAFE,0767 278 868 ,100000.0,"100,000",4.4,Coffee Shop,https://www.google.com/maps/place/GU+CAFE/data=!4m7!3m6!1s0x31756fa5126c9d5f:0xce9a59d2aa92869d!8m2!3d10.3700874!4d107.0600364!16s%2Fg%2F11k45lxk5v!19sChIJX51sEqVvdTERnYaSqtJZms4?authuser=0&hl=en&rclk=1,
"55 Nguyễn Tri Phương, Phường 7, Vũng Tàu, Bà Rịa - Vũng Tàu ",10.3646379,107.0821989,She's Coffee,,100000.0,"100,000",4.2,Coffee Shop,https://www.google.com/maps/place/She%27s+Coffee/data=!4m7!3m6!1s0x31756fc668d923f3:0x3f2f29521e0d3e2f!8m2!3d10.3646379!4d107.0821989!16s%2Fg%2F11cs3v8lf9!19sChIJ8yPZaMZvdTERLz4NHlIpLz8?authuser=0&hl=en&rclk=1,
"132 Hạ Long, Phường 2, Vũng Tàu, Bà Rịa - Vũng Tàu ",10.3397457,107.072392,Snow Cafe,0896 436 828 ,100000.0,"100,000",4.5,Coffee Shop,https://www.google.com/maps/place/Snow+Cafe/data=!4m7!3m6!1s0x31756f68ebc6f131:0x53ed804b2e3ed677!8m2!3d10.3397457!4d107.072392!16s%2Fg%2F11q9j4nd5c!19sChIJMfHG62hvdTERd9Y-LkuA7VM?authuser=0&hl=en&rclk=1,https://www.facebook.com/SnOw-Cafe-V%C5%A9ng-T%C3%A0u-105149592153008
"1 Trần Phú, Phường 1, Vũng Tàu, Bà Rịa - Vũng Tàu ",10.3554908,107.0612399,Coffee Sea & Sun 1,,100000.0,"100,000",4.1,Coffee Shop,https://www.google.com/maps/place/Coffee+Sea+%26+Sun+1/data=!4m7!3m6!1s0x31756fdf0df22967:0xbd82a2739f9200f5!8m2!3d10.3554908!4d107.0612399!16s%2Fg%2F11khr0rkgr!19sChIJZynyDd9vdTER9QCSn3Oigr0?authuser=0&hl=en&rclk=1,
"28 Trần Phú, Phường 1, Vũng Tàu, Bà Rịa - Vũng Tàu 790000 ",10.3530533,107.064131,Seaside Garden Coffee,,100000.0,"100,000",3.7,Coffee Shop,https://www.google.com/maps/place/Seaside+Garden+Coffee/data=!4m7!3m6!1s0x31756feb91786935:0xddf96c1d63298854!8m2!3d10.3530533!4d107.064131!16s%2Fg%2F11v0m2l974!19sChIJNWl4ketvdTERVIgpYx1s-d0?authuser=0&hl=en&rclk=1,
"09 Đường Bùi Công Minh, Phường 8, Vũng Tàu, Bà Rịa - Vũng Tàu ",10.3510351,107.0955049,Ngọc Tước Book Cafe,0908 124 552 ,100000.0,"100,000",4.1,Coffee Shop,https://www.google.com/maps/place/Ng%E1%BB%8Dc+T%C6%B0%E1%BB%9Bc+Book+Cafe/data=!4m7!3m6!1s0x31756fe14ac845b7:0xc327ebee3cc75183!8m2!3d10.3510351!4d107.0955049!16s%2Fg%2F11b76tvxbd!19sChIJt0XISuFvdTERg1HHPO7rJ8M?authuser=0&hl=en&rclk=1,https://www.ngoctuocbookcafe.com/
"100 Bình Giã, Phường 8, Vũng Tàu, Bà Rịa - Vũng Tàu ",10.3539364,107.0914754,Cà phê Nét Xưa,0918 753 584 ,100000.0,"100,000",4.3,Coffee Shop,https://www.google.com/maps/place/C%C3%A0+ph%C3%AA+N%C3%A9t+X%C6%B0a/data=!4m7!3m6!1s0x31756fe797985301:0x53e6294f1cd1a8bb!8m2!3d10.3539364!4d107.0914754!16s%2Fg%2F11b6z6y46h!19sChIJAVOYl-dvdTERu6jRHE8p5lM?authuser=0&hl=en&rclk=1,
"430 Thống Nhất Mới, Phường 8, Vũng Tàu, Bà Rịa - Vũng Tàu 78000 ",10.3589254,107.0907538,The Station Of Life 5 - Trạm Dừng Mùa Hạ,0886 604 947 ,100000.0,"100,000",4.2,Coffee Shop,https://www.google.com/maps/place/The+Station+Of+Life+5+-+Tr%E1%BA%A1m+D%E1%BB%ABng+M%C3%B9a+H%E1%BA%A1/data=!4m7!3m6!1s0x31756feb9d179a01:0x292c8cee2a93b431!8m2!3d10.3589254!4d107.0907538!16s%2Fg%2F11s78r3x73!19sChIJAZoXnetvdTERMbSTKu6MLCk?authuser=0&hl=en&rclk=1,
"Đ. Hai Bà Trưng, TT. Long Hải, Long Điền, Bà Rịa - Vũng Tàu 78412 ",10.3907967,107.2299278,1991's Coffee & Beer,0888 835 088 ,100000.0,"100,000",4.3,Coffee Shop,https://www.google.com/maps/place/1991%27s+Coffee+%26+Beer/data=!4m7!3m6!1s0x3175776fcfe124ab:0xfa72f7c77fd3fdc0!8m2!3d10.3907967!4d107.2299278!16s%2Fg%2F11lg2_wfw0!19sChIJqyThz293dTERwP3Tf8f3cvo?authuser=0&hl=en&rclk=1,https://www.facebook.com/1991s.Coffee/
"City, 12 Hải Đăng, Phường 2, Vũng Tàu, Bà Rịa - Vũng Tàu 78000 ",10.3399685,107.0743088,The View Hải Đăng,0907 050 653 ,100000.0,"100,000",4.3,Coffee Shop,https://www.google.com/maps/place/The+View+H%E1%BA%A3i+%C4%90%C4%83ng/data=!4m7!3m6!1s0x31756f3fe77d7aeb:0xb9abb5e63778f6c1!8m2!3d10.3399685!4d107.0743088!16s%2Fg%2F11swy1fr_0!19sChIJ63p95z9vdTERwfZ4N-a1q7k?authuser=0&hl=en&rclk=1,
"460 Nguyễn An Ninh, Vũng Tàu, Bà Rịa - Vũng Tàu ",10.3622537,107.094738,Cafe Vũng Tàu,,null,,4.0,Coffee Shop,https://www.google.com/maps/place/Cafe+V%C5%A9ng+T%C3%A0u/data=!4m7!3m6!1s0x31756f94d1ecb4fd:0x3a33911347c5058c!8m2!3d10.3622537!4d107.094738!16s%2Fg%2F11khd4btc2!19sChIJ_bTs0ZRvdTERjAXFRxORMzo?authuser=0&hl=en&rclk=1,
"2 Trần Hưng Đạo, Phường 3, Vũng Tàu, Bà Rịa - Vũng Tàu ",10.3419543,107.0779277,Lan Rừng Coffee & Restaurant,0254 3530 713 ,null,,4.1,Coffee Shop,https://www.google.com/maps/place/Lan+R%E1%BB%ABng+Coffee+%26+Restaurant/data=!4m7!3m6!1s0x31756ff32c58272d:0x9d7c4b07dd1f9639!8m2!3d10.3419543!4d107.0779277!16s%2Fg%2F1tfm8qx0!19sChIJLSdYLPNvdTEROZYf3QdLfJ0?authuser=0&hl=en&rclk=1,https://www.lanrungresort.com/
"Công viên, C1-B1 Đường Sách, Quang Trung, Phường 1, Vũng Tàu, Bà Rịa - Vũng Tàu ",10.3472456,107.0729893,E COFFEE,0789 860 068 ,100000.0,"100,000",4.1,Coffee Shop,https://www.google.com/maps/place/E+COFFEE/data=!4m7!3m6!1s0x31756f5da08def87:0x129bfe9f9ab6dddf!8m2!3d10.3472456!4d107.0729893!16s%2Fg%2F11lq6dq9d1!19sChIJh--NoF1vdTER3922mp_-mxI?authuser=0&hl=en&rclk=1,
"75 Thùy Vân, P.2, Vũng Tàu, Bà Rịa - Vũng Tàu 78000 ",10.3322911,107.0890383,Highlands Coffee,0254 7302 026 ,100000.0,"100,000",4.4,Coffee Shop,https://www.google.com/maps/place/Highlands+Coffee/data=!4m7!3m6!1s0x31756539f0292a39:0xe1c22cfbee8cbf54!8m2!3d10.3322911!4d107.0890383!16s%2Fg%2F11s8j53k7z!19sChIJOSop8DlldTERVL-M7vsswuE?authuser=0&hl=en&rclk=1,https://www.highlandscoffee.com.vn/
"1 Trương Vĩnh Ký, Phường 1, Vũng Tàu, Bà Rịa - Vũng Tàu 78000 ",10.350408,107.0718109,Salt Water,0908 115 253 ,100000.0,"100,000",4.4,Coffee Shop,https://www.google.com/maps/place/Salt+Water/data=!4m7!3m6!1s0x31756fce22f9208b:0xcc74658cd06b9b8f!8m2!3d10.350408!4d107.0718109!16s%2Fg%2F11qn167yd2!19sChIJiyD5Is5vdTERj5tr0IxldMw?authuser=0&hl=en&rclk=1,
"148 Hoàng Hoa Thám, Phường 2, Vũng Tàu, Bà Rịa - Vũng Tàu ",10.3356662,107.0863938,Highlands Coffee Hoang Hoa Tham Vung Tau,0254 3810 898 ,100000.0,"100,000",4.2,Coffee Shop,https://www.google.com/maps/place/Highlands+Coffee+Hoang+Hoa+Tham+Vung+Tau/data=!4m7!3m6!1s0x31756ff65353a099:0xcf0fa32120a38edb!8m2!3d10.3356662!4d107.0863938!16s%2Fg%2F11c2022svb!19sChIJmaBTU_ZvdTER246jICGjD88?authuser=0&hl=en&rclk=1,https://www.highlandscoffee.com.vn/
"77 Đ. 2 Tháng 9, Phường 12, Vũng Tàu, Bà Rịa - Vũng Tàu 78000 ",10.4071535,107.1510686,Lion Coffee,0962 858 572 ,null,,4.4,Coffee Shop,https://www.google.com/maps/place/Lion+Coffee/data=!4m7!3m6!1s0x31756fee935b787f:0x2ef1874fbac4436!8m2!3d10.4071535!4d107.1510686!16s%2Fg%2F1hc3wtc8t!19sChIJf3hbk-5vdTERNkSs-3QY7wI?authuser=0&hl=en&rclk=1,https://lioncafe.vn/
"303 Nguyễn Hữu Cảnh, Phường Thống Nhất, Vũng Tàu, Bà Rịa - Vũng Tàu ",10.3825811,107.1101895,Infinity Coffee,,null,,4.3,Coffee Shop,https://www.google.com/maps/place/Infinity+Coffee/data=!4m7!3m6!1s0x317571b3ae770ff1:0x5cf6426833c79482!8m2!3d10.3825811!4d107.1101895!16s%2Fg%2F11pld3f1f6!19sChIJ8Q93rrNxdTERgpTHM2hC9lw?authuser=0&hl=en&rclk=1,
"38 Cầu Cháy, Phường 12, Vũng Tàu, Bà Rịa - Vũng Tàu ",10.4108695,107.1403665,Sunshine Coffee & Tea,0862 979 839 ,null,,4.7,Coffee Shop,https://www.google.com/maps/place/Sunshine+Coffee+%26+Tea/data=!4m7!3m6!1s0x31757100273878c3:0xd84227f8c167ec1d!8m2!3d10.4108695!4d107.1403665!16s%2Fg%2F11xfl6kbf_!19sChIJw3g4JwBxdTERHexnwfgnQtg?authuser=0&hl=en&rclk=1,https://www.facebook.com/share/1ZXAvQk41R/
"24 Hải Đăng, Phường 2, Vũng Tàu, Bà Rịa - Vũng Tàu ",10.3383898,107.0765978,Hải Đăng Cafe,0933 802 029 ,100000.0,"100,000",4.3,Coffee Shop,https://www.google.com/maps/place/H%E1%BA%A3i+%C4%90%C4%83ng+Cafe/data=!4m7!3m6!1s0x31756f8b4ae78793:0xfc118c60a9d1a527!8m2!3d10.3383898!4d107.0765978!16s%2Fg%2F11b6mr0hhk!19sChIJk4fnSotvdTERJ6XRqWCMEfw?authuser=0&hl=en&rclk=1,
"39 Trần Phú, Phường 5, Vũng Tàu, Bà Rịa - Vũng Tàu ",10.3657282,107.0624833,NaLi Beach,0934 496 778 ,100000.0,"100,000",4.0,Coffee Shop,https://www.google.com/maps/place/NaLi+Beach/data=!4m7!3m6!1s0x31756ff2beb7f0b3:0x9a0b9906d0224462!8m2!3d10.3657282!4d107.0624833!16s%2Fg%2F11s5mnf0mv!19sChIJs_C3vvJvdTERYkQi0AaZC5o?authuser=0&hl=en&rclk=1,
"19 Thanh Tịnh, Phường 10, Vũng Tàu, Bà Rịa - Vũng Tàu ",10.3794222,107.1138629,Drink Me Coffee,0982 919 932 ,100000.0,"100,000",4.4,Coffee Shop,https://www.google.com/maps/place/Drink+Me+Coffee/data=!4m7!3m6!1s0x317571cd9214ec8b:0x7e8927bc280f2339!8m2!3d10.3794222!4d107.1138629!16s%2Fg%2F11c1pr9ggl!19sChIJi-wUks1xdTEROSMPKLwniX4?authuser=0&hl=en&rclk=1,
"422 Lê Hồng Phong, Phường 8, Vũng Tàu, Bà Rịa - Vũng Tàu 78000 ",10.3504966,107.0902335,Tema Cafe,,100000.0,"100,000",4.7,Coffee Shop,https://www.google.com/maps/place/Tema+Cafe/data=!4m7!3m6!1s0x31756f006ba7012d:0x6138f2c61a36b28d!8m2!3d10.3504966!4d107.0902335!16s%2Fg%2F11vscvx2x_!19sChIJLQGnawBvdTERjbI2GsbyOGE?authuser=0&hl=en&rclk=1,
"82 Phan Chu Trinh, Phường 2, Vũng Tàu, Bà Rịa - Vũng Tàu ",10.3367744,107.0807315,Ly's Cafe,0986 905 052 ,200000.0,"200,000",4.7,Coffee Shop,https://www.google.com/maps/place/Ly%27s+Cafe/data=!4m7!3m6!1s0x31756ff5b5d39217:0xc3eac3f6064243ae!8m2!3d10.3367744!4d107.0807315!16s%2Fg%2F11dxc_trcr!19sChIJF5LTtfVvdTERrkNCBvbD6sM?authuser=0&hl=en&rclk=1,https://www.facebook.com/lylynguyen82/about/?_rdr
"02 Đ. Ven Biển, Phường 12, Vũng Tàu, Bà Rịa - Vũng Tàu ",10.4151732,107.1642691,Cafe Bờ Hồ,0908 213 869 ,100000.0,"100,000",4.4,Coffee Shop,https://www.google.com/maps/place/Cafe+B%E1%BB%9D+H%E1%BB%93/data=!4m7!3m6!1s0x317571c32ec48f77:0xeb1f670c2b43dcc0!8m2!3d10.4151732!4d107.1642691!16s%2Fg%2F11rzgs30dz!19sChIJd4_ELsNxdTERwNxDKwxnH-s?authuser=0&hl=en&rclk=1,
"3 Hạ Long, Phường 2, Vũng Tàu, Bà Rịa - Vũng Tàu 78000 ",10.3268623,107.0809466,Marina Club - Cafe & Lounge,1900 292977 ,null,,4.2,Coffee Shop,https://www.google.com/maps/place/Marina+Club+-+Cafe+%26+Lounge/data=!4m7!3m6!1s0x317565bf0a63e755:0xe67ec3952316c871!8m2!3d10.3268623!4d107.0809466!16s%2Fg%2F11rvbgbgfq!19sChIJVedjCr9ldTERccgWI5XDfuY?authuser=0&hl=en&rclk=1,https://marinaseafood.com.vn/
"Đ. Chí Linh 26/D6-2/6 TTĐT Chí Linh, Phường 10, Vũng Tàu, Bà Rịa - Vũng Tàu 790000 ",10.3781328,107.1153709,LAM KIỀU COFFEE GARDEN,0966 948 878 ,100000.0,"100,000",4.3,Coffee Shop,https://www.google.com/maps/place/LAM+KI%E1%BB%80U+COFFEE+GARDEN/data=!4m7!3m6!1s0x317571d0bfa9bedd:0x8a02b42b7a7d6b37!8m2!3d10.3781328!4d107.1153709!16s%2Fg%2F11v04v1jjr!19sChIJ3b6pv9BxdTERN2t9eiu0Aoo?authuser=0&hl=en&rclk=1,
"9328+5GJ, Vũng Tàu, Bà Rịa - Vũng Tàu 78214 ",10.35051,107.0662709,In The Sea Restaurant & Coffee,0934 496 778 ,100000.0,"100,000",4.0,Coffee Shop,https://www.google.com/maps/place/In+The+Sea+Restaurant+%26+Coffee/data=!4m7!3m6!1s0x31756f471ab894e3:0x217fd20a0f94a22a!8m2!3d10.35051!4d107.0662709!16s%2Fg%2F11w58zgzhq!19sChIJ45S4GkdvdTERKqKUDwrSfyE?authuser=0&hl=en&rclk=1,https://www.facebook.com/profile.php?id=61562246955835
"90a Hạ Long, Phường 2, Vũng Tàu, Bà Rịa - Vũng Tàu ",10.33501,107.0720173,The Busa Park Vũng Tàu,0918 176 878 ,100000.0,"100,000",2.8,Coffee Shop,https://www.google.com/maps/place/The+Busa+Park+V%C5%A9ng+T%C3%A0u/data=!4m7!3m6!1s0x31756fcf25b58a4d:0xc57843ff445e95b3!8m2!3d10.33501!4d107.0720173!16s%2Fg%2F11tjm9r2cl!19sChIJTYq1Jc9vdTERs5VeRP9DeMU?authuser=0&hl=en&rclk=1,https://www.facebook.com/thebusaparkvungtau
"9346+Q45, Trần Phú, Phường 5, Vũng Tàu, Bà Rịa - Vũng Tàu ",10.3567619,107.0605391,Sea & Sun 2,0971 646 812 ,100000.0,"100,000",3.9,Coffee Shop,https://www.google.com/maps/place/Sea+%26+Sun+2/data=!4m7!3m6!1s0x31756f7581fd0f31:0x2096830c83e8c60a!8m2!3d10.3567619!4d107.0605391!16s%2Fg%2F11kpf6_3vp!19sChIJMQ_9gXVvdTERCsbogwyDliA?authuser=0&hl=en&rclk=1,
"C46X+PM2, Phường 12, Vũng Tàu, Bà Rịa - Vũng Tàu 78200 ",10.4123052,107.149856,Vườn của Giấy Coffee & Tea,,100000.0,"100,000",5.0,Coffee Shop,https://www.google.com/maps/place/V%C6%B0%E1%BB%9Dn+c%E1%BB%A7a+Gi%E1%BA%A5y+Coffee+%26+Tea/data=!4m7!3m6!1s0x3175710064ea387d:0xb1669e8b451a6242!8m2!3d10.4123052!4d107.149856!16s%2Fg%2F11y99__bv2!19sChIJfTjqZABxdTERQmIaRYueZrE?authuser=0&hl=en&rclk=1,
"62 Cù Chính Lan, Nguyễn An Ninh, Vũng Tàu, Bà Rịa - Vũng Tàu ",10.3783558,107.1104507,Cafe Hội Ngộ,0969 760 333 ,100000.0,"100,000",4.1,Coffee Shop,https://www.google.com/maps/place/Cafe+H%E1%BB%99i+Ng%E1%BB%99/data=!4m7!3m6!1s0x3175719b72d64cdd:0x5c797e9768bc67bc!8m2!3d10.3783558!4d107.1104507!16s%2Fg%2F11p3v_y9jd!19sChIJ3UzWcptxdTERvGe8aJd-eVw?authuser=0&hl=en&rclk=1,
"23 Huyền Trân Công Chúa, Phường 8, Vũng Tàu, Bà Rịa - Vũng Tàu ",10.3550697,107.0865115,Mộng coffee,0974 538 604 ,100000.0,"100,000",4.3,Coffee Shop,https://www.google.com/maps/place/M%E1%BB%99ng+coffee/data=!4m7!3m6!1s0x31756fe82c8d4553:0xff488365c32ae63d!8m2!3d10.3550697!4d107.0865115!16s%2Fg%2F11f122yczq!19sChIJU0WNLOhvdTERPeYqw2WDSP8?authuser=0&hl=en&rclk=1,
"Ba Tháng Hai, Phường 10, Vũng Tàu, Bà Rịa - Vũng Tàu ",10.3761382,107.114535,Chà Phê,0343 040 072 ,null,,4.7,Coffee Shop,https://www.google.com/maps/place/Ch%C3%A0+Ph%C3%AA/data=!4m7!3m6!1s0x317571cd39c1aab3:0xc7c382d4d3e60fa1!8m2!3d10.3761382!4d107.114535!16s%2Fg%2F11g9w75s_g!19sChIJs6rBOc1xdTERoQ_m09SCw8c?authuser=0&hl=en&rclk=1,http://bit.ly/order-online-chaphe
"69 Ba Cu, Phường 4, Vũng Tàu, Bà Rịa - Vũng Tàu ",10.3506396,107.0777877,Cộng Cà phê,0911 791 148 ,100000.0,"100,000",4.2,Coffee Shop,https://www.google.com/maps/place/C%E1%BB%99ng+C%C3%A0+ph%C3%AA/data=!4m7!3m6!1s0x31756fc2af120b15:0x212ace872e17b285!8m2!3d10.3506396!4d107.0777877!16s%2Fg%2F11l7wgj0wd!19sChIJFQsSr8JvdTERhbIXLofOKiE?authuser=0&hl=en&rclk=1,https://congcaphe.com/
"47 Trần Phú, Phường 5, Vũng Tàu, Bà Rịa - Vũng Tàu 790000 ",10.3664001,107.0626389,Sea & Sun 3 Coffee,0971 646 812 ,100000.0,"100,000",3.7,Coffee Shop,https://www.google.com/maps/place/Sea+%26+Sun+3+Coffee/data=!4m7!3m6!1s0x31756f21c5010fdd:0x6c3bbb10bb8947f8!8m2!3d10.3664001!4d107.0626389!16s%2Fg%2F11l394z7bq!19sChIJ3Q8BxSFvdTER-EeJuxC7O2w?authuser=0&hl=en&rclk=1,
"Bình Giã/780/8 Đ. 2 Tháng 9, Phường 10, Vũng Tàu, Bà Rịa - Vũng Tàu ",10.3861403,107.1196781,Cafe Khang Linh,0336 858 858 ,100000.0,"100,000",4.5,Coffee Shop,https://www.google.com/maps/place/Cafe+Khang+Linh/data=!4m7!3m6!1s0x317571afc4bdba81:0x3978dc491a4ee8e8!8m2!3d10.3861403!4d107.1196781!16s%2Fg%2F11jzbm2w_r!19sChIJgbq9xK9xdTER6OhOGknceDk?authuser=0&hl=en&rclk=1,https://www.nhaxevuongkieuvungtau72.com/
"4 Thống Nhất, Phường 1, Vũng Tàu, Bà Rịa - Vũng Tàu 78000 ",10.3455316,107.0770571,Cộng Cà Phê,0911 186 620 ,100000.0,"100,000",4.1,Coffee Shop,https://www.google.com/maps/place/C%E1%BB%99ng+C%C3%A0+Ph%C3%AA/data=!4m7!3m6!1s0x31756f15871d208b:0x481d2495f75af92d!8m2!3d10.3455316!4d107.0770571!16s%2Fg%2F11swl413mh!19sChIJiyAdhxVvdTERLfla95UkHUg?authuser=0&hl=en&rclk=1,https://congcaphe.com/
"C43V+3RP, 1592a Đ. 2 Tháng 9, Phường 12, Vũng Tàu, Bà Rịa - Vũng Tàu ",10.4027056,107.1445879,Lalaland Coffee,,null,,4.6,Coffee Shop,https://www.google.com/maps/place/Lalaland+Coffee/data=!4m7!3m6!1s0x3175710d9a2a0bdf:0x7380e53ac52cdb8!8m2!3d10.4027056!4d107.1445879!16s%2Fg%2F11k50f8xhb!19sChIJ3wsqmg1xdTERuM1SrFMOOAc?authuser=0&hl=en&rclk=1,
"C575+5P5, Phước Thắng, Phường 12, Vũng Tàu, Bà Rịa - Vũng Tàu ",10.4128756,107.1593483,Cafe Mỹ Tâm,,null,,4.4,Coffee Shop,https://www.google.com/maps/place/Cafe+M%E1%BB%B9+T%C3%A2m/data=!4m7!3m6!1s0x3175717ccf10f187:0x6e6f258400295b77!8m2!3d10.4128756!4d107.1593483!16s%2Fg%2F11hbg7z981!19sChIJh_EQz3xxdTERd1spAIQlb24?authuser=0&hl=en&rclk=1,
"206 Nguyễn Hữu Cảnh, Phường Thống Nhất, Vũng Tàu, Bà Rịa - Vũng Tàu ",10.3878734,107.1062573,Forny with nuts,,100000.0,"100,000",4.5,Coffee Shop,https://www.google.com/maps/place/Forny+with+nuts/data=!4m7!3m6!1s0x3175716d85fe051f:0x527d839ed2d4755!8m2!3d10.3878734!4d107.1062573!16s%2Fg%2F11pz2qm3sv!19sChIJHwX-hW1xdTERVUct7TnYJwU?authuser=0&hl=en&rclk=1,
"10 Lý Thường Kiệt, Phường 1, Vũng Tàu, Bà Rịa - Vũng Tàu ",10.3459995,107.0780977,Olivia Hotel & Cafe Vũng Tàu,0838 395 939 ,null,,4.5,Coffee Shop,https://www.google.com/maps/place/Olivia+Hotel+%26+Cafe+V%C5%A9ng+T%C3%A0u/data=!4m10!3m9!1s0x31756f6694350c97:0x76b19c9ba8fc4988!5m2!4m1!1i2!8m2!3d10.3459995!4d107.0780977!16s%2Fg%2F11s641trmc!19sChIJlww1lGZvdTERiEn8qJucsXY?authuser=0&hl=en&rclk=1,https://www.facebook.com/oliviahotelvungtau.info
"66 Trần Hưng Đạo, Phường 1, Vũng Tàu, Bà Rịa - Vũng Tàu 02543 ",10.3474362,107.0759877,Cà phê ông già,0908 850 205 ,100000.0,"100,000",4.3,Coffee Shop,https://www.google.com/maps/place/C%C3%A0+ph%C3%AA+%C3%B4ng+gi%C3%A0/data=!4m7!3m6!1s0x31756fb8072fbb63:0xf732ad232dccbb82!8m2!3d10.3474362!4d107.0759877!16s%2Fg%2F11h1c3gvt3!19sChIJY7svB7hvdTERgrvMLSOtMvc?authuser=0&hl=en&rclk=1,
"778a Đ. 30 Tháng 4, Phường 11, Vũng Tàu, Bà Rịa - Vũng Tàu ",10.4037732,107.1252169,Sarang Coffee & Nail Spa,0356 856 686 ,100000.0,"100,000",5.0,Coffee Shop,https://www.google.com/maps/place/Sarang+Coffee+%26+Nail+Spa/data=!4m7!3m6!1s0x317571f39f32859d:0x2fa34091077dae09!8m2!3d10.4037732!4d107.1252169!16s%2Fg%2F11kh__l8w5!19sChIJnYUyn_NxdTERCa59B5FAoy8?authuser=0&hl=en&rclk=1,
"484/13 Đ. 30 Tháng 4, Phường Rạch Rừa, Vũng Tàu, Bà Rịa - Vũng Tàu 790000 ",10.3964097,107.1148589,Tuệ Coffee - Tuepuccino,0948 270 470 ,100000.0,"100,000",4.9,Coffee Shop,https://www.google.com/maps/place/Tu%E1%BB%87+Coffee+-+Tuepuccino/data=!4m7!3m6!1s0x317571d43d96f3d5:0x6570a2d38ce40c80!8m2!3d10.3964097!4d107.1148589!16s%2Fg%2F11v63bm7nm!19sChIJ1fOWPdRxdTERgAzkjNOicGU?authuser=0&hl=en&rclk=1,
"70 Nơ Trang Long, Phường Rạch Rừa, Vũng Tàu, Bà Rịa - Vũng Tàu ",10.3942845,107.1119249,Arobi Coffee,,100000.0,"100,000",4.4,Coffee Shop,https://www.google.com/maps/place/Arobi+Coffee/data=!4m7!3m6!1s0x317571cbdba04053:0x56d63749ef2126c!8m2!3d10.3942845!4d107.1119249!16s%2Fg%2F11k3y43xly!19sChIJU0Cg28txdTERbBLynnRjbQU?authuser=0&hl=en&rclk=1,
"381/4 Cách Mạng Tháng Tám, Phước Nguyễn, Bà Rịa, Bà Rịa - Vũng Tàu 78000 ",10.4946472,107.1784921,UP Garden Cafe,0907 110 974 ,100000.0,"100,000",4.4,Coffee Shop,https://www.google.com/maps/place/UP+Garden+Cafe/data=!4m7!3m6!1s0x3175734ed1eb91af:0xa7bca9c7e1330906!8m2!3d10.4946472!4d107.1784921!16s%2Fg%2F11b6dpnpv7!19sChIJr5Hr0U5zdTERBgkz4cepvKc?authuser=0&hl=en&rclk=1,http://upgardencafe.com/
"C583+77Q, Hẻm 32 Nguyễn Gia Thiều, Phường 12, Vũng Tàu, Bà Rịa - Vũng Tàu ",10.4157169,107.1532357,BiTý,0901 695 186 ,null,,5.0,Coffee Shop,https://www.google.com/maps/place/BiT%C3%BD/data=!4m7!3m6!1s0x3175710078872b55:0x81f8155fa0c2e1fb!8m2!3d10.4157169!4d107.1532357!16s%2Fg%2F11xyk3fdvt!19sChIJVSuHeABxdTER--HCoF8V-IE?authuser=0&hl=en&rclk=1,
"7 Khu Khang Linh, Phường 11, Vũng Tàu, Bà Rịa - Vũng Tàu ",10.384591,107.127768,Ikigai Coffee & books,,null,,5.0,Coffee Shop,https://www.google.com/maps/place/Ikigai+Coffee+%26+books/data=!4m7!3m6!1s0x3175710000d44fe9:0x785de70ae114a498!8m2!3d10.384591!4d107.127768!16s%2Fg%2F11xryt3nl3!19sChIJ6U_UAABxdTERmKQU4QrnXXg?authuser=0&hl=en&rclk=1,
"21B2 Đ. 3 Tháng 2, Phường 8, Vũng Tàu, Bà Rịa - Vũng Tàu 79000 ",10.3518262,107.0934914,Xưởng Kem Hoa Dalat - VŨNG TÀU,0972 197 347 ,100000.0,"100,000",4.3,Coffee Shop,https://www.google.com/maps/place/X%C6%B0%E1%BB%9Fng+Kem+Hoa+Dalat+-+V%C5%A8NG+T%C3%80U/data=!4m7!3m6!1s0x31756fa5a0bfa7c7:0xcd3286feae5d21fd!8m2!3d10.3518262!4d107.0934914!16s%2Fg%2F11s5vbg0cm!19sChIJx6e_oKVvdTER_SFdrv6GMs0?authuser=0&hl=en&rclk=1,
"629 Đ. 30 Tháng 4, Phường Rạch Rừa, Vũng Tàu, Bà Rịa - Vũng Tàu ",10.3996053,107.116049,GIGISUSU CAFÉ,0937 836 499 ,100000.0,"100,000",5.0,Coffee Shop,https://www.google.com/maps/place/GIGISUSU+CAF%C3%89/data=!4m7!3m6!1s0x3175710afe95db1f:0xfd374acfb81b0635!8m2!3d10.3996053!4d107.116049!16s%2Fg%2F11y25153kh!19sChIJH9uV_gpxdTERNQYbuM9KN_0?authuser=0&hl=en&rclk=1,
"C555+RW, Phường 12, Vũng Tàu, Bà Rịa - Vũng Tàu ",10.4091154,107.1597463,The Light Coffee,0908 409 911 ,null,,5.0,Coffee Shop,https://www.google.com/maps/place/The+Light+Coffee/data=!4m7!3m6!1s0x317571000090f1cd:0xf7da16534b93268d!8m2!3d10.4091154!4d107.1597463!16s%2Fg%2F11xf6sfxz6!19sChIJzfGQAABxdTERjSaTS1MW2vc?authuser=0&hl=en&rclk=1,http://hodecoms.vn/
"54 Trần Hưng Đạo, Phường 1, Vũng Tàu, Bà Rịa - Vũng Tàu ",10.3460771,107.0764671,Highlands Coffee Kim Minh Plaza Vung Tau,0254 3810 988 ,100000.0,"100,000",4.1,Coffee Shop,https://www.google.com/maps/place/Highlands+Coffee+Kim+Minh+Plaza+Vung+Tau/data=!4m7!3m6!1s0x31756f92bbc21efd:0x2662b551936617fe!8m2!3d10.3460771!4d107.0764671!16s%2Fg%2F11bzr876s4!19sChIJ_R7Cu5JvdTER_hdmk1G1YiY?authuser=0&hl=en&rclk=1,https://www.highlandscoffee.com.vn/
"85 Thùy Vân, Phường 2, Vũng Tàu, Bà Rịa - Vũng Tàu ",10.3333249,107.0889414,Cafe Sài Gòn,0254 3852 317 ,null,,3.8,Coffee Shop,https://www.google.com/maps/place/Cafe+S%C3%A0i+G%C3%B2n/data=!4m7!3m6!1s0x317565501caf7d29:0xedea98a6fe642c91!8m2!3d10.3333249!4d107.0889414!16s%2Fg%2F11s4dgt1b8!19sChIJKX2vHFBldTERkSxk_qaY6u0?authuser=0&hl=en&rclk=1,
"16 Ng. Yên Thế, Văn Miếu – Quốc Tử Giám, Đống Đa, Hà Nội ",21.0286573,105.8402251,Lermalermer,024 3276 7123 ,100000.0,"100,000",4.7,Coffee Shop,https://www.google.com/maps/place/Lermalermer/data=!4m7!3m6!1s0x3135ab76bfb0291f:0x9d4a17b6b0f70c64!8m2!3d21.0286573!4d105.8402251!16s%2Fg%2F11fmyj_6lv!19sChIJHymwv3arNTERZAz3sLYXSp0?authuser=0&hl=en&rclk=1,
"14 P. Tống Duy Tân, Hàng Bông, Hoàn Kiếm, Hà Nội ",21.0293721,105.8435468,Xofa Cafe,024 3717 1555 ,200000.0,"200,000",4.4,Coffee Shop,https://www.google.com/maps/place/Xofa+Cafe/data=!4m7!3m6!1s0x3135ab97b31767df:0x68fa0f477f55a7b2!8m2!3d21.0293721!4d105.8435468!16s%2Fg%2F11bytmqbwv!19sChIJ32cXs5erNTERsqdVf0cP-mg?authuser=0&hl=en&rclk=1,https://www.facebook.com/xofacafe
"in the alley, 89 Mã Mây, Hàng Buồm, Hoàn Kiếm, Hà Nội 100000 ",21.0343596,105.8534812,Nola Cafe & Bar,0865 596 190 ,100000.0,"100,000",4.7,Coffee Shop,https://www.google.com/maps/place/Nola+Cafe+%26+Bar/data=!4m7!3m6!1s0x3135ab3d56e72d0f:0xda7783c8c1783743!8m2!3d21.0343596!4d105.8534812!16s%2Fg%2F11s4cdx8tw!19sChIJDy3nVj2rNTERQzd4wciDd9o?authuser=0&hl=en&rclk=1,https://www.facebook.com/Nola.in.hanoi
"Hei Tower, 1 P. Ngụy Như Kon Tum, Nhân Chính, Thanh Xuân, Hà Nội ",21.0031028,105.805544,Trill Rooftop Cafe,024 3203 4999 ,100000.0,"100,000",4.2,Coffee Shop,https://www.google.com/maps/place/Trill+Rooftop+Cafe/data=!4m7!3m6!1s0x3135ac987f479bbb:0x785752ff6f1c697b!8m2!3d21.0031028!4d105.805544!16s%2Fg%2F11cpp5bgdt!19sChIJu5tHf5isNTERe2kcb_9SV3g?authuser=0&hl=en&rclk=1,https://m.facebook.com/trillgroup/?locale2=vi_VN
"4A Ng. Gạch, Hàng Buồm, Hoàn Kiếm, Hà Nội ",21.0363616,105.8506091,Ta Coffee,0359 943 398 ,100000.0,"100,000",4.8,Coffee Shop,https://www.google.com/maps/place/Ta+Coffee/data=!4m7!3m6!1s0x3135abc281187c17:0x89298dc6db16a62f!8m2!3d21.0363616!4d105.8506091!16s%2Fg%2F11fm7dwgm3!19sChIJF3wYgcKrNTERL6YW28aNKYk?authuser=0&hl=en&rclk=1,https://www.tacaphe.vn/
"39 P. Nguyễn Hữu Huân, Lý Thái Tổ, Hoàn Kiếm, Hà Nội ",21.0334664,105.854518,Cafe Giảng,0989 892 298 ,100000.0,"100,000",4.4,Coffee Shop,https://www.google.com/maps/place/Cafe+Gi%E1%BA%A3ng/data=!4m7!3m6!1s0x3135abc0ee85335d:0xfca3408ac50e7363!8m2!3d21.0334664!4d105.854518!16s%2Fg%2F11bxg4n3g3!19sChIJXTOF7sCrNTERY3MOxYpAo_w?authuser=0&hl=en&rclk=1,http://cafegiang.vn/
"46A P. Nguyễn Trường Tộ, Trúc Bạch, Ba Đình, Hà Nội 100000 ",21.0430581,105.843877,Cafe de Flore 46,024 6668 3399 ,100000.0,"100,000",4.7,Coffee Shop,https://www.google.com/maps/place/Cafe+de+Flore+46/data=!4m7!3m6!1s0x3135abae1a01f7fb:0xec4ca7a857d12cd!8m2!3d21.0430581!4d105.843877!16s%2Fg%2F11hzymydr7!19sChIJ-_cBGq6rNTERzRJ9hXrKxA4?authuser=0&hl=en&rclk=1,https://facebook.com/cafedeflore46
"79 P. Lý Nam Đế, Cửa Đông, Ward, Hà Nội 100000 ",21.0335694,105.8447462,Dream Beans Coffee Roastery,0934 683 020 ,100000.0,"100,000",4.9,Coffee Shop,https://www.google.com/maps/place/Dream+Beans+Coffee+Roastery/data=!4m7!3m6!1s0x3135ab4a0a68e905:0x13684b07b5af0ad!8m2!3d21.0335694!4d105.8447462!16s%2Fg%2F11g0g4sk9z!19sChIJBeloCkqrNTERrfBae7CENgE?authuser=0&hl=en&rclk=1,http://facebook.com/hanoidreambeans
"16 Tập thể Ga Long Biên, Đồng Xuân, Hoàn Kiếm, Hà Nội ",21.0399886,105.8504591,Serein Cafe & Lounge,0965 990 956 ,200000.0,"200,000",4.1,Coffee Shop,https://www.google.com/maps/place/Serein+Cafe+%26+Lounge/data=!4m7!3m6!1s0x3135abb85b3af547:0xa59c2bb413688fbc!8m2!3d21.0399886!4d105.8504591!16s%2Fg%2F11c6q788d9!19sChIJR_U6W7irNTERvI9oE7QrnKU?authuser=0&hl=en&rclk=1,
"12 ngách 31 Ng. 189 Đ. Hoàng Hoa Thám, Ngọc Hồ, Ba Đình, Hà Nội 100000 ",21.0404152,105.8202352,Bấc Cafe & Chill,0968 655 390 ,100000.0,"100,000",4.8,Coffee Shop,https://www.google.com/maps/place/B%E1%BA%A5c+Cafe+%26+Chill/data=!4m7!3m6!1s0x3135abd6deffb2c7:0x7d0532f472710b89!8m2!3d21.0404152!4d105.8202352!16s%2Fg%2F11j13y858c!19sChIJx7L_3tarNTERiQtxcvQyBX0?authuser=0&hl=en&rclk=1,
"Ng. 26 Đ. Nguyên Hồng/40 Huỳnh Thúc Kháng, Láng Hạ, Ba Đình, Hà Nội 11016 ",21.018179,105.809972,Nhà Cafe - Hà Nội,0945 946 060 ,100000.0,"100,000",4.5,Coffee Shop,https://www.google.com/maps/place/Nh%C3%A0+Cafe+-+H%C3%A0+N%E1%BB%99i/data=!4m7!3m6!1s0x3135ab109ff220b7:0x7dbfbf8ae9980d60!8m2!3d21.018179!4d105.809972!16s%2Fg%2F11sdb809gk!19sChIJtyDynxCrNTERYA2Y6Yq_v30?authuser=0&hl=en&rclk=1,https://www.facebook.com/nhacafe.hanoi
"1 Hàng Mắm, Phố cổ Hà Nội, Hoàn Kiếm, Hà Nội 10000 ",21.0337446,105.8551911,Hidden Gem Cafe Hanoi,0962 011 540 ,null,,4.8,Coffee Shop,https://www.google.com/maps/place/Hidden+Gem+Cafe+Hanoi/data=!4m7!3m6!1s0x3135ab22da9ec48d:0x8c6411cf507e6c76!8m2!3d21.0337446!4d105.8551911!16s%2Fg%2F11h54gs4b7!19sChIJjcSe2iKrNTERdmx-UM8RZIw?authuser=0&hl=en&rclk=1,https://www.instagram.com/hiddengemcoffeehanoi?igsh=dHRqZzBwMnF2YTB3
"129 P. Nguyễn Đình Thi, Thuỵ Khuê, Tây Hồ, Hà Nội ",21.044112,105.8207744,Bonjour Cafe,0852 596 666 ,100000.0,"100,000",4.5,Coffee Shop,https://www.google.com/maps/place/Bonjour+Cafe/data=!4m7!3m6!1s0x3135abdca5338261:0x1ce85c0df056b6b3!8m2!3d21.044112!4d105.8207744!16s%2Fg%2F11lr3xw5q_!19sChIJYYIzpdyrNTERs7ZW8A1c6Bw?authuser=0&hl=en&rclk=1,https://www.facebook.com/bonjourcafe129
"30A Trần Hưng Đạo, Phan Chu Trinh, Hoàn Kiếm, Hà Nội 11019 ",21.0204289,105.8546547,Lofita Cafe,1800 6503 ,100000.0,"100,000",4.5,Coffee Shop,https://www.google.com/maps/place/Lofita+Cafe/data=!4m7!3m6!1s0x3135ab49217355cb:0x44a701b32b36e5f!8m2!3d21.0204289!4d105.8546547!16s%2Fg%2F11j34jbbbb!19sChIJy1VzIUmrNTERX26zMhtwSgQ?authuser=0&hl=en&rclk=1,http://www.lofita.vn/
"1 Ngõ 97 Nguyễn Chí Thanh, Láng Hạ, Đống Đa, Hà Nội ",21.0185575,105.8078994,Rauta House Cafe,,100000.0,"100,000",4.4,Coffee Shop,https://www.google.com/maps/place/Rauta+House+Cafe/data=!4m7!3m6!1s0x3135ab6723103cd1:0xb41f3c59e1fe504b!8m2!3d21.0185575!4d105.8078994!16s%2Fg%2F1q64phjzh!19sChIJ0TwQI2erNTERS1D-4Vk8H7Q?authuser=0&hl=en&rclk=1,https://www.foody.vn/ha-noi/rauta-house-cafe-nguyen-chi-thanh
"5 P. Nguyễn Quang Bích, Cửa Đông, Hoàn Kiếm, Hà Nội ",21.0325127,105.845655,Tranquil Books & Coffee - 5 Nguyễn Quang Bích,0395 049 075 ,100000.0,"100,000",4.7,Coffee Shop,https://www.google.com/maps/place/Tranquil+Books+%26+Coffee+-+5+Nguy%E1%BB%85n+Quang+B%C3%ADch/data=!4m7!3m6!1s0x3135abbde9063369:0xbf96ad80074120f2!8m2!3d21.0325127!4d105.845655!16s%2Fg%2F11b86hfnd5!19sChIJaTMG6b2rNTER8iBBB4Ctlr8?authuser=0&hl=en&rclk=1,https://www.facebook.com/cafetranquil/
"23M P. Hai Bà Trưng, Hàng Bài, Hoàn Kiếm, Hà Nội 100000 ",21.0239774,105.8530593,The Coffee House,1800 6936 ,100000.0,"100,000",4.4,Coffee Shop,https://www.google.com/maps/place/The+Coffee+House/data=!4m7!3m6!1s0x3135abecaf03fbc3:0x7e781997d56b4e86!8m2!3d21.0239774!4d105.8530593!16s%2Fg%2F11cjkvkv5h!19sChIJw_sDr-yrNTERhk5r1ZcZeH4?authuser=0&hl=en&rclk=1,https://thecoffeehouse.com/
"15 hàng buồm hà nội, Hanoi City, 100000 ",21.0359034,105.8523967,RAAW Coffee hàng buồm,0984 881 946 ,100000.0,"100,000",4.8,Coffee Shop,https://www.google.com/maps/place/RAAW+Coffee+h%C3%A0ng+bu%E1%BB%93m/data=!4m7!3m6!1s0x3135ab4407f2377f:0xdc0debed27cbedd8!8m2!3d21.0359034!4d105.8523967!16s%2Fg%2F11rtslvmwl!19sChIJfzfyB0SrNTER2O3LJ-3rDdw?authuser=0&hl=en&rclk=1,http://raaw.coffee/
"53 B P. Lương Ngọc Quyến, Hàng Buồm, Hoàn Kiếm, Hà Nội ",21.034759,105.851802,Cafe Minh,0912 513 894 ,100000.0,"100,000",5.0,Coffee Shop,https://www.google.com/maps/place/Cafe+Minh/data=!4m7!3m6!1s0x3135ab8fb8af4a13:0x173867f93af3761e!8m2!3d21.034759!4d105.851802!16s%2Fg%2F11tmzbm8yy!19sChIJE0qvuI-rNTERHnbzOvlnOBc?authuser=0&hl=en&rclk=1,
"55 P. Hàng Bún, Quán Thánh, Ba Đình, Hà Nội ",21.0410117,105.844568,All Day Coffee,024 6661 5616 ,100000.0,"100,000",4.4,Coffee Shop,https://www.google.com/maps/place/All+Day+Coffee/data=!4m7!3m6!1s0x3135ab1e9829bded:0x4af815d85057b7e2!8m2!3d21.0410117!4d105.844568!16s%2Fg%2F11j7gl2l93!19sChIJ7b0pmB6rNTER4rdXUNgV-Eo?authuser=0&hl=en&rclk=1,http://facebook.com/alldaycoffeevn/
"17 Xóm Hà Hồi, Trần Hưng Đạo, Hoàn Kiếm, Hà Nội ",21.0211171,105.8476485,THE WISELANDS Coffee,0911 660 177 ,100000.0,"100,000",4.6,Coffee Shop,https://www.google.com/maps/place/THE+WISELANDS+Coffee/data=!4m7!3m6!1s0x3135ab4057848539:0xe96a4b2062e1ccb0!8m2!3d21.0211171!4d105.8476485!16s%2Fg%2F11pv4xm3y6!19sChIJOYWEV0CrNTERsMzhYiBLauk?authuser=0&hl=en&rclk=1,https://wiselands.vn/
"182- 184, 182 P. Quán Thánh, Quán Thánh, Ba Đình, Hà Nội 10000 ",21.042939,105.8391546,THAIYEN CAFE Quán Thánh,0989 750 180 ,100000.0,"100,000",4.7,Coffee Shop,https://www.google.com/maps/place/THAIYEN+CAFE+Qu%C3%A1n+Th%C3%A1nh/data=!4m7!3m6!1s0x3135aba565d60de5:0x649f509cf7ad9562!8m2!3d21.042939!4d105.8391546!16s%2Fg%2F11g72699m6!19sChIJ5Q3WZaWrNTERYpWt95xQn2Q?authuser=0&hl=en&rclk=1,https://thaiyencafe.com/
"Số 2 P. Đinh Liệt, Hàng Đào, Hoàn Kiếm, Hà Nội 100000 ",21.0337234,105.8519764,Bancông Cafe & Restaurant,0965 300 860 ,200000.0,"200,000",4.8,Coffee Shop,https://www.google.com/maps/place/Banc%C3%B4ng+Cafe+%26+Restaurant/data=!4m7!3m6!1s0x3135abb2f0780dd1:0xe1da2a3e23851876!8m2!3d21.0337234!4d105.8519764!16s%2Fg%2F11h5411lf0!19sChIJ0Q148LKrNTERdhiFIz4q2uE?authuser=0&hl=en&rclk=1,http://www.banconghanoi.com/
"11 Phủ Doãn Hà Nội Hanoi City, 110212 ",21.0298978,105.8478322,The Little Plan café - Kế Hoạch Nhỏ café,0944 529 643 ,100000.0,"100,000",4.7,Coffee Shop,https://www.google.com/maps/place/The+Little+Plan+caf%C3%A9+-+K%E1%BA%BF+Ho%E1%BA%A1ch+Nh%E1%BB%8F+caf%C3%A9/data=!4m7!3m6!1s0x3135ab95ee9c773d:0xba50b8f1390f6ef9!8m2!3d21.0298978!4d105.8478322!16s%2Fg%2F11f39__kb4!19sChIJPXec7pWrNTER-W4POfG4ULo?authuser=0&hl=en&rclk=1,http://www.facebook.com/thelittleplan.cafe/
"11 P. Hàng Gai, Hàng Trống, Hoàn Kiếm, Hà Nội 10000 ",21.0322129,105.8510511,Cafe Phố Cổ,024 3928 8153 ,100000.0,"100,000",4.3,Coffee Shop,https://www.google.com/maps/place/Cafe+Ph%E1%BB%91+C%E1%BB%95/data=!4m7!3m6!1s0x3135abbeed1a0639:0x1aa441a5b73b8bce!8m2!3d21.0322129!4d105.8510511!16s%2Fg%2F1tg4hvx2!19sChIJOQYa7b6rNTERzos7t6VBpBo?authuser=0&hl=en&rclk=1,
"5 P. Chân Cầm, Hàng Trống, Hoàn Kiếm, Hà Nội ",21.0303182,105.8485126,Blackbird Coffee,0389 513 053 ,100000.0,"100,000",4.6,Coffee Shop,https://www.google.com/maps/place/Blackbird+Coffee/data=!4m7!3m6!1s0x3135ab4ceeff3cbb:0xca4f0cd2de5c07dc!8m2!3d21.0303182!4d105.8485126!16s%2Fg%2F11f62dzqyq!19sChIJuzz_7kyrNTER3Adc3tIMT8o?authuser=0&hl=en&rclk=1,http://www.facebook.com/blackbirdcoffeevn
"37 P. Quang Trung, Trần Hưng Đạo, Hoàn Kiếm, Hà Nội ",21.0205794,105.8483609,All Day Coffee,024 6686 8090 ,100000.0,"100,000",4.3,Coffee Shop,https://www.google.com/maps/place/All+Day+Coffee/data=!4m7!3m6!1s0x3135ab00461c9e1b:0xe1d3929b1f819e55!8m2!3d21.0205794!4d105.8483609!16s%2Fg%2F11w3knmyl0!19sChIJG54cRgCrNTERVZ6BH5uS0-E?authuser=0&hl=en&rclk=1,https://www.facebook.com/alldaycoffeevn
"45 P. Nguyễn Hữu Huân, Phố cổ Hà Nội, Hoàn Kiếm, Hà Nội ",21.0333014,105.8545476,Hanoi Coffee Culture,0985 635 645 ,100000.0,"100,000",4.8,Coffee Shop,https://www.google.com/maps/place/Hanoi+Coffee+Culture/data=!4m7!3m6!1s0x3135ab95a12244f1:0x377e0b79ace56b25!8m2!3d21.0333014!4d105.8545476!16s%2Fg%2F11vf58jdm2!19sChIJ8UQioZWrNTERJWvlrHkLfjc?authuser=0&hl=en&rclk=1,
"44 P. Phùng Hưng, Hàng Bông, Hoàn Kiếm, Hà Nội ",21.0292886,105.844419,LA Cà Phê,0977 387 373 ,100000.0,"100,000",4.9,Coffee Shop,https://www.google.com/maps/place/LA+C%C3%A0+Ph%C3%AA/data=!4m7!3m6!1s0x3135abd81799355d:0xcc99f788f641cf71!8m2!3d21.0292886!4d105.844419!16s%2Fg%2F11twtxj_mn!19sChIJXTWZF9irNTERcc9B9oj3mcw?authuser=0&hl=en&rclk=1,
"27 P. Triệu Việt Vương, Nguyễn Du, Hai Bà Trưng, Hà Nội ",21.0173681,105.850484,Cafe Thai,0903 451 608 ,100000.0,"100,000",4.3,Coffee Shop,https://www.google.com/maps/place/Cafe+Thai/data=!4m7!3m6!1s0x3135ab8d1033d6cd:0x69b81d18c5d7af84!8m2!3d21.0173681!4d105.850484!16s%2Fg%2F1tw1b98f!19sChIJzdYzEI2rNTERhK_XxRgduGk?authuser=0&hl=en&rclk=1,https://www.facebook.com/CafeThai27TrieuVietVuong/
"1B Lê Phụng Hiểu Hà Nội Hanoi City, 1B P. Lê Phụng Hiểu, Tràng Tiền, Hoàn Kiếm, Hà Nội ",21.0260875,105.8585312,Tenement Coffee and Wine Bar,0866 555 307 ,null,,4.9,Coffee Shop,https://www.google.com/maps/place/Tenement+Coffee+and+Wine+Bar/data=!4m7!3m6!1s0x3135ab60c2d52de5:0x91201e05d17a9bfa!8m2!3d21.0260875!4d105.8585312!16s%2Fg%2F11qbcctdq3!19sChIJ5S3VwmCrNTER-pt60QUeIJE?authuser=0&hl=en&rclk=1,https://instagram.com/tenement_alley?igshid=MzRlODBiNWFlZA==
"17 Ng. 4C P. Đặng Văn Ngữ, D3 tập thể, Đống Đa, Hà Nội ",21.0101299,105.8320565,Maison de Éte,0364 480 986 ,100000.0,"100,000",4.6,Coffee Shop,https://www.google.com/maps/place/Maison+de+%C3%89te/data=!4m7!3m6!1s0x3135abbc62cadeed:0x245f3b37473907ed!8m2!3d21.0101299!4d105.8320565!16s%2Fg%2F11hzn3_nps!19sChIJ7d7KYryrNTER7Qc5Rzc7XyQ?authuser=0&hl=en&rclk=1,https://www.foody.vn/ha-noi/maison-de-ete
"66 P. Nguyễn Thái Học, Điện Biên, Ba Đình, Hà Nội 11156 ",21.0305244,105.8365929,80plus Coffee Roastery Nguyễn Thái Học,0338 013 266 ,100000.0,"100,000",4.7,Coffee Shop,https://www.google.com/maps/place/80plus+Coffee+Roastery+Nguy%E1%BB%85n+Th%C3%A1i+H%E1%BB%8Dc/data=!4m7!3m6!1s0x3135ab9a27679ce1:0xdf2ab774636b7f84!8m2!3d21.0305244!4d105.8365929!16s%2Fg%2F11krs_3bm4!19sChIJ4ZxnJ5qrNTERhH9rY3S3Kt8?authuser=0&hl=en&rclk=1,https://www.facebook.com/80pluscoffeeroastery
"8 P. Gia Ngư, Hàng Bạc, Hoàn Kiếm, Hà Nội 08404 ",21.033105,105.853256,Hanoi Egg Coffee,0966 960 288 ,100000.0,"100,000",4.6,Coffee Shop,https://www.google.com/maps/place/Hanoi+Egg+Coffee/data=!4m7!3m6!1s0x3135abc0c29a6681:0x666eae5ebaaa5edb!8m2!3d21.033105!4d105.853256!16s%2Fg%2F11f57fwzt6!19sChIJgWaawsCrNTER216qul6ubmY?authuser=0&hl=en&rclk=1,http://www.hanoieggcoffee.com/
"Số 3 ngõ 135/31, Đội Cấn, Ba Đình, Hà Nội 100000 ",21.0354314,105.8278484,Cafe Hà,,100000.0,"100,000",4.7,Coffee Shop,https://www.google.com/maps/place/Cafe+H%C3%A0/data=!4m7!3m6!1s0x3135ab7c255174b1:0x8d950a6b6d61c732!8m2!3d21.0354314!4d105.8278484!16s%2Fg%2F11qmnns290!19sChIJsXRRJXyrNTERMsdhbWsKlY0?authuser=0&hl=en&rclk=1,
"276 P. Thái Hà, Chợ Dừa, Đống Đa, Hà Nội ",21.0148132,105.8179428,C’est Si Bon,0982 596 393 ,200000.0,"200,000",4.2,Coffee Shop,https://www.google.com/maps/place/C%E2%80%99est+Si+Bon/data=!4m7!3m6!1s0x3135ab63492bc76f:0xb181e6886c1f0299!8m2!3d21.0148132!4d105.8179428!16s%2Fg%2F11d_9df98c!19sChIJb8crSWOrNTERmQIfbIjmgbE?authuser=0&hl=en&rclk=1,
"A11 P. Tôn Thất Tùng, Kim Liên, Đống Đa, Hà Nội ",21.0051663,105.8308154,Cư Xá,0984 696 993 ,100000.0,"100,000",4.6,Coffee Shop,https://www.google.com/maps/place/C%C6%B0+X%C3%A1/data=!4m7!3m6!1s0x3135ada9d3bde79d:0x93e4be63c96c5d7!8m2!3d21.0051663!4d105.8308154!16s%2Fg%2F11pcwth875!19sChIJnee906mtNTER18WWPOZLPgk?authuser=0&hl=en&rclk=1,https://www.facebook.com/cuxaspace
"118A P. Quán Thánh, Quán Thánh, Ba Đình, Hà Nội ",21.0423785,105.8430617,Sociō Coffee,,100000.0,"100,000",4.7,Coffee Shop,https://www.google.com/maps/place/Soci%C5%8D+Coffee/data=!4m7!3m6!1s0x3135ab11aa8f801f:0xfe6efa8e7a86f1a2!8m2!3d21.0423785!4d105.8430617!16s%2Fg%2F11mwv8blrg!19sChIJH4CPqhGrNTERovGGeo76bv4?authuser=0&hl=en&rclk=1,https://www.facebook.com/sociocoffee.hanoi
"7A P. Tống Duy Tân, Hàng Bông, Hoàn Kiếm, Hà Nội ",21.0294425,105.8438564,Ro Coffee,0942 591 665 ,100000.0,"100,000",4.8,Coffee Shop,https://www.google.com/maps/place/Ro+Coffee/data=!4m7!3m6!1s0x3135abcf7a0f599b:0x1bf28d941fc8198c!8m2!3d21.0294425!4d105.8438564!16s%2Fg%2F11qbxyr7l4!19sChIJm1kPes-rNTERjBnIH5SN8hs?authuser=0&hl=en&rclk=1,
"43 P. Văn Miếu, Văn Miếu – Quốc Tử Giám, Đống Đa, Hà Nội ",21.028107,105.8362971,Phin bar by refined,,100000.0,"100,000",4.9,Bar/Pub,https://www.google.com/maps/place/Phin+bar+by+refined./data=!4m7!3m6!1s0x3135abf7c8516101:0x6d0562287e6a683b!8m2!3d21.028107!4d105.8362971!16s%2Fg%2F11r9g75560!19sChIJAWFRyPerNTERO2hqfihiBW0?authuser=0&hl=en&rclk=1,http://refined.vn/
"16 Ngõ 2 Giảng Võ, Kim Mã, Ba Đình, Hà Nội ",21.0316788,105.8292885,Kafela Cafe,0865 952 586 ,100000.0,"100,000",4.7,Coffee Shop,https://www.google.com/maps/place/Kafela+Cafe/data=!4m7!3m6!1s0x3135ab3985452757:0xc660a5bf0ffb5f7d!8m2!3d21.0316788!4d105.8292885!16s%2Fg%2F11nlg6cn9k!19sChIJVydFhTmrNTERfV_7D7-lYMY?authuser=0&hl=en&rclk=1,https://kafela.vn/
"8 P. Chân Cầm, Hàng Trống, Hoàn Kiếm, Hà Nội ",21.0305219,105.8485013,Loading T café,0903 342 000 ,100000.0,"100,000",4.8,Coffee Shop,https://www.google.com/maps/place/Loading+T+caf%C3%A9/data=!4m7!3m6!1s0x3135abdb9ffc1219:0x97909dbd1492fbf6!8m2!3d21.0305219!4d105.8485013!16s%2Fg%2F11t9c6wpd3!19sChIJGRL8n9urNTER9vuSFL2dkJc?authuser=0&hl=en&rclk=1,http://www.loadingtcafe.com/
"51C, Văn Miếu – Quốc Tử Giám, Đống Đa, Hà Nội 10000 ",21.0278287,105.8364575,The Beginning Coffee,0986 271 392 ,100000.0,"100,000",4.6,Coffee Shop,https://www.google.com/maps/place/The+Beginning+Coffee/data=!4m7!3m6!1s0x3135ab3b5f318c29:0xed1b7444d66a1d6a!8m2!3d21.0278287!4d105.8364575!16s%2Fg%2F11v07h_t_z!19sChIJKYwxXzurNTERah1q1kR0G-0?authuser=0&hl=en&rclk=1,https://www.instagram.com/thebeginning.scs/
"20 P. Ngô Quyền, Tràng Tiền, Hoàn Kiếm, Hà Nội ",21.0244194,105.854825,Artemis Pastry,1900 636302 ,null,,4.5,Coffee Shop,https://www.google.com/maps/place/Artemis+Pastry/data=!4m7!3m6!1s0x3135ab8fb010f073:0x30d9085ebc8f744!8m2!3d21.0244194!4d105.854825!16s%2Fg%2F11fjb0wpzw!19sChIJc_AQsI-rNTERRPfI64WQDQM?authuser=0&hl=en&rclk=1,https://artemispastry.vn/
"64 P. Lương Văn Can, Hàng Trống, Hoàn Kiếm, Hà Nội ",21.0315927,105.8508961,The Note Coffee,0975 194 466 ,null,,4.4,Coffee Shop,https://www.google.com/maps/place/The+Note+Coffee/data=!4m7!3m6!1s0x3135abbfc294b397:0xd53005101f42b4af!8m2!3d21.0315927!4d105.8508961!16s%2Fg%2F1263t5y9t!19sChIJl7OUwr-rNTERr7RCHxAFMNU?authuser=0&hl=en&rclk=1,
"Đường Tàu/28, P. Khâm Thiên, LiênĐống Đa, Hà Nội 100000 ",21.0190906,105.8391621,Cafe đường tàu,,100000.0,"100,000",4.4,Coffee Shop,https://www.google.com/maps/place/Cafe+%C4%91%C6%B0%E1%BB%9Dng+t%C3%A0u/data=!4m7!3m6!1s0x3135ab81539731d5:0xbc8deb08e222a16d!8m2!3d21.0190906!4d105.8391621!16s%2Fg%2F11t_hx2v4t!19sChIJ1TGXU4GrNTERbaEi4gjrjbw?authuser=0&hl=en&rclk=1,
"73 P. Trần Quốc Toản, Trần Hưng Đạo, Hoàn Kiếm, Hà Nội ",21.0204787,105.8463234,OiA Coffee,024 2233 7373 ,100000.0,"100,000",4.6,Coffee Shop,https://www.google.com/maps/place/OiA+Coffee/data=!4m7!3m6!1s0x3135abf40ff37075:0x8d6e41454d13dcda!8m2!3d21.0204787!4d105.8463234!16s%2Fg%2F11n0mkfkzh!19sChIJdXDzD_SrNTER2twTTUVBbo0?authuser=0&hl=en&rclk=1,
"ngõ 154 Đội Cấn, Liễu Giai, Ba Đình, Hà Nội ",21.0344581,105.8258833,Tiny Cafe| Đội Cấn,0378 668 000 ,100000.0,"100,000",4.6,Coffee Shop,https://www.google.com/maps/place/Tiny+Cafe%7C+%C4%90%E1%BB%99i+C%E1%BA%A5n/data=!4m7!3m6!1s0x3135ab0d174c2367:0x3710ebd5680fb737!8m2!3d21.0344581!4d105.8258833!16s%2Fg%2F11ggz75yy_!19sChIJZyNMFw2rNTERN7cPaNXrEDc?authuser=0&hl=en&rclk=1,https://www.foody.vn/ha-noi/tiny-cafe-doi-can
"12 P. Đường Thành, Cửa Đông, Hoàn Kiếm, Hà Nội 10000 ",21.0327026,105.8462588,Soul Specialty Coffee,0902 853 500 ,100000.0,"100,000",4.7,Coffee Shop,https://www.google.com/maps/place/Soul+Specialty+Coffee/data=!4m7!3m6!1s0x3135ab4d61071211:0xf038438560be10cf!8m2!3d21.0327026!4d105.8462588!16s%2Fg%2F11t7z8_s5r!19sChIJERIHYU2rNTERzxC-YIVDOPA?authuser=0&hl=en&rclk=1,http://soulcoffee.vn/
"62 P. Nguyễn Thái Học, Điện Biên, Ba Đình, Hà Nội 11156 ",21.0301109,105.8373146,Cafe Hanoi Moment,0862 594 003 ,100000.0,"100,000",4.7,Coffee Shop,https://www.google.com/maps/place/Cafe+Hanoi+Moment/data=!4m7!3m6!1s0x3135ab143a4db88f:0x395b1d971f3dc65!8m2!3d21.0301109!4d105.8373146!16s%2Fg%2F11x2snj2b2!19sChIJj7hNOhSrNTERZdzzcdmxlQM?authuser=0&hl=en&rclk=1,http://www.cafehanoimoment.com/
"22 P. Nhà Thờ, Phường, Hoàn Kiếm, Hà Nội 100000 ",21.0290723,105.8496485,The Running Bean Nhà Thờ - Coffee and Brunch,024 7308 8066 ,300000.0,"300,000",4.7,Coffee Shop,https://www.google.com/maps/place/The+Running+Bean+Nh%C3%A0+Th%E1%BB%9D+-+Coffee+and+Brunch/data=!4m7!3m6!1s0x3135ab88754e04fd:0x816df5e0d8e304cf!8m2!3d21.0290723!4d105.8496485!16s%2Fg%2F11rnnv75k0!19sChIJ_QROdYirNTERzwTj2OD1bYE?authuser=0&hl=en&rclk=1,http://facebook.com/therunningbeanhanoi/
"Đối diện, Ngách 180/29 Kim Hoa, Phương Liên, Đống Đa, Hà Nội ",21.0119939,105.8378981,Căng-tin Caphe,0372 099 359 ,100000.0,"100,000",4.4,Coffee Shop,https://www.google.com/maps/place/C%C4%83ng-tin+Caphe/data=!4m7!3m6!1s0x3135ab86564863cb:0xe44b753bd8a366d6!8m2!3d21.0119939!4d105.8378981!16s%2Fg%2F11bc741453!19sChIJy2NIVoarNTER1maj2Dt1S-Q?authuser=0&hl=en&rclk=1,
"23 P. Yên Ninh, Trúc Bạch, Ba Đình, Hà Nội ",21.0430417,105.8444074,Kafeville,0936 425 606 ,100000.0,"100,000",4.8,Coffee Shop,https://www.google.com/maps/place/Kafeville/data=!4m7!3m6!1s0x3135abb994dd0f21:0x7899ada78c5c94e0!8m2!3d21.0430417!4d105.8444074!16s%2Fg%2F11cmsz8_k1!19sChIJIQ_dlLmrNTER4JRcjKetmXg?authuser=0&hl=en&rclk=1,http://kafeville.com/
"2RJW+W36, P. Phùng Hưng, Hàng Mã, Hoàn Kiếm, Hà Nội ",21.0322784,105.845134,Railway coffee street,,100000.0,"100,000",4.4,Coffee Shop,https://www.google.com/maps/place/Railway+coffee+street/data=!4m7!3m6!1s0x3135ab96fc6b79d9:0x25e21c54dbf31a68!8m2!3d21.0322784!4d105.845134!16s%2Fg%2F11frsyhbmp!19sChIJ2Xlr_JarNTERaBrz21Qc4iU?authuser=0&hl=en&rclk=1,
"63A P.Tôn Đức Thắng, Văn Miếu – Quốc Tử Giám, Đống Đa, Hà Nội 100000 ",21.0258932,105.833482,Cedar Coffee & Tea,0936 120 382 ,100000.0,"100,000",4.5,Coffee Shop,https://www.google.com/maps/place/Cedar+Coffee+%26+Tea/data=!4m7!3m6!1s0x3135abc8721a9767:0xd24f0e9a5380a8ee!8m2!3d21.0258932!4d105.833482!16s%2Fg%2F11k48jy_0p!19sChIJZ5cacsirNTER7qiAU5oOT9I?authuser=0&hl=en&rclk=1,https://www.facebook.com/profile.php?id=100088843572030
"599 Đ. La Thành, Thành Công, Ba Đình, Hà Nội ",21.023713,105.8169556,Cà phê Nhà Kho,0988 453 811 ,100000.0,"100,000",4.5,Coffee Shop,https://www.google.com/maps/place/C%C3%A0+ph%C3%AA+Nh%C3%A0+Kho/data=!4m7!3m6!1s0x3135abc21a4ce823:0xfc26d6e4a88129f6!8m2!3d21.023713!4d105.8169556!16s%2Fg%2F11s0t255gj!19sChIJI-hMGsKrNTER9imBqOTWJvw?authuser=0&hl=en&rclk=1,https://www.facebook.com/nhakho599
"44 P. Hàng Bè, Hàng Bạc, Hoàn Kiếm, Hà Nội 11011 ",21.0327955,105.8537521,Hanoi Coffee Station & Restaurant,0943 887 623 ,200000.0,"200,000",4.7,Coffee Shop,https://www.google.com/maps/place/Hanoi+Coffee+Station+%26+Restaurant/data=!4m7!3m6!1s0x3135ab61b9dde93b:0xc36853902fe5a05f!8m2!3d21.0327955!4d105.8537521!16s%2Fg%2F11srgclqfp!19sChIJO-nduWGrNTERX6DlL5BTaMM?authuser=0&hl=en&rclk=1,https://www.facebook.com/hanoicofffeestation/
"Đường 19/5, P. Văn Quán, Hà Đông, Hà Nội ",20.9773537,105.7923162,An's Garden Cafe,0909 385 656 ,100000.0,"100,000",4.2,Coffee Shop,https://www.google.com/maps/place/An%27s+Garden+Cafe/data=!4m7!3m6!1s0x3135acd03cd8e831:0xb09872c2ada62b1f!8m2!3d20.9773537!4d105.7923162!16s%2Fg%2F11dfknwfpy!19sChIJMejYPNCsNTERHyumrcJymLA?authuser=0&hl=en&rclk=1,
"163 P. Phùng Hưng, Cửa Đông, Hoàn Kiếm, Hà Nội 100000 ",21.0312583,105.8451491,Drop In Cafe,,100000.0,"100,000",4.8,Coffee Shop,https://www.google.com/maps/place/Drop+In+Cafe/data=!4m7!3m6!1s0x3135ab24543e92f5:0xa104b8a4a71e6c33!8m2!3d21.0312583!4d105.8451491!16s%2Fg%2F11h_g0b4_1!19sChIJ9ZI-VCSrNTERM2wep6S4BKE?authuser=0&hl=en&rclk=1,https://www.facebook.com/dropincafevn/
"101/7 P. Nguyễn Ngọc Doãn, Nam Đồng, Đống Đa, Hà Nội 100000 ",21.0073224,105.8316689,Moment Of Life,0942 898 089 ,100000.0,"100,000",4.3,Coffee Shop,https://www.google.com/maps/place/Moment+Of+Life/data=!4m7!3m6!1s0x3135ad65d36cc817:0x12c2ff1f8c90bd72!8m2!3d21.0073224!4d105.8316689!16s%2Fg%2F11tmw4_f8h!19sChIJF8hs02WtNTERcr2QjB__whI?authuser=0&hl=en&rclk=1,http://facebook.com/momentoflifecafe
"2 P. Lê Thạch, Tràng Tiền, Hoàn Kiếm, Hà Nội ",21.0269538,105.85509,Gardenista Coffee,,100000.0,"100,000",3.8,Coffee Shop,https://www.google.com/maps/place/Gardenista+Coffee/data=!4m7!3m6!1s0x3135abf407cbbb23:0x55546642c4f57a1a!8m2!3d21.0269538!4d105.85509!16s%2Fg%2F11sh0mhfgl!19sChIJI7vLB_SrNTERGnr1xEJmVFU?authuser=0&hl=en&rclk=1,
"27 Ngh 74 Ng. Thịnh Hào 1, Hàng Bột, Đống Đa, Hà Nội 100000 ",21.0252247,105.8300558,Casamia Cafe,0948 181 222 ,100000.0,"100,000",4.9,Coffee Shop,https://www.google.com/maps/place/Casamia+Cafe/data=!4m7!3m6!1s0x3135ab0046cf2c8f:0x97490b4a4c8cd4dc!8m2!3d21.0252247!4d105.8300558!16s%2Fg%2F11y4yc_rdr!19sChIJjyzPRgCrNTER3NSMTEoLSZc?authuser=0&hl=en&rclk=1,
"15 P. Hàng Da, Hàng Bông, Hoàn Kiếm, Hà Nội 10000 ",21.0307462,105.8467304,Bunny Cup Cafe,,100000.0,"100,000",5.0,Coffee Shop,https://www.google.com/maps/place/Bunny+Cup+Cafe/data=!4m7!3m6!1s0x3135ab994e011d51:0x4d2c31e6b15f6ab5!8m2!3d21.0307462!4d105.8467304!16s%2Fg%2F11wjqpfy8q!19sChIJUR0BTpmrNTERtWpfseYxLE0?authuser=0&hl=en&rclk=1,https://bunnycupcafe.com/
37B Nguyễn Hữu Huân Hà Nội Hanoi City ,21.0335954,105.8545454,Vi Anh Coffee,0902 368 888 ,100000.0,"100,000",4.8,Coffee Shop,https://www.google.com/maps/place/Vi+Anh+Coffee/data=!4m7!3m6!1s0x3135abf6d425798f:0x39e2ff256d425509!8m2!3d21.0335954!4d105.8545454!16s%2Fg%2F11t7z2xmk4!19sChIJj3kl1ParNTERCVVCbSX_4jk?authuser=0&hl=en&rclk=1,
"39 P. Tạ Hiện, Hàng Buồm, Hoàn Kiếm, Hà Nội ",21.034092,105.8521597,Cafe Tạ Hiện,0948 741 991 ,100000.0,"100,000",4.2,Coffee Shop,https://www.google.com/maps/place/Cafe+T%E1%BA%A1+Hi%E1%BB%87n/data=!4m7!3m6!1s0x3135abbf7c9facc5:0xc2bfe8270936ce!8m2!3d21.034092!4d105.8521597!16s%2Fg%2F11c1nnyqnd!19sChIJxayffL-rNTERzjYJJ-i_wgA?authuser=0&hl=en&rclk=1,https://www.foody.vn/ha-noi/ta-hien-cafe
"8 P. Ô Chợ Dừa, Chợ Dừa, Đống Đa, Hà Nội ",21.0191363,105.8293086,Aries Rooftop Cafe,0378 564 312 ,100000.0,"100,000",4.2,Coffee Shop,https://www.google.com/maps/place/Aries+Rooftop+Cafe/data=!4m7!3m6!1s0x3135ab326c4583cf:0x1f058e9222e51be7!8m2!3d21.0191363!4d105.8293086!16s%2Fg%2F11nn3y4q7n!19sChIJz4NFbDKrNTER5xvlIpKOBR8?authuser=0&hl=en&rclk=1,https://www.facebook.com/ariesrooftopcoffee/
"19 Ng. 10 P. Láng Hạ, Thành Công, Ba Đình, Hà Nội ",21.0217822,105.8175016,30Days Cafe,,100000.0,"100,000",4.9,Coffee Shop,https://www.google.com/maps/place/30Days+Cafe/data=!4m7!3m6!1s0x3135ab0000839c47:0x246d78b3492ca8eb!8m2!3d21.0217822!4d105.8175016!16s%2Fg%2F11wx9mxctn!19sChIJR5yDAACrNTER66gsSbN4bSQ?authuser=0&hl=en&rclk=1,
"119/5 Yersin, Phường Phạm Ngũ Lão, Quận 1, Thành phố Hồ Chí Minh ",10.7694043,106.6960112,Little HaNoi Egg Coffee (Yersin),0904 522 339 ,200000.0,"200,000",4.8,Coffee Shop,https://www.google.com/maps/place/Little+HaNoi+Egg+Coffee+%28Yersin%29/data=!4m7!3m6!1s0x31752f164ecc9ea9:0x39b88bbce659a587!8m2!3d10.7694043!4d106.6960112!16s%2Fg%2F11c1x54lkb!19sChIJqZ7MThYvdTERh6VZ5ryLuDk?authuser=0&hl=en&rclk=1,http://littlehanoieggcoffee.vn/
"41 Ng. 41 P. Thái Hà, Trung Liệt, Đống Đa, Hà Nội ",21.010167,105.8209202,Cafe nhà 41,,100000.0,"100,000",4.9,Coffee Shop,https://www.google.com/maps/place/Cafe+nh%C3%A0+41/data=!4m7!3m6!1s0x3135ad8138eedf5f:0x624c8d763ccf2d7d!8m2!3d21.010167!4d105.8209202!16s%2Fg%2F11l7456h3p!19sChIJX9_uOIGtNTERfS3PPHaNTGI?authuser=0&hl=en&rclk=1,
"8 P. Thái Hà, Trung Liệt, Đống Đa, Hà Nội 100000 ",21.0101667,105.8231882,Cong Caphe Thai Ha,0911 811 137 ,100000.0,"100,000",4.1,Coffee Shop,https://www.google.com/maps/place/Cong+Caphe+Thai+Ha/data=!4m7!3m6!1s0x3135ab7e00118a9d:0xb00c21ef4334671c!8m2!3d21.0101667!4d105.8231882!16s%2Fg%2F11bccjswv6!19sChIJnYoRAH6rNTERHGc0Q-8hDLA?authuser=0&hl=en&rclk=1,http://congcaphe.com/
"39 Ng. 82 P. Chùa Láng, Láng Thượng, Đống Đa, Hà Nội ",21.0248381,105.8057773,9room Cafe & Decor,0945 631 988 ,100000.0,"100,000",4.6,Coffee Shop,https://www.google.com/maps/place/9room+Cafe+%26+Decor/data=!4m7!3m6!1s0x3135abb0d7168e47:0x8a81a7102b530ef8!8m2!3d21.0248381!4d105.8057773!16s%2Fg%2F11tdhshxnd!19sChIJR44W17CrNTER-A5TKxCngYo?authuser=0&hl=en&rclk=1,https://www.instagram.com/9room.concept/
"117 P. Triệu Việt Vương, Nguyễn Du, Hai Bà Trưng, Hà Nội ",21.014064,105.8505738,Thọ Cafe,024 6292 9597 ,100000.0,"100,000",4.2,Coffee Shop,https://www.google.com/maps/place/Th%E1%BB%8D+Cafe/data=!4m7!3m6!1s0x3135ab8c9a27f873:0x787aab79e61b27b3!8m2!3d21.014064!4d105.8505738!16s%2Fg%2F11x9bbs7m!19sChIJc_gnmoyrNTERsycb5nmreng?authuser=0&hl=en&rclk=1,https://www.facebook.com/cafetho
"53 P. Văn Miếu, Văn Miếu – Quốc Tử Giám, Đống Đa, Hà Nội ",21.0277425,105.8361513,Hino Cafe by La Capo Cafe,0946 722 588 ,100000.0,"100,000",4.8,Coffee Shop,https://www.google.com/maps/place/Hino+Cafe+by+La+Capo+Cafe/data=!4m7!3m6!1s0x3135ab949caa933d:0x3800a4091905b502!8m2!3d21.0277425!4d105.8361513!16s%2Fg%2F11w3gj10yb!19sChIJPZOqnJSrNTERArUFGQmkADg?authuser=0&hl=en&rclk=1,
"Gác 3, 06 P. Nguyễn Thượng Hiền, Nguyễn Du, Hai Bà Trưng, Hà Nội 10000 ",21.0190275,105.843653,Quán Cầm,0822 646 482 ,100000.0,"100,000",4.6,Restaurant,https://www.google.com/maps/place/Qu%C3%A1n+C%E1%BA%A7m/data=!4m7!3m6!1s0x3135ab793cee88d9:0xb319db9349991579!8m2!3d21.0190275!4d105.843653!16s%2Fg%2F11f62vkqds!19sChIJ2YjuPHmrNTEReRWZSZPbGbM?authuser=0&hl=en&rclk=1,https://www.facebook.com/quannhaccam
"6 Ng. Hàng Cháo, Cát Linh, Đống Đa, Hà Nội ",21.0306102,105.8340522,Clubhouse cafe,0948 989 095 ,100000.0,"100,000",4.5,Coffee Shop,https://www.google.com/maps/place/Clubhouse+cafe/data=!4m7!3m6!1s0x3135ab39e0b8c899:0x7fde704bdc6472d1!8m2!3d21.0306102!4d105.8340522!16s%2Fg%2F11t9q28dg4!19sChIJmci44DmrNTER0XJk3Etw3n8?authuser=0&hl=en&rclk=1,
"10 P. Khúc Hạo, Điện Biên, Ba Đình, Hà Nội ",21.031998,105.8370746,Papa's Dessert & Cafe,0941 081 194 ,100000.0,"100,000",3.9,Coffee Shop,https://www.google.com/maps/place/Papa%27s+Dessert+%26+Cafe/data=!4m7!3m6!1s0x3135ab989cd916af:0x593404a108e6a900!8m2!3d21.031998!4d105.8370746!16s%2Fg%2F11cm3v6_cc!19sChIJrxbZnJirNTERAKnmCKEENFk?authuser=0&hl=en&rclk=1,https://www.facebook.com/papadessertcafe
"2R7J+3XF, Nam Đồng, Đống Đa, Hà Nội ",21.0126759,105.8324071,Quán cafe đẹp,,null,,4.0,Coffee Shop,https://www.google.com/maps/place/Qu%C3%A1n+cafe+%C4%91%E1%BA%B9p/data=!4m7!3m6!1s0x3135ab63bf0c3b9d:0x83d2720ad3c70785!8m2!3d21.0126759!4d105.8324071!16s%2Fg%2F11h76knygn!19sChIJnTsMv2OrNTERhQfH0wpy0oM?authuser=0&hl=en&rclk=1,
"27 Ng. 198 P. Thái Thịnh, Láng Hạ, Đống Đa, Hà Nội ",21.0143126,105.8150238,Cà Phê Thư Báo,0981 015 558 ,100000.0,"100,000",4.7,Coffee Shop,https://www.google.com/maps/place/C%C3%A0+Ph%C3%AA+Th%C6%B0+B%C3%A1o/data=!4m7!3m6!1s0x3135aba389ac80c1:0xc7be4c7aabe4df4c!8m2!3d21.0143126!4d105.8150238!16s%2Fg%2F11sjk035jq!19sChIJwYCsiaOrNTERTN_kq3pMvsc?authuser=0&hl=en&rclk=1,
"47 Lê Lợi, Phường Minh An, Hội An, Quảng Nam 51000 ",15.877027,108.3286748,Moments Hoi An,0792 365 911 ,100000.0,"100,000",4.8,Coffee Shop,https://www.google.com/maps/place/Moments+Hoi+An/data=!4m7!3m6!1s0x31420f79f59cb6fd:0x87be2907c6a7ffd!8m2!3d15.877027!4d108.3286748!16s%2Fg%2F11v15z8gr8!19sChIJ_bac9XkPQjER_X9qfJDiewg?authuser=0&hl=en&rclk=1,https://www.facebook.com/moments.hoian
"02 Mạc Đĩnh Chi, Cẩm Sơn, Hội An, Quảng Nam 560000 ",15.8877761,108.3303339,Rosie's cafe / Coffee & Brunch,0774 599 545 ,200000.0,"200,000",4.7,Coffee Shop,https://www.google.com/maps/place/Rosie%27s+cafe+%2F+Coffee+%26+Brunch/data=!4m7!3m6!1s0x31420e7c348f6f45:0x6d0dde7bd8010e4f!8m2!3d15.8877761!4d108.3303339!16s%2Fg%2F11bzt7tc93!19sChIJRW-PNHwOQjERTw4B2HveDW0?authuser=0&hl=en&rclk=1,https://rosiecafe.vn/
"Hẻm 11 Nguyễn Thái Học, Phường Minh An, Hội An, Quảng Nam 56000 ",15.8764324,108.3306808,Hoi An Coffee Hub,0913 786 626 ,100000.0,"100,000",4.9,Coffee Shop,https://www.google.com/maps/place/Hoi+An+Coffee+Hub/data=!4m7!3m6!1s0x31420e7f46a31bd9:0xe94339fc7e01bfa2!8m2!3d15.8764324!4d108.3306808!16s%2Fg%2F11j00s4y77!19sChIJ2RujRn8OQjERor8Bfvw5Q-k?authuser=0&hl=en&rclk=1,
"130 Trần Phú, Old Town, Hội An, Quảng Nam ",15.877208,108.3281008,Faifo Coffee,0913 495 378 ,100000.0,"100,000",4.1,Coffee Shop,https://www.google.com/maps/place/Faifo+Coffee/data=!4m7!3m6!1s0x31420dd58ae570e5:0xde0787f442f2b10f!8m2!3d15.877208!4d108.3281008!16s%2Fg%2F11bx0blzxw!19sChIJ5XDlitUNQjERD7HyQvSHB94?authuser=0&hl=en&rclk=1,
"166 Trần Phú, Phường Minh An, Hội An, Quảng Nam 560000 ",15.8771366,108.3269249,Mê Hội An Rooftop Coffee & Kitchen,0374 099 375 ,100000.0,"100,000",4.9,Coffee Shop,https://www.google.com/maps/place/M%C3%AA+H%E1%BB%99i+An+Rooftop+Coffee+%26+Kitchen/data=!4m7!3m6!1s0x31420fb139ebf16f:0xc6d29fcb4f5ef7eb!8m2!3d15.8771366!4d108.3269249!16s%2Fg%2F11v9yb7fl9!19sChIJb_HrObEPQjER6_deT8uf0sY?authuser=0&hl=en&rclk=1,https://mehoian.com/
"11 Trần Phú, Cẩm Châu, Hội An, Quảng Nam 560000 ",15.8774808,108.3317516,Dudu Cafe Hoi An,0392 796 890 ,100000.0,"100,000",4.8,Coffee Shop,https://www.google.com/maps/place/Dudu+Cafe+Hoi+An/data=!4m7!3m6!1s0x31420f83321b61d3:0x2a81213e05016aeb!8m2!3d15.8774808!4d108.3317516!16s%2Fg%2F11s78p83sk!19sChIJ02EbMoMPQjER62oBBT4hgSo?authuser=0&hl=en&rclk=1,https://facebook.com/duducafe1
"120 Huyền Trân Công Chúa, t.p, Hội An, Quảng Nam ",15.8767175,108.3418874,U Cafe Hoi An,0788 581 270 ,100000.0,"100,000",4.7,Coffee Shop,https://www.google.com/maps/place/U+Cafe+Hoi+An/data=!4m7!3m6!1s0x31420dd215fad001:0x5a292057b9a5a307!8m2!3d15.8767175!4d108.3418874!16s%2Fg%2F1tdjnmjt!19sChIJAdD6FdINQjERB6OluVcgKVo?authuser=0&hl=en&rclk=1,https://ucafehoian.wordpress.com/
"20 Đường Phan Bội Châu, Cẩm Châu, Hội An, Quảng Nam ",15.8771777,108.3344677,Mia Coffee,0905 552 061 ,100000.0,"100,000",4.5,Coffee Shop,https://www.google.com/maps/place/Mia+Coffee/data=!4m7!3m6!1s0x31420dd5bc90441d:0xf1ec48e2a0360af5!8m2!3d15.8771777!4d108.3344677!16s%2Fg%2F1ptyk175s!19sChIJHUSQvNUNQjER9Qo2oOJI7PE?authuser=0&hl=en&rclk=1,
"Đường Phan Bội Châu, Cẩm Châu, Hội An, Quảng Nam ",15.8776307,108.3370572,Coconut Coffee Hội An,0777 467 193 ,100000.0,"100,000",4.9,Coffee Shop,https://www.google.com/maps/place/Coconut+Coffee+H%E1%BB%99i+An/data=!4m7!3m6!1s0x31420dd43fb5760d:0x5a65e838b1357ef1!8m2!3d15.8776307!4d108.3370572!16s%2Fg%2F11spp2lngp!19sChIJDXa1P9QNQjER8X41sTjoZVo?authuser=0&hl=en&rclk=1,
"135 Trần Phú, Phường Minh An, Hội An, Quảng Nam ",15.8770589,108.3270778,Hoi An Roastery Espresso & Coffee House I,0235 3927 772 ,100000.0,"100,000",4.2,Coffee Shop,https://www.google.com/maps/place/Hoi+An+Roastery+Espresso+%26+Coffee+House+I/data=!4m7!3m6!1s0x31420e7e89789f5d:0x1b62eeaaf130d76b!8m2!3d15.8770589!4d108.3270778!16s%2Fg%2F11b7qwkwfg!19sChIJXZ94iX4OQjERa9cw8aruYhs?authuser=0&hl=en&rclk=1,http://hoianroastery.com/
"43 Bà Triệu, Phường Cẩm Phổ, Hội An, Quảng Nam ",15.8821409,108.3246562,ART COFFEE HỘI AN,0774 723 169 ,100000.0,"100,000",5.0,Coffee Shop,https://www.google.com/maps/place/ART+COFFEE+H%E1%BB%98I+AN/data=!4m7!3m6!1s0x31420f007d208f11:0xd020409824590d60!8m2!3d15.8821409!4d108.3246562!16s%2Fg%2F11y67_7xd0!19sChIJEY8gfQAPQjERYA1ZJJhAINA?authuser=0&hl=en&rclk=1,
"hẻm 144 Nguyễn Trường Tộ, Phường Minh An, Hội An, Quảng Nam ",15.8808157,108.3285627,Ren Rứa Cafe,0961 294 729 ,100000.0,"100,000",4.9,Coffee Shop,https://www.google.com/maps/place/Ren+R%E1%BB%A9a+Cafe/data=!4m7!3m6!1s0x31420f4ab6edb20d:0x2ae1321283cfb1db!8m2!3d15.8808157!4d108.3285627!16s%2Fg%2F11kj5tzfrw!19sChIJDbLttkoPQjER27HPgxIy4So?authuser=0&hl=en&rclk=1,
"49/10 Trần Hưng Đạo, Phường Minh An, Hội An, Quảng Nam ",15.8793453,108.3294367,son Cafe Hoi An,0935 911 011 ,100000.0,"100,000",5.0,Coffee Shop,https://www.google.com/maps/place/son+Cafe+Hoi+An/data=!4m7!3m6!1s0x31420f1115b4a3c5:0xabffb00f73e0013!8m2!3d15.8793453!4d108.3294367!16s%2Fg%2F11k4k3hxnr!19sChIJxaO0FREPQjEREwA-9wD7vwo?authuser=0&hl=en&rclk=1,https://www.facebook.com/soncafehoian
"25 Nguyễn Thái Học, Old Town, Hội An, Quảng Nam ",15.8766114,108.3302344,25s Cafe & Brunch,0368 816 688 ,100000.0,"100,000",4.8,Coffee Shop,https://www.google.com/maps/place/25s+Cafe+%26+Brunch/data=!4m7!3m6!1s0x31420f9a590d5c51:0x35e117b487680d42!8m2!3d15.8766114!4d108.3302344!16s%2Fg%2F11scnlzxty!19sChIJUVwNWZoPQjERQg1oh7QX4TU?authuser=0&hl=en&rclk=1,https://www.instagram.com/25scafe/
"V8WR+M9V Trái Tim Lúa, An Mỹ, Hội An, Quảng Nam ",15.8973326,108.3396403,MISS HOI AN CAFE,,100000.0,"100,000",4.7,Coffee Shop,https://www.google.com/maps/place/MISS+HOI+AN+CAFE/data=!4m7!3m6!1s0x31420d5b6c4e3c89:0x58f29bd41dc0e5cc!8m2!3d15.8973326!4d108.3396403!16s%2Fg%2F11vb5xpkx_!19sChIJiTxObFsNQjERzOXAHdSb8lg?authuser=0&hl=en&rclk=1,http://misshacafe.com/
"9 Trần Trung Tri, Cẩm Nam, Hội An, Quảng Nam ",15.8721956,108.3318154,Olivier Coffee,0905 259 966 ,100000.0,"100,000",4.9,Coffee Shop,https://www.google.com/maps/place/Olivier+Coffee/data=!4m7!3m6!1s0x31420e7c78d3f849:0xe3dd5677ba57524e!8m2!3d15.8721956!4d108.3318154!16s%2Fg%2F11c1wwyz61!19sChIJSfjTeHwOQjERTlJXundW3eM?authuser=0&hl=en&rclk=1,http://oliviercoffee.com/
"40 Huyền Trân Công Chúa, Cẩm Châu, Hội An, Quảng Nam ",15.875304,108.3460297,KHA MY CAFE,,100000.0,"100,000",4.9,Coffee Shop,https://www.google.com/maps/place/KHA+MY+CAFE/data=!4m7!3m6!1s0x31420dc0fa2f0797:0xbbf496baffee8506!8m2!3d15.875304!4d108.3460297!16s%2Fg%2F11l1m_c7ct!19sChIJlwcv-sANQjERBoXu_7qW9Ls?authuser=0&hl=en&rclk=1,
"45 Đào Duy Từ, Phường Cẩm Phổ, Hội An, Quảng Nam ",15.8768922,108.3195189,Cam Coffee n More,0984 809 310 ,100000.0,"100,000",4.9,Coffee Shop,https://www.google.com/maps/place/Cam+Coffee+n+More/data=!4m7!3m6!1s0x31420f267f34453b:0x28855ac01409729e!8m2!3d15.8768922!4d108.3195189!16s%2Fg%2F11j11tv7zq!19sChIJO0U0fyYPQjERnnIJFMBahSg?authuser=0&hl=en&rclk=1,https://www.facebook.com/camcoffeehoian
"89 Trần Phú, Phường Minh An, Hội An, Quảng Nam ",15.8770683,108.3288569,Hoi An Roastery Espresso & Coffee House,0235 3927 727 ,100000.0,"100,000",4.8,Coffee Shop,https://www.google.com/maps/place/Hoi+An+Roastery+Espresso+%26+Coffee+House/data=!4m7!3m6!1s0x31420f000f111545:0x50b177c03425d882!8m2!3d15.8770683!4d108.3288569!16s%2Fg%2F11ld2r6zb4!19sChIJRRURDwAPQjERgtglNMB3sVA?authuser=0&hl=en&rclk=1,http://hoianroastery.com/
"100 Lý Thường Kiệt, Cẩm Châu, Hội An, Quảng Nam 51307 ",15.8815697,108.3379925,Homelody Coffee & Brunch Hoi An,0935 983 263 ,100000.0,"100,000",4.8,Coffee Shop,https://www.google.com/maps/place/Homelody+Coffee+%26+Brunch+Hoi+An/data=!4m7!3m6!1s0x31420d9a44676551:0x8cc83eb21a505ba7!8m2!3d15.8815697!4d108.3379925!16s%2Fg%2F11wj47gg6n!19sChIJUWVnRJoNQjERp1tQGrI-yIw?authuser=0&hl=en&rclk=1,https://www.facebook.com/Homelody.coffee
"28/2 Trần Hưng Đạo, Sơn Phong, Hội An, Quảng Nam ",15.8801455,108.3282775,The Espresso Station,0325 505 506 ,100000.0,"100,000",4.7,Coffee Shop,https://www.google.com/maps/place/The+Espresso+Station/data=!4m7!3m6!1s0x31420e7935f9201d:0x3a28f08a80f92a01!8m2!3d15.8801455!4d108.3282775!16s%2Fg%2F11f330nhtk!19sChIJHSD5NXkOQjERASr5gIrwKDo?authuser=0&hl=en&rclk=1,https://www.facebook.com/TheEspressoStation/
"112 Đ. Phan Chu Trinh, Phường Minh An, Hội An, Quảng Nam ",15.8786036,108.3233734,Namto House Coffee HoiAn,0948 877 777 ,100000.0,"100,000",4.6,Coffee Shop,https://www.google.com/maps/place/Namto+House+Coffee+HoiAn/data=!4m7!3m6!1s0x31420f3d5768da0b:0x8d424deace2f3bf7!8m2!3d15.8786036!4d108.3233734!16s%2Fg%2F11srtx9sn7!19sChIJC9poVz0PQjER9zsvzupNQo0?authuser=0&hl=en&rclk=1,https://www.facebook.com/profile.php?id=100089563686204
"30 Nguyễn Thái Học, Phường Minh An, Hội An, Quảng Nam ",15.8767567,108.3302429,Memories Bistro & Cafe' Hoi An By Amber,0914 323 056 ,100000.0,"100,000",4.8,Coffee Shop,https://www.google.com/maps/place/Memories+Bistro+%26+Cafe%27+Hoi+An+By+Amber/data=!4m7!3m6!1s0x31420de10450665b:0xf9b113cddbab1bca!8m2!3d15.8767567!4d108.3302429!16s%2Fg%2F11stj2g3hd!19sChIJW2ZQBOENQjERyhur280Tsfk?authuser=0&hl=en&rclk=1,https://www.instagram.com/memoriescafe.hoian/
"121/2 Nguyễn Duy Hiệu, Cẩm Châu, Hội An, Quảng Nam 560900 ",15.880414,108.346994,Magnolia Cafe Hoi An,0974 989 039 ,100000.0,"100,000",4.5,Coffee Shop,https://www.google.com/maps/place/Magnolia+Cafe+Hoi+An/data=!4m7!3m6!1s0x31420dcfad27e977:0xd25bfd1dedad8fc9!8m2!3d15.880414!4d108.346994!16s%2Fg%2F11clgtn__p!19sChIJd-knrc8NQjERyY-t7R39W9I?authuser=0&hl=en&rclk=1,https://sites.google.com/view/quancafemoclanhoian/trang-ch%E1%BB%A7
"151 Trần Hưng Đạo, Phường Cẩm Phổ, Hội An, Quảng Nam 560000 ",15.8796635,108.3241314,Trốn Hội An Coffee,0988 001 056 ,100000.0,"100,000",4.8,Coffee Shop,https://www.google.com/maps/place/Tr%E1%BB%91n+H%E1%BB%99i+An+Coffee/data=!4m7!3m6!1s0x31420f2a75ac7785:0x96cab44c31be356f!8m2!3d15.8796635!4d108.3241314!16s%2Fg%2F11vm3n2kfp!19sChIJhXesdSoPQjERbzW-MUy0ypY?authuser=0&hl=en&rclk=1,
"675 Đ. Hai Bà Trưng, Phường Minh An, Hội An, Quảng Nam ",15.8780132,108.3267862,Uncle huan coffee,0905 417 794 ,100000.0,"100,000",4.8,Coffee Shop,https://www.google.com/maps/place/Uncle+huan+coffee/data=!4m7!3m6!1s0x31420f7009afde29:0x40dec9e37f5e94!8m2!3d15.8780132!4d108.3267862!16s%2Fg%2F11tp05d8ym!19sChIJKd6vCXAPQjERlF5_48neQAA?authuser=0&hl=en&rclk=1,https://www.instagram.com/unclehuan.coffee?igsh=OXJkdnJ6OXZnYXlw
"150 Trần Phú, Cẩm Châu, Hội An, Quảng Nam ",15.8771714,108.3273342,Mót Hội An - Nước Thảo Mộc Sả Chanh,0972 524 868 ,null,,4.5,Coffee Shop,https://www.google.com/maps/place/M%C3%B3t+H%E1%BB%99i+An+-+N%C6%B0%E1%BB%9Bc+Th%E1%BA%A3o+M%E1%BB%99c+S%E1%BA%A3+Chanh/data=!4m7!3m6!1s0x31420e7e86a3b673:0x111d7cc765bb7cbf!8m2!3d15.8771714!4d108.3273342!16s%2Fg%2F11h7s4z33v!19sChIJc7ajhn4OQjERv3y7Zcd8HRE?authuser=0&hl=en&rclk=1,
"132/7 Trần Phú, Phường Minh An, Hội An, Quảng Nam ",15.8777201,108.3279503,Phin Coffee Restaurant,0919 882 783 ,200000.0,"200,000",4.8,Coffee Shop,https://www.google.com/maps/place/Phin+Coffee+Restaurant/data=!4m7!3m6!1s0x31420e7ee5c4f655:0x357f5a19fe298f96!8m2!3d15.8777201!4d108.3279503!16s%2Fg%2F11c6w0vqhh!19sChIJVfbE5X4OQjERlo8p_hlafzU?authuser=0&hl=en&rclk=1,http://www.phincoffeehoian.com/
"23 Trần Hưng Đạo, Phường Minh An, Hội An, Quảng Nam ",15.8797553,108.3301118,LYN’S Coffee & Tea / Hội An,0935 641 136 ,100000.0,"100,000",4.9,Coffee Shop,https://www.google.com/maps/place/LYN%E2%80%99S+Coffee+%26+Tea+%2F+H%E1%BB%99i+An/data=!4m7!3m6!1s0x31420f92add86ed9:0x6c87ce6097ecd030!8m2!3d15.8797553!4d108.3301118!16s%2Fg%2F11tmzv8vqt!19sChIJ2W7YrZIPQjERMNDsl2DOh2w?authuser=0&hl=en&rclk=1,
"92 Trần Phú, Phường Minh An, Hội An, Quảng Nam 564007 ",15.8772232,108.3292845,92 station restaurant & cafe,0905 063 199 ,100000.0,"100,000",4.4,Coffee Shop,https://www.google.com/maps/place/92+station+restaurant+%26+cafe/data=!4m7!3m6!1s0x31420f7fdfc3cbb9:0xa791cddd10dcbbc6!8m2!3d15.8772232!4d108.3292845!16s%2Fg%2F11gy9k0kts!19sChIJucvD338PQjERxrvcEN3Nkac?authuser=0&hl=en&rclk=1,
"64 Công Nữ Ngọc Hoa, Phường Minh An, Hội An, Quảng Nam ",15.8771677,108.3247957,Cong Caphe,0949 792 152 ,100000.0,"100,000",4.3,Coffee Shop,https://www.google.com/maps/place/Cong+Caphe/data=!4m7!3m6!1s0x31420e7c4c9d7887:0x6c0b43733b24aee9!8m2!3d15.8771677!4d108.3247957!16s%2Fg%2F11f15h85mv!19sChIJh3idTHwOQjER6a4kO3NDC2w?authuser=0&hl=en&rclk=1,http://congcaphe.com/
"137 Nguyễn Duy Hiệu, Cẩm Châu, Hội An, Quảng Nam 560000 ",15.8803334,108.3459677,FinAqua's Cafe Hoi An Coffee & Healthy Food,0911 426 357 ,200000.0,"200,000",4.9,Coffee Shop,https://www.google.com/maps/place/FinAqua%27s+Cafe+Hoi+An+Coffee+%26+Healthy+Food/data=!4m7!3m6!1s0x31420f7b7bf6e237:0x587fdfd82c4a5ca5!8m2!3d15.8803334!4d108.3459677!16s%2Fg%2F11smrbvpl3!19sChIJN-L2e3sPQjERpVxKLNjff1g?authuser=0&hl=en&rclk=1,https://www.finaquacafehoian.com/
"55 Lê Thánh Tông, Cẩm Sơn, Hội An, Quảng Nam ",15.8938471,108.3466842,Coffee Xóm Chiêu,,100000.0,"100,000",4.8,Coffee Shop,https://www.google.com/maps/place/Coffee+X%C3%B3m+Chi%C3%AAu/data=!4m7!3m6!1s0x31420d48b1ce0ee1:0x67a206f198879070!8m2!3d15.8938471!4d108.3466842!16s%2Fg%2F11jn_ndng6!19sChIJ4Q7OsUgNQjERcJCHmPEGomc?authuser=0&hl=en&rclk=1,
"Thôn Trà Quế, Cẩm Hà, Hội An, Quảng Nam ",15.9022847,108.3396308,Café Slow Hội An,0981 063 880 ,100000.0,"100,000",4.6,Coffee Shop,https://www.google.com/maps/place/Caf%C3%A9+Slow+H%E1%BB%99i+An/data=!4m7!3m6!1s0x31420d3aa9b1d727:0x9f8560cfeaaa004a!8m2!3d15.9022847!4d108.3396308!16s%2Fg%2F11vf2_1lzp!19sChIJJ9exqToNQjERSgCq6s9ghZ8?authuser=0&hl=en&rclk=1,
"22 Trần Hưng Đạo, Phường Minh An, Hội An, Quảng Nam ",15.8799529,108.3284493,Bill Coffee & Tea,0702 605 589 ,100000.0,"100,000",4.7,Coffee Shop,https://www.google.com/maps/place/Bill+Coffee+%26+Tea/data=!4m7!3m6!1s0x31420f0a261431d7:0xe8f3c8524722b022!8m2!3d15.8799529!4d108.3284493!16s%2Fg%2F11gh2vzbqp!19sChIJ1zEUJgoPQjERIrAiR1LI8-g?authuser=0&hl=en&rclk=1,
"94 Lê Lợi, Phường Minh An, Hội An, Quảng Nam ",15.8766569,108.3285554,"Cocobox - Juice Bar, Café & Farm Shop",0235 3862 000 ,100000.0,"100,000",4.2,Bar/Pub,"https://www.google.com/maps/place/Cocobox+-+Juice+Bar,+Caf%C3%A9+%26+Farm+Shop/data=!4m7!3m6!1s0x31420e7ef47e8f21:0xe78fd70d3589347e!8m2!3d15.8766569!4d108.3285554!16s%2Fg%2F11b6p2_y8f!19sChIJIY9-9H4OQjERfjSJNQ3Xj-c?authuser=0&hl=en&rclk=1",https://www.facebook.com/cocoboxvietnam
"242 Cửa Đại, Cẩm Sơn, Hội An, Quảng Nam 560000 ",15.8890788,108.3541829,Dirty Lips Cafe Hoi An,0911 969 617 ,100000.0,"100,000",5.0,Coffee Shop,https://www.google.com/maps/place/Dirty+Lips+Cafe+Hoi+An/data=!4m7!3m6!1s0x31420d5f692f3d3d:0x6f64f1daaa51f9d7!8m2!3d15.8890788!4d108.3541829!16s%2Fg%2F11y7178z9d!19sChIJPT0vaV8NQjER1_lRqtrxZG8?authuser=0&hl=en&rclk=1,
"22 Nguyễn Thái Học, Phường Minh An, Hội An, Quảng Nam ",15.8767581,108.3304943,Ancient House Coffee Shop - Bar Hoi An,0905 707 810 ,100000.0,"100,000",5.0,Coffee Shop,https://www.google.com/maps/place/Ancient+House+Coffee+Shop+-+Bar+Hoi+An/data=!4m7!3m6!1s0x31420f3686a1aa57:0x7d1a36d86a938a30!8m2!3d15.8767581!4d108.3304943!16s%2Fg%2F11tss2xpgt!19sChIJV6qhhjYPQjERMIqTatg2Gn0?authuser=0&hl=en&rclk=1,https://ancienthousecoffee.com.vn/
"170/6 Cửa Đại, Cẩm Sơn, Hội An, Quảng Nam ",15.8906777,108.3570073,Bông Son Hội An Cafe,0905 101 337 ,100000.0,"100,000",4.8,Coffee Shop,https://www.google.com/maps/place/B%C3%B4ng+Son+H%E1%BB%99i+An+Cafe/data=!4m7!3m6!1s0x31420d8015e0f971:0xd9d5089888fc115!8m2!3d15.8906777!4d108.3570073!16s%2Fg%2F11n76hlbv7!19sChIJcfngFYANQjERFcGPiIlQnQ0?authuser=0&hl=en&rclk=1,
"119 Đ. Trần Cao Vân, Phường Minh An, Hội An, Quảng Nam ",15.8802525,108.3278742,Mr Viet Coffee - The Best bike coffee take away in Hoi An,0349 841 397 ,100000.0,"100,000",5.0,Coffee Shop,https://www.google.com/maps/place/Mr+Viet+Coffee+-+The+Best+bike+coffee+take+away+in+Hoi+An./data=!4m7!3m6!1s0x31420f00629933b9:0x3606f4fb1ed2627e!8m2!3d15.8802525!4d108.3278742!16s%2Fg%2F11vx2pdhgz!19sChIJuTOZYgAPQjERfmLSHvv0BjY?authuser=0&hl=en&rclk=1,
"84 Đ. Trần Cao Vân, Phường Minh An, Hội An, Quảng Nam ",15.881609,108.3279296,Hoi An Roastery Espresso & Coffee House III,0235 3927 729 ,100000.0,"100,000",4.4,Coffee Shop,https://www.google.com/maps/place/Hoi+An+Roastery+Espresso+%26+Coffee+House+III/data=!4m7!3m6!1s0x31420f001fb2e42b:0x59b316cd3e4d0b13!8m2!3d15.881609!4d108.3279296!16s%2Fg%2F11vpksyqz_!19sChIJK-SyHwAPQjEREwtNPs0Ws1k?authuser=0&hl=en&rclk=1,http://www.hoianroastery.com/
"106 Lý Thái Tổ, Sơn Phong, Hội An, Quảng Nam ",15.8856453,108.3345495,Rio Garden Coffee Hội An,0703 007 999 ,100000.0,"100,000",4.3,Coffee Shop,https://www.google.com/maps/place/Rio+Garden+Coffee+H%E1%BB%99i+An/data=!4m7!3m6!1s0x31420d0016772f15:0xea59f7191651835b!8m2!3d15.8856453!4d108.3345495!16s%2Fg%2F11vz7y16_1!19sChIJFS93FgANQjERW4NRFhn3Weo?authuser=0&hl=en&rclk=1,https://www.facebook.com/profile.php?id=61558269692941&mibextid=LQQJ4d
"20 Đào Duy Từ, Phường Minh An, Hội An, Quảng Nam 51000 ",15.8770873,108.3221879,Bới Cơm Hoi An Restaurant & Cafe,0935 447 566 ,300000.0,"300,000",4.7,Coffee Shop,https://www.google.com/maps/place/B%E1%BB%9Bi+C%C6%A1m+Hoi+An+Restaurant+%26+Cafe/data=!4m7!3m6!1s0x31420f1034df096f:0x1a245b9479455504!8m2!3d15.8770873!4d108.3221879!16s%2Fg%2F11kpxsg__v!19sChIJbwnfNBAPQjERBFVFeZRbJBo?authuser=0&hl=en&rclk=1,https://boicomhoianrestaurant.com/
"76 Nguyễn Duy Hiệu, Cẩm Châu, Hội An, Quảng Nam 51000 ",15.8826666,108.3500896,À MYA HỘI AN COFFEE & MILK TEA,0961 122 233 ,100000.0,"100,000",4.9,Coffee Shop,https://www.google.com/maps/place/%C3%80+MYA+H%E1%BB%98I+AN+COFFEE+%26+MILK+TEA/data=!4m7!3m6!1s0x31420d28df5a90e9:0xd7fda5c5e5dcdcf9!8m2!3d15.8826666!4d108.3500896!16s%2Fg%2F11sv0zf3st!19sChIJ6ZBa3ygNQjER-dzc5cWl_dc?authuser=0&hl=en&rclk=1,
"39 Lê Quý Đôn, Phường Cẩm Phổ, Hội An, Quảng Nam 51309 ",15.8799659,108.3232841,Vintage Taste Deli Cafe Hoi An,0866 008 739 ,100000.0,"100,000",5.0,Coffee Shop,https://www.google.com/maps/place/Vintage+Taste+Deli+Cafe+Hoi+An/data=!4m7!3m6!1s0x31420f338919c65f:0x5f42aa9d6ef9109!8m2!3d15.8799659!4d108.3232841!16s%2Fg%2F11x373xf3d!19sChIJX8YZiTMPQjERCZHv1qkq9AU?authuser=0&hl=en&rclk=1,https://vintagetastedeli.cafe/
"khối, An Mỹ, Hội An, Quảng Nam 51000 ",15.8906785,108.3468523,Cà phê Hoa Lúa,0935 231 356 ,100000.0,"100,000",4.7,Coffee Shop,https://www.google.com/maps/place/C%C3%A0+ph%C3%AA+Hoa+L%C3%BAa/data=!4m7!3m6!1s0x31420f5460ba0089:0xff6b02cacb681fec!8m2!3d15.8906785!4d108.3468523!16s%2Fg%2F11ns4tzy4m!19sChIJiQC6YFQPQjER7B9oy8oCa_8?authuser=0&hl=en&rclk=1,
"15 Huỳnh Ngọc Huệ, Tân An, Hội An, Quảng Nam 51300 ",15.8912092,108.3161759,"Du Ca Hội An - Tiệm Bánh, Cafe & Milk Tea",0918 424 069 ,100000.0,"100,000",5.0,Coffee Shop,"https://www.google.com/maps/place/Du+Ca+H%E1%BB%99i+An+-+Ti%E1%BB%87m+B%C3%A1nh,+Cafe+%26+Milk+Tea/data=!4m7!3m6!1s0x31420f001fe4d517:0x6e39b8ff7ae97a8!8m2!3d15.8912092!4d108.3161759!16s%2Fg%2F11ld3ywxdl!19sChIJF9XkHwAPQjERqJeu94-b4wY?authuser=0&hl=en&rclk=1",
"40 Nguyễn Phan Vinh, Cẩm An, Hội An, Quảng Nam 560000 ",15.9086549,108.3474429,Sound Of Silence Coffee Shop,0866 774 962 ,100000.0,"100,000",4.5,Coffee Shop,https://www.google.com/maps/place/Sound+Of+Silence+Coffee+Shop/data=!4m7!3m6!1s0x31420df054602781:0xc029938b7140feae!8m2!3d15.9086549!4d108.3474429!16s%2Fg%2F11bzzyqt37!19sChIJgSdgVPANQjERrv5AcYuTKcA?authuser=0&hl=en&rclk=1,https://wa.me/qr/KB4IBHD7OU4JC1
"Đường Ven sông Cẩm Nam, Cẩm Nam, Hội An, Quảng Nam ",15.8736621,108.3371066,Trình cafe & bistro Hội An,,100000.0,"100,000",4.9,Coffee Shop,https://www.google.com/maps/place/Tr%C3%ACnh+cafe+%26+bistro+H%E1%BB%99i+An/data=!4m7!3m6!1s0x31420d0062d81a47:0xe92f357c8cd3e00a!8m2!3d15.8736621!4d108.3371066!16s%2Fg%2F11y6b4qfpr!19sChIJRxrYYgANQjERCuDTjHw1L-k?authuser=0&hl=en&rclk=1,
"19A Công Nữ Ngọc Hoa, Phường Minh An, Hội An, Quảng Nam 560000 ",15.8769905,108.3254109,CAFE INN Hoi An (카페 인 호이안),0962 744 613 ,100000.0,"100,000",4.8,Coffee Shop,https://www.google.com/maps/place/CAFE+INN+Hoi+An+%28%EC%B9%B4%ED%8E%98+%EC%9D%B8+%ED%98%B8%EC%9D%B4%EC%95%88%29/data=!4m7!3m6!1s0x31420f1996dadc11:0x651b101261578d32!8m2!3d15.8769905!4d108.3254109!16s%2Fg%2F11v5_k4y2y!19sChIJEdzalhkPQjERMo1XYRIQG2U?authuser=0&hl=en&rclk=1,
"45 Thích Quảng Đức, Cẩm Sơn, Hội An, Quảng Nam ",15.8899854,108.328399,Nắng Coffee Hội An,0235 3921 921 ,100000.0,"100,000",4.4,Coffee Shop,https://www.google.com/maps/place/N%E1%BA%AFng+Coffee+H%E1%BB%99i+An/data=!4m7!3m6!1s0x31420fafd556edad:0xf82c4bc08eed9c8f!8m2!3d15.8899854!4d108.328399!16s%2Fg%2F11tj2_gwgh!19sChIJre1W1a8PQjERj5ztjsBLLPg?authuser=0&hl=en&rclk=1,https://www.facebook.com/nangcoffeehoian
"10 Đ. Phan Chu Trinh, Cẩm Châu, Hội An, Quảng Nam 51000 ",15.8784922,108.331266,"Phê La - Phan Châu Trinh, Hội An",1900 3013 ,100000.0,"100,000",4.2,Coffee Shop,"https://www.google.com/maps/place/Ph%C3%AA+La+-+Phan+Ch%C3%A2u+Trinh,+H%E1%BB%99i+An/data=!4m7!3m6!1s0x31420f98fb2ee217:0xfc533cfe16a0cff9!8m2!3d15.8784922!4d108.331266!16s%2Fg%2F11kp_kdkx7!19sChIJF-Iu-5gPQjER-c-gFv48U_w?authuser=0&hl=en&rclk=1",https://phela.vn/
"686 Đ. Hai Bà Trưng, Phường Minh An, Hội An, Quảng Nam 550000 ",15.8812522,108.3260589,An’s Coffee & Milktea,0903 511 100 ,100000.0,"100,000",4.7,Coffee Shop,https://www.google.com/maps/place/An%E2%80%99s+Coffee+%26+Milktea/data=!4m7!3m6!1s0x31420f0c935c7b2d:0x65361ddf20344027!8m2!3d15.8812522!4d108.3260589!16s%2Fg%2F11rncz9drn!19sChIJLXtckwwPQjERJ0A0IN8dNmU?authuser=0&hl=en&rclk=1,
"146 Nguyễn Trường Tộ, Phường Minh An, Hội An, Quảng Nam 560000 ",15.8805691,108.32885,Thom's Sourdough Bakery & Coffee - Old town,0963 222 143 ,null,,4.8,Coffee Shop,https://www.google.com/maps/place/Thom%27s+Sourdough+Bakery+%26+Coffee+-+Old+town/data=!4m7!3m6!1s0x31420e7da1005555:0x59f33588776af2ef!8m2!3d15.8805691!4d108.32885!16s%2Fg%2F11txb_84_t!19sChIJVVUAoX0OQjER7_Jqd4g181k?authuser=0&hl=en&rclk=1,https://thomsbakery.cafe/
"17 Nguyễn Phúc Chu, An Hội, Hội An, Quảng Nam ",15.8756429,108.3273662,11 Ca Phe,,100000.0,"100,000",4.8,Coffee Shop,https://www.google.com/maps/place/11+Ca+Phe/data=!4m7!3m6!1s0x31420ff5bba53e49:0xfee718a082d4d261!8m2!3d15.8756429!4d108.3273662!16s%2Fg%2F11syrc7zyf!19sChIJST6lu_UPQjERYdLUgqAY5_4?authuser=0&hl=en&rclk=1,
"Tổ 16 thôn bến trễ, An Hội Tây, Hội An, Đà Nẵng 560000 ",15.9003556,108.3070381,FeFe Coffee,0905 997 350 ,100000.0,"100,000",4.7,Coffee Shop,https://www.google.com/maps/place/FeFe+Coffee/data=!4m7!3m6!1s0x31420fea00d2d483:0x37a0b034ce438ffd!8m2!3d15.9003556!4d108.3070381!16s%2Fg%2F11h11fk_bw!19sChIJg9TSAOoPQjER_Y9DzjSwoDc?authuser=0&hl=en&rclk=1,http://www.facebook.com/fefecoffee.com.ltd
"14 Tuệ Tĩnh, Tân An, Hội An, Quảng Nam 51308 ",15.8879453,108.3284866,Sip Hoi An - Cafe & Bistro,0902 646 085 ,null,,4.6,Coffee Shop,https://www.google.com/maps/place/Sip+Hoi+An+-+Cafe+%26+Bistro/data=!4m7!3m6!1s0x31420fe40b48197d:0xe7a4f20e64a01bbf!8m2!3d15.8879453!4d108.3284866!16s%2Fg%2F11y5s77q2q!19sChIJfRlIC-QPQjERvxugZA7ypOc?authuser=0&hl=en&rclk=1,https://www.instagram.com/sip.hoian
"127 Đ. Phan Chu Trinh, Phường Minh An, Hội An, Quảng Nam ",15.8783942,108.3250742,V LANTERN CAFE - Quán cà phê lồng đèn Hội An,0905 721 704 ,100000.0,"100,000",4.7,Coffee Shop,https://www.google.com/maps/place/V+LANTERN+CAFE+-+Qu%C3%A1n+c%C3%A0+ph%C3%AA+l%E1%BB%93ng+%C4%91%C3%A8n+H%E1%BB%99i+An/data=!4m7!3m6!1s0x31420f006bfc62c1:0x49a55ce956ddffe5!8m2!3d15.8783942!4d108.3250742!16s%2Fg%2F11y48x9t9n!19sChIJwWL8awAPQjER5f_dVulcpUk?authuser=0&hl=en&rclk=1,
"136 Nguyễn Thái Học, Phường Minh An, Hội An, Quảng Nam 51000 ",15.876701,108.3265492,Chu An Cafe,0905 903 939 ,100000.0,"100,000",3.8,Coffee Shop,https://www.google.com/maps/place/Chu+An+Cafe/data=!4m7!3m6!1s0x31420f325de3d247:0xb2f8dcca2cf9a006!8m2!3d15.876701!4d108.3265492!16s%2Fg%2F11pv4t8knw!19sChIJR9LjXTIPQjERBqD5LMrc-LI?authuser=0&hl=en&rclk=1,https://www.facebook.com/ChuAnHoiAn?mibextid=LQQJ4d
"43 Đ. Phan Chu Trinh, Phường Minh An, Hội An, Quảng Nam ",15.8783925,108.3297869,Hoachampa Coffee & Tea House,0235 3910 678 ,100000.0,"100,000",4.8,Coffee Shop,https://www.google.com/maps/place/Hoachampa+Coffee+%26+Tea+House/data=!4m7!3m6!1s0x31420e7edf3cd7d7:0x9eaca6b2e17b13a6!8m2!3d15.8783925!4d108.3297869!16s%2Fg%2F11bxc3zz5w!19sChIJ19c8334OQjERphN74bKmrJ4?authuser=0&hl=en&rclk=1,
"93 Đ. Phan Chu Trinh, Old Town, Hội An, Quảng Nam 560000 ",15.8784047,108.3268155,Hoi An Home Coffee & Restaurant,0976 496 456 ,100000.0,"100,000",4.9,Coffee Shop,https://www.google.com/maps/place/Hoi+An+Home+Coffee+%26+Restaurant/data=!4m7!3m6!1s0x31420f005a641835:0xe7656fef8cd0ba6f!8m2!3d15.8784047!4d108.3268155!16s%2Fg%2F11xsg5fv7t!19sChIJNRhkWgAPQjERb7rQjO9vZec?authuser=0&hl=en&rclk=1,
"Nguyễn Trãi Thanh Tây, Hội An, Quảng Nam ",15.8924806,108.3521813,Roving Chill house,0708 123 045 ,200000.0,"200,000",4.5,Coffee Shop,https://www.google.com/maps/place/Roving+Chill+house/data=!4m7!3m6!1s0x31420da45adf7b5f:0x5538f7fc5de6c093!8m2!3d15.8924806!4d108.3521813!16s%2Fg%2F11j1_j1w1w!19sChIJX3vfWqQNQjERk8DmXfz3OFU?authuser=0&hl=en&rclk=1,https://www.facebook.com/RovingChillhouseHoiAn/
"96 Nguyễn Du, Phường Cẩm Phổ, Hội An, Quảng Nam ",15.8766577,108.3172309,96 Coffee Hoi An Riverside,0901 999 610 ,100000.0,"100,000",4.6,Coffee Shop,https://www.google.com/maps/place/96+Coffee+Hoi+An+Riverside/data=!4m7!3m6!1s0x31420f4ec1b41bab:0x50663b3ca3e0e5f7!8m2!3d15.8766577!4d108.3172309!16s%2Fg%2F11q9tdnqtq!19sChIJqxu0wU4PQjER9-Xgozw7ZlA?authuser=0&hl=en&rclk=1,
"83 Đ. Phan Chu Trinh, Old Town, Hội An, Quảng Nam ",15.878407,108.3272878,RAWCOCO COFFEE,0913 486 878 ,100000.0,"100,000",4.2,Coffee Shop,https://www.google.com/maps/place/RAWCOCO+COFFEE/data=!4m7!3m6!1s0x31420f654ab8c855:0x1052e7c6def8b2ba!8m2!3d15.878407!4d108.3272878!16s%2Fg%2F11jt11tw46!19sChIJVci4SmUPQjERurL43sbnUhA?authuser=0&hl=en&rclk=1,
"103 Trần Phú, Phường Minh An, Hội An, Quảng Nam ",15.8770744,108.3282404,Lanterns Cafe,0905 133 822 ,200000.0,"200,000",4.8,Coffee Shop,https://www.google.com/maps/place/Lanterns+Cafe.Healthy+Brunch/data=!4m7!3m6!1s0x31420e7ef4ec04e1:0xa68b6e56e2d26829!8m2!3d15.8770744!4d108.3282404!16s%2Fg%2F1pp2wy1sg!19sChIJ4QTs9H4OQjERKWjS4lZui6Y?authuser=0&hl=en&rclk=1,
"Lê Hồng Phong, Phường Cẩm Phổ, Hội An, Quảng Nam ",15.8858848,108.3209233,Zip Lounge Hoi An,0905 222 538 ,100000.0,"100,000",4.6,Bar/Pub,https://www.google.com/maps/place/Zip+Lounge+Hoi+An/data=!4m7!3m6!1s0x31420fe32ac6e013:0xfe6dfc036542fc43!8m2!3d15.8858848!4d108.3209233!16s%2Fg%2F11tmys41l_!19sChIJE-DGKuMPQjERQ_xCZQP8bf4?authuser=0&hl=en&rclk=1,
"275 Cửa Đại, Cẩm Châu, Hội An, Quảng Nam ",15.8838955,108.3480298,Tiệm cà phơ Nàng Ther,0935 535 138 ,100000.0,"100,000",4.8,Coffee Shop,https://www.google.com/maps/place/Ti%E1%BB%87m+c%C3%A0+ph%C6%A1+N%C3%A0ng+Ther/data=!4m7!3m6!1s0x31420d06943233a1:0x710763690c5bc6c1!8m2!3d15.8838955!4d108.3480298!16s%2Fg%2F11rtlxztz3!19sChIJoTMylAYNQjERwcZbDGljB3E?authuser=0&hl=en&rclk=1,https://instagram.com/tiemcaphonangther?igshid=YmMyMTA2M2Y=
"05 Châu Thượng Văn, Phường Minh An, Hội An, Quảng Nam ",15.8768629,108.3265984,Son An Café,0777 601 777 ,100000.0,"100,000",4.7,Coffee Shop,https://www.google.com/maps/place/Son+An+Caf%C3%A9/data=!4m7!3m6!1s0x31420fdff65e4c89:0x745595fcfcd69dfb!8m2!3d15.8768629!4d108.3265984!16s%2Fg%2F11kqsrr836!19sChIJiUxe9t8PQjER-53W_PyVVXQ?authuser=0&hl=en&rclk=1,https://www.facebook.com/sonancafe
"119 Tôn Đức Thắng, Tân An, Hội An, Quảng Nam ",15.8880283,108.3266999,Tháng Hai Hoian,0935 689 608 ,100000.0,"100,000",5.0,Coffee Shop,https://www.google.com/maps/place/Th%C3%A1ng+Hai+Hoian/data=!4m7!3m6!1s0x31420f52a29c53e5:0x362cf6f7f321dd6d!8m2!3d15.8880283!4d108.3266999!16s%2Fg%2F11fqqtlns8!19sChIJ5VOcolIPQjERbd0h8_f2LDY?authuser=0&hl=en&rclk=1,https://www.facebook.com/Th%C3%A1ng-Hai-Hoian-103040577804875/?epa=SEARCH_BOX
"Âu Cơ, Cửa Đại, Hội An, Quảng Nam 560000 ",15.8899446,108.3771456,Mate Restaurant and Coffee,0349 786 659 ,200000.0,"200,000",5.0,Coffee Shop,https://www.google.com/maps/place/Mate+Restaurant+and+Coffee/data=!4m7!3m6!1s0x31420dbaeb904751:0xde43482e0ed06954!8m2!3d15.8899446!4d108.3771456!16s%2Fg%2F11fc8c04b2!19sChIJUUeQ67oNQjERVGnQDi5IQ94?authuser=0&hl=en&rclk=1,https://materes.com/
"99 Lê Hồng Phong, Tân An, Hội An, Quảng Nam 560000 ",15.8900259,108.3235269,Bonte Cafe & Food (air condition working space),,100000.0,"100,000",4.5,Coffee Shop,https://www.google.com/maps/place/Bonte+Cafe+%26+Food+%28air+condition+working+space%29/data=!4m7!3m6!1s0x31420f5a120bb771:0xd15d4bea1c9f2975!8m2!3d15.8900259!4d108.3235269!16s%2Fg%2F11jn3v8nj3!19sChIJcbcLEloPQjERdSmfHOpLXdE?authuser=0&hl=en&rclk=1,https://www.facebook.com/bontecafehoian?mibextid=LQQJ4d
"V8FG+978, An Hội, Hội An, Quảng Nam ",15.8734055,108.3257049,Cafe Bi,,100000.0,"100,000",4.8,Coffee Shop,https://www.google.com/maps/place/Cafe+Bi/data=!4m7!3m6!1s0x31420f454345fdd5:0xe05ab8d0a76300b0!8m2!3d15.8734055!4d108.3257049!16s%2Fg%2F11tspjr66x!19sChIJ1f1FQ0UPQjERsABjp9C4WuA?authuser=0&hl=en&rclk=1,
"Lê Hồng Phong, Phường Cẩm Phổ, Hội An, Quảng Nam 51000 ",15.8841364,108.3200246,FOX Billiards Coffee & Tea Hội An,0787 577 857 ,null,,4.9,Coffee Shop,https://www.google.com/maps/place/FOX+Billiards+Coffee+%26+Tea+H%E1%BB%99i+An/data=!4m7!3m6!1s0x31420f0008f94923:0x3046e4e5c29e817!8m2!3d15.8841364!4d108.3200246!16s%2Fg%2F11ybk8y82y!19sChIJI0n5CAAPQjERF-gpXE5uBAM?authuser=0&hl=en&rclk=1,
"54c Đ. Phan Chu Trinh, Phường Minh An, Hội An, Quảng Nam ",15.8785168,108.3282693,CAFE LIA,0905 373 439 ,100000.0,"100,000",4.8,Coffee Shop,https://www.google.com/maps/place/CAFE+LIA/data=!4m7!3m6!1s0x31420e7c17953ff7:0x1286c8642b1e7f34!8m2!3d15.8785168!4d108.3282693!16s%2Fg%2F11dxddgnl3!19sChIJ9z-VF3wOQjERNH8eK2TIhhI?authuser=0&hl=en&rclk=1,
"196 Nguyễn Duy Hiệu, Cẩm Châu, Hội An, Quảng Nam ",15.8796526,108.3430778,XOFA Coffee,0917 171 161 ,100000.0,"100,000",4.2,Coffee Shop,https://www.google.com/maps/place/XOFA+Coffee/data=!4m7!3m6!1s0x31420dd17eb47589:0x862d0cd322c4da23!8m2!3d15.8796526!4d108.3430778!16s%2Fg%2F11csrsx0hf!19sChIJiXW0ftENQjERI9rEItMMLYY?authuser=0&hl=en&rclk=1,https://www.facebook.com/profile.php?id=100082046320948&mibextid=LQQJ4d
"V8PH+4M9, Đinh Tiên Hoàng, Sơn Phong, Hội An, Quảng Nam ",15.8852947,108.3292362,Cafe ALOHA,,null,,4.3,Coffee Shop,https://www.google.com/maps/place/Cafe+ALOHA/data=!4m7!3m6!1s0x31420e777d08b971:0xb08fba37a69ebc2b!8m2!3d15.8852947!4d108.3292362!16s%2Fg%2F11f03z7f08!19sChIJcbkIfXcOQjERK7yepje6j7A?authuser=0&hl=en&rclk=1,
"164/14 Lý Thường Kiệt, Sơn Phong, Hội An, Quảng Nam 51000 ",15.8820542,108.3344057,Tiệm Cà Phê Hội An 1975,0776 934 493 ,null,,4.3,Coffee Shop,https://www.google.com/maps/place/Ti%E1%BB%87m+C%C3%A0+Ph%C3%AA+H%E1%BB%99i+An+1975/data=!4m7!3m6!1s0x31420d05e9fb4951:0x52f648a4c0a3340a!8m2!3d15.8820542!4d108.3344057!16s%2Fg%2F11ghkx681h!19sChIJUUn76QUNQjERCjSjwKRI9lI?authuser=0&hl=en&rclk=1,
"ĐX18, Cẩm Thanh, Hội An, Quảng Nam ",15.8751483,108.3625051,Cafe Đồng Xanh - Yến sào Tâm Đức,0345 624 166 ,100000.0,"100,000",4.9,Coffee Shop,https://www.google.com/maps/place/Cafe+%C4%90%E1%BB%93ng+Xanh+-+Y%E1%BA%BFn+s%C3%A0o+T%C3%A2m+%C4%90%E1%BB%A9c/data=!4m7!3m6!1s0x31420d8351e27b5f:0xae158f02af0cdaa!8m2!3d15.8751483!4d108.3625051!16s%2Fg%2F11r0_vx_ht!19sChIJX3viUYMNQjERqs3wKvBY4Qo?authuser=0&hl=en&rclk=1,
"122 Nguyễn Trường Tộ, Phường Minh An, Hội An, Quảng Nam ",15.881701,108.3291537,G-Coffee house,0905 404 495 ,100000.0,"100,000",5.0,Coffee Shop,https://www.google.com/maps/place/G-Coffee+house/data=!4m7!3m6!1s0x31420f962edc0459:0xfe5db1ca63068a8e!8m2!3d15.881701!4d108.3291537!16s%2Fg%2F11s590yy15!19sChIJWQTcLpYPQjERjooGY8qxXf4?authuser=0&hl=en&rclk=1,
"75 Nguyễn Tất Thành, Phường Cẩm Phổ, Hội An, Quảng Nam ",15.8861078,108.3207207,Coco Coffee,0972 024 133 ,100000.0,"100,000",4.3,Coffee Shop,https://www.google.com/maps/place/Coco+Coffee/data=!4m7!3m6!1s0x31420fffa4d8a4c7:0x79caeae869cba321!8m2!3d15.8861078!4d108.3207207!16s%2Fg%2F11ll7wjslz!19sChIJx6TYpP8PQjERIaPLaejqynk?authuser=0&hl=en&rclk=1,
"72 Lê Hồng Phong, Cẩm Hà, Hội An, Quảng Nam ",15.8906789,108.3235222,Cà phê Bảo,0906 533 737 ,100000.0,"100,000",4.4,Coffee Shop,https://www.google.com/maps/place/C%C3%A0+ph%C3%AA+B%E1%BA%A3o/data=!4m7!3m6!1s0x31420f8169c33381:0x54edbf83175c0e6!8m2!3d15.8906789!4d108.3235222!16s%2Fg%2F11ngt3_svx!19sChIJgTPDaYEPQjER5sB1MfjbTgU?authuser=0&hl=en&rclk=1,
"89 Phù Đổng Thiên Vương, Cửa Đại, Hội An, Quảng Nam 51300 ",15.8818078,108.3835188,Vuon Giong coffee - restaurant - homestay,0868 133 345 ,null,,4.8,Coffee Shop,https://www.google.com/maps/place/Vuon+Giong+coffee+-+restaurant+-+homestay/data=!4m7!3m6!1s0x31420d16c0a33615:0x3a2287f857119b4e!8m2!3d15.8818078!4d108.3835188!16s%2Fg%2F11s_b5z0xn!19sChIJFTajwBYNQjERTpsRV_iHIjo?authuser=0&hl=en&rclk=1,
"321 Nguyễn Duy Hiệu, Cẩm Châu, Hội An, Quảng Nam ",15.8777959,108.3339365,The Hill Station Deli & Boutique,0235 6292 999 ,null,,4.7,Coffee Shop,https://www.google.com/maps/place/The+Hill+Station+Deli+%26+Boutique/data=!4m7!3m6!1s0x31420dd5eb0e783f:0x98ecfbf730f647f0!8m2!3d15.8777959!4d108.3339365!16s%2Fg%2F11cjj011qn!19sChIJP3gO69UNQjER8Ef2MPf77Jg?authuser=0&hl=en&rclk=1,http://thehillstation.com/
"05 Châu Thượng Văn, Phường Minh An, Hội An, Quảng Nam ",15.8768629,108.3265984,Boulevard Gelato & Coffee,0774 404 175 ,200000.0,"200,000",4.5,Coffee Shop,https://www.google.com/maps/place/Boulevard+Gelato+%26+Coffee/data=!4m7!3m6!1s0x31420f60e08df129:0xfae46ad180ef5939!8m2!3d15.8768629!4d108.3265984!16s%2Fg%2F11gbpcz_ks!19sChIJKfGN4GAPQjEROVnvgNFq5Po?authuser=0&hl=en&rclk=1,https://www.facebook.com/boulevardgelato
"107 Trần Nhân Tông, Sơn Phô 1, Hội An, Quảng Nam 640000 ",15.8834782,108.343956,Coffee Zippo Hội An,0905 055 705 ,null,,4.9,Coffee Shop,https://www.google.com/maps/place/Coffee+Zippo+H%E1%BB%99i+An/data=!4m7!3m6!1s0x31420d3d7701f961:0x1e1eaf156e91131d!8m2!3d15.8834782!4d108.343956!16s%2Fg%2F11spmqq0df!19sChIJYfkBdz0NQjERHRORbhWvHh4?authuser=0&hl=en&rclk=1,https://m.facebook.com/Batluahoian/
"32 Thanh Hóa, Tân An, Hội An, Quảng Nam 560000 ",15.8910081,108.3204952,Hoi An Roastery Espresso and Coffee House IV,0772 544 750 ,100000.0,"100,000",5.0,Coffee Shop,https://www.google.com/maps/place/Hoi+An+Roastery+Espresso+and+Coffee+House+IV/data=!4m7!3m6!1s0x31420fe98d1e2181:0x1529289eeb36ac03!8m2!3d15.8910081!4d108.3204952!16s%2Fg%2F11wthw7y7k!19sChIJgSEejekPQjERA6w2654oKRU?authuser=0&hl=en&rclk=1,https://hoianroastery.com/
"97 Nguyễn Trường Tộ, Phường Minh An, Hội An, Quảng Nam ",15.8837858,108.330152,1989 Cafe & Bistro,,100000.0,"100,000",4.3,Coffee Shop,https://www.google.com/maps/place/1989+Cafe+%26+Bistro/data=!4m7!3m6!1s0x31420ff856a2688f:0x50c010bdf2244d1d!8m2!3d15.8837858!4d108.330152!16s%2Fg%2F11p3hmgdt8!19sChIJj2iiVvgPQjERHU0k8r0QwFA?authuser=0&hl=en&rclk=1,https://www.facebook.com/1989CafeBistro/
"131 Trần Phú, Old Town, Hội An, Quảng Nam ",15.877004,108.327284,Reaching Out Teahouse,0905 216 553 ,null,,4.8,Tea Shop,https://www.google.com/maps/place/Reaching+Out+Teahouse/data=!4m7!3m6!1s0x31420dd58afa8623:0x625ec1080e5f858d!8m2!3d15.877004!4d108.327284!16s%2Fg%2F11b76fyyrz!19sChIJI4b6itUNQjERjYVfDgjBXmI?authuser=0&hl=en&rclk=1,
"78A Đ. Phan Chu Trinh, Phường Minh An, Hội An, Quảng Nam 51000 ",15.8785872,108.3263208,Highlands Coffee Phan Chu Trinh Hoi An,0235 7300 225 ,100000.0,"100,000",4.2,Coffee Shop,https://www.google.com/maps/place/Highlands+Coffee+Phan+Chu+Trinh+Hoi+An/data=!4m7!3m6!1s0x31420f3ddd3af357:0xe5897ea31e0be4c1!8m2!3d15.8785872!4d108.3263208!16s%2Fg%2F11vj1b4kg5!19sChIJV_M63T0PQjERweQLHqN-ieU?authuser=0&hl=en&rclk=1,https://www.highlandscoffee.com.vn/
"40 Trần Hưng Đạo, Phường Minh An, Hội An, Quảng Nam 51000 ",15.8799767,108.3279498,Starbucks Trần Hưng Đạo Hội An,0235 3525 021 ,200000.0,"200,000",4.4,Coffee Shop,https://www.google.com/maps/place/Starbucks+Tr%E1%BA%A7n+H%C6%B0ng+%C4%90%E1%BA%A1o+H%E1%BB%99i+An/data=!4m7!3m6!1s0x31420fcd7707430b:0xdd5e74ae9215501a!8m2!3d15.8799767!4d108.3279498!16s%2Fg%2F11k3nlzp2y!19sChIJC0MHd80PQjERGlAVkq50Xt0?authuser=0&hl=en&rclk=1,https://starbucks.vn/
"67-69 Nguyễn Phúc Chu, An Hội, Hội An, Quảng Nam ",15.8760974,108.3246166,Highlands Coffee Nguyen Phuc Chu,0235 7302 028 ,100000.0,"100,000",4.4,Coffee Shop,https://www.google.com/maps/place/Highlands+Coffee+Nguyen+Phuc+Chu/data=!4m7!3m6!1s0x31420ff070f09b0b:0xfed1ab81864ff315!8m2!3d15.8760974!4d108.3246166!16s%2Fg%2F11s7r9y4p2!19sChIJC5vwcPAPQjERFfNPhoGr0f4?authuser=0&hl=en&rclk=1,http://www.highlandscoffee.com.vn/
"04 Nguyễn Văn Cừ, Tân An, Hội An, Quảng Nam ",15.891931,108.3206748,Cafe Phai Phố,,100000.0,"100,000",4.6,Coffee Shop,https://www.google.com/maps/place/Cafe+Phai+Ph%E1%BB%91/data=!4m7!3m6!1s0x31420e7edcb899fd:0x507900f7fbbc02a1!8m2!3d15.891931!4d108.3206748!16s%2Fg%2F11c6w037sd!19sChIJ_Zm43H4OQjERoQK8-_cAeVA?authuser=0&hl=en&rclk=1,
"33 Trần Hưng Đạo, Street, Hội An, Quảng Nam ",15.8796837,108.3298597,Cafe khách sạn hội an,0971 427 463 ,100000.0,"100,000",4.0,Coffee Shop,https://www.google.com/maps/place/Cafe+kh%C3%A1ch+s%E1%BA%A1n+h%E1%BB%99i+an/data=!4m7!3m6!1s0x31420e78cefd36ef:0xe667210add66dadd!8m2!3d15.8796837!4d108.3298597!16s%2Fg%2F11g8nz5zf6!19sChIJ7zb9zngOQjER3dpm3QohZ-Y?authuser=0&hl=en&rclk=1,http://www.hoianhistorichotel.com.vn/services-facilities/
"Tổ 1, thôn Cồn Nhàn, Quảng Nam 51000 ",15.8797739,108.3736515,Hoi an Garden Cafe - Sabirama,0913 607 463 ,null,,5.0,Coffee Shop,https://www.google.com/maps/place/Hoi+an+Garden+Cafe+-+Sabirama/data=!4m7!3m6!1s0x31420db536235471:0xe089917b59abad35!8m2!3d15.8797739!4d108.3736515!16s%2Fg%2F11jmpltjxk!19sChIJcVQjNrUNQjERNa2rWXuRieA?authuser=0&hl=en&rclk=1,http://restauranthoian.com/
"109 Nguyễn Thái Học, Phường Minh An, Hội An, Quảng Nam ",15.8765101,108.3274427,Cargo Club Cafe & Restaurant,0235 3911 227 ,null,,4.2,Coffee Shop,https://www.google.com/maps/place/Cargo+Club+Cafe+%26+Restaurant/data=!4m7!3m6!1s0x31420e7e7b3bf0b5:0xea5248e85709aec3!8m2!3d15.8765101!4d108.3274427!16s%2Fg%2F1tfk6h8h!19sChIJtfA7e34OQjERw64JV-hIUuo?authuser=0&hl=en&rclk=1,https://tastevietnam.asia/cargo-club-cafe-restaurant-hoi-an
"102 Đ. Bạch Đằng, Old Town, Hội An, Quảng Nam ",15.8762967,108.3274767,Tiệm Cà Phê Nhà Mình,,100000.0,"100,000",3.5,Coffee Shop,https://www.google.com/maps/place/Ti%E1%BB%87m+C%C3%A0+Ph%C3%AA+Nh%C3%A0+M%C3%ACnh/data=!4m7!3m6!1s0x31420fa2287bbad9:0xd59d8b900556a957!8m2!3d15.8762967!4d108.3274767!16s%2Fg%2F11n8qjtgjd!19sChIJ2bp7KKIPQjERV6lWBZCLndU?authuser=0&hl=en&rclk=1,
"99 Đ. Trần Cao Vân, Phường Minh An, Hội An, Quảng Nam ",15.8809142,108.3279836,Cà Phê 99,,100000.0,"100,000",4.9,Coffee Shop,https://www.google.com/maps/place/C%C3%A0+Ph%C3%AA+99/data=!4m7!3m6!1s0x31420e79416db4d7:0x3de1ebcbc024a464!8m2!3d15.8809142!4d108.3279836!16s%2Fg%2F11b67qv4m0!19sChIJ17RtQXkOQjERZKQkwMvr4T0?authuser=0&hl=en&rclk=1,
"326 Lý Thường Kiệt, Tân An, Hội An, Quảng Nam 560000 ",15.8836803,108.3275018,Ngon Garden,0235 3666 888 ,100000.0,"100,000",4.5,Coffee Shop,https://www.google.com/maps/place/Ngon+Garden/data=!4m7!3m6!1s0x31420fd5e265ec7f:0xd36fbbb4122f2803!8m2!3d15.8836803!4d108.3275018!16s%2Fg%2F11sb6p3z68!19sChIJf-xl4tUPQjERAygvErS7b9M?authuser=0&hl=en&rclk=1,
"Dai, lo Huu Nghi, Phương Thiện, Hà Giang, 100000 ",22.8050849,104.9760502,Rocks Ha Giang Restaurant Beer & Pub,0867 200 389 ,100000.0,"100,000",4.7,Bar/Pub,https://www.google.com/maps/place/Rocks+Ha+Giang+Restaurant+Beer+%26+Pub/data=!4m7!3m6!1s0x36cc79cd197a8f33:0x97e33d8061cc8fc4!8m2!3d22.8050849!4d104.9760502!16s%2Fg%2F11l2bxqcnd!19sChIJM496Gc15zDYRxI_MYYA945c?authuser=0&hl=en&rclk=1,http://rockshagiang.com/
"Tuan Son Building, 38 Hai Bà Trưng, P. Nguyễn Trãi, Hà Giang, 310000 ",22.8188756,104.9797209,Top Of The Loop - Rooftop Bar | Restaurant | Hostel,0862 231 235 ,null,,4.8,Bar/Pub,https://www.google.com/maps/place/Top+Of+The+Loop+-+Rooftop+Bar+%7C+Restaurant+%7C+Hostel/data=!4m7!3m6!1s0x36cc7944313022bf:0x889af339fdd419b5!8m2!3d22.8188756!4d104.9797209!16s%2Fg%2F11l6m53qk1!19sChIJvyIwMUR5zDYRtRnU_Tnzmog?authuser=0&hl=en&rclk=1,
"QL2, Phương Thiện, Hà Giang, 310000 ",22.8144059,104.9637762,Quiri Hostel Ha Giang,0965 443 096 ,null,,4.8,Restaurant,https://www.google.com/maps/place/Quiri+Hostel+Ha+Giang/data=!4m7!3m6!1s0x36cc79740038ef89:0xf6239cf5e524b2fe!8m2!3d22.8144059!4d104.9637762!16s%2Fg%2F11txjd4dvd!19sChIJie84AHR5zDYR_rIk5fWcI_Y?authuser=0&hl=en&rclk=1,https://hagiangquiri.com/
"P. Nguyễn Trãi, Ha Giang, Hà Giang ",22.8041499,104.9783775,"Phượt House Restaurant, Motorbike rental and hostel",0815 916 888 ,null,,4.7,Restaurant,"https://www.google.com/maps/place/Ph%C6%B0%E1%BB%A3t+House+Restaurant,+Motorbike+rental+and+hostel./data=!4m7!3m6!1s0x36cc79ac38ba6bd1:0xa1a7d9e3d80b2ea!8m2!3d22.8041499!4d104.9783775!16s%2Fg%2F11p77z7mhg!19sChIJ0Wu6OKx5zDYR6rKAPZ59Ggo?authuser=0&hl=en&rclk=1",http://roadkingshagiang.com/
"134c Lý Tự Trọng, P. Minh Khai, Hà Giang, 31000 ",22.8236797,104.9895586,Wanderlust Restaurant,0983 809 519 ,200000.0,"200,000",4.9,Restaurant,https://www.google.com/maps/place/Wanderlust+Restaurant/data=!4m7!3m6!1s0x36cc797b3753e4c5:0x9dc2f960f3375b21!8m2!3d22.8236797!4d104.9895586!16s%2Fg%2F11w58j6d0s!19sChIJxeRTN3t5zDYRIVs382D5wp0?authuser=0&hl=en&rclk=1,
"18 Nguyễn Trãi, P. Nguyễn Trãi, Hà Giang ",22.8064707,104.978938,Cuong coi pho Gia truyen Nam Dinh,0363 976 532 ,100000.0,"100,000",4.9,Restaurant,https://www.google.com/maps/place/Cuong+coi+pho+Gia+truyen+Nam+Dinh/data=!4m7!3m6!1s0x36cc797f32ea4a61:0x5d5af08b472043aa!8m2!3d22.8064707!4d104.978938!16s%2Fg%2F11vjgc8m6d!19sChIJYUrqMn95zDYRqkMgR4vwWl0?authuser=0&hl=en&rclk=1,
"55A Đ. Lê Quý Đôn, P. Nguyễn Trãi, Hà Giang ",22.8267877,104.9819247,Quảng Trường pizza&pasta,,200000.0,"200,000",4.9,Restaurant,https://www.google.com/maps/place/Qu%E1%BA%A3ng+Tr%C6%B0%E1%BB%9Dng+pizza%26pasta/data=!4m7!3m6!1s0x36cc79db7cad4e43:0x9c0a1d6d6a0cac3!8m2!3d22.8267877!4d104.9819247!16s%2Fg%2F11xsh4m4x_!19sChIJQ06tfNt5zDYRw8qg1tahwAk?authuser=0&hl=en&rclk=1,
"Lâm Đồng, Phương Thiện, Hà Giang, 310000 ",22.8054237,104.9755736,Restaurant,0848 720 885 ,null,,4.8,Restaurant,https://www.google.com/maps/place/Restaurant.+Pizza.fresh+pasta.+Lasagne.Delivery.Mr+Hung/data=!4m7!3m6!1s0x36cc792055f4bd89:0xc49914c30d37b132!8m2!3d22.8054237!4d104.9755736!16s%2Fg%2F11f4wzrxl2!19sChIJib30VSB5zDYRMrE3DcMUmcQ?authuser=0&hl=en&rclk=1,
"Ngõ 60 tổ 17, P. Trần Phú, Hà Giang, 123456 ",22.8359078,104.9849939,Vegetarian restaurant HƯƠNG SEN,0977 636 069 ,null,,4.9,Vegetarian,https://www.google.com/maps/place/Vegetarian+restaurant+H%C6%AF%C6%A0NG+SEN/data=!4m7!3m6!1s0x36cc79b63be92a11:0xfe9bb45c6971af28!8m2!3d22.8359078!4d104.9849939!16s%2Fg%2F11wtpd9yfh!19sChIJESrpO7Z5zDYRKK9xaVy0m_4?authuser=0&hl=en&rclk=1,
"53 Nguyễn Huệ, Tổ 5, Hà Giang, 310000 ",22.8307807,104.9827375,Nhà Hàng Phố Đá ( Pho Da Restaurant - 餐厅 Phố Đá ),0972 428 772 ,null,,4.4,Restaurant,https://www.google.com/maps/place/Nh%C3%A0+H%C3%A0ng+Ph%E1%BB%91+%C4%90%C3%A1+%28+Pho+Da+Restaurant+-+%E9%A4%90%E5%8E%85+Ph%E1%BB%91+%C4%90%C3%A1+%29/data=!4m7!3m6!1s0x36cc793e8f12a9f5:0xde17b82a540a12ee!8m2!3d22.8307807!4d104.9827375!16s%2Fg%2F11ss7kt73b!19sChIJ9akSjz55zDYR7hIKVCq4F94?authuser=0&hl=en&rclk=1,
"08 Mai Hắc Đế, P. Nguyễn Trãi, Hà Giang ",22.8141643,104.9796545,L'Telle Eatery,0898 082 138 ,200000.0,"200,000",4.9,Restaurant,https://www.google.com/maps/place/L%27Telle+Eatery/data=!4m7!3m6!1s0x36cc790027c0bf85:0x90bf6fceff974488!8m2!3d22.8141643!4d104.9796545!16s%2Fg%2F11ydh22zf4!19sChIJhb_AJwB5zDYRiESX_85vv5A?authuser=0&hl=en&rclk=1,
"87E Nguyễn Thái Học, P. Minh Khai, Hà Giang, 310000 ",22.8229623,104.9855344,Bếp Việt - Hà Giang,0963 130 000 ,null,,4.4,Restaurant,https://www.google.com/maps/place/B%E1%BA%BFp+Vi%E1%BB%87t+-+H%C3%A0+Giang/data=!4m7!3m6!1s0x36cc793fa7b5c4a3:0x1a6056546c745f4b!8m2!3d22.8229623!4d104.9855344!16s%2Fg%2F11rv20c3w1!19sChIJo8S1pz95zDYRS190bFRWYBo?authuser=0&hl=en&rclk=1,http://facebook.com/bepviethagiang
"101b Nguyễn Thái Học, P. Minh Khai, Hà Giang ",22.8244026,104.9858263,Nhà Hàng Chay Ha Giang,0866 958 166 ,null,,4.9,Vegetarian,https://www.google.com/maps/place/Nh%C3%A0+H%C3%A0ng+Chay+Ha+Giang/data=!4m7!3m6!1s0x36cbc3003a96022d:0x6bb05f9fd2d9fa24!8m2!3d22.8244026!4d104.9858263!16s%2Fg%2F11lcdkp2fh!19sChIJLQKWOgDDyzYRJPrZ0p9fsGs?authuser=0&hl=en&rclk=1,
"Ngã 3, Nàm Luồng, Quản Bạ, Hà Giang 20367 ",22.9937892,105.0755935,Nhà Hàng Đức Dương Restaurant,0862 819 621 ,100000.0,"100,000",4.7,Restaurant,https://www.google.com/maps/place/Nh%C3%A0+H%C3%A0ng+%C4%90%E1%BB%A9c+D%C6%B0%C6%A1ng+Restaurant/data=!4m7!3m6!1s0xa0fdf441c0d60af5:0x8343e727e72beeed!8m2!3d22.9937892!4d105.0755935!16s%2Fg%2F11nxpz8djy!19sChIJ9QrWwEH0_aAR7e4r5yfnQ4M?authuser=0&hl=en&rclk=1,https://nha-hang-duc-duong.jimdosite.com/
"517 Nguyễn Trãi, P. Nguyễn Trãi, Hà Giang ",22.8293417,104.9843508,Km0 Hà Giang,,100000.0,"100,000",4.7,Restaurant,https://www.google.com/maps/place/Km0+H%C3%A0+Giang/data=!4m7!3m6!1s0x36cc79002c65fd43:0xe45b9b25932a5564!8m2!3d22.8293417!4d104.9843508!16s%2Fg%2F11wh_r_506!19sChIJQ_1lLAB5zDYRZFUqkyWbW-Q?authuser=0&hl=en&rclk=1,
"69 Lê Hồng Phong, P. Minh Khai, Hà Giang, 310000 ",22.8250805,104.9879191,Bún Chả Tân Sơn - Hà Giang,0838 277 833 ,100000.0,"100,000",4.6,Restaurant,https://www.google.com/maps/place/B%C3%BAn+Ch%E1%BA%A3+T%C3%A2n+S%C6%A1n+-+H%C3%A0+Giang/data=!4m7!3m6!1s0x36cc784c81ea82dd:0x89223387395ef6ea!8m2!3d22.8250805!4d104.9879191!16s%2Fg%2F11c1t54yzj!19sChIJ3YLqgUx4zDYR6vZeOYczIok?authuser=0&hl=en&rclk=1,
"113 Nguyễn Thái Học, Dân Phố 22, Hà Giang ",22.8253396,104.9856404,Restaurant,0356 136 113 ,null,,4.9,Restaurant,https://www.google.com/maps/place/Restaurant.+Pizza.fresh+pasta.+Lasagne..Mr+Hung+3./data=!4m7!3m6!1s0x36cc797de3509fa3:0x18bab4c032a178e2!8m2!3d22.8253396!4d104.9856404!16s%2Fg%2F11yjm14g81!19sChIJo59Q4315zDYR4nihMsC0uhg?authuser=0&hl=en&rclk=1,
"Đường hữu nghị/thôn Lâm Đồng, Phương Thiện, Hà Giang, 310000 ",22.8056572,104.9751914,Nhà hàng đường đôi 886 - lẩu bò kỷ hiểu lam,0912 646 657 ,null,,4.5,Restaurant,https://www.google.com/maps/place/Nh%C3%A0+h%C3%A0ng+%C4%91%C6%B0%E1%BB%9Dng+%C4%91%C3%B4i+886+-+l%E1%BA%A9u+b%C3%B2+k%E1%BB%B7+hi%E1%BB%83u+lam/data=!4m7!3m6!1s0x36cc79c7d2f76a77:0x6329184fbaa40069!8m2!3d22.8056572!4d104.9751914!16s%2Fg%2F11fkm5yf77!19sChIJd2r30sd5zDYRaQCkuk8YKWM?authuser=0&hl=en&rclk=1,
"Thôn Tha, Ha Giang, Hà Giang ",22.8355024,104.9487854,Tha Kitchen & Cafe,0378 454 000 ,200000.0,"200,000",4.9,Coffee Shop,https://www.google.com/maps/place/Tha+Kitchen+%26+Cafe/data=!4m7!3m6!1s0x36cc7927c40d814d:0x39d166a5aac65709!8m2!3d22.8355024!4d104.9487854!16s%2Fg%2F11l6bds3xw!19sChIJTYENxCd5zDYRCVfGqqVm0Tk?authuser=0&hl=en&rclk=1,
"SN130, Minh Ngọc, Bắc Mê, Hà Giang ",22.7742207,105.1745108,"NGUYÊN THÀI - RESTAURANT, COFFEE AND FASTFOOD",0965 869 172 ,null,,4.7,Coffee Shop,"https://www.google.com/maps/place/NGUY%C3%8AN+TH%C3%80I+-+RESTAURANT,+COFFEE+AND+FASTFOOD/data=!4m7!3m6!1s0x36cb85207e6e6e7b:0xa2d69370e5660993!8m2!3d22.7742207!4d105.1745108!16s%2Fg%2F11jl7t48hs!19sChIJe25ufiCFyzYRkwlm5XCT1qI?authuser=0&hl=en&rclk=1",
"City, tổ 17 92 Nguyễn Trãi, P. Nguyễn Trãi, Hà Giang, 310000 ",22.8105952,104.9792811,Pizza,0848 720 885 ,null,,4.8,Restaurant,https://www.google.com/maps/place/Pizza.Fresh+pasta.+Lasagne+Riveside+Restaurant+%26+Hostel/data=!4m7!3m6!1s0x36cc79abcf96a147:0xdf8742f0f038cfd5!8m2!3d22.8105952!4d104.9792811!16s%2Fg%2F11wx6vp848!19sChIJR6GWz6t5zDYR1c848PBCh98?authuser=0&hl=en&rclk=1,
"1 Nguyễn Thái Học, P. Minh Khai, Hà Giang, 310000 ",22.8198188,104.9836118,Pizza,0866 418 988 ,null,,4.8,Restaurant,https://www.google.com/maps/place/Pizza.+Fresh+pasta+lasagne.+Delivery.+Mr+Hung+restaurant-+%D7%97%D7%95%D7%9E%D7%95%D7%A1.+--+hummus.+%D7%A9%D7%A7%D7%A9%D7%95%D7%A7%D7%94.+--+shakshuka%E2%80%AD/data=!4m7!3m6!1s0x36cc0bec36d47985:0x672ebd365ba3a782!8m2!3d22.8198188!4d104.9836118!16s%2Fg%2F11srml4kh6!19sChIJhXnUNuwLzDYRgqejWza9Lmc?authuser=0&hl=en&rclk=1,
"96 Lâm Đồng, Phương Thiện, Hà Giang, 310000 ",22.806147,104.9752445,PIZZA HERE,0869 222 174 ,200000.0,"200,000",4.9,Restaurant,https://www.google.com/maps/place/PIZZA+HERE/data=!4m7!3m6!1s0x36cc79481f398149:0x20db5eaed9869d66!8m2!3d22.806147!4d104.9752445!16s%2Fg%2F11ssh6dc8t!19sChIJSYE5H0h5zDYRZp2G2a5e2yA?authuser=0&hl=en&rclk=1,
"37 P. Trường Chinh, P. Trần Phú, Hà Giang ",22.8318704,104.9889606,Phở Hà Giang - Phở Thơm,0344 746 455 ,100000.0,"100,000",4.9,Restaurant,https://www.google.com/maps/place/Ph%E1%BB%9F+H%C3%A0+Giang+-+Ph%E1%BB%9F+Th%C6%A1m/data=!4m7!3m6!1s0x36cc793c45e3bfcd:0xbbdf25212940960f!8m2!3d22.8318704!4d104.9889606!16s%2Fg%2F11sb1377xl!19sChIJzb_jRTx5zDYRD5ZAKSEl37s?authuser=0&hl=en&rclk=1,
"10 Nguyễn Thái Học, P. Minh Khai, Hà Giang ",22.8223309,104.9855107,Hao Tea House - Vegetarian Restaurant,0945 378 198 ,null,,4.5,Vegetarian,https://www.google.com/maps/place/Hao+Tea+House+-+Vegetarian+Restaurant/data=!4m7!3m6!1s0x36cc784db4190eaf:0x3f1ff93c091fe7a0!8m2!3d22.8223309!4d104.9855107!16s%2Fg%2F11f4wv0g9y!19sChIJrw4ZtE14zDYRoOcfCTz5Hz8?authuser=0&hl=en&rclk=1,
"139 Nguyễn Thái Học, P. Minh Khai, Hà Giang ",22.8260441,104.9855149,Pao Kitchen Hà Giang,0866 803 412 ,200000.0,"200,000",4.3,Restaurant,https://www.google.com/maps/place/Pao+Kitchen+H%C3%A0+Giang/data=!4m7!3m6!1s0x36cc79ce47f0c0ff:0xfd668edd559bf191!8m2!3d22.8260441!4d104.9855149!16s%2Fg%2F11vcwfwvg7!19sChIJ_8DwR855zDYRkfGbVd2OZv0?authuser=0&hl=en&rclk=1,https://www.facebook.com/paokitchen.hg?mibextid=LQQJ4d
"101B Nguyễn Thái Học, P. Minh Khai, Hà Giang, 200000 ",22.8243803,104.9858195,Ha Giang Vegetarian - Homestay & Restaurant,0862 217 995 ,null,,4.9,Vegetarian,https://www.google.com/maps/place/Ha+Giang+Vegetarian+-+Homestay+%26+Restaurant/data=!4m7!3m6!1s0x36cc79003db6223d:0xd70eec971e2e5661!8m2!3d22.8243803!4d104.9858195!16s%2Fg%2F11y3sb5w47!19sChIJPSK2PQB5zDYRYVYuHpfsDtc?authuser=0&hl=en&rclk=1,https://www.facebook.com/p/Ha-Giang-Vegetarian-Restaurant-61560200817933/?locale=vi_VN
"01 Nguyễn Trãi, tổ 18, Phường Hà Giang 1, tỉnh Tuyên Quang, Hà Giang, 310000 ",22.804251,104.9783973,MR BAHN MI,0396 489 847 ,null,,4.9,Restaurant,https://www.google.com/maps/place/MR+BAHN+MI/data=!4m7!3m6!1s0x36cc79fb7f65775b:0x844371b2bf4c477b!8m2!3d22.804251!4d104.9783973!16s%2Fg%2F11l20pxk2y!19sChIJW3dlf_t5zDYRe0dMv7JxQ4Q?authuser=0&hl=en&rclk=1,
"PMVG+8JC, ĐT178, TT. Vinh Quang, Hoàng Su Phì, Hà Giang ",22.7433172,104.6765278,Tuyên Lái Restaurant,0326 726 729 ,null,,4.4,Restaurant,https://www.google.com/maps/place/Tuy%C3%AAn+L%C3%A1i+Restaurant/data=!4m7!3m6!1s0x36cc6061cc2af847:0xb39853552c9712ad!8m2!3d22.7433172!4d104.6765278!16s%2Fg%2F11bwg2975z!19sChIJR_gqzGFgzDYRrRKXLFVTmLM?authuser=0&hl=en&rclk=1,
"137 Nguyễn Thái Học, P. Minh Khai, Hà Giang, 20000 ",22.8260111,104.9856257,PIZZA HERE | Ha Giang’s top rated pizzeria | Order online: pizzahere,0963 222 174 ,null,,4.8,Restaurant,https://www.google.com/maps/place/PIZZA+HERE+%7C+Ha+Giang%E2%80%99s+top+rated+pizzeria+%7C+Order+online:+pizzahere.vn/data=!4m7!3m6!1s0x36cc79a2b76afc55:0x4381f6b72e846c20!8m2!3d22.8260111!4d104.9856257!16s%2Fg%2F11pq83gm9f!19sChIJVfxqt6J5zDYRIGyELrf2gUM?authuser=0&hl=en&rclk=1,http://www.pizzahere.vn/en
"Mộc Quán (coffee, fast food, ice-cream, 97a Nguyễn Trãi, P. Nguyễn Trãi, Hà Giang ",22.8122911,104.9800495,"Mộc Quán (coffee, fast food, ice-cream)",0963 427 860 ,100000.0,"100,000",4.7,Coffee Shop,"https://www.google.com/maps/place/M%E1%BB%99c+Qu%C3%A1n+%28coffee,+fast+food,+ice-cream%29/data=!4m7!3m6!1s0x36cc79005cbf9d1d:0x8be670b46c2be32b!8m2!3d22.8122911!4d104.9800495!16s%2Fg%2F11x5qx1fry!19sChIJHZ2_XAB5zDYRK-MrbLRw5os?authuser=0&hl=en&rclk=1",
"441A đường 20/8, P. Trần Phú, Hà Giang ",22.8275166,104.9537812,Phở Maison Hà Giang,0912 149 889 ,null,,4.4,Restaurant,https://www.google.com/maps/place/Ph%E1%BB%9F+Maison+H%C3%A0+Giang/data=!4m7!3m6!1s0x36cc7964efcf8d3d:0xc3510f7f48d218b0!8m2!3d22.8275166!4d104.9537812!16s%2Fg%2F11gy9_knt1!19sChIJPY3P72R5zDYRsBjSSH8PUcM?authuser=0&hl=en&rclk=1,
"Mường Hoa, Sa Pa, Lao Cai 33000 ",22.2996125,103.9152711,Le Restaurant & café,0986 146 476 ,200000.0,"200,000",5.0,Restaurant,https://www.google.com/maps/place/Le+Restaurant+%26+caf%C3%A9/data=!4m7!3m6!1s0x36cd3922073359f1:0x1993e7694b81e7e4!8m2!3d22.2996125!4d103.9152711!16s%2Fg%2F11ss9tcl12!19sChIJ8VkzByI5zTYR5OeBS2nnkxk?authuser=0&hl=en&rclk=1,
"Ta Van, Sa Pa, Lao Cai ",22.3035,103.8869928,Tả Van Restaurant,0389 395 559 ,200000.0,"200,000",4.8,Restaurant,https://www.google.com/maps/place/T%E1%BA%A3+Van+Restaurant/data=!4m7!3m6!1s0x36cd414d78d6d941:0x7433aaff1a52d4fd!8m2!3d22.3035!4d103.8869928!16s%2Fg%2F11sj66hyb2!19sChIJQdnWeE1BzTYR_dRSGv-qM3Q?authuser=0&hl=en&rclk=1,
"Thôn hàng, Sa Pa, Lao Cai ",22.3094131,103.8762331,Black H'mông restaurants view,0962 246 389 ,100000.0,"100,000",4.8,Restaurant,https://www.google.com/maps/place/Black+H%27m%C3%B4ng+restaurants+view/data=!4m7!3m6!1s0x36cd41360eebc245:0x263f0ef8e63fa792!8m2!3d22.3094131!4d103.8762331!16s%2Fg%2F11sc45clft!19sChIJRcLrDjZBzTYRkqc_5vgOPyY?authuser=0&hl=en&rclk=1,
"Ta Van, Sa Pa, Lao Cai ",22.3027001,103.8893108,Toàn Mán Restaurant,0934 498 688 ,200000.0,"200,000",4.9,Restaurant,https://www.google.com/maps/place/To%C3%A0n+M%C3%A1n+Restaurant/data=!4m7!3m6!1s0x36cd413715273e5f:0x64111e1448c362f!8m2!3d22.3027001!4d103.8893108!16s%2Fg%2F11tdmnmkd3!19sChIJXz4nFTdBzTYRLzaMROERQQY?authuser=0&hl=en&rclk=1,https://www.facebook.com/toanmanrestaurant
"Dáy 1, Sa Pa, Lao Cai 330000 ",22.3003021,103.8936314,The Wildbeast - Restaurant & Music Cocktails Bar,0339 809 197 ,200000.0,"200,000",4.9,Bar/Pub,https://www.google.com/maps/place/The+Wildbeast+-+Restaurant+%26+Music+Cocktails+Bar/data=!4m7!3m6!1s0x36cd47a7b6384017:0x4a6a9718f5be666d!8m2!3d22.3003021!4d103.8936314!16s%2Fg%2F11fsvsgfg_!19sChIJF0A4tqdHzTYRbWa-9RiXako?authuser=0&hl=en&rclk=1,https://www.instagram.com/wildbeast.tavan/?hl=vi
"TL152, Bản, Sa Pa, Lào Cai 330000 ",22.3142143,103.8840809,Laxsik Ecolodge,0974 895 992 ,500000.0,"500,000",4.5,Restaurant,https://www.google.com/maps/place/Laxsik+Ecolodge/data=!4m7!3m6!1s0x36cd4165ec2bb01f:0xfa60fc47d4f629ff!8m2!3d22.3142143!4d103.8840809!16s%2Fg%2F11j8htrztp!19sChIJH7Ar7GVBzTYR_yn21Ef8YPo?authuser=0&hl=en&rclk=1,
"Thôn lồ Xã hoàng liên, Tx, Sa Pa, Lào Cai ",22.3094927,103.8760799,A PHỦ LOCAL RESTAURANT,0962 329 795 ,200000.0,"200,000",4.8,Restaurant,https://www.google.com/maps/place/A+PH%E1%BB%A6+LOCAL+RESTAURANT/data=!4m7!3m6!1s0x36cd41d4988251e1:0x76e6769cbc5e0cf0!8m2!3d22.3094927!4d103.8760799!16s%2Fg%2F11h940n1qm!19sChIJ4VGCmNRBzTYR8AxevJx25nY?authuser=0&hl=en&rclk=1,
"Bản, Giáy 2, Sa Pa, Lào Cai 31714 ",22.3051077,103.8890968,Sapa Riverside Restaurant & Café,0983 352 611 ,null,,4.8,Restaurant,https://www.google.com/maps/place/Sapa+Riverside+Restaurant+%26+Caf%C3%A9/data=!4m7!3m6!1s0x36cd411caa0c8aed:0xec08644ce15da2b4!8m2!3d22.3051077!4d103.8890968!16s%2Fg%2F11kc3nd80n!19sChIJ7YoMqhxBzTYRtKJd4UxkCOw?authuser=0&hl=en&rclk=1,http://sapariverside.com/
"8V2R+P23, Tả Van, Sa Pa, Lào Cai ",22.301843,103.8902333,Sa Mu Coffee & Restaurants,0868 813 426 ,200000.0,"200,000",4.9,Coffee Shop,https://www.google.com/maps/place/Sa+Mu+Coffee+%26+Restaurants/data=!4m7!3m6!1s0x36cd4700161e66b3:0x1be5736d6d7e666d!8m2!3d22.301843!4d103.8902333!16s%2Fg%2F11vppnqsn0!19sChIJs2YeFgBHzTYRbWZ-bW1z5Rs?authuser=0&hl=en&rclk=1,https://www.facebook.com/samucoffeesapa
"Thôn Ta Van, Dáy 2, Sa Pa, Lào Cai ",22.3021321,103.8890076,Thoc Restaurant and Vegetarian Options,0357 342 865 ,100000.0,"100,000",4.9,Vegetarian,https://www.google.com/maps/place/Thoc+Restaurant+and+Vegetarian+Options/data=!4m7!3m6!1s0x36cd4167cd66aefb:0xc473847d7cac28a0!8m2!3d22.3021321!4d103.8890076!16s%2Fg%2F11vbkh_ppp!19sChIJ-65mzWdBzTYRoCisfH2Ec8Q?authuser=0&hl=en&rclk=1,
"Ta Van, Tả Van, Sa Pa, Lào Cai 330000 ",22.3003867,103.8927818,The Hmong Sisters - Restaurant Cafe Wine & Cocktail Bar,0914 852 366 ,300000.0,"300,000",4.7,Coffee Shop,https://www.google.com/maps/place/The+Hmong+Sisters+-+Restaurant+Cafe+Wine+%26+Cocktail+Bar/data=!4m7!3m6!1s0x36cd47722bb8802f:0x7e5afc273ae622be!8m2!3d22.3003867!4d103.8927818!16s%2Fg%2F11w4y474pw!19sChIJL4C4K3JHzTYRviLmOif8Wn4?authuser=0&hl=en&rclk=1,
"Lao Chai, Sa Pa, Lao Cai 330000 ",22.302979,103.857455,A Sinh Restaurant,0368 849 360 ,100000.0,"100,000",4.8,Restaurant,https://www.google.com/maps/place/A+Sinh+Restaurant/data=!4m7!3m6!1s0x36cd471567e45aa3:0xba2cce9274262fb0!8m2!3d22.302979!4d103.857455!16s%2Fg%2F11fm3b0ns1!19sChIJo1rkZxVHzTYRsC8mdJLOLLo?authuser=0&hl=en&rclk=1,
"Ta Van, Sa Pa, Lao Cai ",22.3003893,103.8921529,Sa Mộc Restaurant & Cafe Bar,0948 987 206 ,200000.0,"200,000",4.6,Coffee Shop,https://www.google.com/maps/place/Sa+M%E1%BB%99c+Restaurant+%26+Cafe+Bar/data=!4m7!3m6!1s0x36cd470ac7c9b44f:0x36fd7959a4decc28!8m2!3d22.3003893!4d103.8921529!16s%2Fg%2F11f75__1xq!19sChIJT7TJxwpHzTYRKMzepFl5_TY?authuser=0&hl=en&rclk=1,
"8V68+6R, Lao Chải, Sa Pa, Lào Cai ",22.310178,103.867921,Cúc restaurant & Coffee,,100000.0,"100,000",4.9,Coffee Shop,https://www.google.com/maps/place/C%C3%BAc+restaurant+%26+Coffee/data=!4m7!3m6!1s0x36cd41004e5c282d:0x6ad5057812660fc5!8m2!3d22.310178!4d103.867921!16s%2Fg%2F11vx4rqgqy!19sChIJLShcTgBBzTYRxQ9mEngF1Wo?authuser=0&hl=en&rclk=1,
"Ta Van, Sa Pa, Lao Cai ",22.3034513,103.8872176,Friendly Restaurant,0848 043 512 ,null,,4.1,Restaurant,https://www.google.com/maps/place/Friendly+Restaurant/data=!4m7!3m6!1s0x36cd40cb30b35cef:0x3eb0c68886cf5b8c!8m2!3d22.3034513!4d103.8872176!16s%2Fg%2F11c4lp__72!19sChIJ71yzMMtAzTYRjFvPhojGsD4?authuser=0&hl=en&rclk=1,
"Mường Hoa, Sa Pa, Lao Cai ",22.3004078,103.9030076,Cầu Mây View Restaurant Quyên Quên Quán,,null,,4.3,Restaurant,https://www.google.com/maps/place/C%E1%BA%A7u+M%C3%A2y+View+Restaurant+Quy%C3%AAn+Qu%C3%AAn+Qu%C3%A1n/data=!4m7!3m6!1s0x36cd4752a6ddc1b9:0x7f88ac14d8a9a211!8m2!3d22.3004078!4d103.9030076!16s%2Fg%2F11jk3rdx06!19sChIJucHdplJHzTYREaKp2BSsiH8?authuser=0&hl=en&rclk=1,
"Cầu mây, Sa Pa, Lao Cai ",22.3043372,103.8910596,H'Mong Cau May Restaurant,,null,,4.1,Restaurant,https://www.google.com/maps/place/H%27Mong+Cau+May+Restaurant/data=!4m7!3m6!1s0x36cd417fbaa28cb7:0xcb96596949c36eb5!8m2!3d22.3043372!4d103.8910596!16s%2Fg%2F11h4dbq5yb!19sChIJt4yiun9BzTYRtW7DSWlZlss?authuser=0&hl=en&rclk=1,
"Hoà, Sử Pán, Mường Hoa, Sa Pa, Lào Cai ",22.2947997,103.922454,Muong Hoa Food & Drink,0982 897 736 ,100000.0,"100,000",5.0,Restaurant,https://www.google.com/maps/place/Muong+Hoa+Food+%26+Drink/data=!4m7!3m6!1s0x36cd39672e9714f1:0x7c968261ec452059!8m2!3d22.2947997!4d103.922454!16s%2Fg%2F11svldqq49!19sChIJ8RSXLmc5zTYRWSBF7GGClnw?authuser=0&hl=en&rclk=1,https://sapahomestay-peacehome.com/restaurant-muang-hoa-food-drink/
"Ta Van, Sa Pa, Lao Cai ",22.3019014,103.8911872,Lá Dao Spa - Home - Restaurant,0984 353 577 ,null,,4.5,Restaurant,https://www.google.com/maps/place/L%C3%A1+Dao+Spa+-+Home+-+Restaurant/data=!4m7!3m6!1s0x36cd47355636afe5:0x19f4f1268995dd41!8m2!3d22.3019014!4d103.8911872!16s%2Fg%2F11f5ly5ys5!19sChIJ5a82VjVHzTYRQd2ViSbx9Bk?authuser=0&hl=en&rclk=1,http://www.ladaospa.com/
"8V3R+P79, Tả Van, Sa Pa, Lào Cai ",22.3042848,103.8907256,Ha Mèo Restaurant,0948 348 611 ,null,,4.1,Restaurant,https://www.google.com/maps/place/Ha+M%C3%A8o+Restaurant/data=!4m7!3m6!1s0x36cd40ca9a314c87:0xaf69bfc2e25965ba!8m2!3d22.3042848!4d103.8907256!16s%2Fg%2F11c7sysp43!19sChIJh0wxmspAzTYRumVZ4sK_aa8?authuser=0&hl=en&rclk=1,
"63D Fansipan, TT. Sa Pa, Sa Pa, Lào Cai 333100 ",22.332524,103.839523,"Chợ Tình Quán - 63D Fansipan, Sapa",0888 993 773 ,null,,4.8,Restaurant,"https://www.google.com/maps/place/Ch%E1%BB%A3+T%C3%ACnh+Qu%C3%A1n+-+63D+Fansipan,+Sapa/data=!4m7!3m6!1s0x36cd413b5b264517:0x297df93a2ed71353!8m2!3d22.332524!4d103.839523!16s%2Fg%2F11mh9f0zwd!19sChIJF0UmWztBzTYRUxPXLjr5fSk?authuser=0&hl=en&rclk=1",https://chotinhquansapa.com/
"8VFM+84X, Mường Hoa, Sa Pa, Lào Cai ",22.3233516,103.8828583,Manh Dien Restaurant,0943 965 569 ,100000.0,"100,000",4.2,Restaurant,https://www.google.com/maps/place/Manh+Dien+Restaurant/data=!4m7!3m6!1s0x36cd40c3ac132dfb:0x2abe3a4e526c9d75!8m2!3d22.3233516!4d103.8828583!16s%2Fg%2F11f3nk1lq1!19sChIJ-y0TrMNAzTYRdZ1sUk46vio?authuser=0&hl=en&rclk=1,
"8V2P+4C4, Tả Van, Sa Pa, Lào Cai ",22.3002543,103.8860659,Homestay Tả Van - View Coffee & Restaurant,0914 591 424 ,null,,4.7,Coffee Shop,https://www.google.com/maps/place/Homestay+T%E1%BA%A3+Van+-+View+Coffee+%26+Restaurant/data=!4m7!3m6!1s0x36cd476e99a6801f:0x40e79a65da1dd04a!8m2!3d22.3002543!4d103.8860659!16s%2Fg%2F11fl5nr7t2!19sChIJH4CmmW5HzTYRStAd2mWa50A?authuser=0&hl=en&rclk=1,https://www.facebook.com/Tavan-view-homestay-1503320446555657/
"7WWC+VG5, Mường Hoa, Sa Pa, Lào Cai ",22.2971267,103.9214192,Hmong Farmstay Restaurant & Café,0384 590 207 ,100000.0,"100,000",5.0,Restaurant,https://www.google.com/maps/place/Hmong+Farmstay+Restaurant+%26+Caf%C3%A9/data=!4m7!3m6!1s0x36cd3900015f9263:0xfaa215bf525b5c5d!8m2!3d22.2971267!4d103.9214192!16s%2Fg%2F11xcvyfvg6!19sChIJY5JfAQA5zTYRXVxbUr8Vovo?authuser=0&hl=en&rclk=1,https://www.google.com/search?q=Hmong+farmstay&stick=H4sIAAAAAAAA_-NgU1I1qDA2S04xtkhMtkgyTDMyNTS2MqgwSTRLNTA0SzW2NDKyTEtNXMTK55Gbn5eukJZYlFtcklgJAF1BMAY6AAAA&hl=vi&mat=CVftFkAUx95_ElcBmzl_pd_VkkTkf8_PIwgUtLyqowlmCCfRWnR3ill4bmIilrSocMo6aKxbfQxq7d5BWe315zZ4dsun1ko1NcJV63r4b42YalADaf4JK1uvT4zMELm-ibs&authuser=1
"Mường Hoa, Sa Pa, Lao Cai 331000 ",22.2934976,103.9165892,Eco Villas Restaurant & Café,0867 616 186 ,400000.0,"400,000",4.7,Restaurant,https://www.google.com/maps/place/Eco+Villas+Restaurant+%26+Caf%C3%A9/data=!4m7!3m6!1s0x36cd39dd2f987b67:0x9f19b44006de90f9!8m2!3d22.2934976!4d103.9165892!16s%2Fg%2F11h15_hvj9!19sChIJZ3uYL905zTYR-ZDeBkC0GZ8?authuser=0&hl=en&rclk=1,
"Ta Van, Sa Pa, Lao Cai 330000 ",22.3062889,103.88773,Sapa Eco Restaurant & Bar,0986 447 386 ,200000.0,"200,000",4.4,Bar/Pub,https://www.google.com/maps/place/Sapa+Eco+Restaurant+%26+Bar/data=!4m7!3m6!1s0x36cd41df11c17401:0xbe8fcf80e6d9445f!8m2!3d22.3062889!4d103.88773!16s%2Fg%2F11j7ylyz9p!19sChIJAXTBEd9BzTYRX0TZ5oDPj74?authuser=0&hl=en&rclk=1,
"8V5G+R9Q, Lao Chải, Sa Pa, Lào Cai ",22.3095773,103.875969,HÙNG XANH Restaurant,0987 665 720 ,null,,5.0,Restaurant,https://www.google.com/maps/place/H%C3%99NG+XANH+Restaurant/data=!4m7!3m6!1s0x36cd410052f5cbcf:0x7d5844b08ac344e3!8m2!3d22.3095773!4d103.875969!16s%2Fg%2F11mcw19zd7!19sChIJz8v1UgBBzTYR40TDirBEWH0?authuser=0&hl=en&rclk=1,
"Thôn Hang Đá, Mường Hoa, Sa Pa, Lào Cai ",22.3246871,103.881466,Little Restaurant,0943 530 620 ,100000.0,"100,000",5.0,Restaurant,https://www.google.com/maps/place/Little+Restaurant/data=!4m7!3m6!1s0x36cd41000395b4af:0x5573c018ce53ad50!8m2!3d22.3246871!4d103.881466!16s%2Fg%2F11w24d12nk!19sChIJr7SVAwBBzTYRUK1TzhjAc1U?authuser=0&hl=en&rclk=1,
"8W23+3Q8, Mường Hoa, Sa Pa, Lào Cai ",22.3001631,103.9044532,Ha Linh Restaurant,0335 428 472 ,100000.0,"100,000",3.7,Restaurant,https://www.google.com/maps/place/Ha+Linh+Restaurant/data=!4m7!3m6!1s0x36cd47638759cead:0xf3de2396657c78d2!8m2!3d22.3001631!4d103.9044532!16s%2Fg%2F11f60zd4mt!19sChIJrc5Zh2NHzTYR0nh8ZZYj3vM?authuser=0&hl=en&rclk=1,
"8W23+5MG, TL152, Mường Hoa, Sa Pa, Lào Cai ",22.3004297,103.904191,Thu Trang restaurant,,null,,3.2,Restaurant,https://www.google.com/maps/place/Thu+Trang+restaurant/data=!4m7!3m6!1s0x36cd472da27fdfdd:0x13162e71fc3b2396!8m2!3d22.3004297!4d103.904191!16s%2Fg%2F11h_3ywfgj!19sChIJ3d9_oi1HzTYRliM7_HEuFhM?authuser=0&hl=en&rclk=1,
"8V4G+VP3, Lao Chải, Sa Pa, Lào Cai ",22.3071453,103.8768096,Quỳnh Anh Restaurant & Drink,0383 985 836 ,null,,4.5,Restaurant,https://www.google.com/maps/place/Qu%E1%BB%B3nh+Anh+Restaurant+%26+Drink/data=!4m7!3m6!1s0x36cd41d2b0801f13:0x3a32eaf1ba259509!8m2!3d22.3071453!4d103.8768096!16s%2Fg%2F11fnsg_xfk!19sChIJEx-AsNJBzTYRCZUluvHqMjo?authuser=0&hl=en&rclk=1,
"Hoàng Liên, tt, TT. Sa Pa, Sa Pa, Lào Cai ",22.3098155,103.8758942,Ngọc Liên Restaurant,0915 238 582 ,200000.0,"200,000",3.7,Restaurant,https://www.google.com/maps/place/Ng%E1%BB%8Dc+Li%C3%AAn+Restaurant/data=!4m7!3m6!1s0x36cd46dbffff65b7:0xb0446b4edc04fcf6!8m2!3d22.3098155!4d103.8758942!16s%2Fg%2F11g6xbhrls!19sChIJt2X__9tGzTYR9vwE3E5rRLA?authuser=0&hl=en&rclk=1,
"Ngã ba Sả Séng, Sa Pa, Lao Cai 12345 ",22.3228242,103.8835342,Handspan Homestay & Restaurant Sapa,0862 396 325 ,null,,5.0,Restaurant,https://www.google.com/maps/place/Handspan+Homestay+%26+Restaurant+Sapa/data=!4m7!3m6!1s0x36cd4142c636625f:0x83ca2c408f31c841!8m2!3d22.3228242!4d103.8835342!16s%2Fg%2F11xkqgwh63!19sChIJX2I2xkJBzTYRQcgxj0AsyoM?authuser=0&hl=en&rclk=1,
"thôn Hòa Sử Pán 1, Sa Pa, Lào Cai 330000 ",22.2968094,103.9199459,Daydream Café & Restaurant,0972 959 185 ,200000.0,"200,000",5.0,Restaurant,https://www.google.com/maps/place/Daydream+Caf%C3%A9+%26+Restaurant/data=!4m7!3m6!1s0x36cd39a65bac3d9b:0xa5b8f0e86149363e!8m2!3d22.2968094!4d103.9199459!16s%2Fg%2F11vx0zh1jb!19sChIJmz2sW6Y5zTYRPjZJYejwuKU?authuser=0&hl=en&rclk=1,
"16c Ng. Cầu Mây, TT. Sa Pa, Sa Pa, Lào Cai ",22.334471,103.8415616,CAFE BAO CẤP SAPA -16c PHỐ CẦU MÂY,0972 862 226 ,null,,,Coffee Shop,https://www.google.com/maps/place/CAFE+BAO+C%E1%BA%A4P+SAPA+-16c+PH%E1%BB%90+C%E1%BA%A6U+M%C3%82Y/data=!4m7!3m6!1s0x36cd4159630a0a1b:0x3bc9d242cd83f53d!8m2!3d22.334471!4d103.8415616!16s%2Fg%2F11vlmp3l2d!19sChIJGwoKY1lBzTYRPfWDzULSyTs?authuser=0&hl=en&rclk=1,
"02 Ngũ Chỉ Sơn, TT. Sa Pa, Sa Pa, Lào Cai 330000 ",22.3366201,103.8441398,Le Gecko Café,0214 3871 224 ,200000.0,"200,000",4.6,Coffee Shop,https://www.google.com/maps/place/Le+Gecko+Caf%C3%A9/data=!4m7!3m6!1s0x36cd416c8147d495:0x9422d8a2d66896cf!8m2!3d22.3366201!4d103.8441398!16s%2Fg%2F11bztvb5vq!19sChIJldRHgWxBzTYRz5Zo1qLYIpQ?authuser=0&hl=en&rclk=1,https://legeckosapa.com/
"37 Xuân Viên, TT. Sa Pa, Sa Pa, Lào Cai ",22.3362676,103.8430089,Cong Coffee,0911 811 154 ,100000.0,"100,000",4.5,Coffee Shop,https://www.google.com/maps/place/Cong+Coffee/data=!4m7!3m6!1s0x36cd416c9914151f:0x6685956f5d3456d5!8m2!3d22.3362676!4d103.8430089!16s%2Fg%2F11fyzfptv1!19sChIJHxUUmWxBzTYR1VY0XW-VhWY?authuser=0&hl=en&rclk=1,http://congcaphe.com/
"8VF4+WV, Lao Chải, Sa Pa, Lào Cai ",22.324836,103.857246,Cafe 1600 — Sapa Cloud Hunting Cafe,0932 231 199 ,300000.0,"300,000",4.3,Coffee Shop,https://www.google.com/maps/place/Cafe+1600+%E2%80%94+Sapa+Cloud+Hunting+Cafe/data=!4m7!3m6!1s0x36cd4189eaa1731b:0x880c1eaacaa9dc01!8m2!3d22.324836!4d103.857246!16s%2Fg%2F11k4rv76p2!19sChIJG3Oh6olBzTYRAdypyqoeDIg?authuser=0&hl=en&rclk=1,https://www.facebook.com/TusDeLiab
"11A phố Thác Bạc, TT. Sa Pa, Sa Pa, Lào Cai 330000 ",22.3356122,103.8381765,THE MIST SAPA,0708 742 165 ,100000.0,"100,000",4.9,Coffee Shop,https://www.google.com/maps/place/THE+MIST+SAPA/data=!4m7!3m6!1s0x36cd415e42329ec3:0x604dfa9378e2843!8m2!3d22.3356122!4d103.8381765!16s%2Fg%2F11rpkjq3jm!19sChIJw54yQl5BzTYRQyiON6nfBAY?authuser=0&hl=en&rclk=1,https://m.facebook.com/themistsapa/
"573 Đường Điện Biên Phủ, TT. Sa Pa, Sa Pa, Lào Cai ",22.3384045,103.8510746,Tiệm Trà Sữa Art House Sapa,0813 014 014 ,100000.0,"100,000",4.9,Tea Shop,https://www.google.com/maps/place/Ti%E1%BB%87m+Tr%C3%A0+S%E1%BB%AFa+Art+House+Sapa/data=!4m7!3m6!1s0x36cd412bb5121a41:0x1302e36cc1ae163b!8m2!3d22.3384045!4d103.8510746!16s%2Fg%2F11n95t0v0j!19sChIJQRoStStBzTYROxauwWzjAhM?authuser=0&hl=en&rclk=1,https://www.facebook.com/arthousesapatiem026
"6 Đ. Thạch Sơn, TT. Sa Pa, Sa Pa, Lào Cai ",22.3358425,103.843266,Coóng Coffee and Music,0941 058 998 ,100000.0,"100,000",4.2,Coffee Shop,https://www.google.com/maps/place/Co%C3%B3ng+Coffee+and+Music/data=!4m7!3m6!1s0x36cd4152b72f37c3:0x124c0a171948d34b!8m2!3d22.3358425!4d103.843266!16s%2Fg%2F11jyfxzkrw!19sChIJwzcvt1JBzTYRS9NIGRcKTBI?authuser=0&hl=en&rclk=1,
"Ta Van, Sa Pa, Lao Cai ",22.3019014,103.8911872,Lá Dao Spa - Home - Restaurant,0984 353 577 ,null,,4.5,Restaurant,https://www.google.com/maps/place/L%C3%A1+Dao+Spa+-+Home+-+Restaurant/data=!4m10!3m9!1s0x36cd47355636afe5:0x19f4f1268995dd41!5m2!4m1!1i2!8m2!3d22.3019014!4d103.8911872!16s%2Fg%2F11f5ly5ys5!19sChIJ5a82VjVHzTYRQd2ViSbx9Bk?authuser=0&hl=en&rclk=1,http://www.ladaospa.com/
"073 Xuân Viên, TT. Sa Pa, Sa Pa, Lào Cai 19000 ",22.3372793,103.8440396,Cà Phê Bao Cấp 1977,0868 268 668 ,100000.0,"100,000",3.8,Coffee Shop,https://www.google.com/maps/place/C%C3%A0+Ph%C3%AA+Bao+C%E1%BA%A5p+1977/data=!4m7!3m6!1s0x36cd4102599fa7b7:0x368d1e0f13a56f4a!8m2!3d22.3372793!4d103.8440396!16s%2Fg%2F11j253kg68!19sChIJt6efWQJBzTYRSm-lEw8ejTY?authuser=0&hl=en&rclk=1,
"03 Nguyễn Chí Thanh, TT. Sa Pa, Sa Pa, Lào Cai 330000 ",22.3363648,103.8372881,The Pine Forest Sapa,0989 656 267 ,100000.0,"100,000",5.0,Coffee Shop,https://www.google.com/maps/place/The+Pine+Forest+Sapa/data=!4m7!3m6!1s0x36cd41007be42a7f:0xc6d0d2d0ce949914!8m2!3d22.3363648!4d103.8372881!16s%2Fg%2F11w485y174!19sChIJfyrkewBBzTYRFJmUztDS0MY?authuser=0&hl=en&rclk=1,
"67 Fansipan, TT. Sa Pa, Sa Pa, Lào Cai ",22.3326387,103.8385174,Fansipan Terrace Cafe & Foods,0836 047 819 ,200000.0,"200,000",4.6,Coffee Shop,https://www.google.com/maps/place/Fansipan+Terrace+Cafe+%26+Foods/data=!4m7!3m6!1s0x36cd41d5a2d16d5f:0xea662cf63cf6710b!8m2!3d22.3326387!4d103.8385174!16s%2Fg%2F11thjfbwvw!19sChIJX23RotVBzTYRC3H2PPYsZuo?authuser=0&hl=en&rclk=1,https://www.facebook.com/FansipanTerraceCafe
"27 Ng. Cầu Mây, TT. Sa Pa, Sa Pa, Lào Cai ",22.3339369,103.8422,Cộng Cà Phê,0911 606 538 ,100000.0,"100,000",4.7,Coffee Shop,https://www.google.com/maps/place/C%E1%BB%99ng+C%C3%A0+Ph%C3%AA/data=!4m7!3m6!1s0x36cd412429a31cab:0x9b31feaa42bc84fb!8m2!3d22.3339369!4d103.8422!16s%2Fg%2F11kqy4qh3f!19sChIJqxyjKSRBzTYR-4S8Qqr-MZs?authuser=0&hl=en&rclk=1,https://congcaphe.com/
"Unnamed Road, Lao Chải, Sa Pa, Lào Cai ",22.3213759,103.8682222,Hầu Thào Villa & Coffee,0812 256 789 ,100000.0,"100,000",4.6,Coffee Shop,https://www.google.com/maps/place/H%E1%BA%A7u+Th%C3%A0o+Villa+%26+Coffee/data=!4m7!3m6!1s0x36cd41b78cfb2f9b:0x34437f9686b251e1!8m2!3d22.3213759!4d103.8682222!16s%2Fg%2F11rbp_r_r_!19sChIJmy_7jLdBzTYR4VGyhpZ_QzQ?authuser=0&hl=en&rclk=1,
"067 Fansipan, TT. Sa Pa, Sa Pa, Lào Cai ",22.3327967,103.8383186,Fansipan Terrace Cafe and Homestay,0912 205 154 ,null,,4.6,Coffee Shop,https://www.google.com/maps/place/Fansipan+Terrace+Cafe+and+Homestay/data=!4m10!3m9!1s0x36cd419bfbd47b1d:0x187f0609dc343ef!5m2!4m1!1i2!8m2!3d22.3327967!4d103.8383186!16s%2Fg%2F11nx64_dqt!19sChIJHXvU-5tBzTYR70PDnWDwhwE?authuser=0&hl=en&rclk=1,https://www.facebook.com/FansipanTerraceCafe
"33 Hoàng Liên, TT. Sa Pa, Sa Pa, Lào Cai 333320 ",22.3338088,103.836661,Viettrekking Coffee & Restaurant,,100000.0,"100,000",4.3,Coffee Shop,https://www.google.com/maps/place/Viettrekking+Coffee+%26+Restaurant/data=!4m7!3m6!1s0x36cd416bc3f69197:0xb553ed7165707e06!8m2!3d22.3338088!4d103.836661!16s%2Fg%2F11gd_1wv7_!19sChIJl5H2w2tBzTYRBn5wZXHtU7U?authuser=0&hl=en&rclk=1,
"08 Cat Cat, San Sả Hồ, Sa Pa, Lào Cai ",22.3309962,103.8348468,Gem Valley - Art Gallery (Coffee & Homestay),0912 849 753 ,100000.0,"100,000",4.9,Coffee Shop,https://www.google.com/maps/place/Gem+Valley+-+Art+Gallery+%28Coffee+%26+Homestay%29/data=!4m7!3m6!1s0x36cd410020a3887b:0xb142c5761326762a!8m2!3d22.3309962!4d103.8348468!16s%2Fg%2F11vpf6f7zw!19sChIJe4ijIABBzTYRKnYmE3bFQrE?authuser=0&hl=en&rclk=1,
"08B Ngũ Chỉ Sơn, TT. Sa Pa, Sa Pa, Lào Cai 330000 ",22.336653,103.8446176,Aloha Coffee & Fastfood,0914 499 607 ,100000.0,"100,000",4.8,Coffee Shop,https://www.google.com/maps/place/Aloha+Coffee+%26+Fastfood/data=!4m7!3m6!1s0x36cd413c649a56e7:0x3bcf008709baf682!8m2!3d22.336653!4d103.8446176!16s%2Fg%2F11tdnv5vkc!19sChIJ51aaZDxBzTYRgva6CYcAzzs?authuser=0&hl=en&rclk=1,https://www.facebook.com/alohacoffe?mibextid=LQQJ4d
"Cầu Mây, Ngo 66 Violet, TT. Sa Pa, Sa Pa, Lào Cai 31100 ",22.3251667,103.8452998,Phansi Coffee,0913 885 812 ,100000.0,"100,000",4.8,Coffee Shop,https://www.google.com/maps/place/Phansi+Coffee/data=!4m7!3m6!1s0x36cd41007fa3cf47:0x8fbc573fddd199a1!8m2!3d22.3251667!4d103.8452998!16s%2Fg%2F11y685fzsv!19sChIJR8-jfwBBzTYRoZnR3T9XvI8?authuser=0&hl=en&rclk=1,https://www.facebook.com/share/176RC8D1N9/
"247 Nguyễn Thái Học, P. Trần Phú, Hà Giang ",22.8295556,104.9858971,"Lofita 247 Nguyen Thai Hoc - Tea & Coffee, Best View in Ha Giang",0941 145 128 ,100000.0,"100,000",4.9,Coffee Shop,"https://www.google.com/maps/place/Lofita+247+Nguyen+Thai+Hoc+-+Tea+%26+Coffee,+Best+View+in+Ha+Giang/data=!4m7!3m6!1s0x36cc79970834c019:0x150f2adf57d4dee4!8m2!3d22.8295556!4d104.9858971!16s%2Fg%2F11j37603c3!19sChIJGcA0CJd5zDYR5N7UV98qDxU?authuser=0&hl=en&rclk=1",http://lofita.vn/
"Núi Cấm Đường Lê Thánh Tông, P. Nguyễn Trãi, Tp, Tp, Hà Giang ",22.8241772,104.9812947,Cafe Núi Cấm,0945 051 994 ,null,,4.3,Coffee Shop,https://www.google.com/maps/place/Cafe+N%C3%BAi+C%E1%BA%A5m/data=!4m10!3m9!1s0x36cc79041859dce7:0xd229a066bf1fbd40!5m2!4m1!1i2!8m2!3d22.8241772!4d104.9812947!16s%2Fg%2F11gdl0c6j5!19sChIJ59xZGAR5zDYRQL0fv2agKdI?authuser=0&hl=en&rclk=1,https://www.facebook.com/CafeNuiCam.UongPhaiNham?mibextid=LQQJ4d
"02 đường Nguyễn Trãi, Đồng Văn, Hà Giang ",23.279526,105.3610162,Old Town Coffee Dong Van,0945 051 994 ,100000.0,"100,000",4.2,Coffee Shop,https://www.google.com/maps/place/Old+Town+Coffee+Dong+Van/data=!4m7!3m6!1s0x36cbe72a63f90683:0x9a7a83a8c634b83!8m2!3d23.279526!4d105.3610162!16s%2Fg%2F1tdwnd80!19sChIJgwb5YyrnyzYRg0tjjDqopwk?authuser=0&hl=en&rclk=1,https://www.facebook.com/profile.php?id=100085573906950
"31 Đ. Lý Thường Kiệt, Tổ 15, Hà Giang ",22.8352085,104.9896229,Lychee coffee Hà Giang,0384 516 986 ,100000.0,"100,000",5.0,Coffee Shop,https://www.google.com/maps/place/Lychee+coffee+H%C3%A0+Giang/data=!4m7!3m6!1s0x36cc790052bdbf5d:0x43bcc225735ac889!8m2!3d22.8352085!4d104.9896229!16s%2Fg%2F11xp5z5lhg!19sChIJXb-9UgB5zDYRichacyXCvEM?authuser=0&hl=en&rclk=1,https://www.facebook.com/share/1N7LWaDo6h/?mibextid=wwXIfr
"545 đường Nguyễn Trãi, Tổ 5, Hà Giang, 20000 ",22.8309753,104.9832127,H+ hà giang,0913 978 311 ,100000.0,"100,000",4.1,Coffee Shop,https://www.google.com/maps/place/H%2B+h%C3%A0+giang/data=!4m7!3m6!1s0x36cc791525d1313f:0xa17e5a6faba5b395!8m2!3d22.8309753!4d104.9832127!16s%2Fg%2F11q_7gfg8m!19sChIJPzHRJRV5zDYRlbOlq29afqE?authuser=0&hl=en&rclk=1,https://www.facebook.com/H-H%C3%A0-Giang-106716371397246
"36 Nguyễn Trãi, P. Nguyễn Trãi, Hà Giang, 20000 ",22.8054623,104.9789335,368 Coffee & Tea,0833 382 323 ,100000.0,"100,000",4.5,Coffee Shop,https://www.google.com/maps/place/368+Coffee+%26+Tea/data=!4m7!3m6!1s0x36cc79bd674219f3:0x78b3e56ec8658e57!8m2!3d22.8054623!4d104.9789335!16s%2Fg%2F11llrlcgjp!19sChIJ8xlCZ715zDYRV45lyG7ls3g?authuser=0&hl=en&rclk=1,
"RXGM+XQF, P. Minh Khai, Hà Giang ",22.8274335,104.9844154,Tiamo Coffee,,100000.0,"100,000",4.6,Coffee Shop,https://www.google.com/maps/place/Tiamo+Coffee/data=!4m7!3m6!1s0x36cc79083729f59f:0x46db493acb292aad!8m2!3d22.8274335!4d104.9844154!16s%2Fg%2F11g07ztc26!19sChIJn_UpNwh5zDYRrSopyzpJ20Y?authuser=0&hl=en&rclk=1,
"RXHP+CMH, P. Trần Phú, Hà Giang ",22.8285534,104.9867483,Vibe Cafe,0816 599 339 ,100000.0,"100,000",4.8,Coffee Shop,https://www.google.com/maps/place/Vibe+Cafe/data=!4m7!3m6!1s0x36cc79001fab88df:0x7b0abfa0ce63ec77!8m2!3d22.8285534!4d104.9867483!16s%2Fg%2F11wv_j7btq!19sChIJ34irHwB5zDYRd-xjzqC_Cns?authuser=0&hl=en&rclk=1,https://www.facebook.com/share/156zyWFZon/?mibextid=wwXIfr
"Thôn, Lô Lố, Đồng Văn, Hà Giang 20508 ",23.3643236,105.3094712,Cafe Cực Bắc,0981 925 303 ,null,,4.6,Coffee Shop,https://www.google.com/maps/place/Cafe+C%E1%BB%B1c+B%E1%BA%AFc/data=!4m7!3m6!1s0x36cbe21c360aaa63:0x1635f3cdca2cb1ce!8m2!3d23.3643236!4d105.3094712!16s%2Fg%2F11ckdhrd_1!19sChIJY6oKNhziyzYRzrEsys3zNRY?authuser=0&hl=en&rclk=1,https://www.cafecucbac.com/
"237 Đường Bờ Sông, Tổ 07, Hà Giang, 310000 ",22.8296555,104.9851759,H”Mông Pub& Cafe,0972 005 989 ,100000.0,"100,000",4.8,Coffee Shop,https://www.google.com/maps/place/H%E2%80%9DM%C3%B4ng+Pub%26+Cafe/data=!4m7!3m6!1s0x36cc799fcb6392b3:0x217c42bd45e6aca1!8m2!3d22.8296555!4d104.9851759!16s%2Fg%2F11jtcnm6zj!19sChIJs5Jjy595zDYRoazmRb1CfCE?authuser=0&hl=en&rclk=1,
"372 Lý Tự Trọng, P. Trần Phú, Hà Giang ",22.8340407,104.9916905,Cafe Cuối Ngõ,0936 724 345 ,100000.0,"100,000",4.9,Coffee Shop,https://www.google.com/maps/place/Cafe+Cu%E1%BB%91i+Ng%C3%B5/data=!4m7!3m6!1s0x36cc79f967b7be95:0x24ca326438014cc4!8m2!3d22.8340407!4d104.9916905!16s%2Fg%2F11xclxk9tl!19sChIJlb63Z_l5zDYRxEwBOGQyyiQ?authuser=0&hl=en&rclk=1,
"Phương Thiện, Ha Giang, Hà Giang 310000 ",22.8012675,104.9773822,Kingkoi 88 Coffee - Tea Hà Giang,0946 668 234 ,100000.0,"100,000",4.5,Coffee Shop,https://www.google.com/maps/place/Kingkoi+88+Coffee+-+Tea+H%C3%A0+Giang/data=!4m7!3m6!1s0x36cc7957a03acfdf:0x5d1e4fc9d02eba6d!8m2!3d22.8012675!4d104.9773822!16s%2Fg%2F11vc25wgkp!19sChIJ3886oFd5zDYRbbou0MlPHl0?authuser=0&hl=en&rclk=1,
"Cột mốc KM 0, P. Nguyễn Trãi, Hà Giang ",22.827022,104.9845438,Km0 Manh Ha Giang Cafe,0919 513 558 ,100000.0,"100,000",4.3,Coffee Shop,https://www.google.com/maps/place/Km0+Manh+Ha+Giang+Cafe/data=!4m7!3m6!1s0x36cc79b4bea49475:0x959b609f1b77671b!8m2!3d22.827022!4d104.9845438!16s%2Fg%2F11fx8rkqgv!19sChIJdZSkvrR5zDYRG2d3G59gm5U?authuser=0&hl=en&rclk=1,
"394 Nguyễn Văn Linh, P. Quang Trung, Hà Giang ",22.8466748,105.0081364,Lyn Coffee,0962 781 699 ,100000.0,"100,000",4.9,Coffee Shop,https://www.google.com/maps/place/Lyn+Coffee/data=!4m7!3m6!1s0x36cc79003d94cedf:0xd788a90d0e6511aa!8m2!3d22.8466748!4d105.0081364!16s%2Fg%2F11wbcz0fl0!19sChIJ386UPQB5zDYRqhFlDg2piNc?authuser=0&hl=en&rclk=1,
"P. Trần Phú, Ha Giang, Hà Giang 20106 ",22.8280414,104.9851854,joie kafé,,100000.0,"100,000",4.9,Coffee Shop,https://www.google.com/maps/place/joie+kaf%C3%A9/data=!4m7!3m6!1s0x36cc7916d390e93d:0x381c222ae47a949d!8m2!3d22.8280414!4d104.9851854!16s%2Fg%2F11sy91g91d!19sChIJPemQ0xZ5zDYRnZR65CoiHDg?authuser=0&hl=en&rclk=1,https://www.facebook.com/Joie-kaf%C3%A9-438103163671278
"626 Đ. Lý Thường Kiệt, Ngọc Hà, Hà Giang, 310000 ",22.8369898,105.0160969,Pao Coffee Ngọc Hà,0963 661 499 ,200000.0,"200,000",4.7,Coffee Shop,https://www.google.com/maps/place/Pao+Coffee+Ng%E1%BB%8Dc+H%C3%A0/data=!4m7!3m6!1s0x36cc7947c8f1903d:0x2fd366e68e260761!8m2!3d22.8369898!4d105.0160969!16s%2Fg%2F11twp_6nw1!19sChIJPZDxyEd5zDYRYQcmjuZm0y8?authuser=0&hl=en&rclk=1,
"Phương Thiện, Hà Giang ",22.800739,104.9769633,Chay Coffee,0912 932 999 ,100000.0,"100,000",5.0,Vegetarian,https://www.google.com/maps/place/Chay+Coffee/data=!4m7!3m6!1s0x36cc79e4ebd947a7:0x4b3adf8dd0f7c4b6!8m2!3d22.800739!4d104.9769633!16s%2Fg%2F11vc53tx5c!19sChIJp0fZ6-R5zDYRtsT30I3fOks?authuser=0&hl=en&rclk=1,
"319b 20 Tháng 8, P. Nguyễn Trãi, Hà Giang ",22.8217634,104.969309,Nhà Bên Rừng,0916 370 578 ,100000.0,"100,000",4.9,Coffee Shop,https://www.google.com/maps/place/Nh%C3%A0+B%C3%AAn+R%E1%BB%ABng/data=!4m7!3m6!1s0x36cc790027c4b471:0x658be5d78a16275f!8m2!3d22.8217634!4d104.969309!16s%2Fg%2F11wxvr1jlz!19sChIJcbTEJwB5zDYRXycWitfli2U?authuser=0&hl=en&rclk=1,https://www.facebook.com/share/19pWZWnfs3/
"06 Đường Minh Khai, P. Minh Khai, Hà Giang ",22.8196084,104.9835052,A Pao Coffee And Tea,0974 690 781 ,100000.0,"100,000",4.5,Coffee Shop,https://www.google.com/maps/place/A+Pao+Coffee+And+Tea/data=!4m7!3m6!1s0x36cc79dfef71e98f:0xe239b31d7b3477fa!8m2!3d22.8196084!4d104.9835052!16s%2Fg%2F11jzf004x7!19sChIJj-lx7995zDYR-nc0ex2zOeI?authuser=0&hl=en&rclk=1,
"91 Minh Khai, P. Minh Khai, Hà Giang ",22.8181841,104.9868131,"Trung Nguyên E-Coffee Phạm Ngọc Thạch, Minh Khai, Hà Giang",0922 514 514 ,100000.0,"100,000",5.0,Coffee Shop,"https://www.google.com/maps/place/Trung+Nguy%C3%AAn+E-Coffee+Ph%E1%BA%A1m+Ng%E1%BB%8Dc+Th%E1%BA%A1ch,+Minh+Khai,+H%C3%A0+Giang/data=!4m7!3m6!1s0x36cc79005b570ed5:0xb91d12f90349d61a!8m2!3d22.8181841!4d104.9868131!16s%2Fg%2F11x1pk406l!19sChIJ1Q5XWwB5zDYRGtZJA_kSHbk?authuser=0&hl=en&rclk=1",
"176 Trần Hưng Đạo, P. Nguyễn Trãi, Hà Giang ",22.8298868,104.9819488,Cafe Cây Táo,0219 3867 312 ,null,,4.7,Coffee Shop,https://www.google.com/maps/place/Cafe+C%C3%A2y+T%C3%A1o/data=!4m7!3m6!1s0x36cc79b5a53656a3:0x97b72162f78d460c!8m2!3d22.8298868!4d104.9819488!16s%2Fg%2F12vqmp_pm!19sChIJo1Y2pbV5zDYRDEaN92Iht5c?authuser=0&hl=en&rclk=1,
"RX3H+Q2F, QL2, P. Nguyễn Trãi, Hà Giang ",22.8044477,104.9775336,Coffee Việt,0912 701 780 ,100000.0,"100,000",4.7,Coffee Shop,https://www.google.com/maps/place/Coffee+Vi%E1%BB%87t/data=!4m7!3m6!1s0x36cc79d67950951f:0xd7e2962200f961e7!8m2!3d22.8044477!4d104.9775336!16s%2Fg%2F11gjgzh24c!19sChIJH5VQedZ5zDYR52H5ACKW4tc?authuser=0&hl=en&rclk=1,
"Khu đô thị Vincom Tổ Dân Phố Số 17, Ha Giang, Hà Giang ",22.8333078,104.9891181,Love Coffee & Tea,0985 501 502 ,100000.0,"100,000",5.0,Coffee Shop,https://www.google.com/maps/place/Love+Coffee+%26+Tea/data=!4m7!3m6!1s0x36cc790043c218fd:0x2bb78088edf767f7!8m2!3d22.8333078!4d104.9891181!16s%2Fg%2F11vwzb_6xc!19sChIJ_RjCQwB5zDYR92f37YiAtys?authuser=0&hl=en&rclk=1,
"đường Hoàng Hoa Thám, P. Trần Phú, Hà Giang ",22.8296038,104.9864533,Tung Duong Cafe,0975 531 405 ,null,,4.3,Coffee Shop,https://www.google.com/maps/place/Tung+Duong+Cafe/data=!4m7!3m6!1s0x36cc784ac99857c7:0x5e16d7e514af8b3e!8m2!3d22.8296038!4d104.9864533!16s%2Fg%2F1hhx0f4hm!19sChIJx1eYyUp4zDYRPouvFOXXFl4?authuser=0&hl=en&rclk=1,
"5 Trần Quốc Toản, P. Nguyễn Trãi, Hà Giang ",22.8290307,104.9830834,Eo Gió Coffee Hà Giang,0357 802 323 ,null,,5.0,Coffee Shop,https://www.google.com/maps/place/Eo+Gi%C3%B3+Coffee+H%C3%A0+Giang/data=!4m7!3m6!1s0x36cc79b866c57743:0x65700e033bce5fe2!8m2!3d22.8290307!4d104.9830834!16s%2Fg%2F11stvtm0qg!19sChIJQ3fFZrh5zDYR4l_OOwMOcGU?authuser=0&hl=en&rclk=1,https://www.facebook.com/profile.php?id=100092712279950&mibextid=ZbWKwL
"Thôn Tha, Ha Giang, Hà Giang ",22.8355024,104.9487854,Tha Kitchen & Cafe,0378 454 000 ,200000.0,"200,000",4.9,Coffee Shop,https://www.google.com/maps/place/Tha+Kitchen+%26+Cafe/data=!4m7!3m6!1s0x36cc7927c40d814d:0x39d166a5aac65709!8m2!3d22.8355024!4d104.9487854!16s%2Fg%2F11l6bds3xw!19sChIJTYENxCd5zDYRCVfGqqVm0Tk?authuser=0&hl=en&rclk=1,
"1 Trần Quốc Toản, P. Nguyễn Trãi, Hà Giang ",22.8284758,104.9837702,KAFA Café,0219 3886 555 ,100000.0,"100,000",3.4,Coffee Shop,https://www.google.com/maps/place/KAFA+Caf%C3%A9/data=!4m7!3m6!1s0x36cc7936060db00f:0x5214eea9b9d7cd06!8m2!3d22.8284758!4d104.9837702!16s%2Fg%2F11s3y0yt8b!19sChIJD7ANBjZ5zDYRBs3XuanuFFI?authuser=0&hl=en&rclk=1,http://kafa.com.vn/
"QL - 4C, Quản Bạ, Hà Giang 310000 ",23.049249,104.9930951,Cafe Cổng Trời,,100000.0,"100,000",4.4,Coffee Shop,https://www.google.com/maps/place/Cafe+C%E1%BB%95ng+Tr%E1%BB%9Di/data=!4m7!3m6!1s0x36cc0ad0e783d6cf:0x5274be1247d401cc!8m2!3d23.049249!4d104.9930951!16s%2Fg%2F11f4hmjh1g!19sChIJz9aD59AKzDYRzAHURxK-dFI?authuser=0&hl=en&rclk=1,
"28 Đ. Lê Quý Đôn, P. Nguyễn Trãi, Hà Giang ",22.8271086,104.982191,Phê Coffee,0888 363 263 ,100000.0,"100,000",3.8,Coffee Shop,https://www.google.com/maps/place/Ph%C3%AA+Coffee/data=!4m7!3m6!1s0x36cc79f56e44fff9:0xe4935b50f5a26064!8m2!3d22.8271086!4d104.982191!16s%2Fg%2F11vk_plww7!19sChIJ-f9EbvV5zDYRZGCi9VBbk-Q?authuser=0&hl=en&rclk=1,
"207 Nguyễn Thái Học, Tổ dân phố số 7, Hà Giang ",22.828735,104.9857411,LiiNa CÀFÉ,,100000.0,"100,000",4.6,Coffee Shop,https://www.google.com/maps/place/LiiNa+C%C3%80F%C3%89/data=!4m7!3m6!1s0x36cc79c15aee07b7:0xc181168b61f6650c!8m2!3d22.828735!4d104.9857411!16s%2Fg%2F11svl90g1w!19sChIJtwfuWsF5zDYRDGX2YYsWgcE?authuser=0&hl=en&rclk=1,https://www.facebook.com/profile.php?id=100093448246882
"QXQV+34M, Đạo Đức, Vị Xuyên, Hà Giang ",22.7877166,104.99279,Coffee võng,0364 223 005 ,null,,4.7,Coffee Shop,https://www.google.com/maps/place/Coffee+v%C3%B5ng/data=!4m7!3m6!1s0x36cc7900263a18e9:0xe0835239717dd0b5!8m2!3d22.7877166!4d104.99279!16s%2Fg%2F11x25873yn!19sChIJ6Rg6JgB5zDYRtdB9cTlSg-A?authuser=0&hl=en&rclk=1,https://www.facebook.com/share/1A26zPkmkS/?mibextid=wwXIfr
"87E Nguyễn Thái Học, P. Minh Khai, Hà Giang, 310000 ",22.8229623,104.9855344,Bếp Việt - Hà Giang,0963 130 000 ,200000.0,"200,000",4.4,Coffee Shop,https://www.google.com/maps/place/B%E1%BA%BFp+Vi%E1%BB%87t+-+H%C3%A0+Giang/data=!4m7!3m6!1s0x36cc793fa7b5c4a3:0x1a6056546c745f4b!8m2!3d22.8229623!4d104.9855344!16s%2Fg%2F11rv20c3w1!19sChIJo8S1pz95zDYRS190bFRWYBo?authuser=0&hl=en&rclk=1,http://facebook.com/bepviethagiang
"188 Đ. Trần Phú, P. Minh Khai, Hà Giang ",22.825084,104.9878775,Meow Tea - Tea & coffe,0979 090 826 ,100000.0,"100,000",4.9,Tea Shop,https://www.google.com/maps/place/Meow+Tea+-+Tea+%26+coffe/data=!4m7!3m6!1s0x36cc79f15fb9341d:0x6515b82966a46664!8m2!3d22.825084!4d104.9878775!16s%2Fg%2F11y22sh0zn!19sChIJHTS5X_F5zDYRZGakZim4FWU?authuser=0&hl=en&rclk=1,
"75 QL2, Phương Thiện, Hà Giang ",22.8015965,104.9795235,Coffee 75 and Motel 75,0988 518 447 ,null,,4.9,Coffee Shop,https://www.google.com/maps/place/Coffee+75+and+Motel+75/data=!4m10!3m9!1s0x36cc79972f5ca3fb:0x5983fcd1eda54096!5m2!4m1!1i2!8m2!3d22.8015965!4d104.9795235!16s%2Fg%2F11n5vx2vvx!19sChIJ-6NcL5d5zDYRlkCl7dH8g1k?authuser=0&hl=en&rclk=1,
"513 Nguyễn Trãi, P. Nguyễn Trãi, Hà Giang ",22.8258168,104.9839101,Duyên Cà Phê,0857 745 473 ,null,,4.4,Coffee Shop,https://www.google.com/maps/place/Duy%C3%AAn+C%C3%A0+Ph%C3%AA/data=!4m7!3m6!1s0x36cc79b361cf1463:0x951b5de152a0dbe7!8m2!3d22.8258168!4d104.9839101!16s%2Fg%2F12vrmlctm!19sChIJYxTPYbN5zDYR59ugUuFdG5U?authuser=0&hl=en&rclk=1,
"89 Nguyễn Trãi, P. Nguyễn Trãi, Hà Giang ",22.8121224,104.9798309,Lục Thảo Food & Drinks,0945 666 995 ,100000.0,"100,000",4.9,Coffee Shop,https://www.google.com/maps/place/L%E1%BB%A5c+Th%E1%BA%A3o+Food+%26+Drinks/data=!4m7!3m6!1s0x36cc7900401acb61:0x8c81f9902e3ee916!8m2!3d22.8121224!4d104.9798309!16s%2Fg%2F11x0hnzh65!19sChIJYcsaQAB5zDYRFuk-LpD5gYw?authuser=0&hl=en&rclk=1,
"223 Nguyễn Thái Học, P. Trần Phú, Hà Giang ",22.8290051,104.9856738,SU TÂY CAFE’ - TRÀ SHAN TUYẾT PHA MÁY - CHÈ NGON,0969 318 084 ,null,,4.8,Coffee Shop,https://www.google.com/maps/place/SU+T%C3%82Y+CAFE%E2%80%99+-+TR%C3%80+SHAN+TUY%E1%BA%BET+PHA+M%C3%81Y+-+CH%C3%88+NGON/data=!4m7!3m6!1s0x36cc790017c2cdff:0xaaa364eddcbe5a20!8m2!3d22.8290051!4d104.9856738!16s%2Fg%2F11wfp3pyvk!19sChIJ_83CFwB5zDYRIFq-3O1ko6o?authuser=0&hl=en&rclk=1,
"Lx2 - Khu CIC, Nguyễn Thái Học, Tp. Hà Giang, Hà Giang ",22.8233048,104.9861828,Tiệm chè ngon - Hejiang,0385 200 289 ,100000.0,"100,000",5.0,Coffee Shop,https://www.google.com/maps/place/Ti%E1%BB%87m+ch%C3%A8+ngon+-+Hejiang/data=!4m7!3m6!1s0x36cc79000e0e8579:0x4b0aecc04d50010e!8m2!3d22.8233048!4d104.9861828!16s%2Fg%2F11yc009ht4!19sChIJeYUODgB5zDYRDgFQTcDsCks?authuser=0&hl=en&rclk=1,https://www.facebook.com/share/1YRHra4Ue4/?mibextid=wwXIfr
"195 Đ. Trần Phú, P. Minh Khai, Hà Giang ",22.82534,104.9877255,DT Quán,0333 434 299 ,100000.0,"100,000",4.9,Restaurant,https://www.google.com/maps/place/DT+Qu%C3%A1n/data=!4m7!3m6!1s0x36cc79f2c11dabf5:0xdfeccb6e3664faf2!8m2!3d22.82534!4d104.9877255!16s%2Fg%2F11s2k6l42c!19sChIJ9asdwfJ5zDYR8vpkNm7L7N8?authuser=0&hl=en&rclk=1,
"P. Nguyễn Trãi, Ha Giang, Hà Giang ",22.8041499,104.9783775,"Phượt House Restaurant, Motorbike rental and hostel",0815 916 888 ,null,,4.7,Restaurant,"https://www.google.com/maps/place/Ph%C6%B0%E1%BB%A3t+House+Restaurant,+Motorbike+rental+and+hostel./data=!4m10!3m9!1s0x36cc79ac38ba6bd1:0xa1a7d9e3d80b2ea!5m2!4m1!1i2!8m2!3d22.8041499!4d104.9783775!16s%2Fg%2F11p77z7mhg!19sChIJ0Wu6OKx5zDYR6rKAPZ59Ggo?authuser=0&hl=en&rclk=1",http://roadkingshagiang.com/
"20/08 str Km5 Thanh Thuy, commune, Thon Tha, Hà Giang, 310000 ",22.8322848,104.9477818,Ha Giang Uphill Coffee Farmstay,0837 763 391 ,null,,5.0,Coffee Shop,https://www.google.com/maps/place/Ha+Giang+Uphill+Coffee+Farmstay/data=!4m10!3m9!1s0x36cc797bc49c44c5:0x39089e69056b0708!5m2!4m1!1i2!8m2!3d22.8322848!4d104.9477818!16s%2Fg%2F11wbgtg79n!19sChIJxUScxHt5zDYRCAdrBWmeCDk?authuser=0&hl=en&rclk=1,https://www.instagram.com/uphill_coffee_english_club?igsh=cjEya3pud2EycnJm&utm_source=qr
"Lx2 - Khu CIC, Nguyễn Thái Học, P. Minh Khai, Hà Giang ",22.8234406,104.9861221,Houjicha Ice Cream & Coffee Cơ sở Hà Giang,0857 316 586 ,null,,5.0,Coffee Shop,https://www.google.com/maps/place/Houjicha+Ice+Cream+%26+Coffee+C%C6%A1+s%E1%BB%9F+H%C3%A0+Giang/data=!4m7!3m6!1s0x36cc790052e88e49:0x12bea6b9788a667c!8m2!3d22.8234406!4d104.9861221!16s%2Fg%2F11xd3_6nzj!19sChIJSY7oUgB5zDYRfGaKeLmmvhI?authuser=0&hl=en&rclk=1,
"P. Nguyễn Trãi, Ha Giang, Hà Giang ",22.8292924,104.9823093,Cà phê ZICZAC,0934 211 984 ,null,,3.7,Coffee Shop,https://www.google.com/maps/place/C%C3%A0+ph%C3%AA+ZICZAC/data=!4m7!3m6!1s0x36cc79b5b0e3dfd5:0xe9ab16e497f616c5!8m2!3d22.8292924!4d104.9823093!16s%2Fg%2F1tgfnffj!19sChIJ1d_jsLV5zDYRxRb2l-QWq-k?authuser=0&hl=en&rclk=1,
"Đối diện Vincom Plaza, 425 Đ. Trần Phú, P. Trần Phú, Hà Giang, 310000 ",22.8336482,104.9886302,Zing House Cafe,0866 101 004 ,100000.0,"100,000",3.7,Coffee Shop,https://www.google.com/maps/place/Zing+House+Cafe/data=!4m7!3m6!1s0x36cc79026953a3f9:0x1ca3e673af4d80af!8m2!3d22.8336482!4d104.9886302!16s%2Fg%2F11w3rklqc6!19sChIJ-aNTaQJ5zDYRr4BNr3Pmoxw?authuser=0&hl=en&rclk=1,
"517 Nguyễn Trãi, P. Nguyễn Trãi, Hà Giang ",22.8293417,104.9843508,Km0 Hà Giang,,100000.0,"100,000",4.7,Coffee Shop,https://www.google.com/maps/place/Km0+H%C3%A0+Giang/data=!4m7!3m6!1s0x36cc79002c65fd43:0xe45b9b25932a5564!8m2!3d22.8293417!4d104.9843508!16s%2Fg%2F11wh_r_506!19sChIJQ_1lLAB5zDYRZFUqkyWbW-Q?authuser=0&hl=en&rclk=1,
"Tuan Son Building, 38 Hai Bà Trưng, P. Nguyễn Trãi, Hà Giang, 310000 ",22.8188756,104.9797209,Top Of The Loop - Rooftop Bar | Restaurant | Hostel,0862 231 235 ,null,,4.8,Bar/Pub,https://www.google.com/maps/place/Top+Of+The+Loop+-+Rooftop+Bar+%7C+Restaurant+%7C+Hostel/data=!4m7!3m6!1s0x36cc7944313022bf:0x889af339fdd419b5!8m2!3d22.8188756!4d104.9797209!16s%2Fg%2F11l6m53qk1!19sChIJvyIwMUR5zDYRtRnU_Tnzmog?authuser=0&hl=en&rclk=1,
"Lâm Đồng, Phương Thiện, Hà Giang, 310000 ",22.8054237,104.9755736,Restaurant,0848 720 885 ,null,,4.8,Restaurant,https://www.google.com/maps/place/Restaurant.+Pizza.fresh+pasta.+Lasagne.Delivery.Mr+Hung/data=!4m10!3m9!1s0x36cc792055f4bd89:0xc49914c30d37b132!5m2!4m1!1i2!8m2!3d22.8054237!4d104.9755736!16s%2Fg%2F11f4wzrxl2!19sChIJib30VSB5zDYRMrE3DcMUmcQ?authuser=0&hl=en&rclk=1,
"RXMQ+VQW, 04 Đ. Lý Thường Kiệt, P. Trần Phú, Hà Giang, 310000 ",22.8346727,104.9894967,479 BAKE & BREW,0829 880 099 ,100000.0,"100,000",4.0,Coffee Shop,https://www.google.com/maps/place/479+BAKE+%26+BREW/data=!4m7!3m6!1s0x36cc78345783a381:0x5044b32c13820e97!8m2!3d22.8346727!4d104.9894967!16s%2Fg%2F1tvdh2sk!19sChIJgaODVzR4zDYRlw6CEyyzRFA?authuser=0&hl=en&rclk=1,
"90 20 Tháng 8, P. Nguyễn Trãi, Hà Giang ",22.8273028,104.9779997,Nhà hàng ngỗng K9 Hà Giang,0982 573 582 ,200000.0,"200,000",4.7,Restaurant,https://www.google.com/maps/place/Nh%C3%A0+h%C3%A0ng+ng%E1%BB%97ng+K9+H%C3%A0+Giang/data=!4m7!3m6!1s0x36cc795fe7f6b15d:0xbd578e42c86c832!8m2!3d22.8273028!4d104.9779997!16s%2Fg%2F11s8mx378m!19sChIJXbH25195zDYRMsiGLOR41Qs?authuser=0&hl=en&rclk=1,
"QL2, Phương Thiện, Hà Giang, 310000 ",22.8144059,104.9637762,Quiri Hostel Ha Giang,0965 443 096 ,null,,4.8,Coffee Shop,https://www.google.com/maps/place/Quiri+Hostel+Ha+Giang/data=!4m10!3m9!1s0x36cc79740038ef89:0xf6239cf5e524b2fe!5m2!4m1!1i2!8m2!3d22.8144059!4d104.9637762!16s%2Fg%2F11txjd4dvd!19sChIJie84AHR5zDYR_rIk5fWcI_Y?authuser=0&hl=en&rclk=1,https://hagiangquiri.com/
"310 Đ. Trần Phú, P. Trần Phú, Hà Giang ",22.8324171,104.988585,Cafe bar spoon hà Giang,0978 256 526 ,null,,4.6,Coffee Shop,https://www.google.com/maps/place/Cafe+bar+spoon+h%C3%A0+Giang/data=!4m7!3m6!1s0x36cc79b4a7da6799:0x48a51fb28e327ce8!8m2!3d22.8324171!4d104.988585!16s%2Fg%2F11l10fd9_r!19sChIJmWfap7R5zDYR6HwyjrIfpUg?authuser=0&hl=en&rclk=1,
"Dai, lo Huu Nghi, Phương Thiện, Hà Giang, 100000 ",22.8050849,104.9760502,Rocks Ha Giang Restaurant Beer & Pub,0867 200 389 ,100000.0,"100,000",4.7,Bar/Pub,https://www.google.com/maps/place/Rocks+Ha+Giang+Restaurant+Beer+%26+Pub/data=!4m7!3m6!1s0x36cc79cd197a8f33:0x97e33d8061cc8fc4!8m2!3d22.8050849!4d104.9760502!16s%2Fg%2F11l2bxqcnd!19sChIJM496Gc15zDYRxI_MYYA945c?authuser=0&hl=en&rclk=1,http://rockshagiang.com/
"53 Nguyễn Huệ, Tổ 5, Hà Giang, 310000 ",22.8307807,104.9827375,Nhà Hàng Phố Đá ( Pho Da Restaurant - 餐厅 Phố Đá ),0972 428 772 ,200000.0,"200,000",4.4,Restaurant,https://www.google.com/maps/place/Nh%C3%A0+H%C3%A0ng+Ph%E1%BB%91+%C4%90%C3%A1+%28+Pho+Da+Restaurant+-+%E9%A4%90%E5%8E%85+Ph%E1%BB%91+%C4%90%C3%A1+%29/data=!4m7!3m6!1s0x36cc793e8f12a9f5:0xde17b82a540a12ee!8m2!3d22.8307807!4d104.9827375!16s%2Fg%2F11ss7kt73b!19sChIJ9akSjz55zDYR7hIKVCq4F94?authuser=0&hl=en&rclk=1,
"RXFP+MM2, Nguyễn Văn Cừ, P. Minh Khai, Hà Giang ",22.824127,104.9866529,Quán cà phê Trung Nguyên,,null,,3.8,Coffee Shop,https://www.google.com/maps/place/Qu%C3%A1n+c%C3%A0+ph%C3%AA+Trung+Nguy%C3%AAn/data=!4m7!3m6!1s0x36cc784cc0aaa1e3:0xdb42fbc9060e440e!8m2!3d22.824127!4d104.9866529!16s%2Fg%2F11c55bk8x1!19sChIJ46GqwEx4zDYRDkQOBsn7Qts?authuser=0&hl=en&rclk=1,
"108 Nguyễn Du, P. Nguyễn Trãi, Hà Giang, 310000 ",22.8165434,104.9829055,Cappuccino Coffee Ha Giang - Ha Giang Take Away Coffee,0834 158 998 ,null,,4.7,Coffee Shop,https://www.google.com/maps/place/Cappuccino+Coffee+Ha+Giang+-+Ha+Giang+Take+Away+Coffee/data=!4m7!3m6!1s0x36cc79acee2467cf:0x7264f1341a363097!8m2!3d22.8165434!4d104.9829055!16s%2Fg%2F11fkkrxf79!19sChIJz2ck7qx5zDYRlzA2GjTxZHI?authuser=0&hl=en&rclk=1,
"Sky Building, No.15 Nguyễn Thái Học, Street, Hà Giang, 310000 ",22.8203374,104.9839402,Trung Nguyên E-Coffee (15 Nguyễn Thái Học),0376 028 369 ,100000.0,"100,000",4.9,Coffee Shop,https://www.google.com/maps/place/Trung+Nguy%C3%AAn+E-Coffee+%2815+Nguy%E1%BB%85n+Th%C3%A1i+H%E1%BB%8Dc%29/data=!4m7!3m6!1s0x36cc799407564279:0xb5376f54d16b28b!8m2!3d22.8203374!4d104.9839402!16s%2Fg%2F11trwm6pf7!19sChIJeUJWB5R5zDYRi7IWTfV2Uws?authuser=0&hl=en&rclk=1,
"39D Cau Me, Phương Thiện, Vị Xuyên, Hà Giang 310000 ",22.8004488,104.9819963,Yolo Ha Giang Local Family Restaurant,0859 891 316 ,100000.0,"100,000",4.7,Restaurant,https://www.google.com/maps/place/Yolo+Ha+Giang+Local+Family+Restaurant/data=!4m7!3m6!1s0x36cc791f6aa68fd9:0x387a2079c9a382f4!8m2!3d22.8004488!4d104.9819963!16s%2Fg%2F11kjj567sx!19sChIJ2Y-mah95zDYR9IKjyXkgejg?authuser=0&hl=en&rclk=1,http://rainbowhagiang.com/services-4
"RXGM+J7G, P. Nguyễn Trãi, Hà Giang ",22.8265524,104.9832122,Tượng Bác Hồ với nhân dân,,null,,,Coffee Shop,https://www.google.com/maps/place/T%C6%B0%E1%BB%A3ng+B%C3%A1c+H%E1%BB%93+v%E1%BB%9Bi+nh%C3%A2n+d%C3%A2n/data=!4m7!3m6!1s0x36cc7947c6fddcd7:0xea3b774491876e3!8m2!3d22.8265524!4d104.9832122!16s%2Fg%2F11fpsm2bw9!19sChIJ19z9xkd5zDYR43YYSXS3ow4?authuser=0&hl=en&rclk=1,
"chung cư 7 Nguyễn Thiện Thuật, Lộc Thọ, Nha Trang, Khánh Hòa 650000 ",12.2407674,109.1936298,Lak Beef Steak - Nha Trang,0362 120 851 ,null,,4.8,Tea Shop,https://www.google.com/maps/place/Lak+Beef+Steak+-+Nha+Trang/data=!4m7!3m6!1s0x31706772c2f36373:0xf2f40e5a131ce265!8m2!3d12.2407674!4d109.1936298!16s%2Fg%2F11srmc_hp5!19sChIJc2PzwnJncDERZeIcE1oO9PI?authuser=0&hl=en&rclk=1,https://www.facebook.com/LakBeefsteak?mibextid=LQQJ4d
"17 Biệt Thự, Lộc Thọ, Nha Trang, Khánh Hòa 650000 ",12.2354922,109.1951065,Golden Bamboo Restaurant,0906 400 747 ,null,,4.4,Restaurant,https://www.google.com/maps/place/Golden+Bamboo+Restaurant/data=!4m7!3m6!1s0x317067e930a21c51:0xcf754ceac261c89a!8m2!3d12.2354922!4d109.1951065!16s%2Fg%2F11t7ctcy7m!19sChIJURyiMOlncDERmshhwupMdc8?authuser=0&hl=en&rclk=1,https://www.instagram.com/golden_bamboo_restaurant?igsh=MTZib3pnamM1YW5kZg==
"Bạch Đằng, Tân Tiến, Nha Trang, Khánh Hòa 650000 ",12.2387325,109.1927062,La Cala - Gusto Italiano,0965 446 445 ,null,,4.6,Restaurant,https://www.google.com/maps/place/La+Cala+-+Gusto+Italiano/data=!4m7!3m6!1s0x317067b6eb73a617:0x32e90b2e4797dc8a!8m2!3d12.2387325!4d109.1927062!16s%2Fg%2F11l_gv6xgr!19sChIJF6Zz67ZncDERityXRy4L6TI?authuser=0&hl=en&rclk=1,http://www.la-cala.com/
"64 Đ. Hồng Bàng, Tân Tiến, Nha Trang, Khánh Hòa 650000 ",12.2407879,109.1892257,Secrets Bar and Grill - Nha Trang,0936 269 944 ,null,,4.7,Bar/Pub,https://www.google.com/maps/place/Secrets+Bar+and+Grill+-+Nha+Trang/data=!4m7!3m6!1s0x317067aeaa526d15:0x41299e2dcc805b8b!8m2!3d12.2407879!4d109.1892257!16s%2Fg%2F11fpg6y9hl!19sChIJFW1Sqq5ncDERi1uAzC2eKUE?authuser=0&hl=en&rclk=1,
"22 Trần Quang Khải, Lộc Thọ, Nha Trang, Khánh Hòa 57106 ",12.2333338,109.195852,Mai Hương Restaurant - Nha Trang,0382 037 487 ,1000000.0,"₫1,000,000",4.9,Restaurant,https://www.google.com/maps/place/Mai+H%C6%B0%C6%A1ng+Restaurant+-+Nha+Trang/data=!4m7!3m6!1s0x317067a3002ce2c1:0x49158083af30d8d5!8m2!3d12.2333338!4d109.195852!16s%2Fg%2F11l773fc86!19sChIJweIsAKNncDER1dgwr4OAFUk?authuser=0&hl=en&rclk=1,https://facebook.com/MaiHuongNhaTrang
"3A Nguyễn Thị Minh Khai, Lộc Thọ, Nha Trang, Khánh Hòa 650000 ",12.2384516,109.1949356,Gạch gạch Restaurant,,null,,4.8,Restaurant,https://www.google.com/maps/place/G%E1%BA%A1ch+g%E1%BA%A1ch+Restaurant/data=!4m7!3m6!1s0x3170670015b642e7:0x70c8e2c34c1077c5!8m2!3d12.2384516!4d109.1949356!16s%2Fg%2F11w8kglvk5!19sChIJ50K2FQBncDERxXcQTMPiyHA?authuser=0&hl=en&rclk=1,
"47A Đ.Mạc Đĩnh Chi, Tân Tiến, Nha Trang, Khánh Hòa 650000 ",12.2415244,109.1861899,Little Corner Restaurant,0782 500 942 ,100000.0,"100,000",4.6,Restaurant,https://www.google.com/maps/place/Little+Corner+Restaurant/data=!4m7!3m6!1s0x317067bb73806169:0x32cb1e334040a13c!8m2!3d12.2415244!4d109.1861899!16s%2Fg%2F11t82f3d5d!19sChIJaWGAc7tncDERPKFAQDMeyzI?authuser=0&hl=en&rclk=1,
"12 Nguyễn Thiện Thuật, Tân Tiến, Nha Trang, Khánh Hòa 650000 ",12.2422257,109.1931826,Egoist Mediterranean Restaurant,0352 077 395 ,200000.0,"200,000",4.6,Restaurant,https://www.google.com/maps/place/Egoist+Mediterranean+Restaurant/data=!4m7!3m6!1s0x317067619b57c173:0x4a48696f8459e66c!8m2!3d12.2422257!4d109.1931826!16s%2Fg%2F11ks79bm5k!19sChIJc8FXm2FncDERbOZZhG9pSEo?authuser=0&hl=en&rclk=1,
"10/1B Nguyễn Thiện Thuật, Lộc Thọ, Nha Trang, Khánh Hòa 650000 ",12.2411051,109.1932393,Alpaca homestyle cafe,0367 282 982 ,200000.0,"200,000",4.8,Coffee Shop,https://www.google.com/maps/place/Alpaca+homestyle+cafe/data=!4m7!3m6!1s0x3170677b90990705:0x2b1370f651e3730c!8m2!3d12.2411051!4d109.1932393!16s%2Fg%2F11bw4h5v9b!19sChIJBQeZkHtncDERDHPjUfZwEys?authuser=0&hl=en&rclk=1,https://www.facebook.com/alpacanhatrang
"92/25 Hùng Vương, Lộc Thọ, Nha Trang, Khánh Hòa 650000 ",12.237449,109.1946736,Set cafe,0913 367 786 ,200000.0,"200,000",4.8,Coffee Shop,https://www.google.com/maps/place/Set+cafe/data=!4m7!3m6!1s0x31706764cbbdb589:0x919b886b99da0c4d!8m2!3d12.237449!4d109.1946736!16s%2Fg%2F11g890k2c1!19sChIJibW9y2RncDERTQzamWuIm5E?authuser=0&hl=en&rclk=1,
"100/22 Hùng Vương, Lộc Thọ, Nha Trang, Khánh Hòa 650000 ",12.2371523,109.1947246,La Velvet,0916 542 855 ,null,,4.6,Restaurant,https://www.google.com/maps/place/La+Velvet/data=!4m7!3m6!1s0x3170677b9994d7f9:0xe225e39baddbc07c!8m2!3d12.2371523!4d109.1947246!16s%2Fg%2F11hbgbmcnl!19sChIJ-deUmXtncDERfMDbrZvjJeI?authuser=0&hl=en&rclk=1,https://menu.instalacarte.com/menu/s/La-velvet
"176 Hùng Vương, Lộc Thọ, Nha Trang, Khánh Hòa 650000 ",12.2344494,109.1957092,Cactus Bogosov Mexican Food,0905 806 905 ,300000.0,"300,000",4.5,Restaurant,https://www.google.com/maps/place/Cactus+Bogosov+Mexican+Food/data=!4m7!3m6!1s0x31706764c963f573:0xfc4becfa0b654323!8m2!3d12.2344494!4d109.1957092!16s%2Fg%2F11b77vwyky!19sChIJc_VjyWRncDERI0NlC_rsS_w?authuser=0&hl=en&rclk=1,
"119 Nguyễn Thiện Thuật, Tân Tiến, Nha Trang, Khánh Hòa 650000 ",12.2376831,109.1938659,YASHODA INDIAN RESTAURANT,0946 417 000 ,200000.0,"200,000",4.7,Restaurant,https://www.google.com/maps/place/YASHODA+INDIAN+RESTAURANT/data=!4m7!3m6!1s0x3170677c82806183:0x9ba8faf453e75ada!8m2!3d12.2376831!4d109.1938659!16s%2Fg%2F11g6p2z2s9!19sChIJg2GAgnxncDER2lrnU_T6qJs?authuser=0&hl=en&rclk=1,
"1a Biệt Thự, Lộc Thọ, Nha Trang, Khánh Hòa 650000 ",12.2358035,109.1968428,Street Food Restaurant,,200000.0,"200,000",4.5,Restaurant,https://www.google.com/maps/place/Street+Food+Restaurant/data=!4m7!3m6!1s0x3170671fdf72c321:0xa97f913d23a78d52!8m2!3d12.2358035!4d109.1968428!16s%2Fg%2F11k58ct_y0!19sChIJIcNy3x9ncDERUo2nIz2Rf6k?authuser=0&hl=en&rclk=1,
"160 Hùng Vương, Lộc Thọ, Nha Trang, Khánh Hòa 650000 ",12.2346914,109.1956648,Luong Son Cang Restaurant,0889 637 979 ,null,,4.9,Restaurant,https://www.google.com/maps/place/Luong+Son+Cang+Restaurant/data=!4m7!3m6!1s0x317067be5abda3ef:0x2bab76b78e83343c!8m2!3d12.2346914!4d109.1956648!16s%2Fg%2F11t6xk27ff!19sChIJ76O9Wr5ncDERPDSDjrd2qys?authuser=0&hl=en&rclk=1,https://luongsoncang.com/
"135 Đ. Hồng Bàng, Tân Tiến, Nha Trang, Khánh Hòa 650000 ",12.2385478,109.1919056,CUI seafood restaurant,0794 562 283 ,null,,4.8,Restaurant,https://www.google.com/maps/place/CUI+seafood+restaurant/data=!4m7!3m6!1s0x317067a08a088749:0xfd15b8f05639580a!8m2!3d12.2385478!4d109.1919056!16s%2Fg%2F11s7_9zc8b!19sChIJSYcIiqBncDERClg5VvC4Ff0?authuser=0&hl=en&rclk=1,https://www.cuiseafood.vn/english
"05 Trần Quang Khải, Lộc Thọ, Nha Trang, Khánh Hòa 650000 ",12.2333154,109.1968224,Tuan’s Vietnamese Cuisine,0792 881 688 ,200000.0,"200,000",4.7,Restaurant,https://www.google.com/maps/place/Tuan%E2%80%99s+Vietnamese+Cuisine/data=!4m7!3m6!1s0x317067f6ddd3a817:0x5f34be1ce3f131fa!8m2!3d12.2333154!4d109.1968224!16s%2Fg%2F11flc6gqpr!19sChIJF6jT3fZncDER-jHx4xy-NF8?authuser=0&hl=en&rclk=1,
"Sheraton Nha Trang Hotel & Spa, 26-28 Trần Phú, Lộc Thọ, Nha Trang, Khánh Hòa 650000 ",12.2464395,109.1957627,Steam n' Spice,0258 3880 000 ,null,,4.6,Tea Shop,https://www.google.com/maps/place/Steam+n%27+Spice/data=!4m7!3m6!1s0x3170678275bc79d3:0x947d2aa2b6c69289!8m2!3d12.2464395!4d109.1957627!16s%2Fg%2F11c1xhzxdg!19sChIJ03m8dYJncDERiZLGtqIqfZQ?authuser=0&hl=en&rclk=1,https://www.marriott.com/en-us/hotels/nhasi-sheraton-nha-trang-hotel-and-spa/dining/
"64 Trần Phú, Lộc Thọ, Nha Trang, Khánh Hòa 570000 ",12.2357965,109.1970282,Hoang Sa restaurant - 냐짱 해산물 - 나트랑 해산물 - Seafood Nha Trang - 해산물 요리 - 나트랑 해산물 요리 - Ресторан морепродуктов в Нячанге,0935 901 379 ,null,,4.8,Restaurant,https://www.google.com/maps/place/Hoang+Sa+restaurant+-+%EB%83%90%EC%A7%B1+%ED%95%B4%EC%82%B0%EB%AC%BC+-+%EB%82%98%ED%8A%B8%EB%9E%91+%ED%95%B4%EC%82%B0%EB%AC%BC+-+Seafood+Nha+Trang+-+%ED%95%B4%EC%82%B0%EB%AC%BC+%EC%9A%94%EB%A6%AC+-+%EB%82%98%ED%8A%B8%EB%9E%91+%ED%95%B4%EC%82%B0%EB%AC%BC+%EC%9A%94%EB%A6%AC+-+%D0%A0%D0%B5%D1%81%D1%82%D0%BE%D1%80%D0%B0%D0%BD+%D0%BC%D0%BE%D1%80%D0%B5%D0%BF%D1%80%D0%BE%D0%B4%D1%83%D0%BA%D1%82%D0%BE%D0%B2+%D0%B2+%D0%9D%D1%8F%D1%87%D0%B0%D0%BD%D0%B3%D0%B5/data=!4m7!3m6!1s0x3170677badf4d8df:0x9e3c621cfc0530d3!8m2!3d12.2357965!4d109.1970282!16s%2Fg%2F11bw5zn_w3!19sChIJ39j0rXtncDER0zAF_BxiPJ4?authuser=0&hl=en&rclk=1,https://nhahanghoangsa.com/
"46 Nguyễn Thị Minh Khai, Lộc Thọ, Nha Trang, Khánh Hòa 57106 ",12.2387066,109.1937419,I Restaurant,0905 254 646 ,null,,4.8,Restaurant,https://www.google.com/maps/place/I+Restaurant/data=!4m7!3m6!1s0x31706796c7a65805:0xce69c3b8d91efc85!8m2!3d12.2387066!4d109.1937419!16s%2Fg%2F11w3rwt23s!19sChIJBVimx5ZncDERhfwe2bjDac4?authuser=0&hl=en&rclk=1,https://irestaurant.vn/
"26 Trần Quang Khải, Lộc Thọ, Nha Trang, Khánh Hòa 650000 ",12.2333012,109.1954889,Nha Trang Restaurants,,200000.0,"200,000",4.7,Restaurant,https://www.google.com/maps/place/Nha+Trang+Restaurants/data=!4m7!3m6!1s0x31706764ed2effff:0x49d9021dc29bacb!8m2!3d12.2333012!4d109.1954889!16s%2Fg%2F11hylcz10m!19sChIJ__8u7WRncDERy7op3CGQnQQ?authuser=0&hl=en&rclk=1,
"181 Nguyễn Thiện Thuật, Lộc Thọ, Nha Trang, Khánh Hòa 650000 ",12.2363719,109.1942029,MIX Greek Restaurant,0359 459 197 ,null,,4.6,Restaurant,https://www.google.com/maps/place/MIX+Greek+Restaurant/data=!4m7!3m6!1s0x3170677b335c2ee5:0x9ba279d75191ec71!8m2!3d12.2363719!4d109.1942029!16s%2Fg%2F11bwmfgdm2!19sChIJ5S5cM3tncDERceyRUdd5ops?authuser=0&hl=en&rclk=1,
"Sheraton Nha Trang Hotel & Spa, 26-28 Trần Phú, Lộc Thọ, Nha Trang, Khánh Hòa 650000 ",12.24639,109.1958309,Feast Restaurant Nha Trang,0258 3880 000 ,null,,4.7,Restaurant,https://www.google.com/maps/place/Feast+Restaurant+Nha+Trang/data=!4m7!3m6!1s0x3170678277a65acf:0x6e87c0c139102e27!8m2!3d12.24639!4d109.1958309!16s%2Fg%2F11c1nxfb91!19sChIJz1qmd4JncDERJy4QOcHAh24?authuser=0&hl=en&rclk=1,https://www.feastnhatrang.com/
"30/16 Hùng Vương, Lộc Thọ, Nha Trang, Khánh Hòa 650000 ",12.2395474,109.194365,COCOBAY RESTAURANT,0944 753 979 ,200000.0,"200,000",4.7,Restaurant,https://www.google.com/maps/place/COCOBAY+RESTAURANT/data=!4m7!3m6!1s0x317067007529e0e5:0xf5f15465305ca501!8m2!3d12.2395474!4d109.194365!16s%2Fg%2F11xn_zgmsf!19sChIJ5eApdQBncDERAaVcMGVU8fU?authuser=0&hl=en&rclk=1,
"Hẻm 83 Nguyễn Thị Minh Khai, Tân Tiến, Nha Trang, Khánh Hòa 650000 ",12.2360079,109.1895581,LÀNG NGON - Vietnamese Cuisine & Seafood Restaurant,0913 504 319 ,300000.0,"300,000",4.5,Restaurant,https://www.google.com/maps/place/L%C3%80NG+NGON+-+Vietnamese+Cuisine+%26+Seafood+Restaurant/data=!4m7!3m6!1s0x3170677d366d1eb7:0xe82e9fa227c6013e!8m2!3d12.2360079!4d109.1895581!16s%2Fg%2F11cs5g2l5g!19sChIJtx5tNn1ncDERPgHGJ6KfLug?authuser=0&hl=en&rclk=1,https://langngon.com/
"72 Nguyễn Thiện Thuật, Lộc Thọ, Nha Trang, Khánh Hòa 650000 ",12.2389835,109.1934409,Mắm Restaurant - Homestyle Vietnamese Flavors,0938 881 618 ,null,,4.8,Restaurant,https://www.google.com/maps/place/M%E1%BA%AFm+Restaurant+-+Homestyle+Vietnamese+Flavors/data=!4m7!3m6!1s0x317067424210a699:0x52a28b80cd3ef9ab!8m2!3d12.2389835!4d109.1934409!16s%2Fg%2F11vj1z4m5s!19sChIJmaYQQkJncDERq_k-zYCLolI?authuser=0&hl=en&rclk=1,https://mamrestaurant.vn/
"27A Lê Quý Đôn, Tân Tiến, Nha Trang, Khánh Hòa 650000 ",12.2439673,109.1914075,MaXi's Café & Restobar Nha Trang - Premium Steaks & International/나트랑맛집/나트랑 맥시1,0367 383 037 ,null,,4.9,Bar/Pub,https://www.google.com/maps/place/MaXi%27s+Caf%C3%A9+%26+Restobar+Nha+Trang+-+Premium+Steaks+%26+International%2F%EB%82%98%ED%8A%B8%EB%9E%91%EB%A7%9B%EC%A7%91%2F%EB%82%98%ED%8A%B8%EB%9E%91+%EB%A7%A5%EC%8B%9C1/data=!4m7!3m6!1s0x317067006e851321:0x6e222b6d617ae898!8m2!3d12.2439673!4d109.1914075!16s%2Fg%2F11w9sn6ljb!19sChIJIROFbgBncDERmOh6YW0rIm4?authuser=0&hl=en&rclk=1,
"113 Hùng Vương, Lộc Thọ, Nha Trang, Khánh Hòa 57000 ",12.2336022,109.1960995,Restaurant Cilantro,,200000.0,"200,000",4.6,Restaurant,https://www.google.com/maps/place/Restaurant+Cilantro/data=!4m7!3m6!1s0x31706700030ddad7:0xefd52b36b1eff8cc!8m2!3d12.2336022!4d109.1960995!16s%2Fg%2F11y3mc4gb5!19sChIJ19oNAwBncDERzPjvsTYr1e8?authuser=0&hl=en&rclk=1,
"67-69 Nguyễn Thiện Thuật, Lộc Thọ, Nha Trang, Khánh Hòa 650000 ",12.2390935,109.1936316,Ресторан Караван (Restaurant Karavan),0869 364 608 ,null,,4.8,Restaurant,https://www.google.com/maps/place/%D0%A0%D0%B5%D1%81%D1%82%D0%BE%D1%80%D0%B0%D0%BD+%D0%9A%D0%B0%D1%80%D0%B0%D0%B2%D0%B0%D0%BD+%28Restaurant+Karavan%29/data=!4m7!3m6!1s0x3170670fd9abff73:0xcd547d63c8b13354!8m2!3d12.2390935!4d109.1936316!16s%2Fg%2F11wwg3d9xj!19sChIJc_-r2Q9ncDERVDOxyGN9VM0?authuser=0&hl=en&rclk=1,https://www.instagram.com/karavan.nhatrang?igsh=MzRlODBiNWFlZA==
"114 Đ. Hồng Bàng, Tân Tiến, Nha Trang, Khánh Hòa 650000 ",12.2392283,109.1910633,Sushi Kiwami Restaurant,0344 092 390 ,null,,4.6,Restaurant,https://www.google.com/maps/place/Sushi+Kiwami+Restaurant/data=!4m7!3m6!1s0x3170677c3a11c3bb:0x16042aec3aac609d!8m2!3d12.2392283!4d109.1910633!16s%2Fg%2F11b7rtpnkk!19sChIJu8MROnxncDERnWCsOuwqBBY?authuser=0&hl=en&rclk=1,https://m.facebook.com/kiwamijapaneserestaurant/
"120/32 Nguyễn Thiện Thuật, Tân Tiến, Nha Trang, Khánh Hòa 650000 ",12.2330304,109.1944048,Armenia Nha Trang,0898 420 748 ,300000.0,"300,000",4.6,Restaurant,https://www.google.com/maps/place/Armenia+Nha+Trang/data=!4m7!3m6!1s0x3170676b619ea7f3:0x131223d881c6a472!8m2!3d12.2330304!4d109.1944048!16s%2Fg%2F11sbv96m02!19sChIJ86eeYWtncDERcqTGgdgjEhM?authuser=0&hl=en&rclk=1,
"3 Đ. Phạm Ngọc Thạch, Vĩnh Hải, Nha Trang, Khánh Hòa 650000 ",12.2807677,109.2022094,SHANTARAM,0338 724 374 ,200000.0,"200,000",4.5,Restaurant,https://www.google.com/maps/place/SHANTARAM/data=!4m7!3m6!1s0x317067e53b2beb77:0xf2ebd60dcd273062!8m2!3d12.2807677!4d109.2022094!16s%2Fg%2F11fy2tgxzd!19sChIJd-srO-VncDERYjAnzQ3W6_I?authuser=0&hl=en&rclk=1,
"8/16 Nguyễn Thiện Thuật, Tân Tiến, Nha Trang, Khánh Hòa 650000 ",12.2415445,109.192774,Phyto Bistro vegan & vegetarian healthy restaurant 건강식 식당,0852 019 016 ,200000.0,"200,000",5.0,Vegetarian,https://www.google.com/maps/place/Phyto+Bistro+vegan+%26+vegetarian+healthy+restaurant+%EA%B1%B4%EA%B0%95%EC%8B%9D+%EC%8B%9D%EB%8B%B9/data=!4m7!3m6!1s0x31705d9bace2cd49:0xce68ea8bf5bf3019!8m2!3d12.2415445!4d109.192774!16s%2Fg%2F11sshddwvy!19sChIJSc3irJtdcDERGTC_9YvqaM4?authuser=0&hl=en&rclk=1,https://www.facebook.com/phytobistronhatrang
"Citadines Bayfront, 62 Trần Phú, Lộc Thọ, Nha Trang, Khánh Hòa 650000 ",12.236219,109.1968544,Ngon Gallery Nha Trang Restaurant,0911 206 268 ,null,,4.7,Restaurant,https://www.google.com/maps/place/Ngon+Gallery+Nha+Trang+Restaurant/data=!4m7!3m6!1s0x317067b0dcb600c9:0x535ed54614cb4c06!8m2!3d12.236219!4d109.1968544!16s%2Fg%2F11h77lfn37!19sChIJyQC23LBncDERBkzLFEbVXlM?authuser=0&hl=en&rclk=1,https://ngongalleryvn.com/
"76 Đống Đa, Tân Tiến, Nha Trang, Khánh Hòa 650000 ",12.2390478,109.1920757,Sam Lor Thai Restaurant Nha Trang,0931 887 289 ,300000.0,"300,000",4.5,Restaurant,https://www.google.com/maps/place/Sam+Lor+Thai+Restaurant+Nha+Trang/data=!4m7!3m6!1s0x3170674e11d120a5:0xdb34a6b586005797!8m2!3d12.2390478!4d109.1920757!16s%2Fg%2F11j0w944_z!19sChIJpSDREU5ncDERl1cAhrWmNNs?authuser=0&hl=en&rclk=1,https://www.facebook.com/nhahangthaituktuknhatrang/
"47 Đống Đa, Tân Tiến, Nha Trang, Khánh Hòa 650000 ",12.2401642,109.1910975,man restaurant,0912 009 009 ,200000.0,"200,000",4.8,Restaurant,https://www.google.com/maps/place/man+restaurant/data=!4m7!3m6!1s0x3170670ba892b939:0x720af7f3f501d4a!8m2!3d12.2401642!4d109.1910975!16s%2Fg%2F11l5cf3zyb!19sChIJObmSqAtncDERSh1QP3-vIAc?authuser=0&hl=en&rclk=1,
"33 Tô Hiến Thành, Tân Tiến, Nha Trang, Khánh Hòa 57100 ",12.2402356,109.1923563,Hanami japanese restaurant,0386 166 686 ,null,,4.6,Restaurant,https://www.google.com/maps/place/Hanami+japanese+restaurant/data=!4m7!3m6!1s0x31706732804b311f:0xe5e07d83976ca92!8m2!3d12.2402356!4d109.1923563!16s%2Fg%2F11p5n7yhd_!19sChIJHzFLgDJncDERksp2OdgHXg4?authuser=0&hl=en&rclk=1,
"105 Nguyễn Thiện Thuật, Lộc Thọ, Nha Trang, Khánh Hòa 650000 ",12.2380861,109.1937331,Taco Tim's,0935 773 856 ,200000.0,"200,000",4.4,Restaurant,https://www.google.com/maps/place/Taco+Tim%27s/data=!4m7!3m6!1s0x317067b3d720fac3:0x3e857aa92dcf07ba!8m2!3d12.2380861!4d109.1937331!16s%2Fg%2F11t4_dglrj!19sChIJw_og17NncDERugfPLal6hT4?authuser=0&hl=en&rclk=1,
"61 Đặng Tất, Vĩnh Phước, Nha Trang, Khánh Hòa 650000 ",12.2762557,109.1992034,I Like Buffet Restaurant,0886 838 000 ,300000.0,"300,000",4.9,Restaurant,https://www.google.com/maps/place/I+Like+Buffet+Restaurant/data=!4m7!3m6!1s0x3170676263f002fd:0xaf69315a64629364!8m2!3d12.2762557!4d109.1992034!16s%2Fg%2F11fm3cx9_l!19sChIJ_QLwY2JncDERZJNiZFoxaa8?authuser=0&hl=en&rclk=1,https://ilikebuffet.com/
"58 Phạm Văn Đồng, Phường Bắc, Nha Trang, Khánh Hòa 650000 ",12.2875426,109.2050976,SEASHELL CAFE & RESTAURANT NHA TRANG,0905 354 188 ,null,,4.3,Coffee Shop,https://www.google.com/maps/place/SEASHELL+CAFE+%26+RESTAURANT+NHA+TRANG/data=!4m7!3m6!1s0x317067e71ff9dd7f:0xbfca4196869027b6!8m2!3d12.2875426!4d109.2050976!16s%2Fg%2F11t6zhpg89!19sChIJf935H-dncDERtieQhpZByr8?authuser=0&hl=en&rclk=1,https://www.facebook.com/nhahangBistro.SeashellNhaTrang
"16-17 Ng. Lê Minh Hải, Phước Hoà, Nha Trang, Khánh Hòa ",12.2348871,109.1850142,Nhà Hàng Hoàng Gia (Hoang Gia Restaurant),0858 798 757 ,null,,4.9,Restaurant,https://www.google.com/maps/place/Nh%C3%A0+H%C3%A0ng+Ho%C3%A0ng+Gia+%28Hoang+Gia+Restaurant%29/data=!4m7!3m6!1s0x31705d8e4515d23b:0xe5250e0852245236!8m2!3d12.2348871!4d109.1850142!16s%2Fg%2F11lcj3t5pb!19sChIJO9IVRY5dcDERNlIkUggOJeU?authuser=0&hl=en&rclk=1,https://hoanggiarestaurant.vn/?utm_source=GMBphuochai&utm_medium=organic
"39 Đ. Phạm Ngọc Thạch, Vĩnh Hải, Nha Trang, Khánh Hòa 650000 ",12.2807814,109.2004504,indy’s kitchen,,300000.0,"300,000",4.7,Restaurant,https://www.google.com/maps/place/indy%E2%80%99s+kitchen/data=!4m7!3m6!1s0x317067ddd7a06669:0x97f065447d6c2475!8m2!3d12.2807814!4d109.2004504!16s%2Fg%2F11hdj73n5b!19sChIJaWag191ncDERdSRsfURl8Jc?authuser=0&hl=en&rclk=1,http://pf.kakao.com/_bfrUn
"174A, Ngô Gia Tự, Nha Trang, Khánh Hòa 57124 ",12.2408451,109.1878249,I'm Steak Restaurant,0914 991 649 ,200000.0,"200,000",4.4,Tea Shop,https://www.google.com/maps/place/I%27m+Steak+Restaurant/data=!4m7!3m6!1s0x31705d7aff54c6ff:0x406d9bcfaf9fdac6!8m2!3d12.2408451!4d109.1878249!16s%2Fg%2F11l06g_jfj!19sChIJ_8ZU_3pdcDERxtqfr8-bbUA?authuser=0&hl=en&rclk=1,https://www.facebook.com/imsteaknhatrang/
"304 Đ. 2/4, Vĩnh Phước, Nha Trang, Khánh Hòa 650000 ",12.2641539,109.1923364,Champa Garden Restaurant,0915 628 177 ,null,,4.4,Restaurant,https://www.google.com/maps/place/Champa+Garden+Restaurant/data=!4m7!3m6!1s0x317067f9324d9175:0xf1ad93ab01b81c4f!8m2!3d12.2641539!4d109.1923364!16s%2Fg%2F11j00sq9zt!19sChIJdZFNMvlncDERTxy4AauTrfE?authuser=0&hl=en&rclk=1,http://www.champaislandresort.vn/
"10/4 Nguyễn Thiện Thuật, Tân Tiến, Nha Trang, Khánh Hòa 650000 ",12.2410999,109.1930391,Kerala Palace Authentic Indian Restaurant,0702 070 005 ,null,,4.9,Restaurant,https://www.google.com/maps/place/Kerala+Palace+Authentic+Indian+Restaurant/data=!4m7!3m6!1s0x3170670062cf5cab:0xd2da414c2bdc048!8m2!3d12.2410999!4d109.1930391!16s%2Fg%2F11w3d0cpv5!19sChIJq1zPYgBncDERSMC9whSkLQ0?authuser=0&hl=en&rclk=1,https://keralapalacevn.com/
"144 Nguyễn Thiện Thuật, Lộc Thọ, Nha Trang, Khánh Hòa 650000 ",12.2327423,109.1950437,V87 Restaurant & Craft Beer,0823 929 841 ,200000.0,"200,000",4.4,Restaurant,https://www.google.com/maps/place/V87+Restaurant+%26+Craft+Beer/data=!4m7!3m6!1s0x31706739601f2c21:0xd9d71bf23f5f150b!8m2!3d12.2327423!4d109.1950437!16s%2Fg%2F11rz4rgrwg!19sChIJISwfYDlncDERCxVfP_Ib19k?authuser=0&hl=en&rclk=1,
"53/7 Nguyễn Thiện Thuật, Lộc Thọ, Nha Trang, Khánh Hòa 650000 ",12.2395719,109.1936401,Pinsa De Roma Italian Restaurant,0343 888 845 ,300000.0,"300,000",4.9,Restaurant,https://www.google.com/maps/place/Pinsa+De+Roma+Italian+Restaurant/data=!4m7!3m6!1s0x3170670019b0df19:0xdb94b236f97ff781!8m2!3d12.2395719!4d109.1936401!16s%2Fg%2F11m5gws67w!19sChIJGd-wGQBncDERgfd_-TaylNs?authuser=0&hl=en&rclk=1,http://www.pinsaderoma.vn/
"Nguyên Thiện Thuật ( số mới, 34C Nguyễn Thiện Thuật, Tân Tiến, Nha Trang, Khánh Hòa 650000 ",12.2361588,109.1941041,NHA TRANG KOREAN NAMI RESTAURANT,0815 540 478 ,null,,4.8,Restaurant,https://www.google.com/maps/place/NHA+TRANG+KOREAN+NAMI+RESTAURANT/data=!4m7!3m6!1s0x317113c7b359e001:0x7ae371345b2e091c!8m2!3d12.2361588!4d109.1941041!16s%2Fg%2F11tfdfn2kw!19sChIJAeBZs8cTcTERHAkuWzRx43o?authuser=0&hl=en&rclk=1,https://www.facebook.com/namirestaurant/
"5a Đ. Ngô Thời Nhiệm, Tân Tiến, Nha Trang, Khánh Hòa 650000 ",12.2391201,109.1908181,LIVIN - Nha Trang,0918 638 349 ,null,,4.6,Restaurant,https://www.google.com/maps/place/LIVIN+-+Nha+Trang/data=!4m7!3m6!1s0x3170677c2dd5eb51:0x9e9b8620219644fb!8m2!3d12.2391201!4d109.1908181!16s%2Fg%2F11b7hr8m6p!19sChIJUevVLXxncDER-0SWISCGm54?authuser=0&hl=en&rclk=1,http://livinbbq.com/
"32-34 Trần Phú, Lộc Thọ, Nha Trang, Khánh Hòa 650000 ",12.2444151,109.1962045,RuNam Nha Trang,0258 3523 186 ,null,,4.2,Restaurant,https://www.google.com/maps/place/RuNam+Nha+Trang/data=!4m7!3m6!1s0x31706778125e7835:0x6676cffcf942be1d!8m2!3d12.2444151!4d109.1962045!16s%2Fg%2F11s230n_sq!19sChIJNXheEnhncDERHb5C-fzPdmY?authuser=0&hl=en&rclk=1,https://caferunam.com/
"Đường Cù Huân/33 Tháp Bà, Vĩnh Thọ, Nha Trang, Khánh Hòa 650000 ",12.264517,109.1968811,Hải sản Địa Phương Vien Ho - Local seafood restaurant,0913 792 692 ,null,,4.6,Restaurant,https://www.google.com/maps/place/H%E1%BA%A3i+s%E1%BA%A3n+%C4%90%E1%BB%8Ba+Ph%C6%B0%C6%A1ng+Vien+Ho+-+Local+seafood+restaurant/data=!4m7!3m6!1s0x317067e583922f33:0xb9d7ed019ceb8d20!8m2!3d12.264517!4d109.1968811!16s%2Fg%2F11sb4qhy6v!19sChIJMy-Sg-VncDERII3rnAHt17k?authuser=0&hl=en&rclk=1,
"146 Hùng Vương, Lộc Thọ, Nha Trang, Khánh Hòa 650000 ",12.2349599,109.1956253,OASIS,,null,,4.7,Restaurant,https://www.google.com/maps/place/OASIS/data=!4m7!3m6!1s0x317067f96a379daf:0x7425d86ec8485e7c!8m2!3d12.2349599!4d109.1956253!16s%2Fg%2F11x2wllzfp!19sChIJr503avlncDERfF5IyG7YJXQ?authuser=0&hl=en&rclk=1,
"186 Hùng Vương, Lộc Thọ, Nha Trang, Khánh Hòa 650000 ",12.2337682,109.1958988,Ganesh Indian Restaurant,0258 3526 776 ,200000.0,"200,000",4.3,Restaurant,https://www.google.com/maps/place/Ganesh+Indian+Restaurant/data=!4m7!3m6!1s0x31706764a31cfd35:0x669e433b7e1083f7!8m2!3d12.2337682!4d109.1958988!16s%2Fg%2F12llgyjz5!19sChIJNf0co2RncDER94MQfjtDnmY?authuser=0&hl=en&rclk=1,https://ganesh.vn/ganesh-nha-trang.html
"Potique Hotel Nha Trang, 22 Hùng Vương, Lộc Thọ, Nha Trang, Khánh Hòa 57000 ",12.2410297,109.1946712,Nha Trang Restaurant,0258 3556 999 ,null,,4.8,Restaurant,https://www.google.com/maps/place/Nha+Trang+Restaurant/data=!4m7!3m6!1s0x3170678a5cbbc1f5:0xbd21ab9b36576b0b!8m2!3d12.2410297!4d109.1946712!16s%2Fg%2F11svc9xsc7!19sChIJ9cG7XIpncDERC2tXNpurIb0?authuser=0&hl=en&rclk=1,https://potiquehotel.com/the-restaurant#secCafe
"72 Nguyễn Thị Minh Khai, Tân Tiến, Nha Trang, Khánh Hòa 650000 ",12.2375808,109.1895396,MITAMI Japanese Restaurant,,null,,4.6,Restaurant,https://www.google.com/maps/place/MITAMI+Japanese+Restaurant/data=!4m7!3m6!1s0x3170677d13597e9f:0xaebc7396565850b0!8m2!3d12.2375808!4d109.1895396!16s%2Fg%2F11fyzdlym5!19sChIJn35ZE31ncDERsFBYVpZzvK4?authuser=0&hl=en&rclk=1,https://www.facebook.com/mitaminhatrang/
"120/25-26 Nguyễn Thiện Thuật, Tân Tiến, Nha Trang, Khánh Hòa 650000 ",12.2329439,109.1939383,Cafe Culture,0778 908 606 ,300000.0,"300,000",4.8,Coffee Shop,https://www.google.com/maps/place/Cafe+Culture/data=!4m7!3m6!1s0x3170680a208b49db:0xe706ca8d31016a4f!8m2!3d12.2329439!4d109.1939383!16s%2Fg%2F11hbtrz1nv!19sChIJ20mLIApocDERT2oBMY3KBuc?authuser=0&hl=en&rclk=1,
"176/3 Hùng Vương, Phường, Nha Trang, Khánh Hòa 650000 ",12.2341925,109.1956521,La Villa Art hotel & restaurant,0935 746 190 ,null,,4.1,Restaurant,https://www.google.com/maps/place/La+Villa+Art+hotel+%26+restaurant/data=!4m7!3m6!1s0x3170673bb33ef00f:0x80f115a195b4cd9c!8m2!3d12.2341925!4d109.1956521!16s%2Fg%2F11kk1261ll!19sChIJD_A-sztncDERnM20laEV8YA?authuser=0&hl=en&rclk=1,https://lavillant.com/
"97 Nguyễn Thị Minh Khai, Phước Hoà, Nha Trang, Khánh Hòa 650000 ",12.2374579,109.189907,Ngoc Trai Seafood Restaurant - Since 2004,0977 061 694 ,null,,4.8,Restaurant,https://www.google.com/maps/place/Ngoc+Trai+Seafood+Restaurant+-+Since+2004/data=!4m7!3m6!1s0x3170677d02796e97:0x20f4804a488175d0!8m2!3d12.2374579!4d109.189907!16s%2Fg%2F1tjyl65r!19sChIJl255An1ncDER0HWBSEqA9CA?authuser=0&hl=en&rclk=1,https://ngoctrairestaurant.vn/
"100/15 Hùng Vương, Lộc Thọ, Nha Trang, Khánh Hòa 650000 ",12.237095,109.1948778,Haus Bremen,,300000.0,"300,000",4.5,Restaurant,https://www.google.com/maps/place/Haus+Bremen/data=!4m7!3m6!1s0x3170677b6ecebf47:0xaadf049b98313212!8m2!3d12.237095!4d109.1948778!16s%2Fg%2F11c1x2slxk!19sChIJR7_ObntncDEREjIxmJsE36o?authuser=0&hl=en&rclk=1,
"74-76 Đống Đa, Tân Tiến, Nha Trang, Khánh Hòa 650000 ",12.2391078,109.1920453,Nhà Hàng Chay Bụt Việt - Nha Trang,0825 994 299 ,200000.0,"200,000",4.8,Vegetarian,https://www.google.com/maps/place/Nh%C3%A0+H%C3%A0ng+Chay+B%E1%BB%A5t+Vi%E1%BB%87t+-+Nha+Trang/data=!4m7!3m6!1s0x317067769647cdfd:0xf03dc91fdd5a75cc!8m2!3d12.2391078!4d109.1920453!16s%2Fg%2F11s5hln2vg!19sChIJ_c1HlnZncDERzHVa3R_JPfA?authuser=0&hl=en&rclk=1,https://www.facebook.com/butvietrestaurant
"32C Trần Phú, Lộc Thọ, Nha Trang, Khánh Hòa 650000 ",12.2449219,109.1959065,Costa Seafood Nha Trang,0782 519 191 ,null,,4.1,Restaurant,https://www.google.com/maps/place/Costa+Seafood+Nha+Trang/data=!4m7!3m6!1s0x31706778f1efa595:0x85af330d172f530a!8m2!3d12.2449219!4d109.1959065!16s%2Fg%2F11b6qgqhz0!19sChIJlaXv8XhncDERClMvFw0zr4U?authuser=0&hl=en&rclk=1,http://www.costaseafood.com.vn/vn
"44 Trần Phú, Lộc Thọ, Nha Trang, Khánh Hòa 650000 ",12.2407513,109.1950894,Korean BBQ Restaurant,,null,,4.7,Restaurant,https://www.google.com/maps/place/Korean+BBQ+Restaurant/data=!4m7!3m6!1s0x317067ddca4207ed:0x50def48d2bc7c7fc!8m2!3d12.2407513!4d109.1950894!16s%2Fg%2F11kjppg716!19sChIJ7QdCyt1ncDER_MfHK4303lA?authuser=0&hl=en&rclk=1,
"Sheraton Hotel, 28 Trần Phú, Lộc Thọ, Nha Trang, Khánh Hòa 57000 ",12.2462509,109.1961947,Pizza 4P's Sheraton Nha Trang,1900 6043 ,null,,4.9,Restaurant,https://www.google.com/maps/place/Pizza+4P%27s+Sheraton+Nha+Trang/data=!4m7!3m6!1s0x3170671ee8e8e5e5:0xf482903fd33692ad!8m2!3d12.2462509!4d109.1961947!16s%2Fg%2F11h5n8z2fn!19sChIJ5eXo6B5ncDERrZI20z-QgvQ?authuser=0&hl=en&rclk=1,http://pizza4ps.com/
"107 Hùng Vương, Lộc Thọ, Nha Trang, Khánh Hòa 650000 ",12.2340063,109.1960408,Same Same But Different Restaurant,0869 387 317 ,200000.0,"200,000",4.5,Restaurant,https://www.google.com/maps/place/Same+Same+But+Different+Restaurant/data=!4m7!3m6!1s0x3170672f7949ac5d:0x34620613164530b8!8m2!3d12.2340063!4d109.1960408!16s%2Fg%2F11f7pv14nw!19sChIJXaxJeS9ncDERuDBFFhMGYjQ?authuser=0&hl=en&rclk=1,
"58B Đ. Lê Đại Hành, Tân Tiến, Nha Trang, Khánh Hòa 650000 ",12.2386533,109.1899787,Johnny Steak House 4 (Pizza & Texas Smoke Barbecue),0386 848 396 ,200000.0,"200,000",4.8,Bar/Pub,https://www.google.com/maps/place/Johnny+Steak+House+4+%28Pizza+%26+Texas+Smoke+Barbecue%29/data=!4m7!3m6!1s0x317067b5af996a65:0x7b94fd52c7d07110!8m2!3d12.2386533!4d109.1899787!16s%2Fg%2F11w98y2k32!19sChIJZWqZr7VncDEREHHQx1L9lHs?authuser=0&hl=en&rclk=1,http://johnnyitaly.vn/
"55A Đ. Trịnh Phong, Tân Tiến, Nha Trang, Khánh Hòa 650000 ",12.239613,109.1900234,Au Lac Restaurant Nha Trang,0963 107 557 ,200000.0,"200,000",4.9,Restaurant,https://www.google.com/maps/place/Au+Lac+Restaurant+Nha+Trang/data=!4m7!3m6!1s0x317067f9b87c1a33:0x3bffc5ec22880c8a!8m2!3d12.239613!4d109.1900234!16s%2Fg%2F11xkl25zb4!19sChIJMxp8uPlncDERigyIIuzF_zs?authuser=0&hl=en&rclk=1,
"Nguyễn Thiện Thuật, Tân Tiến, Nha Trang, Khánh Hòa 650000 ",12.2416259,109.1929838,Kebab point Turkish Cuisine halal food restaurants,0773 932 777 ,300000.0,"300,000",4.9,Restaurant,https://www.google.com/maps/place/Kebab+point+Turkish+Cuisine+halal+food+restaurants/data=!4m7!3m6!1s0x3170670060b00519:0x9c18897e1ee6f553!8m2!3d12.2416259!4d109.1929838!16s%2Fg%2F11m60crjlk!19sChIJGQWwYABncDERU_XmHn6JGJw?authuser=0&hl=en&rclk=1,http://kebabpoint.store/
"65MW+F69, Lộc Thọ, Nha Trang, Khánh Hòa 650000 ",12.2336605,109.1956039,Bogosov Burgers and Steaks,0905 806 905 ,null,,4.4,Tea Shop,https://www.google.com/maps/place/Bogosov+Burgers+and+Steaks/data=!4m7!3m6!1s0x3170670026c38275:0xd3baf73978ab1f9b!8m2!3d12.2336605!4d109.1956039!16s%2Fg%2F11y6f2w4d8!19sChIJdYLDJgBncDERmx-reDn3utM?authuser=0&hl=en&rclk=1,
"29 Đ. Phan Chu Trinh, Vạn Thạnh, Nha Trang, Khánh Hòa 650000 ",12.2514012,109.1925176,Oceania Restaurant,,null,,4.6,Restaurant,https://www.google.com/maps/place/Oceania+Restaurant/data=!4m7!3m6!1s0x3170673f962a52eb:0xfb7ff0a53fa4875!8m2!3d12.2514012!4d109.1925176!16s%2Fg%2F11hzd19shy!19sChIJ61Iqlj9ncDERdUj6Uwr_tw8?authuser=0&hl=en&rclk=1,http://dquahotel.com/
"176/3 Hùng Vương, Lộc Thọ, Nha Trang, Khánh Hòa 650000 ",12.2341925,109.1956521,La Mancha,,400000.0,"400,000",4.0,Restaurant,https://www.google.com/maps/place/La+Mancha/data=!4m7!3m6!1s0x3170677b4cba4c9f:0xccf1c93b5ba1a7aa!8m2!3d12.2341925!4d109.1956521!16s%2Fg%2F113f16jl2!19sChIJn0y6THtncDERqqehWzvJ8cw?authuser=0&hl=en&rclk=1,https://www.facebook.com/lamanchavietnam/
"Lộc Thọ, Nha Trang, Khánh Hòa 650000 ",12.2387911,109.1967488,Flavours vietnamese restaurant,,null,,4.0,Restaurant,https://www.google.com/maps/place/Flavours+vietnamese+restaurant/data=!4m7!3m6!1s0x3170677bb2ff2897:0xde503aaffc7987ae!8m2!3d12.2387911!4d109.1967488!16s%2Fg%2F11cn9nc2kn!19sChIJlyj_sntncDERrod5_K86UN4?authuser=0&hl=en&rclk=1,
"1 Đ. Bắc Sơn, Vĩnh Hải, Nha Trang, Khánh Hòa 650000 ",12.2784666,109.2016113,OhSushi Bar Nha Trang Japanese restaurant,0908 822 117 ,null,,4.3,Bar/Pub,https://www.google.com/maps/place/OhSushi+Bar+Nha+Trang+Japanese+restaurant/data=!4m7!3m6!1s0x3170677b7306cd71:0x25b5660bbc032517!8m2!3d12.2784666!4d109.2016113!16s%2Fg%2F1tfg54dp!19sChIJcc0Gc3tncDERFyUDvAtmtSU?authuser=0&hl=en&rclk=1,
"80 Trần Phú, Lộc Thọ, Nha Trang, Khánh Hòa 650000 ",12.2332997,109.1971157,Hotpot Story Vincom Trần Phú Nha Trang Restaurant,0258 7301 239 ,null,,4.9,Restaurant,https://www.google.com/maps/place/Hotpot+Story+Vincom+Tr%E1%BA%A7n+Ph%C3%BA+Nha+Trang+Restaurant/data=!4m7!3m6!1s0x3170673900f9fe45:0x4e87034053e1cba2!8m2!3d12.2332997!4d109.1971157!16s%2Fg%2F11f9j8j02x!19sChIJRf75ADlncDERosvhU0ADh04?authuser=0&hl=en&rclk=1,http://hotpotstory.vn/
"176/3 Hùng Vương, Lộc Thọ, Nha Trang, Khánh Hòa 650000 ",12.2341925,109.1956521,La Villa Boutique Hotel,0935 746 190 ,null,,4.4,Restaurant,https://www.google.com/maps/place/La+Villa+Boutique+Hotel/data=!4m7!3m6!1s0x31706764c6b33b3d:0x6d6be5d23500cbf3!8m2!3d12.2341925!4d109.1956521!16s%2Fg%2F11g6nz5kst!19sChIJPTuzxmRncDER88sANdLla20?authuser=0&hl=en&rclk=1,https://lavillant.com/
"50 Trần Phú, Lộc Thọ, Nha Trang, Khánh Hòa 652076 ",12.2378,109.1965472,The Square,0258 6256 936 ,null,,4.5,Restaurant,https://www.google.com/maps/place/The+Square/data=!4m7!3m6!1s0x3170677b049d4689:0xeb6a2b3235665c64!8m2!3d12.2378!4d109.1965472!16s%2Fg%2F1hc7qn0bl!19sChIJiUadBHtncDERZFxmNTIraus?authuser=0&hl=en&rclk=1,https://www.novotelnhatrang.com/
"Boton Blue Hotel & Spa, Phạm Văn Đồng, Street, Nha Trang, Khánh Hòa 650000 ",12.2847466,109.2038963,Guangdong Restaurant (Nhà hàng Quảng Đông),0848 811 311 ,300000.0,"300,000",4.7,Restaurant,https://www.google.com/maps/place/Guangdong+Restaurant+%28Nh%C3%A0+h%C3%A0ng+Qu%E1%BA%A3ng+%C4%90%C3%B4ng%29/data=!4m7!3m6!1s0x317067abf91c6ff9:0xc7004629210dcb7d!8m2!3d12.2847466!4d109.2038963!16s%2Fg%2F11h12rvv6h!19sChIJ-W8c-atncDERfcsNISlGAMc?authuser=0&hl=en&rclk=1,https://botonblue.com/vi/nha-hang-guangdong.html
"02 Trần Quang Khải, Lộc Thọ, Nha Trang, Khánh Hòa 650000 ",12.2336462,109.196974,Sunshine Bar Rooftop,0898 489 877 ,null,,4.5,Bar/Pub,https://www.google.com/maps/place/Sunshine+Bar+Rooftop/data=!4m7!3m6!1s0x3170678c797067cb:0x72931dc9bb0f240e!8m2!3d12.2336462!4d109.196974!16s%2Fg%2F11clztpqvn!19sChIJy2dweYxncDERDiQPu8kdk3I?authuser=0&hl=en&rclk=1,
"117 Nguyễn Thị Minh Khai, Phước Hoà, Nha Trang, Khánh Hòa 65000 ",12.2368419,109.1886195,VƯỜN CAU RESTAURANT,0935 778 677 ,null,,4.1,Restaurant,https://www.google.com/maps/place/V%C6%AF%E1%BB%9CN+CAU+RESTAURANT/data=!4m7!3m6!1s0x31705dac5c057fcd:0xbac0b296016f71cb!8m2!3d12.2368419!4d109.1886195!16s%2Fg%2F11qlbb2hfd!19sChIJzX8FXKxdcDERy3FvAZaywLo?authuser=0&hl=en&rclk=1,https://www.facebook.com/Restaurantvuoncau
"4 Dien Bien Phu Street, Vinh Hoa Ward, Nha Trang City, Khanh Hoa Province, Vĩnh Hải, Nha Trang, Khánh Hòa ",12.2869308,109.1908197,Pho Restaurant,0258 3551 992 ,null,,4.4,Restaurant,https://www.google.com/maps/place/Pho+Restaurant/data=!4m7!3m6!1s0x317067ffac0cabe3:0x89b66e10cc003ce5!8m2!3d12.2869308!4d109.1908197!16s%2Fg%2F1hc1zh22_!19sChIJ46sMrP9ncDER5TwAzBButok?authuser=0&hl=en&rclk=1,
"38 Nguyễn Khắc Viện (núi Cô Tiên, Nha Trang, Khánh Hòa 57111 ",12.291901,109.2024683,Garden Hills Restaurant - Nha Trang,0903 553 171 ,300000.0,"300,000",4.7,Restaurant,https://www.google.com/maps/place/Garden+Hills+Restaurant+-+Nha+Trang/data=!4m7!3m6!1s0x317069da505b5f89:0x7f1c8c75694b1a1a!8m2!3d12.291901!4d109.2024683!16s%2Fg%2F11pzf4gpqh!19sChIJiV9bUNppcDERGhpLaXWMHH8?authuser=0&hl=en&rclk=1,https://www.facebook.com/Garden-Hills-Restaurant-Nha-Trang-107541691859926
"Havana Nha Trang Hotel, 38 Trần Phú, Lộc Thọ, Nha Trang, Khánh Hòa 650000 ",12.2435664,109.1958365,Iced Coffee Simply Original,0258 6262 666 ,100000.0,"100,000",4.3,Coffee Shop,https://www.google.com/maps/place/Iced+Coffee+Simply+Original/data=!4m7!3m6!1s0x3170677b627451fb:0xff69840985579140!8m2!3d12.2435664!4d109.1958365!16s%2Fg%2F11b6sz9v8z!19sChIJ-1F0YntncDERQJFXhQmEaf8?authuser=0&hl=en&rclk=1,https://icedcoffee.vn/
"56 Đống Đa, phường Tân Tiến, Nha Trang, Khánh Hòa 650000 ",12.2400771,109.1909699,Phòng trà nha trang - Cafe Hòn Kiến Nha Trang,0919 344 849 ,null,,4.7,Coffee Shop,https://www.google.com/maps/place/Ph%C3%B2ng+tr%C3%A0+nha+trang+-+Cafe+H%C3%B2n+Ki%E1%BA%BFn+Nha+Trang/data=!4m7!3m6!1s0x3170677c34bff44b:0x30be7834ad07f68e!8m2!3d12.2400771!4d109.1909699!16s%2Fg%2F11b6p6lmtg!19sChIJS_S_NHxncDERjvYHrTR4vjA?authuser=0&hl=en&rclk=1,https://www.facebook.com/CafeHonKien.NhaTrang
"40 Đ. Lê Đại Hành, Tân Tiến, Nha Trang, Khánh Hòa 650000 ",12.2402976,109.1880506,AN Cafe,0258 3510 588 ,100000.0,"100,000",4.2,Coffee Shop,https://www.google.com/maps/place/AN+Cafe/data=!4m7!3m6!1s0x3170677df665459d:0x6b63041404bb98d5!8m2!3d12.2402976!4d109.1880506!16s%2Fg%2F1s049wkrt!19sChIJnUVl9n1ncDER1Zi7BBQEY2s?authuser=0&hl=en&rclk=1,https://www.facebook.com/ancafenhatrang/
"85 Đoàn Trần Nghiệp, Vĩnh Phước, Nha Trang, Khánh Hòa 57000 ",12.2710533,109.1994027,Nora Coffee,0798 811 779 ,100000.0,"100,000",4.6,Coffee Shop,https://www.google.com/maps/place/Nora+Coffee/data=!4m7!3m6!1s0x317067edbf9316bb:0xf005305740aa7802!8m2!3d12.2710533!4d109.1994027!16s%2Fg%2F11g6lz5r50!19sChIJuxaTv-1ncDERAniqQFcwBfA?authuser=0&hl=en&rclk=1,
"21 Nguyễn Thiện Thuật, Tân Tiến, Nha Trang, Khánh Hòa 650000 ",12.2384045,109.1937241,CAFE DEP,0965 902 136 ,100000.0,"100,000",4.9,Coffee Shop,https://www.google.com/maps/place/CAFE+DEP/data=!4m7!3m6!1s0x317067000f5d8ccf:0xf742bac5cee7239f!8m2!3d12.2384045!4d109.1937241!16s%2Fg%2F11ltl36zz9!19sChIJz4xdDwBncDERnyPnzsW6Qvc?authuser=0&hl=en&rclk=1,https://www.facebook.com/cafedepnhatrang
"Sân ThượngTầng 9, 1 Nguyễn Thị Minh Khai, Lộc Thọ, Nha Trang, Khánh Hòa 650000 ",12.2385296,109.1959798,Chốn Bình Yên Coffee - Nha Trang,0909 625 003 ,100000.0,"100,000",4.6,Coffee Shop,https://www.google.com/maps/place/Ch%E1%BB%91n+B%C3%ACnh+Y%C3%AAn+Coffee+-+Nha+Trang/data=!4m7!3m6!1s0x317067f15d9d233f:0x30e9a37194c7e6b5!8m2!3d12.2385296!4d109.1959798!16s%2Fg%2F11whdfhwxg!19sChIJPyOdXfFncDERtebHlHGj6TA?authuser=0&hl=en&rclk=1,https://www.facebook.com/chonbinhyencoffee
"6A1 Đ. Ngô Thời Nhiệm, Tân Tiến, Nha Trang, Khánh Hòa 650000 ",12.2401022,109.1913835,LAM Coffee Roastery,0905 344 396 ,100000.0,"100,000",4.7,Coffee Shop,https://www.google.com/maps/place/LAM+Coffee+Roastery/data=!4m7!3m6!1s0x31706784b4066269:0x6008f09c81cb7eee!8m2!3d12.2401022!4d109.1913835!16s%2Fg%2F11jcllg55m!19sChIJaWIGtIRncDER7n7LgZzwCGA?authuser=0&hl=en&rclk=1,https://www.facebook.com/6a1NgoThoiNhiem0905344396/
"58 Đinh Tiên Hoàng, Lộc Thọ, Nha Trang, Khánh Hòa 650000 ",12.2459686,109.1921972,Coffee Bike Nha Trang,0355 779 009 ,100000.0,"100,000",4.9,Coffee Shop,https://www.google.com/maps/place/Coffee+Bike+Nha+Trang/data=!4m7!3m6!1s0x3170677bcffb018d:0x2556a0413bedeb96!8m2!3d12.2459686!4d109.1921972!16s%2Fg%2F11mx7r07k2!19sChIJjQH7z3tncDERluvtO0GgViU?authuser=0&hl=en&rclk=1,
"31 Nguyễn Hữu Huân, Tân Tiến, Nha Trang, Khánh Hòa 650000 ",12.2401569,109.1867309,Ola Cafe,0931 119 389 ,100000.0,"100,000",4.7,Coffee Shop,https://www.google.com/maps/place/Ola+Cafe/data=!4m7!3m6!1s0x31705df38e04ee69:0xf8e3d3ccb64fe8e3!8m2!3d12.2401569!4d109.1867309!16s%2Fg%2F11t2lxrp9f!19sChIJae4EjvNdcDER4-hPtszT4_g?authuser=0&hl=en&rclk=1,
"100 Hùng Vương, Lộc Thọ, Nha Trang, Khánh Hòa 650000 ",12.2372235,109.1952031,Moka Cafe,0258 3526 589 ,100000.0,"100,000",4.5,Coffee Shop,https://www.google.com/maps/place/Moka+Cafe/data=!4m7!3m6!1s0x3170677b746ddc01:0x15ad0e7b1e2c1cd6!8m2!3d12.2372235!4d109.1952031!16s%2Fg%2F1hc74n4lh!19sChIJAdxtdHtncDER1hwsHnsOrRU?authuser=0&hl=en&rclk=1,https://www.facebook.com/profile.php?id=100063014991882
"10/1B Nguyễn Thiện Thuật, Lộc Thọ, Nha Trang, Khánh Hòa 650000 ",12.2411051,109.1932393,Alpaca homestyle cafe,0367 282 982 ,200000.0,"200,000",4.8,Coffee Shop,https://www.google.com/maps/place/Alpaca+homestyle+cafe/data=!4m7!3m6!1s0x3170677b90990705:0x2b1370f651e3730c!8m2!3d12.2411051!4d109.1932393!16s%2Fg%2F11bw4h5v9b!19sChIJBQeZkHtncDERDHPjUfZwEys?authuser=0&hl=en&rclk=1,https://www.facebook.com/alpacanhatrang
"6 Phạm Văn Đồng, Vĩnh Phước, Nha Trang, Khánh Hòa 650000 ",12.2727516,109.2030761,Cà phê Hòn Chồng View,,100000.0,"100,000",4.1,Coffee Shop,https://www.google.com/maps/place/C%C3%A0+ph%C3%AA+H%C3%B2n+Ch%E1%BB%93ng+View/data=!4m7!3m6!1s0x31706743b36f7ee7:0x83a469e5da386c4c!8m2!3d12.2727516!4d109.2030761!16s%2Fg%2F11fq8bgnxt!19sChIJ535vs0NncDERTGw42uVppIM?authuser=0&hl=en&rclk=1,
"140 Đ. Hoàng Hoa Thám, Lộc Thọ, Nha Trang, Khánh Hòa 57100 ",12.2437926,109.1937955,Anh Coffee Roasters,0563 018 139 ,100000.0,"100,000",4.9,Coffee Shop,https://www.google.com/maps/place/Anh+Coffee+Roasters/data=!4m7!3m6!1s0x31706789275f2e6f:0xb7315ec2aabf502!8m2!3d12.2437926!4d109.1937955!16s%2Fg%2F11jclg642m!19sChIJby5fJ4lncDERAvWrKuwVcws?authuser=0&hl=en&rclk=1,https://m.facebook.com/anhcoffeeroasters/
"30/17 Đoàn Trần Nghiệp, Vĩnh Phước, Nha Trang, Khánh Hòa 650000 ",12.2715081,109.2013771,Tiệm cà phê,0817 477 487 ,100000.0,"100,000",4.0,Coffee Shop,https://www.google.com/maps/place/Ti%E1%BB%87m+c%C3%A0+ph%C3%AA/data=!4m7!3m6!1s0x317067cfff3c8e6b:0x30ca78107af226e2!8m2!3d12.2715081!4d109.2013771!16s%2Fg%2F11pvr2sg94!19sChIJa448_89ncDER4ibyehB4yjA?authuser=0&hl=en&rclk=1,
"100 Đ. Võ Trứ, Tân Tiến, Nha Trang, Khánh Hòa 650000 ",12.2418957,109.1907143,Tous Les Temps Tea & Coffee,0355 710 677 ,100000.0,"100,000",4.5,Coffee Shop,https://www.google.com/maps/place/Tous+Les+Temps+Tea+%26+Coffee/data=!4m7!3m6!1s0x3170677e6318c39b:0x889b5ca0c39dd1ec!8m2!3d12.2418957!4d109.1907143!16s%2Fg%2F11hcx7qdlj!19sChIJm8MYY35ncDER7NGdw6Bcm4g?authuser=0&hl=en&rclk=1,https://www.facebook.com/Tous-Les-Temps-Tea-Coffee-294396667816484/
"8 Lê Lợi, Vạn Thạnh, Nha Trang, Khánh Hòa 650000 ",12.2536753,109.1932919,La Viet Coffee (Nha Trang - 8 Le Loi),0355 511 809 ,100000.0,"100,000",4.9,Coffee Shop,https://www.google.com/maps/place/La+Viet+Coffee+%28Nha+Trang+-+8+Le+Loi%29/data=!4m7!3m6!1s0x317067003f230bf1:0x5f4462abec3a92dc!8m2!3d12.2536753!4d109.1932919!16s%2Fg%2F11wqkhqrr6!19sChIJ8QsjPwBncDER3JI67KtiRF8?authuser=0&hl=en&rclk=1,http://www.laviet.coffee/
"15 Đ. Trần Hưng Đạo, Lộc Thọ, Nha Trang, Khánh Hòa 650000 ",12.2428249,109.194833,Gióng Cafe,0258 3901 515 ,null,,4.7,Coffee Shop,https://www.google.com/maps/place/Gi%C3%B3ng+Cafe/data=!4m7!3m6!1s0x3170677b6e8ae785:0x961bb57899faf3fd!8m2!3d12.2428249!4d109.194833!16s%2Fg%2F11trrhs53d!19sChIJheeKbntncDER_fP6mXi1G5Y?authuser=0&hl=en&rclk=1,https://www.giong.cafe/
"46/37 Hùng Vương, Lộc Thọ, Nha Trang, Khánh Hòa 650000 ",12.2394643,109.1944071,Coffee - Điểm tâm sáng Bốn Mùa 24/24,0904 434 470 ,100000.0,"100,000",4.9,Coffee Shop,https://www.google.com/maps/place/Coffee+-+%C4%90i%E1%BB%83m+t%C3%A2m+s%C3%A1ng+B%E1%BB%91n+M%C3%B9a+24%2F24/data=!4m7!3m6!1s0x3170675914636099:0xbfeace45cdd807b!8m2!3d12.2394643!4d109.1944071!16s%2Fg%2F11srk_5pz6!19sChIJmWBjFFlncDERe4DdXOSs_gs?authuser=0&hl=en&rclk=1,
"24 Đ. Nguyễn Trung Trực, Tân Tiến, Nha Trang, Khánh Hòa 650000 ",12.242476,109.1919286,AN Cafe 2,0258 3510 109 ,100000.0,"100,000",4.2,Coffee Shop,https://www.google.com/maps/place/AN+Cafe+2/data=!4m7!3m6!1s0x3170677eeb5c4dd9:0x4f92e1cd9eca3bec!8m2!3d12.242476!4d109.1919286!16s%2Fg%2F11c80b2wzx!19sChIJ2U1c635ncDER7DvKns3hkk8?authuser=0&hl=en&rclk=1,https://www.facebook.com/ancafenhatrang/
"113 Hoàng Văn Thụ, Vạn Thạnh, Nha Trang, Khánh Hòa 650000 ",12.251252,109.1898576,Bonjour Café,0258 3818 386 ,100000.0,"100,000",4.2,Coffee Shop,https://www.google.com/maps/place/Bonjour+Caf%C3%A9/data=!4m7!3m6!1s0x31706780c5dc39b3:0xa4bbd2d235a711db!8m2!3d12.251252!4d109.1898576!16s%2Fg%2F1hdz_504c!19sChIJszncxYBncDER2xGnNdLSu6Q?authuser=0&hl=en&rclk=1,https://www.facebook.com/i.bonjour.nhatrang/
"76C4+W8C Khu danh thắng, Hòn Chồng, Vĩnh Phước, Nha Trang, Khánh Hòa 650000 ",12.272312,109.2057769,Cafe view biển,,100000.0,"100,000",4.0,Coffee Shop,https://www.google.com/maps/place/Cafe+view+bi%E1%BB%83n/data=!4m7!3m6!1s0x3170671904530b47:0x668e431bb1e8d625!8m2!3d12.272312!4d109.2057769!16s%2Fg%2F11qbkpjd2_!19sChIJRwtTBBlncDERJdbosRtDjmY?authuser=0&hl=en&rclk=1,
"11 Đ. Phan Chu Trinh, Vạn Thạnh, Nha Trang, Khánh Hòa 650000 ",12.2529237,109.1939393,K cafe,0905 119 992 ,100000.0,"100,000",4.9,Coffee Shop,https://www.google.com/maps/place/K+cafe/data=!4m7!3m6!1s0x3170678f1cb38bd3:0x19cac76f63ccc97!8m2!3d12.2529237!4d109.1939393!16s%2Fg%2F11fmstfpvv!19sChIJ04uzHI9ncDERl8w89nasnAE?authuser=0&hl=en&rclk=1,http://fb.com/kcafe03
"8 Lê Quý Đôn, Tân Tiến, Nha Trang, Khánh Hòa 650000 ",12.245073,109.1897668,Jungle Coffee Nha Trang,0935 388 511 ,100000.0,"100,000",4.8,Coffee Shop,https://www.google.com/maps/place/Jungle+Coffee+Nha+Trang/data=!4m7!3m6!1s0x3170670022cef20f:0xb3a1e912f8bbc677!8m2!3d12.245073!4d109.1897668!16s%2Fg%2F11wfx0glwy!19sChIJD_LOIgBncDERd8a7-BLpobM?authuser=0&hl=en&rclk=1,
"09 Phạm Văn Đồng, Vĩnh Thọ, Nha Trang, Khánh Hòa 650000 ",12.2700568,109.2052746,Tooru Coffee,0905 822 955 ,100000.0,"100,000",4.3,Coffee Shop,https://www.google.com/maps/place/Tooru+Coffee/data=!4m7!3m6!1s0x3170679044fd21d1:0x665685739680236a!8m2!3d12.2700568!4d109.2052746!16s%2Fg%2F11qzx7z8fm!19sChIJ0SH9RJBncDERaiOAlnOFVmY?authuser=0&hl=en&rclk=1,https://www.facebook.com/TOORU-102481728552714/
"Khu danh thắng Hòn Chồng, Nha Trang, Khánh Hòa 650000 ",12.2720778,109.2057999,Coffee Baka Hòn Chồng,0363 544 182 ,100000.0,"100,000",4.0,Coffee Shop,https://www.google.com/maps/place/Coffee+Baka+H%C3%B2n+Ch%E1%BB%93ng/data=!4m7!3m6!1s0x317067ec087a1275:0x5605c3b56dd4ad5f!8m2!3d12.2720778!4d109.2057999!16s%2Fg%2F11b6xj6j85!19sChIJdRJ6COxncDERX63UbbXDBVY?authuser=0&hl=en&rclk=1,
"22 Tô Hiến Thành, Tân Tiến, Nha Trang, Khánh Hòa 57000 ",12.2400149,109.1921561,CCCP Coffee,0904 118 605 ,100000.0,"100,000",4.5,Coffee Shop,https://www.google.com/maps/place/CCCP+Coffee/data=!4m7!3m6!1s0x3170670e3b2391c7:0x2245a54fa4557a09!8m2!3d12.2400149!4d109.1921561!16s%2Fg%2F11rzsll87p!19sChIJx5EjOw5ncDERCXpVpE-lRSI?authuser=0&hl=en&rclk=1,https://www.facebook.com/CCCP.Coffee.NhaTrang/
"112 Đ. Hồng Bàng, Tân Tiến, Nha Trang, Khánh Hòa 650000 ",12.2392222,109.1909158,CCCP COFFEE HỒNG BÀNG,0904 118 605 ,100000.0,"100,000",4.6,Coffee Shop,https://www.google.com/maps/place/CCCP+COFFEE+H%E1%BB%92NG+B%C3%80NG/data=!4m7!3m6!1s0x317067de5613ff1d:0x67f073fe486205dc!8m2!3d12.2392222!4d109.1909158!16s%2Fg%2F11sc2gq39f!19sChIJHf8TVt5ncDER3AViSP5z8Gc?authuser=0&hl=en&rclk=1,https://www.facebook.com/cccp.coffee.hongbang
"17 Hát Giang, P, Nha Trang, Khánh Hòa 700000 ",12.2374642,109.1836325,I Am Cake,0258 2202 200 ,100000.0,"100,000",4.3,Bakery,https://www.google.com/maps/place/I+Am+Cake/data=!4m7!3m6!1s0x31705d9c729b7729:0xd7f2a7c77a7aeb1!8m2!3d12.2374642!4d109.1836325!16s%2Fg%2F11rdg_lzj0!19sChIJKXebcpxdcDERsa6nd3wqfw0?authuser=0&hl=en&rclk=1,https://www.facebook.com/iamcake17hatgiang/
"6b Đ. Đào Duy Từ, Vạn Thạnh, Nha Trang, Khánh Hòa 650000 ",12.2517425,109.1906985,HenZo Cafe - Specialty Coffee,0326 331 257 ,100000.0,"100,000",4.8,Coffee Shop,https://www.google.com/maps/place/HenZo+Cafe+-+Specialty+Coffee/data=!4m7!3m6!1s0x3170676b599afe69:0xf3cc540f1cd086db!8m2!3d12.2517425!4d109.1906985!16s%2Fg%2F11q3ngqcv0!19sChIJaf6aWWtncDER24bQHA9UzPM?authuser=0&hl=en&rclk=1,
"41 Đ. Trần Nguyên Hãn, Tân Tiến, Nha Trang, Khánh Hòa 650000 ",12.2411418,109.189792,FAcafe-NhaTrang Specialty,0903 557 545 ,100000.0,"100,000",4.6,Coffee Shop,https://www.google.com/maps/place/FAcafe-NhaTrang+Specialty/data=!4m7!3m6!1s0x3170677e11e6cafb:0x4a9f759bb0ac44de!8m2!3d12.2411418!4d109.189792!16s%2Fg%2F11b6t85t3s!19sChIJ-8rmEX5ncDER3kSssJt1n0o?authuser=0&hl=en&rclk=1,https://nhatrangspecialtycoffee.vn/
"Phạm Văn Đồng, Vĩnh Hải, Nha Trang, Khánh Hòa 650000 ",12.2753592,109.2019314,ULA Coffee & More,,null,,4.3,Coffee Shop,https://www.google.com/maps/place/ULA+Coffee+%26+More/data=!4m7!3m6!1s0x317067d477ba19d5:0xd1cea212d1d6b6ed!8m2!3d12.2753592!4d109.2019314!16s%2Fg%2F11jsl7vshn!19sChIJ1Rm6d9RncDER7bbW0RKiztE?authuser=0&hl=en&rclk=1,
"24 Trần Phú, Lộc Thọ, Nha Trang, Khánh Hòa 58000 ",12.2466557,109.1961762,"Phê La - Trần Phú, Nha Trang",1900 3013 ,100000.0,"100,000",4.7,Coffee Shop,"https://www.google.com/maps/place/Ph%C3%AA+La+-+Tr%C3%A2%CC%80n+Phu%CC%81,+Nha+Trang/data=!4m7!3m6!1s0x3170674333c0e287:0x567a6f309f069da8!8m2!3d12.2466557!4d109.1961762!16s%2Fg%2F11yczwm3hq!19sChIJh-LAM0NncDERqJ0GnzBvelY?authuser=0&hl=en&rclk=1",https://phela.vn/
"4B Bùi Thị Xuân, Tân Tiến, Nha Trang, Khánh Hòa 76000 ",12.2454526,109.1896844,Helixa Coffee,0908 868 606 ,100000.0,"100,000",4.9,Coffee Shop,https://www.google.com/maps/place/Helixa+Coffee/data=!4m7!3m6!1s0x317067c6113a6183:0x6a71c609694d1e9e!8m2!3d12.2454526!4d109.1896844!16s%2Fg%2F11w3f4mrch!19sChIJg2E6EcZncDERnh5NaQnGcWo?authuser=0&hl=en&rclk=1,https://www.facebook.com/helixaspecialty
"21 Đ. Lạc Thiện, Vĩnh Thọ, Nha Trang, Khánh Hòa 650000 ",12.2696285,109.1980714,Yên Cafe 24/7,0983 191 692 ,100000.0,"100,000",4.3,Coffee Shop,https://www.google.com/maps/place/Y%C3%AAn+Cafe+24%2F7/data=!4m7!3m6!1s0x31706745543e2bf5:0xd6dd175252accf32!8m2!3d12.2696285!4d109.1980714!16s%2Fg%2F11xfpngxx1!19sChIJ9Ss-VEVncDERMs-sUlIX3dY?authuser=0&hl=en&rclk=1,
"44-46 Đ. Lê Thánh Tôn, Phường, Nha Trang, Khánh Hòa 58000 ",12.2431648,109.1934914,Phê La - Vincom Plaza Nha Trang,1900 3013 ,null,,4.9,Coffee Shop,https://www.google.com/maps/place/Ph%C3%AA+La+-+Vincom+Plaza+Nha+Trang/data=!4m7!3m6!1s0x3170674aae98a63f:0x152223a65d80560c!8m2!3d12.2431648!4d109.1934914!16s%2Fg%2F11yj0gz8cq!19sChIJP6aYrkpncDERDFaAXaYjIhU?authuser=0&hl=en&rclk=1,https://phela.vn/
"9 Hùng Vương, Lộc Thọ, Nha Trang, Khánh Hòa 650000 ",12.2396432,109.195112,Mango Coffee,0906 246 246 ,100000.0,"100,000",4.5,Coffee Shop,https://www.google.com/maps/place/Mango+Coffee/data=!4m7!3m6!1s0x3170671970cd53e3:0x94d98f2674281b7!8m2!3d12.2396432!4d109.195112!16s%2Fg%2F11tjx6d4g6!19sChIJ41PNcBlncDERt4FCZ_KYTQk?authuser=0&hl=en&rclk=1,http://facebook.com/mango.coffer.79
"33 Đ. Phan Chu Trinh, Vạn Thạnh, Nha Trang, Khánh Hòa 650000 ",12.2515702,109.1920819,Cafe Misa,,100000.0,"100,000",4.0,Coffee Shop,https://www.google.com/maps/place/Cafe+Misa/data=!4m7!3m6!1s0x3170678424664c57:0x9088dba3773908ec!8m2!3d12.2515702!4d109.1920819!16s%2Fg%2F11b_06h1bn!19sChIJV0xmJIRncDER7Ag5d6PbiJA?authuser=0&hl=en&rclk=1,
"17 Đ. Xương Huân, Vạn Thạnh, Nha Trang, Khánh Hòa 650000 ",12.2556835,109.1929288,ĐẦM cà phê,0943 246 001 ,100000.0,"100,000",4.9,Coffee Shop,https://www.google.com/maps/place/%C4%90%E1%BA%A6M+c%C3%A0+ph%C3%AA/data=!4m7!3m6!1s0x31706700540bc555:0x2f684ae823323644!8m2!3d12.2556835!4d109.1929288!16s%2Fg%2F11lcydgzvy!19sChIJVcULVABncDERRDYyI-hKaC8?authuser=0&hl=en&rclk=1,
"Chung cư Nguyễn Thiện Thuật, Hẻm 7, Lộc Thọ, Nha Trang, Khánh Hòa 650000 ",12.2408623,109.1936406,týp coffee & bakery,0984 300 017 ,100000.0,"100,000",4.7,Coffee Shop,https://www.google.com/maps/place/t%C3%BDp+coffee+%26+bakery/data=!4m7!3m6!1s0x31706769ee36e3f7:0xebb616f0114377b3!8m2!3d12.2408623!4d109.1936406!16s%2Fg%2F11ryf5xz1f!19sChIJ9-M27mlncDERs3dDEfAWtus?authuser=0&hl=en&rclk=1,https://www.facebook.com/typcoffebakery/
"0963820130, 32 Đ. Lê Thánh Tôn, Tân Tiến, Nha Trang, Khánh Hòa 650000 ",12.2446073,109.1916587,Cafe Bon Mua,0963 820 130 ,100000.0,"100,000",4.5,Coffee Shop,https://www.google.com/maps/place/Cafe+Bon+Mua/data=!4m7!3m6!1s0x3170678a914e0023:0x1946a3237a1b189a!8m2!3d12.2446073!4d109.1916587!16s%2Fg%2F11h89r7v2w!19sChIJIwBOkYpncDERmhgbeiOjRhk?authuser=0&hl=en&rclk=1,
"2 Ngô Gia Tự, Tân Tiến, Nha Trang, Khánh Hòa 650000 ",12.2447757,109.1914105,DingTea Nha Trang,0931 117 718 ,100000.0,"100,000",4.0,Tea Shop,https://www.google.com/maps/place/DingTea+Nha+Trang/data=!4m7!3m6!1s0x3170677c4e07a301:0x89ee474792a58d0!8m2!3d12.2447757!4d109.1914105!16s%2Fg%2F11d_z702z1!19sChIJAaMHTnxncDER0FgqeXTkngg?authuser=0&hl=en&rclk=1,
"2 Lê Lợi, Vạn Thạnh, Nha Trang, Khánh Hòa 650000 ",12.2536091,109.1959252,Mango Coffee,,100000.0,"100,000",4.3,Coffee Shop,https://www.google.com/maps/place/Mango+Coffee/data=!4m7!3m6!1s0x317067006c3aefa9:0xbce01371d7697d8a!8m2!3d12.2536091!4d109.1959252!16s%2Fg%2F11lnb8kxtt!19sChIJqe86bABncDERin1p13ET4Lw?authuser=0&hl=en&rclk=1,
"6 Đ. Lê Đại Hành, Tân Tiến, Nha Trang, Khánh Hòa 650000 ",12.2416844,109.1864694,Galaxy coffee,,100000.0,"100,000",4.2,Coffee Shop,https://www.google.com/maps/place/Galaxy+coffee/data=!4m7!3m6!1s0x31705d6a6c6fd843:0xba7857b8a5109de7!8m2!3d12.2416844!4d109.1864694!16s%2Fg%2F11llzxk1mc!19sChIJQ9hvbGpdcDER550QpbhXeLo?authuser=0&hl=en&rclk=1,
"04 Trần Phú, Vạn Thạnh, Nha Trang, Khánh Hòa 650000 ",12.2586363,109.1977676,Queen Coffee,0848 886 879 ,100000.0,"100,000",4.6,Coffee Shop,https://www.google.com/maps/place/Queen+Coffee/data=!4m7!3m6!1s0x3170675265d43e0b:0x81a0ffc584c60c5d!8m2!3d12.2586363!4d109.1977676!16s%2Fg%2F11tbvfybkl!19sChIJCz7UZVJncDERXQzGhMX_oIE?authuser=0&hl=en&rclk=1,https://www.facebook.com/profile.php?id=61578563613888&locale=vi_VN
"16/6 Đ. Pasteur, Vạn Thạnh, Nha Trang, Khánh Hòa 650000 ",12.2508405,109.1945603,Amore Gardens,,null,,4.6,Coffee Shop,https://www.google.com/maps/place/Amore+Gardens/data=!4m7!3m6!1s0x317067901d807ddb:0x48dae052940f99ce!8m2!3d12.2508405!4d109.1945603!16s%2Fg%2F11fm_9_99x!19sChIJ232AHZBncDERzpkPlFLg2kg?authuser=0&hl=en&rclk=1,https://www.facebook.com/amoregardenandcafe/
"22 Đ. Ng. Đức Kế, Tân Tiến, Nha Trang, Khánh Hòa 650000 ",12.2402702,109.1901795,Red Brick Bakery & Coffee,0817 986 828 ,100000.0,"100,000",4.7,Coffee Shop,https://www.google.com/maps/place/Red+Brick+Bakery+%26+Coffee/data=!4m7!3m6!1s0x317067b9704fa84f:0xc3a11a49ea0be7!8m2!3d12.2402702!4d109.1901795!16s%2Fg%2F11lh8pcy1m!19sChIJT6hPcLlncDER5wvqSRqhwwA?authuser=0&hl=en&rclk=1,https://www.facebook.com/Gachdobakerycoffee/
"49 Đ. Củ Chi, Vĩnh Hải, Nha Trang, Khánh Hòa 650000 ",12.2800648,109.2007971,Cà Phê Bar Sky Garden,0931 627 939 ,100000.0,"100,000",4.0,Coffee Shop,https://www.google.com/maps/place/C%C3%A0+Ph%C3%AA+Bar+Sky+Garden/data=!4m7!3m6!1s0x317067e5387b0cd7:0x3d3842c68f544ad0!8m2!3d12.2800648!4d109.2007971!16s%2Fg%2F1pp2v0rmv!19sChIJ1wx7OOVncDER0EpUj8ZCOD0?authuser=0&hl=en&rclk=1,
"1-3 Nguyễn Trãi, Tân Tiến, Nha Trang, Khánh Hòa 650000 ",12.2466906,109.1889712,Cafe Hoàng Tuấn (Ngã 6),0258 3510 499 ,100000.0,"100,000",3.8,Coffee Shop,https://www.google.com/maps/place/Cafe+Ho%C3%A0ng+Tu%E1%BA%A5n+%28Ng%C3%A3+6%29/data=!4m7!3m6!1s0x317067801d99a817:0x4a008b04c11df69c!8m2!3d12.2466906!4d109.1889712!16s%2Fg%2F11bvt5frm9!19sChIJF6iZHYBncDERnPYdwQSLAEo?authuser=0&hl=en&rclk=1,http://hoangtuancoffee.com.vn/
"38 Trần Phú, Lộc Thọ, Nha Trang, Khánh Hòa 650000 ",12.2426762,109.1966566,Bốn Mùa Park,0868 240 888 ,null,,4.6,Coffee Shop,https://www.google.com/maps/place/B%E1%BB%91n+M%C3%B9a+Park/data=!4m7!3m6!1s0x31706747b8ac0001:0x4c323ddc202cb09d!8m2!3d12.2426762!4d109.1966566!16s%2Fg%2F11h54_gz6y!19sChIJAQCsuEdncDERnbAsINw9Mkw?authuser=0&hl=en&rclk=1,http://bonmuapark.com.vn/
"17 Thái Nguyên, Tân Tiến, Nha Trang, Khánh Hòa 650000 ",12.2484747,109.1842754,Train Coffee,,100000.0,"100,000",4.1,Coffee Shop,https://www.google.com/maps/place/Train+Coffee/data=!4m7!3m6!1s0x31705d7fa287d14d:0xd77430eea6aa58da!8m2!3d12.2484747!4d109.1842754!16s%2Fg%2F1v_z6dcw!19sChIJTdGHon9dcDER2liqpu4wdNc?authuser=0&hl=en&rclk=1,
"66a Nguyễn Trãi, Tân Tiến, Nha Trang, Khánh Hòa 650000 ",12.2446857,109.1875433,Quán cà phê Đường Tàu,0706 245 388 ,100000.0,"100,000",4.6,Coffee Shop,https://www.google.com/maps/place/Qu%C3%A1n+c%C3%A0+ph%C3%AA+%C4%90%C6%B0%E1%BB%9Dng+T%C3%A0u/data=!4m7!3m6!1s0x31705d00139e551f:0x1cee9b559bd520dc!8m2!3d12.2446857!4d109.1875433!16s%2Fg%2F11y56gzsbt!19sChIJH1WeEwBdcDER3CDVm1Wb7hw?authuser=0&hl=en&rclk=1,
"116 Đ. Trịnh Phong, Tân Tiến, Nha Trang, Khánh Hòa 650000 ",12.2384438,109.1910073,Dala Story Coffee,0974 423 270 ,100000.0,"100,000",4.5,Coffee Shop,https://www.google.com/maps/place/Dala+Story+Coffee/data=!4m7!3m6!1s0x3170670017f6f2fd:0x862ce3d021c95170!8m2!3d12.2384438!4d109.1910073!16s%2Fg%2F11xcsqjq0k!19sChIJ_fL2FwBncDERcFHJIdDjLIY?authuser=0&hl=en&rclk=1,
"05 Đoàn Trần Nghiệp, Vĩnh Phước, Nha Trang, Khánh Hòa 650000 ",12.2720676,109.2031601,LEO ARABICA ROASTERY,0909 040 450 ,100000.0,"100,000",4.6,Coffee Shop,https://www.google.com/maps/place/LEO+ARABICA+ROASTERY/data=!4m7!3m6!1s0x3170672f56bb9e15:0x447a2d84a2377bbe!8m2!3d12.2720676!4d109.2031601!16s%2Fg%2F11rw7ksvz6!19sChIJFZ67Vi9ncDERvns3ooQtekQ?authuser=0&hl=en&rclk=1,http://leoarabica.com/
"34 A Lê Chân, Tân Tiến, Nha Trang, Khánh Hòa 650000 ",12.2420481,109.1843769,Engu Cafe - Cà Phê & Trà Sữa,0934 071 879 ,100000.0,"100,000",4.4,Coffee Shop,https://www.google.com/maps/place/Engu+Cafe+-+C%C3%A0+Ph%C3%AA+%26+Tr%C3%A0+S%E1%BB%AFa/data=!4m7!3m6!1s0x31705d0510fa03d9:0x8099250732155bee!8m2!3d12.2420481!4d109.1843769!16s%2Fg%2F11gjtb9nt5!19sChIJ2QP6EAVdcDER7lsVMgclmYA?authuser=0&hl=en&rclk=1,
"13 Phù Đổng, Tân Tiến, Nha Trang, Khánh Hòa 650000 ",12.2407583,109.1852846,Vị Cà Phê,0899 326 295 ,100000.0,"100,000",4.8,Coffee Shop,https://www.google.com/maps/place/V%E1%BB%8B+C%C3%A0+Ph%C3%AA/data=!4m7!3m6!1s0x31705dc9e04103f5:0x59a0e4a69309bc86!8m2!3d12.2407583!4d109.1852846!16s%2Fg%2F11y4q6p216!19sChIJ9QNB4MldcDERhrwJk6bkoFk?authuser=0&hl=en&rclk=1,
"75 Đ. Hồng Bàng, Tân Tiến, Nha Trang, Khánh Hòa 650000 ",12.2405464,109.1899907,Art House - Coffee Workshop Nha Trang,0389 148 242 ,100000.0,"100,000",4.3,Coffee Shop,https://www.google.com/maps/place/Art+House+-+Coffee+Workshop+Nha+Trang/data=!4m7!3m6!1s0x3170674788157e1f:0xf13b3114d55e7886!8m2!3d12.2405464!4d109.1899907!16s%2Fg%2F11vlt1jkjh!19sChIJH34ViEdncDERhnhe1RQxO_E?authuser=0&hl=en&rclk=1,
"9 Nguyễn Hữu Huân, Tân Tiến, Nha Trang, Khánh Hòa 650000 ",12.2409858,109.1857747,Blu:m cafe & more,,100000.0,"100,000",4.5,Coffee Shop,https://www.google.com/maps/place/Blu:m+cafe+%26+more/data=!4m7!3m6!1s0x31705dfaf3ee45c3:0x1e06b34ef4522140!8m2!3d12.2409858!4d109.1857747!16s%2Fg%2F11qp0x0ypf!19sChIJw0Xu8_pdcDERQCFS9E6zBh4?authuser=0&hl=en&rclk=1,https://facebook.com/blu.mcafe.more
"07 Cao Văn Bé, Vĩnh Phước, Nha Trang, Khánh Hòa 650000 ",12.2729873,109.2020461,Ylak Corner - Egg Coffee Nha Trang,0919 332 075 ,100000.0,"100,000",4.9,Coffee Shop,https://www.google.com/maps/place/Ylak+Corner+-+Egg+Coffee+Nha+Trang/data=!4m7!3m6!1s0x317067377c441db5:0xdcd8dd7f08ddfd6f!8m2!3d12.2729873!4d109.2020461!16s%2Fg%2F11vz7crfmf!19sChIJtR1EfDdncDERb_3dCH_d2Nw?authuser=0&hl=en&rclk=1,https://facebook.com/ylakcorner
"17a Cao Văn Bé, Vĩnh Phước, Nha Trang, Khánh Hòa 650000 ",12.2728882,109.2012614,Atlas Café,0368 288 030 ,200000.0,"200,000",4.8,Coffee Shop,https://www.google.com/maps/place/Atlas+Caf%C3%A9/data=!4m7!3m6!1s0x317067e6aac5ddd3:0xad8286011d7462f9!8m2!3d12.2728882!4d109.2012614!16s%2Fg%2F11sczfv7nq!19sChIJ093FquZncDER-WJ0HQGGgq0?authuser=0&hl=en&rclk=1,https://instagram.com/atlascafe.nhatrang?igshid=NTc4MTIwNjQ2YQ==
"73/1 Đ. Bắc Sơn, Vĩnh Hải, Nha Trang, Khánh Hòa 650000 ",12.2779885,109.1986197,Anvy Coffee - Khu vui chơi,0984 972 160 ,100000.0,"100,000",4.6,Coffee Shop,https://www.google.com/maps/place/Anvy+Coffee+-+Khu+vui+ch%C6%A1i/data=!4m7!3m6!1s0x317067d98fae0d65:0x7126ad9a80ec82c3!8m2!3d12.2779885!4d109.1986197!16s%2Fg%2F11qq91xplc!19sChIJZQ2uj9lncDERw4LsgJqtJnE?authuser=0&hl=en&rclk=1,https://www.facebook.com/Anvy-coffee-khu-vui-ch%C6%A1i-nh%C3%A0-banh-101268638544393/
"102 Đường Trần Bình Trọng, Tân Tiến, Nha Trang, Khánh Hòa 650000 ",12.2398342,109.1856515,a dopo café Nha Trang,0988 413 671 ,100000.0,"100,000",4.7,Coffee Shop,https://www.google.com/maps/place/a+dopo+caf%C3%A9+Nha+Trang/data=!4m7!3m6!1s0x31705dce177fe267:0x1078c3674ffab6d3!8m2!3d12.2398342!4d109.1856515!16s%2Fg%2F11y8mznq0_!19sChIJZ-J_F85dcDER07b6T2fDeBA?authuser=0&hl=en&rclk=1,
"88 Đ. Hoàng Hoa Thám, Lộc Thọ, Nha Trang, Khánh Hòa 57000 ",12.2454104,109.1938597,"iForest Coffee Nha Trang (Nha Trang Specialty Coffee, Nha Trang Coffee Roastery, Matcha, Tea, Juice, Smoothie, and more))",0983 115 453 ,100000.0,"100,000",4.9,Coffee Shop,"https://www.google.com/maps/place/iForest+Coffee+Nha+Trang+%28Nha+Trang+Specialty+Coffee,+Nha+Trang+Coffee+Roastery,+Matcha,+Tea,+Juice,+Smoothie,+and+more%29%29/data=!4m7!3m6!1s0x317067fb4cd498b5:0xde7b0100fce5bd8f!8m2!3d12.2454104!4d109.1938597!16s%2Fg%2F11ygyc6gdy!19sChIJtZjUTPtncDERj73l_AABe94?authuser=0&hl=en&rclk=1",https://www.iforest.vn/
"19 Thái Nguyên, Tân Tiến, Nha Trang, Khánh Hòa 650000 ",12.2482166,109.1855046,GA Coffee & more,0971 039 768 ,100000.0,"100,000",4.2,Coffee Shop,https://www.google.com/maps/place/GA+Coffee+%26+more/data=!4m7!3m6!1s0x31705d06114dfaf1:0x44c59b968c93de6b!8m2!3d12.2482166!4d109.1855046!16s%2Fg%2F11jvn2wfh9!19sChIJ8fpNEQZdcDERa96TjJabxUQ?authuser=0&hl=en&rclk=1,https://www.facebook.com/gacoffeeandmore/
"97 Nguyễn Thiện Thuật, Tân Tiến, Nha Trang, Khánh Hòa 650000 ",12.2382683,109.1937485,Cộng Cà Phê,0976 522 297 ,100000.0,"100,000",4.5,Coffee Shop,https://www.google.com/maps/place/C%E1%BB%99ng+C%C3%A0+Ph%C3%AA/data=!4m7!3m6!1s0x3170673a67aa3043:0x8fca0f8b05cfa26a!8m2!3d12.2382683!4d109.1937485!16s%2Fg%2F11w427w9lg!19sChIJQzCqZzpncDERaqLPBYsPyo8?authuser=0&hl=en&rclk=1,https://congcaphe.com/
"47 Đ. Củ Chi, Vĩnh Hải, Nha Trang, Khánh Hòa 650000 ",12.279677,109.1991653,Cafe 24,0796 736 165 ,100000.0,"100,000",4.3,Coffee Shop,https://www.google.com/maps/place/Cafe+24/data=!4m7!3m6!1s0x317067fab0cb3487:0x615a17782c21af1a!8m2!3d12.279677!4d109.1991653!16s%2Fg%2F11dxdmpk1d!19sChIJhzTLsPpncDERGq8hLHgXWmE?authuser=0&hl=en&rclk=1,https://www.facebook.com/Nh%C3%A0-s%E1%BB%91-24-cafe-1591934287789421/
"46 Lê Quý Đôn, Tân Tiến, Nha Trang, Khánh Hòa 650000 ",12.2436182,109.1912851,Trốn Nha Trang - Cafe & Home,0365 781 935 ,100000.0,"100,000",4.9,Coffee Shop,https://www.google.com/maps/place/Tr%E1%BB%91n+Nha+Trang+-+Cafe+%26+Home/data=!4m7!3m6!1s0x3170674d942664fb:0x70b89647c29d1270!8m2!3d12.2436182!4d109.1912851!16s%2Fg%2F11xlzb064h!19sChIJ-2QmlE1ncDERcBKdwkeWuHA?authuser=0&hl=en&rclk=1,
"20 Trần Phú, Vạn Thạnh, Nha Trang, Khánh Hòa 650000 ",12.2505788,109.1962123,Coffee House - Sunrise,0258 3820 999 ,100000.0,"100,000",4.4,Coffee Shop,https://www.google.com/maps/place/Coffee+House+-+Sunrise/data=!4m7!3m6!1s0x3170678399ec4619:0x37c56f2121b8c23a!8m2!3d12.2505788!4d109.1962123!16s%2Fg%2F11d_c_mj4j!19sChIJGUbsmYNncDEROsK4ISFvxTc?authuser=0&hl=en&rclk=1,
"03 Hòn Chồng, Vĩnh Phước, Nha Trang, Khánh Hòa 650000 ",12.2745637,109.1998519,Coffe&Bar GALAXY,,100000.0,"100,000",4.1,Bar/Pub,https://www.google.com/maps/place/Coffe%26Bar+GALAXY/data=!4m7!3m6!1s0x317067f1e1a16abb:0xf2a880a6a605637b!8m2!3d12.2745637!4d109.1998519!16s%2Fg%2F1pty0x85y!19sChIJu2qh4fFncDERe2MFpqaAqPI?authuser=0&hl=en&rclk=1,
"Hotel & Spa, 26 - 28 Trần Phú Sheraton, 28 Trần Phú, Lộc Thọ, Nha Trang, Khánh Hòa 650000 ",12.2464113,109.1957817,"&More by Sheraton - A Cafe by day, Wine Bar by night",0919 234 433 ,null,,4.8,Coffee Shop,"https://www.google.com/maps/place/%26More+by+Sheraton+-+A+Cafe+by+day,+Wine+Bar+by+night/data=!4m7!3m6!1s0x3170677d8845ddfb:0xe97e787c42d8396!8m2!3d12.2464113!4d109.1957817!16s%2Fg%2F11grv377q0!19sChIJ-91FiH1ncDERloMtxIfnlw4?authuser=0&hl=en&rclk=1",https://www.facebook.com/SNTLobbyLounge/
"19 Nguyễn Hữu Huân, Tân Tiến, Nha Trang, Khánh Hòa 650000 ",12.2408002,109.1860138,Mint Coffee,,100000.0,"100,000",4.2,Coffee Shop,https://www.google.com/maps/place/Mint+Coffee/data=!4m7!3m6!1s0x31705d873a69032f:0xefeefd90f57c9183!8m2!3d12.2408002!4d109.1860138!16s%2Fg%2F11cm0ctwkb!19sChIJLwNpOoddcDERg5F89ZD97u8?authuser=0&hl=en&rclk=1,https://www.foody.vn/khanh-hoa/mint-coffee
"44 Trần Phú, Lộc Thọ, Nha Trang, Khánh Hòa 650000 ",12.2409711,109.1961408,The Coffee House AB Tower,,100000.0,"100,000",3.9,Coffee Shop,https://www.google.com/maps/place/The+Coffee+House+AB+Tower/data=!4m7!3m6!1s0x3170673a1e0f7f63:0x1c0a160be54fcd8b!8m2!3d12.2409711!4d109.1961408!16s%2Fg%2F11rv1tkhsg!19sChIJY38PHjpncDERi81P5QsWChw?authuser=0&hl=en&rclk=1,https://thecoffeehouse.com/
"Ngọc Hiệp, Nha Trang, Khánh Hòa 650000 ",12.2633135,109.1921044,Apsara Coffee,0258 3827 827 ,100000.0,"100,000",4.3,Coffee Shop,https://www.google.com/maps/place/Apsara+Coffee/data=!4m7!3m6!1s0x3170678bddcb9537:0x23d07923c593186b!8m2!3d12.2633135!4d109.1921044!16s%2Fg%2F11bz0zkkcg!19sChIJN5XL3YtncDERaxiTxSN50CM?authuser=0&hl=en&rclk=1,http://champaislandresort.vn/
"50 Yersin, Phương Sài, Nha Trang, Khánh Hòa 650000 ",12.2495477,109.187807,Fuji Cafe,0258 3829 966 ,null,,4.0,Coffee Shop,https://www.google.com/maps/place/Fuji+Cafe/data=!4m7!3m6!1s0x317067808a7c6747:0xa2a142b7f88ce20c!8m2!3d12.2495477!4d109.187807!16s%2Fg%2F1th54g__!19sChIJR2d8ioBncDERDOKM-LdCoaI?authuser=0&hl=en&rclk=1,
"32-34 Trần Phú, Lộc Thọ, Nha Trang, Khánh Hòa 650000 ",12.2444151,109.1962045,RuNam Nha Trang,0258 3523 186 ,null,,4.2,Coffee Shop,https://www.google.com/maps/place/RuNam+Nha+Trang/data=!4m7!3m6!1s0x31706778125e7835:0x6676cffcf942be1d!8m2!3d12.2444151!4d109.1962045!16s%2Fg%2F11s230n_sq!19sChIJNXheEnhncDERHb5C-fzPdmY?authuser=0&hl=en&rclk=1,https://caferunam.com/
"51 Lê Hồng Phong, Tân Tiến, Nha Trang, Khánh Hòa 650000 ",12.2433691,109.1825155,Olympic Coffee,,100000.0,"100,000",4.0,Coffee Shop,https://www.google.com/maps/place/Olympic+Coffee/data=!4m7!3m6!1s0x31705d7bf4c95c99:0xa25dff6f2f2b942d!8m2!3d12.2433691!4d109.1825155!16s%2Fg%2F11ngsgmq7j!19sChIJmVzJ9HtdcDERLZQrL2__XaI?authuser=0&hl=en&rclk=1,https://m.facebook.com/FromOympicCenter/
"44-46 Đ. Lê Thánh Tôn, Tân Tiến, Nha Trang, Khánh Hòa 57100 ",12.243223,109.1934039,Thế Giới Cà Phê Trung Nguyên Legend,0914 153 138 ,null,,4.6,Coffee Shop,https://www.google.com/maps/place/Th%E1%BA%BF+Gi%E1%BB%9Bi+C%C3%A0+Ph%C3%AA+Trung+Nguy%C3%AAn+Legend/data=!4m7!3m6!1s0x3170679fc046ca0f:0x159549746c1a3f6a!8m2!3d12.243223!4d109.1934039!16s%2Fg%2F11sszky7mn!19sChIJD8pGwJ9ncDERaj8abHRJlRU?authuser=0&hl=en&rclk=1,https://trungnguyenlegend.com/
"68b Đường Trần Bình Trọng, Tân Tiến, Nha Trang, Khánh Hòa 650000 ",12.2413365,109.1873278,Cà Phê Huyền Thoại Núi,0988 720 791 ,null,,4.5,Coffee Shop,https://www.google.com/maps/place/C%C3%A0+Ph%C3%AA+Huy%E1%BB%81n+Tho%E1%BA%A1i+N%C3%BAi/data=!4m7!3m6!1s0x31705df3ac31533d:0xfc9a18c4808c71f6!8m2!3d12.2413365!4d109.1873278!16s%2Fg%2F11kjqtn3rk!19sChIJPVMxrPNdcDER9nGMgMQYmvw?authuser=0&hl=en&rclk=1,https://www.facebook.com/profile.php?id=61552060507981&mibextid=LQQJ4d
"42 Trần Phú, Lộc Thọ, Nha Trang, Khánh Hòa 650000 ",12.2417585,109.1958324,KATINAT Nha Trang,0258 7300 025 ,100000.0,"100,000",3.9,Coffee Shop,https://www.google.com/maps/place/KATINAT+Nha+Trang/data=!4m7!3m6!1s0x317067fd837cc6b3:0x8f2523c9d01247d3!8m2!3d12.2417585!4d109.1958324!16s%2Fg%2F11kt1z9dx3!19sChIJs8Z8g_1ncDER00cS0MkjJY8?authuser=0&hl=en&rclk=1,http://katinat.vn/
"34 Đ. Âu Cơ, Tân Tiến, Nha Trang, Khánh Hòa 650000 ",12.243766,109.1843757,Capybara Coffee & Tea,0325 469 252 ,100000.0,"100,000",4.4,Coffee Shop,https://www.google.com/maps/place/Capybara+Coffee+%26+Tea/data=!4m7!3m6!1s0x31705d274c58812d:0xc8f5978f7ce1db4a!8m2!3d12.243766!4d109.1843757!16s%2Fg%2F11kj_mfxsr!19sChIJLYFYTCddcDERStvhfI-X9cg?authuser=0&hl=en&rclk=1,
"32 - 34 Trần Phú, Lộc Thọ, Nha Trang, Khánh Hòa 650000 ",12.2445911,109.1960166,Cookbook Cafe,0258 3887 777 ,null,,4.6,Coffee Shop,https://www.google.com/maps/place/Cookbook+Cafe/data=!4m7!3m6!1s0x317067335f8bbd19:0xee2ef866b73dc609!8m2!3d12.2445911!4d109.1960166!16s%2Fg%2F11g2r8062f!19sChIJGb2LXzNncDERCcY9t2b4Lu4?authuser=0&hl=en&rclk=1,https://nhatrang.intercontinental.com/dining/cookbook-cafe/
"75A Thái Nguyên, Tân Tiến, Nha Trang, Khánh Hòa 650000 ",12.2487836,109.1838922,Cà Phê 24H,0818 834 479 ,null,,5.0,Coffee Shop,https://www.google.com/maps/place/C%C3%A0+Ph%C3%AA+24H/data=!4m7!3m6!1s0x31705d291c32413d:0x23d691c45c504706!8m2!3d12.2487836!4d109.1838922!16s%2Fg%2F11jxr2hk6y!19sChIJPUEyHCldcDERBkdQXMSR1iM?authuser=0&hl=en&rclk=1,
"23 Đ. Nguyễn Chánh, Lộc Thọ, Nha Trang, Khánh Hòa 650000 ",12.2454603,109.1932539,Cộng Cà Phê,0978 155 523 ,100000.0,"100,000",4.4,Coffee Shop,https://www.google.com/maps/place/C%E1%BB%99ng+C%C3%A0+Ph%C3%AA/data=!4m7!3m6!1s0x317067d14bc56a1d:0x5880217ccd4bf96e!8m2!3d12.2454603!4d109.1932539!16s%2Fg%2F11jt_z0qw7!19sChIJHWrFS9FncDERbvlLzXwhgFg?authuser=0&hl=en&rclk=1,https://congcaphe.com/
"50 Đ. Lê Thánh Tôn, Lộc Thọ, Nha Trang, Khánh Hòa 650000 ",12.2416068,109.19539,Nhà Hàng Palms Bistro Nhatrang,0905 757 575 ,null,,4.3,Restaurant,https://www.google.com/maps/place/Nh%C3%A0+H%C3%A0ng+Palms+Bistro+Nhatrang/data=!4m7!3m6!1s0x3170677941dafa1d:0x772478e7877bfc5e!8m2!3d12.2416068!4d109.19539!16s%2Fg%2F11cm62fcf3!19sChIJHfraQXlncDERXvx7h-d4JHc?authuser=0&hl=en&rclk=1,https://www.facebook.com/PalmsBistroNhaTrang/
"43 Lý Tự Trọng, Lộc Thọ, Nha Trang, Khánh Hòa 650000 ",12.247519,109.1908006,Stockholm Bistro & Co-working | Coworking Space in Nha Trang,0766 436 363 ,200000.0,"200,000",4.7,Coffee Shop,https://www.google.com/maps/place/Stockholm+Bistro+%26+Co-working+%7C+Coworking+Space+in+Nha+Trang/data=!4m7!3m6!1s0x317067487eda266f:0x1047502023dc1cbb!8m2!3d12.247519!4d109.1908006!16s%2Fg%2F11vc5z8m_2!19sChIJbybafkhncDERuxzcIyBQRxA?authuser=0&hl=en&rclk=1,https://www.stockholm.vn/
"16a Đ. Ngô Thời Nhiệm, Tân Tiến, Nha Trang, Khánh Hòa 650000 ",12.2386877,109.1901698,Time House Bistro & Bar,0356 244 773 ,null,,4.5,Bar/Pub,https://www.google.com/maps/place/Time+House+Bistro+%26+Bar/data=!4m7!3m6!1s0x3170677da6400133:0xe688ebe39062e055!8m2!3d12.2386877!4d109.1901698!16s%2Fg%2F11c5t256fg!19sChIJMwFApn1ncDERVeBikOPriOY?authuser=0&hl=en&rclk=1,http://www.instagram.com/timehousenhatrang
"139 Đ. Trần Nguyên Hãn, Tân Tiến, Nha Trang, Khánh Hòa 57000 ",12.2383702,109.1872673,Tem Cafe Garden,0985 659 168 ,100000.0,"100,000",5.0,Coffee Shop,https://www.google.com/maps/place/Tem+Cafe+Garden/data=!4m7!3m6!1s0x31705d5040ef9611:0xe9ce403bb5ff8dc3!8m2!3d12.2383702!4d109.1872673!16s%2Fg%2F11xw1hc9wm!19sChIJEZbvQFBdcDERw43_tTtAzuk?authuser=0&hl=en&rclk=1,
"36 Hòn Chồng, Vĩnh Phước, Nha Trang, Khánh Hòa 650000 ",12.2745202,109.2005453,Huyền Thoại Núi Cà Phê,,100000.0,"100,000",4.5,Coffee Shop,https://www.google.com/maps/place/Huy%E1%BB%81n+Tho%E1%BA%A1i+N%C3%BAi+C%C3%A0+Ph%C3%AA/data=!4m7!3m6!1s0x3170679f07d91557:0x4530426023c9b681!8m2!3d12.2745202!4d109.2005453!16s%2Fg%2F11jy9_gj9j!19sChIJVxXZB59ncDERgbbJI2BCMEU?authuser=0&hl=en&rclk=1,https://dacsannui.vn/
"80 Hòn Chồng, Vĩnh Phước, Nha Trang, Khánh Hòa 650000 ",12.2743749,109.1984579,Gastro Cafe & Cuisine,0917 295 873 ,null,,4.4,Coffee Shop,https://www.google.com/maps/place/Gastro+Cafe+%26+Cuisine/data=!4m7!3m6!1s0x317067fa9bdd60d3:0xed19026879218be1!8m2!3d12.2743749!4d109.1984579!16s%2Fg%2F11h0xjpl4f!19sChIJ02Ddm_pncDER4YsheWgCGe0?authuser=0&hl=en&rclk=1,https://www.facebook.com/Gastrocafenhatrang/
"04 Trần Phú, Vạn Thạnh, Nha Trang, Khánh Hòa 650000 ",12.2586363,109.1977676,Highlands Coffee - Muong Thanh Luxury Khanh Hoa,0258 3568 006 ,null,,4.1,Coffee Shop,https://www.google.com/maps/place/Highlands+Coffee+-+Muong+Thanh+Luxury+Khanh+Hoa/data=!4m7!3m6!1s0x317067c15d00cda1:0x54c0304bc14d420f!8m2!3d12.2586363!4d109.1977676!16s%2Fg%2F11h2hm5ms7!19sChIJoc0AXcFncDERD0JNwUswwFQ?authuser=0&hl=en&rclk=1,https://www.highlandscoffee.com.vn/
"Số 4 Lê Lợi, Vạn Thạnh, Nha Trang, Khánh Hòa 650000 ",12.2536285,109.1953944,SHOWROOM CAFE HOÀNG TUẤN,0258 3822 117 ,100000.0,"100,000",3.8,Coffee Shop,https://www.google.com/maps/place/SHOWROOM+CAFE+HO%C3%80NG+TU%E1%BA%A4N/data=!4m7!3m6!1s0x3170678447ed6c91:0x76977fb7d554a8f3!8m2!3d12.2536285!4d109.1953944!16s%2Fg%2F11c6fgqfcm!19sChIJkWztR4RncDER86hU1bd_l3Y?authuser=0&hl=en&rclk=1,http://hoangtuancoffee.vn/
"144 Đ. Võ Trứ, Tân Tiến, Nha Trang, Khánh Hòa 650000 ",12.2408829,109.191768,Xóm Mới Garden Nha Trang (씀모이가든 나트랑),0777 651 004 ,null,,4.8,Coffee Shop,https://www.google.com/maps/place/X%C3%B3m+M%E1%BB%9Bi+Garden+Nha+Trang+%28%EC%94%80%EB%AA%A8%EC%9D%B4%EA%B0%80%EB%93%A0+%EB%82%98%ED%8A%B8%EB%9E%91%29/data=!4m7!3m6!1s0x317067c8e56c4f59:0x38dc76638262a4e!8m2!3d12.2408829!4d109.191768!16s%2Fg%2F11sc2_8lbn!19sChIJWU9s5chncDERTiomOGbHjQM?authuser=0&hl=en&rclk=1,http://www.xommoigarden.com/
"48 Đ. Nguyễn Bỉnh Khiêm, Vạn Thạnh, Nha Trang, Khánh Hòa 650000 ",12.2567337,109.1976057,NHA TRANG VIEW 378 COFFEE AND RESTAURANT,0917 675 378 ,100000.0,"100,000",3.8,Coffee Shop,https://www.google.com/maps/place/NHA+TRANG+VIEW+378+COFFEE+AND+RESTAURANT/data=!4m7!3m6!1s0x317067a6b55c8693:0x84ac1faa9556ff65!8m2!3d12.2567337!4d109.1976057!16s%2Fg%2F11s9670vy4!19sChIJk4ZctaZncDERZf9WlaofrIQ?authuser=0&hl=en&rclk=1,https://www.facebook.com/profile.php?id=61554142096231
"31-33 Trần Bạch Đằng, Phước Mỹ, Sơn Trà, Đà Nẵng 550000 ",16.0579628,108.2451505,Bếp Cuốn Đà Nẵng,0702 689 989 ,300000.0,"300,000",4.9,Restaurant,https://www.google.com/maps/place/B%E1%BA%BFp+Cu%E1%BB%91n+%C4%90%C3%A0+N%E1%BA%B5ng/data=!4m7!3m6!1s0x314217f4632748f9:0xdc14dcdba4c73425!8m2!3d16.0579628!4d108.2451505!16s%2Fg%2F11hz90gsyw!19sChIJ-UgnY_QXQjERJTTHpNvcFNw?authuser=0&hl=en&rclk=1,https://www.facebook.com/DINNER.LUNCH.BEPCUON/
"39 An Thượng 30, Bắc Mỹ Phú, Ngũ Hành Sơn, Đà Nẵng 550000 ",16.051099,108.2457473,Miss NHI,0934 733 656 ,200000.0,"200,000",4.8,Restaurant,https://www.google.com/maps/place/Miss+NHI/data=!4m7!3m6!1s0x3142177b2f4e7db5:0x58fb957c09b844c5!8m2!3d16.051099!4d108.2457473!16s%2Fg%2F11df51qqvr!19sChIJtX1OL3sXQjERxUS4CXyV-1g?authuser=0&hl=en&rclk=1,
"1c Đường võ nguyên giáp, Phước Mỹ, Sơn Trà, Đà Nẵng 550000 ",16.067333,108.2461194,Lounge Beach Bar - Restaurant,0777 686 952 ,null,,4.8,Bar/Pub,https://www.google.com/maps/place/Lounge+Beach+Bar+-+Restaurant/data=!4m7!3m6!1s0x31421740a4be4f3f:0x7080b8fd318917a2!8m2!3d16.067333!4d108.2461194!16s%2Fg%2F11kqmrjvym!19sChIJP0--pEAXQjERoheJMf24gHA?authuser=0&hl=en&rclk=1,https://www.facebook.com/LoungeBeachBarRestaurant
"493 Đ. Trần Hưng Đạo, An Hải Trung, Sơn Trà, Đà Nẵng 550000 ",16.0632508,108.2302591,Riverside Terrace Restaurant,0911 500 440 ,null,,4.9,Restaurant,https://www.google.com/maps/place/Riverside+Terrace+Restaurant/data=!4m7!3m6!1s0x3142196693e4a3bb:0x92c84d4b7ffa80e8!8m2!3d16.0632508!4d108.2302591!16s%2Fg%2F11vypz484z!19sChIJu6Pkk2YZQjER6ID6f0tNyJI?authuser=0&hl=en&rclk=1,
"Lô 12 Đường võ nguyên giáp, Phước Mỹ, Sơn Trà, Đà Nẵng 550000 ",16.0659264,108.2460097,"Esco Beach, Bar Lounge & Restaurant",0236 3955 668 ,null,,4.7,Bar/Pub,"https://www.google.com/maps/place/Esco+Beach,+Bar+Lounge+%26+Restaurant/data=!4m7!3m6!1s0x314217a3b04f5fbb:0x2b366b654ca8ffc4!8m2!3d16.0659264!4d108.2460097!16s%2Fg%2F11ll5sqxhh!19sChIJu19PsKMXQjERxP-oTGVrNis?authuser=0&hl=en&rclk=1",https://www.escobeach.com/
"216 Đường võ nguyên giáp, An Hải, Sơn Trà, Đà Nẵng 550000 ",16.0676095,108.2447798,Sky View Restaurant,0236 3928 688 ,null,,4.9,Restaurant,https://www.google.com/maps/place/Sky+View+Restaurant/data=!4m7!3m6!1s0x3142179ce12f3489:0xe9d21eb1e28da76e!8m2!3d16.0676095!4d108.2447798!16s%2Fg%2F11gr1h3_31!19sChIJiTQv4ZwXQjERbqeN4rEe0uk?authuser=0&hl=en&rclk=1,https://parosanddanang.com/restaurant/sky-view-restaurant/
"21-23 An Thượng 32, Bắc Mỹ Phú, Ngũ Hành Sơn, Đà Nẵng 550000 ",16.0507892,108.2463792,The Nomad Kitchen,0961 061 173 ,300000.0,"300,000",4.7,Restaurant,https://www.google.com/maps/place/The+Nomad+Kitchen/data=!4m7!3m6!1s0x314217ba67f110c9:0xb08b0bde0bae84ee!8m2!3d16.0507892!4d108.2463792!16s%2Fg%2F11qt0s0yz2!19sChIJyRDxZ7oXQjER7oSuC94Li7A?authuser=0&hl=en&rclk=1,
"16 Chế Lan Viên, Bắc Mỹ An, Ngũ Hành Sơn, Đà Nẵng 550000 ",16.0426746,108.2454296,Le Comptoir,0708 040 560 ,1000000.0,"₫1,000,000",4.9,Restaurant,https://www.google.com/maps/place/Le+Comptoir/data=!4m7!3m6!1s0x31421772a3e3e8c3:0x107487f9a6308c!8m2!3d16.0426746!4d108.2454296!16s%2Fg%2F11gl587yy9!19sChIJw-jjo3IXQjERjDCm-Yd0EAA?authuser=0&hl=en&rclk=1,https://lecomptoirdng.com/
"29 Đỗ Thế Chấp, Phước Mỹ, Sơn Trà, Đà Nẵng 550000 ",16.0781946,108.244313,UNDER THE SEA - Korean Bistro,0353 589 645 ,null,,4.9,Restaurant,https://www.google.com/maps/place/UNDER+THE+SEA+-+Korean+Bistro/data=!4m7!3m6!1s0x314217e5b6bb7afb:0x72d5936cd00153db!8m2!3d16.0781946!4d108.244313!16s%2Fg%2F11sjcchp80!19sChIJ-3q7tuUXQjER21MB0GyT1XI?authuser=0&hl=en&rclk=1,https://www.facebook.com/undertheseabar
"20 Đống Đa, Thuận Phước, Hải Châu, Đà Nẵng 550000 ",16.0827532,108.2212419,Bistecca Italian Restaurant in Da Nang,0702 663 456 ,null,,4.9,Restaurant,https://www.google.com/maps/place/Bistecca+Italian+Restaurant+in+Da+Nang/data=!4m7!3m6!1s0x3142196de9ccba2f:0x7233cc1778c9e453!8m2!3d16.0827532!4d108.2212419!16s%2Fg%2F11f73ypv2v!19sChIJL7rM6W0ZQjERU-TJeBfMM3I?authuser=0&hl=en&rclk=1,https://bisteccadanang.com/
"201 Lê Quang Đạo, Bắc Mỹ Phú, Ngũ Hành Sơn, Đà Nẵng 550000 ",16.0484972,108.2461956,Rasoi Indian Pure veg restaurant,0379 969 559 ,null,,4.7,Restaurant,https://www.google.com/maps/place/Rasoi+Indian+Pure+veg+restaurant/data=!4m7!3m6!1s0x31421992fdc4687d:0x10c3dc52e56b59cb!8m2!3d16.0484972!4d108.2461956!16s%2Fg%2F11nm9t0zvp!19sChIJfWjE_ZIZQjERy1lr5VLcwxA?authuser=0&hl=en&rclk=1,https://sites.google.com/view/rasoihoian-indianrestaurant/home
"20 Đống Đa, Street, Hải Châu, Đà Nẵng 550000 ",16.0826849,108.2212587,Gypsy Rooftop Restaurant & Bar,0767 194 074 ,null,,4.9,Bar/Pub,https://www.google.com/maps/place/Gypsy+Rooftop+Restaurant+%26+Bar/data=!4m7!3m6!1s0x3142190c4beda5ef:0x14568ecf8256aa25!8m2!3d16.0826849!4d108.2212587!16s%2Fg%2F11khkc9s2m!19sChIJ76XtSwwZQjERJapWgs-OVhQ?authuser=0&hl=en&rclk=1,https://thegypsydng.com/
"64B Hà Bổng, Phước Mỹ, Sơn Trà, Đà Nẵng 550000 ",16.066058,108.2443163,Nhà Bếp Xưa Restaurant,0906 123 858 ,200000.0,"200,000",4.8,Restaurant,https://www.google.com/maps/place/Nh%C3%A0+B%E1%BA%BFp+X%C6%B0a+Restaurant/data=!4m7!3m6!1s0x314217f1aeaab4db:0xef0467544cfd59ae!8m2!3d16.066058!4d108.2443163!16s%2Fg%2F11s1s1qjt9!19sChIJ27SqrvEXQjERrln9TFRnBO8?authuser=0&hl=en&rclk=1,
"53 Phan Thúc Duyện, Bắc Mỹ Phú, Ngũ Hành Sơn, Đà Nẵng 550000 ",16.0529867,108.2415777,Thìa Gỗ Restaurant Da Nang,0236 3689 005 ,null,,4.7,Restaurant,https://www.google.com/maps/place/Th%C3%ACa+G%E1%BB%97+Restaurant+Da+Nang/data=!4m7!3m6!1s0x314219c3b54c18d7:0x5028941bdf1ab5f5!8m2!3d16.0529867!4d108.2415777!16s%2Fg%2F11f3q_8q_1!19sChIJ1xhMtcMZQjER9bUa3xuUKFA?authuser=0&hl=en&rclk=1,http://danang.thiagorestaurant.com/
"8 D. Đình Nghệ, An Hải Bắc, Sơn Trà, Đà Nẵng 550000 ",16.0689576,108.2425892,Veteran Restaurant,0905 497 707 ,null,,4.9,Restaurant,https://www.google.com/maps/place/Veteran+Restaurant/data=!4m7!3m6!1s0x314217c82ec7b181:0xe9367e38bc69120c!8m2!3d16.0689576!4d108.2425892!16s%2Fg%2F11g1rbqmlt!19sChIJgbHHLsgXQjERDBJpvDh-Nuk?authuser=0&hl=en&rclk=1,https://www.facebook.com/veteranrestaurant/
"114 Bạch Đằng, Hải Châu, Đà Nẵng 550000 ",16.0682463,108.2248133,Ăn Thôi Restaurant,0987 824 285 ,200000.0,"200,000",4.7,Restaurant,https://www.google.com/maps/place/%C4%82n+Th%C3%B4i+Restaurant/data=!4m7!3m6!1s0x3142194921d15361:0xdd9637b7caf7eb1f!8m2!3d16.0682463!4d108.2248133!16s%2Fg%2F11tfk6fw62!19sChIJYVPRIUkZQjERH-v3yrc3lt0?authuser=0&hl=en&rclk=1,
"406 Đường võ nguyên giáp, Bắc Mỹ An, Ngũ Hành Sơn, Đà Nẵng 550000 ",16.042409,108.2480568,Dirty Fingers,0236 3552 297 ,null,,4.5,Restaurant,https://www.google.com/maps/place/Dirty+Fingers/data=!4m7!3m6!1s0x314217663656066b:0x3a1def61dc15d61b!8m2!3d16.042409!4d108.2480568!16s%2Fg%2F11gfp0363v!19sChIJawZWNmYXQjERG9YV3GHvHTo?authuser=0&hl=en&rclk=1,https://sites.google.com/view/dirtyfingers-danang
"Lot 40 An Thượng 30, Bắc Mỹ An, Ngũ Hành Sơn, Đà Nẵng 550000 ",16.0511304,108.2456882,L'Italiano Restaurant Danang,0906 069 458 ,300000.0,"300,000",4.7,Restaurant,https://www.google.com/maps/place/L%27Italiano+Restaurant+Danang/data=!4m7!3m6!1s0x314217f5cb2f52d3:0x7bef106543780227!8m2!3d16.0511304!4d108.2456882!16s%2Fg%2F11cn5pgp82!19sChIJ01Ivy_UXQjERJwJ4Q2UQ73s?authuser=0&hl=en&rclk=1,
"02-04 An Thượng 26, Bắc Mỹ Phú, Ngũ Hành Sơn, Đà Nẵng 556920 ",16.0550142,108.2442947,Indus Indian Restaurant - Nhà hàng Ấn Độ - 인도 음식점,0345 300 081 ,200000.0,"200,000",4.9,Restaurant,https://www.google.com/maps/place/Indus+Indian+Restaurant+-+Nh%C3%A0+h%C3%A0ng+%E1%BA%A4n+%C4%90%E1%BB%99+-+%EC%9D%B8%EB%8F%84+%EC%9D%8C%EC%8B%9D%EC%A0%90/data=!4m7!3m6!1s0x314217c9640b78c1:0x82136c206220b7c4!8m2!3d16.0550142!4d108.2442947!16s%2Fg%2F11w3c95sjg!19sChIJwXgLZMkXQjERxLcgYiBsE4I?authuser=0&hl=en&rclk=1,https://indus.vn/
"K40 Trần Văn Dư, Bắc Mỹ An, Ngũ Hành Sơn, Đà Nẵng 550000 ",16.0402851,108.2442556,Poomba's Smokehouse American Barbecue,0903 717 122 ,null,,4.6,Bar/Pub,https://www.google.com/maps/place/Poomba%27s+Smokehouse+American+Barbecue/data=!4m7!3m6!1s0x3142172bd30ce0cf:0x757aa4273e84cc99!8m2!3d16.0402851!4d108.2442556!16s%2Fg%2F11qp2mfdqw!19sChIJz-AM0ysXQjERmcyEPiekenU?authuser=0&hl=en&rclk=1,https://open.kakao.com/o/sewQqndh
"83C Ngô Thì Sĩ, Bắc Mỹ An, Ngũ Hành Sơn, Đà Nẵng 50507 ",16.0478887,108.2452119,Tom's Bar & Grill,0944 152 714 ,200000.0,"200,000",4.7,Bar/Pub,https://www.google.com/maps/place/Tom%27s+Bar+%26+Grill/data=!4m7!3m6!1s0x31420e7c2ef423a1:0xdbf5e79674f53948!8m2!3d16.0478887!4d108.2452119!16s%2Fg%2F11f23m_206!19sChIJoSP0LnwOQjERSDn1dJbn9ds?authuser=0&hl=en&rclk=1,https://tomsbardanang.com/
"11 Lê Văn Lương, Thọ Quang, Sơn Trà, Đà Nẵng ",16.1037247,108.2640959,Son Tra Retreat,0236 3919 188 ,null,,4.9,Restaurant,https://www.google.com/maps/place/Son+Tra+Retreat/data=!4m7!3m6!1s0x314217f7df95ea2d:0xfceb5ecbd4ea401f!8m2!3d16.1037247!4d108.2640959!16s%2Fg%2F11h23558pj!19sChIJLeqV3_cXQjERH0Dq1Mte6_w?authuser=0&hl=en&rclk=1,https://sontraretreat.vn/home.html
"100 Trần Bạch Đằng, Bắc Mỹ Phú, Ngũ Hành Sơn, Đà Nẵng 550000 ",16.0549127,108.2458977,Golden Meat House,0236 3712 888 ,null,,4.8,Restaurant,https://www.google.com/maps/place/Golden+Meat+House/data=!4m7!3m6!1s0x314217b74d212a13:0x8cde27e7191bf9a6!8m2!3d16.0549127!4d108.2458977!16s%2Fg%2F11fn9d1glv!19sChIJEyohTbcXQjERpvkbGecn3ow?authuser=0&hl=en&rclk=1,https://goldenmeat.vn/
"44 đường Khuê Mỹ Đông 1, Khuê Mỹ, Ngũ Hành Sơn, Đà Nẵng 550000 ",16.036025,108.2447273,TinTin Restaurant,0905 520 208 ,null,,4.8,Restaurant,https://www.google.com/maps/place/TinTin+Restaurant/data=!4m7!3m6!1s0x3142191b22dd7c7d:0x7abe5b81e702d1de!8m2!3d16.036025!4d108.2447273!16s%2Fg%2F11sxvl48yp!19sChIJfXzdIhsZQjER3tEC54Fbvno?authuser=0&hl=en&rclk=1,https://hoatuuquan.vn/en/
"277 Đ. Trần Hưng Đạo, An Hải Bắc, Sơn Trà, Đà Nẵng 550000 ",16.0758608,108.2289924,"Shamballa Vegetarian, Greenhouse & Rooftop Bar - Da Nang",0775 648 668 ,null,,4.8,Vegetarian,"https://www.google.com/maps/place/Shamballa+Vegetarian,+Greenhouse+%26+Rooftop+Bar+-+Da+Nang/data=!4m7!3m6!1s0x314219fb83f4da6f:0x68819808031db12e!8m2!3d16.0758608!4d108.2289924!16s%2Fg%2F11jycm852w!19sChIJb9r0g_sZQjERLrEdAwiYgWg?authuser=0&hl=en&rclk=1",https://www.shamballa.co/location/rooftop-vegetarian-greenhouse-danang/
"Đối diện 27/9, Ng. Gia Tự, Hải Châu, Đà Nẵng, 550000 ",16.0700798,108.217369,City High Dining,0898 999 420 ,1000000.0,"₫1,000,000",4.8,Restaurant,https://www.google.com/maps/place/City+High+Dining/data=!4m7!3m6!1s0x314219aa82e091d1:0x2190811db3973e4!8m2!3d16.0700798!4d108.217369!16s%2Fg%2F11g00w3254!19sChIJ0ZHggqoZQjER5HM52xEIGQI?authuser=0&hl=en&rclk=1,https://cityhighdining.com/
"Đường Mỹ Khê 4, Phước Mỹ, Sơn Trà, Đà Nẵng 550000 ",16.0581569,108.2454323,EMO'S HOMECOOKED VIETNAMESE CUISINE,0934 844 988 ,200000.0,"200,000",4.8,Restaurant,https://www.google.com/maps/place/EMO%27S+HOMECOOKED+VIETNAMESE+CUISINE/data=!4m7!3m6!1s0x314217641a07b4ef:0xe08cfd4c0fee906f!8m2!3d16.0581569!4d108.2454323!16s%2Fg%2F11d_tz40q7!19sChIJ77QHGmQXQjERb5DuD0z9jOA?authuser=0&hl=en&rclk=1,https://emoshomecook.com/
"102 Đường võ nguyên giáp, Phước Mỹ, Sơn Trà, Đà Nẵng 550000 ",16.0792015,108.2459614,GUPGO BBQ HOUSE,0825 649 023 ,null,,4.8,Restaurant,https://www.google.com/maps/place/GUPGO+BBQ+HOUSE/data=!4m7!3m6!1s0x3142170a538d2961:0xbe50e8dc67e29ed5!8m2!3d16.0792015!4d108.2459614!16s%2Fg%2F11fhz6_8m8!19sChIJYSmNUwoXQjER1Z7iZ9zoUL4?authuser=0&hl=en&rclk=1,https://goldspadanang.com/
"01 Giang Châu 2, Khuê Mỹ, Ngũ Hành Sơn, Đà Nẵng 50500 ",16.0301883,108.2380423,Nhà Hàng Si Dining,0774 464 441 ,1000000.0,"₫1,000,000",4.9,Restaurant,https://www.google.com/maps/place/Nh%C3%A0+H%C3%A0ng+Si+Dining/data=!4m7!3m6!1s0x314217ac96f771cb:0x5dc112dabcab9bfd!8m2!3d16.0301883!4d108.2380423!16s%2Fg%2F11sxynmqgm!19sChIJy3H3lqwXQjER_ZurvNoSwV0?authuser=0&hl=en&rclk=1,https://sidiningdanang.com/?utm_source=google&utm_medium=organic&utm_campaign=gbp-listing
"Lô 73 Trần Bạch Đằng, Bắc Mỹ Phú, Ngũ Hành Sơn, Đà Nẵng 550000 ",16.0494843,108.2478681,Patakka,,200000.0,"200,000",4.8,Restaurant,https://www.google.com/maps/place/Patakka/data=!4m7!3m6!1s0x3142178e68bf1511:0xe2bd13b7d0002016!8m2!3d16.0494843!4d108.2478681!16s%2Fg%2F11trdpp1fx!19sChIJERW_aI4XQjERFiAA0LcTveI?authuser=0&hl=en&rclk=1,
"354/1 Đường võ nguyên giáp, Bắc Mỹ An, Ngũ Hành Sơn, Đà Nẵng 550000 ",16.0438626,108.2473136,Quán Hải Sản Thời Cổ Đà Nẵng - Seafood Restaurant,0905 749 079 ,null,,4.7,Restaurant,https://www.google.com/maps/place/Qu%C3%A1n+H%E1%BA%A3i+S%E1%BA%A3n+Th%E1%BB%9Di+C%E1%BB%95+%C4%90%C3%A0+N%E1%BA%B5ng+-+Seafood+Restaurant/data=!4m7!3m6!1s0x3142177976f97ad5:0x3d4a6a72dc718a49!8m2!3d16.0438626!4d108.2473136!16s%2Fg%2F11fd4pvng9!19sChIJ1Xr5dnkXQjERSYpx3HJqSj0?authuser=0&hl=en&rclk=1,https://www.facebook.com/haisanthoico?mibextid=ZbWKwL
"170 - 172 Trần Bạch Đằng, Bắc Mỹ Phú, Ngũ Hành Sơn, Đà Nẵng 550000 ",16.0534615,108.2463835,Korea BBQ House,0898 082 452 ,null,,4.9,Restaurant,https://www.google.com/maps/place/Korea+BBQ+House/data=!4m7!3m6!1s0x3142176cb3e4a145:0x7c45e6f785d6ca54!8m2!3d16.0534615!4d108.2463835!16s%2Fg%2F11s79wt83h!19sChIJRaHks2wXQjERVMrWhffmRXw?authuser=0&hl=en&rclk=1,http://koreagarden.net/
"80 Tô Hiến Thành, Phước Mỹ, Sơn Trà, Đà Nẵng 55000 ",16.0620817,108.2419802,Bladi Da Nang,0912 811 523 ,null,,4.7,Restaurant,https://www.google.com/maps/place/Bladi+Da+Nang/data=!4m7!3m6!1s0x3142170dca2068fb:0x1cf7373b579f4ca6!8m2!3d16.0620817!4d108.2419802!16s%2Fg%2F11q2vmlfl9!19sChIJ-2ggyg0XQjERpkyfVzs39xw?authuser=0&hl=en&rclk=1,
"105 Hồ Nghinh, Phước Mỹ, Sơn Trà, Đà Nẵng 550000 ",16.0747288,108.2431298,An House restaurant,0966 410 777 ,200000.0,"200,000",4.6,Restaurant,https://www.google.com/maps/place/An+House+restaurant/data=!4m7!3m6!1s0x314217183a32f349:0xbf7b11fbe267da6d!8m2!3d16.0747288!4d108.2431298!16s%2Fg%2F11h2g1hv6v!19sChIJSfMyOhgXQjERbdpn4vsRe78?authuser=0&hl=en&rclk=1,
"20 An Thượng 10, Bắc Mỹ Phú, Ngũ Hành Sơn, Đà Nẵng 550000 ",16.0479167,108.2429991,Sakura Restaurant,0899 248 197 ,200000.0,"200,000",4.7,Restaurant,https://www.google.com/maps/place/Sakura+Restaurant/data=!4m7!3m6!1s0x31421742db3b1b95:0x6a3f13e14d12ac4e!8m2!3d16.0479167!4d108.2429991!16s%2Fg%2F11ll2_fkgd!19sChIJlRs720IXQjERTqwSTeETP2o?authuser=0&hl=en&rclk=1,https://www.facebook.com/Sakura.Hana.20anthuong10
"06 Đường võ nguyên giáp, Phước Mỹ, Sơn Trà, Đà Nẵng 550000 ",16.0666529,108.2459775,Ớt Xanh Ocean Restaurant,0769 479 479 ,null,,4.6,Restaurant,https://www.google.com/maps/place/%E1%BB%9At+Xanh+Ocean+Restaurant/data=!4m7!3m6!1s0x314217dc8591c1a3:0xce73f6514f96ffe0!8m2!3d16.0666529!4d108.2459775!16s%2Fg%2F11t61v4yf2!19sChIJo8GRhdwXQjER4P-WT1H2c84?authuser=0&hl=en&rclk=1,https://www.facebook.com/OtXanhOceanRestaurant
"45-47 An Thượng 2, Bắc Mỹ An, Ngũ Hành Sơn, Đà Nẵng 550000 ",16.0487632,108.2475435,Bikini Bottom Express,0934 916 911 ,200000.0,"200,000",4.7,Restaurant,https://www.google.com/maps/place/Bikini+Bottom+Express/data=!4m7!3m6!1s0x3142176fe447155f:0x9c6983231589d465!8m2!3d16.0487632!4d108.2475435!16s%2Fg%2F11fj5s7t0z!19sChIJXxVH5G8XQjERZdSJFSODaZw?authuser=0&hl=en&rclk=1,https://www.bikinibottomexpress.com/
"95 Ngô Thì Sĩ, Bắc Mỹ An, Ngũ Hành Sơn, Đà Nẵng 550000 ",16.0478314,108.2455398,MR,0963 852 538 ,200000.0,"200,000",4.7,Restaurant,https://www.google.com/maps/place/MR.+INDIA+RESTAURANT+%26+BAR+-+%EC%9D%B8%EB%8F%84+%EC%9D%8C%EC%8B%9D+%EB%A7%9B%EC%A7%91/data=!4m7!3m6!1s0x314217e868dadb23:0x9ba5a0fd143ba97c!8m2!3d16.0478314!4d108.2455398!16s%2Fg%2F11scpbz5fh!19sChIJI9vaaOgXQjERfKk7FP2gpZs?authuser=0&hl=en&rclk=1,
"79 Mai Thúc Lân, Bắc Mỹ Phú, Ngũ Hành Sơn, Đà Nẵng 550000 ",16.0483942,108.2436262,Indian Ganga Dining & Lounge Da Nang - Indian Restaurant,0899 870 554 ,200000.0,"200,000",4.7,Bar/Pub,https://www.google.com/maps/place/Indian+Ganga+Dining+%26+Lounge+Da+Nang+-+Indian+Restaurant/data=!4m7!3m6!1s0x314217ab3c35a2df:0x24b1e85b67502a7!8m2!3d16.0483942!4d108.2436262!16s%2Fg%2F11ss5n06wm!19sChIJ36I1PKsXQjERpwJ1toUeSwI?authuser=0&hl=en&rclk=1,http://www.indian-ganga.com/
"35 An Thượng 7, Bắc Mỹ Phú, Ngũ Hành Sơn, Đà Nẵng 550000 ",16.0487164,108.2446971,HANNAH Restaurant,0903 551 460 ,100000.0,"100,000",4.6,Restaurant,https://www.google.com/maps/place/HANNAH+Restaurant/data=!4m7!3m6!1s0x314217647a07c2a5:0x6649867e284e2bc7!8m2!3d16.0487164!4d108.2446971!16s%2Fg%2F11c20c1xqk!19sChIJpcIHemQXQjERxytOKH6GSWY?authuser=0&hl=en&rclk=1,
"505 Đ. Trần Hưng Đạo, An Hải Trung, Sơn Trà, Đà Nẵng 55000 ",16.0630164,108.2302488,La Cabaña,0934 935 198 ,null,,4.8,Restaurant,https://www.google.com/maps/place/La+Caba%C3%B1a/data=!4m7!3m6!1s0x314219669edc596f:0x3b32cac37c9cef30!8m2!3d16.0630164!4d108.2302488!16s%2Fg%2F11jyck2xvc!19sChIJb1ncnmYZQjERMO-cfMPKMjs?authuser=0&hl=en&rclk=1,https://lacabana.vn/
"197 Trần Phú, Phước Ninh, Hải Châu, Đà Nẵng 550000 ",16.0656783,108.2236985,Banh Xeo Cuoi Restaurant (Authentic Vietnamese Cuisines) - Banh Mi - Bun Cha & Ha Noi Egg Coffee,0386 361 605 ,null,,4.9,Coffee Shop,https://www.google.com/maps/place/Banh+Xeo+Cuoi+Restaurant+%28Authentic+Vietnamese+Cuisines%29+-+Banh+Mi+-+Bun+Cha+%26+Ha+Noi+Egg+Coffee/data=!4m7!3m6!1s0x3142176fe1b2722d:0x5e6dbfe9bbf4d411!8m2!3d16.0656783!4d108.2236985!16s%2Fg%2F11yj5s13z3!19sChIJLXKy4W8XQjEREdT0u-m_bV4?authuser=0&hl=en&rclk=1,
"110 Trường Sa, Hoà Hải, Ngũ Hành Sơn, Đà Nẵng 550000 ",16.0019307,108.2669745,Hùng 68 Restaurant - Food and Drink,0905 232 434 ,null,,4.9,Restaurant,https://www.google.com/maps/place/H%C3%B9ng+68+Restaurant+-+Food+and+Drink/data=!4m7!3m6!1s0x314211003e4c753b:0xe1e19795f19483ce!8m2!3d16.0019307!4d108.2669745!16s%2Fg%2F11w3dw0gnw!19sChIJO3VMPgARQjERzoOU8ZWX4eE?authuser=0&hl=en&rclk=1,
"4 Trần Quốc Toản, Hải Châu, Đà Nẵng 550000 ",16.066167,108.2243164,Thai Market,1900 0207 ,300000.0,"300,000",4.5,Restaurant,https://www.google.com/maps/place/Thai+Market/data=!4m7!3m6!1s0x31421832f2d75729:0xa27a87ed6c3b63de!8m2!3d16.066167!4d108.2243164!16s%2Fg%2F11cs1ks19l!19sChIJKVfX8jIYQjER3mM7bO2HeqI?authuser=0&hl=en&rclk=1,http://thaimarket.vn/
"125 Hồ Nghinh, Phước Mỹ, Sơn Trà, Đà Nẵng 550000 ",16.0734565,108.2431275,The Temptation,0817 952 552 ,1000000.0,"₫1,000,000",4.4,Restaurant,https://www.google.com/maps/place/The+Temptation/data=!4m7!3m6!1s0x3142175a37ec6177:0xe5b70d45f6bbd6d7!8m2!3d16.0734565!4d108.2431275!16s%2Fg%2F11fj6w3dbw!19sChIJd2HsN1oXQjER19a79kUNt-U?authuser=0&hl=en&rclk=1,https://thetemptation.com.vn/
"1C Lê Duẩn, P, Hải Châu, Đà Nẵng 550000 ",16.0715002,108.2241655,LoCo Restaurant - Danang seafood restaurant - 다낭 레스토랑,0906 456 785 ,null,,4.8,Restaurant,https://www.google.com/maps/place/LoCo+Restaurant+-+Danang+seafood+restaurant+-+%EB%8B%A4%EB%82%AD+%EB%A0%88%EC%8A%A4%ED%86%A0%EB%9E%91/data=!4m7!3m6!1s0x31421977569bbd1f:0xa664a343c71a38a1!8m2!3d16.0715002!4d108.2241655!16s%2Fg%2F11lh55xbhg!19sChIJH72bVncZQjERoTgax0OjZKY?authuser=0&hl=en&rclk=1,http://facebook.com/restaurantloco/
"26-27 Trần Bạch Đằng, Bắc Mỹ Phú, Ngũ Hành Sơn, Đà Nẵng 550000 ",16.0486723,108.2478556,Roots Plant-Based Cafe - Healthy vegan restaurant,0865 528 252 ,200000.0,"200,000",4.7,Coffee Shop,https://www.google.com/maps/place/Roots+Plant-Based+Cafe+-+Healthy+vegan+restaurant/data=!4m7!3m6!1s0x3142171cef03cf01:0x8bc2a190f42f983!8m2!3d16.0486723!4d108.2478556!16s%2Fg%2F11fd4prghb!19sChIJAc8D7xwXQjERg_lCDxkqvAg?authuser=0&hl=en&rclk=1,https://rootsplantbasedcafe.com/
"183 Nguyễn Văn Thoại, An Hải Đông, Sơn Trà, Đà Nẵng 550000 ",16.055331,108.2426189,Nhà Hàng Đồ Ăn Thái - Thai Market Restaurant - Nguyễn Văn Thoại,1900 0207 ,300000.0,"300,000",4.5,Restaurant,https://www.google.com/maps/place/Nh%C3%A0+H%C3%A0ng+%C4%90%E1%BB%93+%C4%82n+Th%C3%A1i+-+Thai+Market+Restaurant+-+Nguy%E1%BB%85n+V%C4%83n+Tho%E1%BA%A1i/data=!4m7!3m6!1s0x31421791c975ce17:0xd27a3655c80af5c1!8m2!3d16.055331!4d108.2426189!16s%2Fg%2F11f6g1k4x7!19sChIJF851yZEXQjERwfUKyFU2etI?authuser=0&hl=en&rclk=1,http://www.thaimarket.vn/
"37 Chế Lan Viên, Bắc Mỹ An, Ngũ Hành Sơn, Đà Nẵng 50000 ",16.0423085,108.246475,MANVAR Rasoi Indian Restaurant,0354 488 822 ,200000.0,"200,000",4.8,Restaurant,https://www.google.com/maps/place/MANVAR+Rasoi+Indian+Restaurant/data=!4m7!3m6!1s0x3142176c64f33b9f:0x83ca3584dd4f419b!8m2!3d16.0423085!4d108.246475!16s%2Fg%2F11tt5p44vh!19sChIJnzvzZGwXQjERm0FP3YQ1yoM?authuser=0&hl=en&rclk=1,https://manvar-rasoi.com/
"90-92 Dương Tự Minh, Phước Mỹ, Sơn Trà, Đà Nẵng 550000 ",16.0670885,108.2426877,무쇠김치삼겹 다낭 맛집 고기집ㅣMusoi Kimchi Pork korean BBQ Restaurants,0934 988 802 ,null,,4.8,Restaurant,https://www.google.com/maps/place/%EB%AC%B4%EC%87%A0%EA%B9%80%EC%B9%98%EC%82%BC%EA%B2%B9+%EB%8B%A4%EB%82%AD+%EB%A7%9B%EC%A7%91+%EA%B3%A0%EA%B8%B0%EC%A7%91%E3%85%A3Musoi+Kimchi+Pork+korean+BBQ+Restaurants/data=!4m7!3m6!1s0x31421700493681ad:0xf4c48701922c9374!8m2!3d16.0670885!4d108.2426877!16s%2Fg%2F11ltvg4xnd!19sChIJrYE2SQAXQjERdJMskgGHxPQ?authuser=0&hl=en&rclk=1,https://musoekimchi.modoo.at/
"439 Đ. Trần Hưng Đạo, An Hải Trung, Sơn Trà, Đà Nẵng 550000 ",16.0648589,108.2301009,Fatfish,0236 3945 707 ,null,,4.5,Restaurant,https://www.google.com/maps/place/Fatfish/data=!4m7!3m6!1s0x3142182ceeed1a37:0xe27c84359c53b1e5!8m2!3d16.0648589!4d108.2301009!16s%2Fg%2F11b8tnp0rh!19sChIJNxrt7iwYQjER5bFTnDWEfOI?authuser=0&hl=en&rclk=1,https://www.fatfishrestaurant.com/reservation
"39-41 Đỗ Bá, WARD, Ngũ Hành Sơn, Đà Nẵng 550000 ",16.0515352,108.2459283,Gujarat Indian Restaurant Da nang,0395 528 747 ,300000.0,"300,000",4.7,Restaurant,https://www.google.com/maps/place/Gujarat+Indian+Restaurant+Da+nang/data=!4m7!3m6!1s0x3142172a2c4a5cb3:0x726ecf4296b0c395!8m2!3d16.0515352!4d108.2459283!16s%2Fg%2F11txhr7kc6!19sChIJs1xKLCoXQjERlcOwlkLPbnI?authuser=0&hl=en&rclk=1,http://gujaratrestaurant.com/
"01 An Hải 3, An Hải Bắc, Sơn Trà, Đà Nẵng 550000 ",16.0821178,108.2334022,Ann Home Cuisine,0934 913 359 ,200000.0,"200,000",4.9,Restaurant,https://www.google.com/maps/place/Ann+Home+Cuisine/data=!4m7!3m6!1s0x314219ce6143943b:0xd15563bd51b84152!8m2!3d16.0821178!4d108.2334022!16s%2Fg%2F11n7d2lxt_!19sChIJO5RDYc4ZQjERUkG4Ub1jVdE?authuser=0&hl=en&rclk=1,https://www.facebook.com/AnnHome.01AnHai3/
"278 Võ Nguyên Giáp, Bắc Mỹ Phú, Ngũ Hành Sơn, Đà Nẵng 550000 ",16.0530767,108.2475222,Cá Gỗ Vietnamese Restaurant,0236 2228 666 ,200000.0,"200,000",4.9,Restaurant,https://www.google.com/maps/place/C%C3%A1+G%E1%BB%97+Vietnamese+Restaurant/data=!4m7!3m6!1s0x314217c8ff6f55b9:0xafb8783ad3587c76!8m2!3d16.0530767!4d108.2475222!16s%2Fg%2F11v5v44791!19sChIJuVVv_8gXQjERdnxY0zp4uK8?authuser=0&hl=en&rclk=1,https://cago.haianbeachhotelspa.com/
"33 Phan Tôn, Bắc Mỹ Phú, Ngũ Hành Sơn, Đà Nẵng 550000 ",16.0524374,108.2455753,LANG CUA Seafood,0906 777 844 ,null,,4.8,Restaurant,https://www.google.com/maps/place/LANG+CUA+Seafood/data=!4m7!3m6!1s0x314217001523e84d:0x6f34b22c3e564359!8m2!3d16.0524374!4d108.2455753!16s%2Fg%2F11vzxp1j41!19sChIJTegjFQAXQjERWUNWPiyyNG8?authuser=0&hl=en&rclk=1,
"51 Võ Nguyên Giáp, Bắc Mỹ An, Ngũ Hành Sơn, Đà Nẵng 550000 ",16.0478481,108.2495921,Muối Biển Seafood Restaurant - Nhà hàng hải sản Đà Nẵng,0363 399 388 ,null,,4.4,Restaurant,https://www.google.com/maps/place/Mu%E1%BB%91i+Bi%E1%BB%83n+Seafood+Restaurant+-+Nh%C3%A0+h%C3%A0ng+h%E1%BA%A3i+s%E1%BA%A3n+%C4%90%C3%A0+N%E1%BA%B5ng/data=!4m7!3m6!1s0x31421700480a843d:0xc2fcc312d41ac8d1!8m2!3d16.0478481!4d108.2495921!16s%2Fg%2F11w1kdpvpp!19sChIJPYQKSAAXQjER0cga1BLD_MI?authuser=0&hl=en&rclk=1,https://muoibienseafood.com/
"207 Nguyễn Văn Thoại, Anh Hai Dong, Sơn Trà, Đà Nẵng 550000 ",16.0557029,108.2436136,Benaras Central Da Nang,0961 888 597 ,null,,4.5,Restaurant,https://www.google.com/maps/place/Benaras+Central+Da+Nang/data=!4m7!3m6!1s0x3142114786b68157:0x7f5c53574c396aac!8m2!3d16.0557029!4d108.2436136!16s%2Fg%2F11k4ypwdxw!19sChIJV4G2hkcRQjERrGo5TFdTXH8?authuser=0&hl=en&rclk=1,https://benaras.club/
"09 Lê Quang Đạo, Bắc Mỹ Phú, Ngũ Hành Sơn, Đà Nẵng 550000 ",16.0549648,108.2441276,La Tiato Restaurant,0236 3820 606 ,100000.0,"100,000",4.9,Restaurant,https://www.google.com/maps/place/La+Tiato+Restaurant/data=!4m7!3m6!1s0x314217a37a27544f:0xf5841af3699a04d0!8m2!3d16.0549648!4d108.2441276!16s%2Fg%2F11hdwfq98y!19sChIJT1QneqMXQjER0ASaafMahPU?authuser=0&hl=en&rclk=1,
"61 Lê Quang Đạo, Bắc Mỹ Phú, Ngũ Hành Sơn, Đà Nẵng 550000 ",16.0538197,108.2445011,Loving Vegan,0934 969 461 ,100000.0,"100,000",4.7,Restaurant,https://www.google.com/maps/place/Loving+Vegan/data=!4m7!3m6!1s0x31421735bffe275d:0x5f6052a0b37a4b2!8m2!3d16.0538197!4d108.2445011!16s%2Fg%2F11fl0z496f!19sChIJXSf-vzUXQjERsqQ3CyoF9gU?authuser=0&hl=en&rclk=1,https://www.facebook.com/LovingVeganRestaurant/
"62 Đỗ Bá, Bắc Mỹ An, Ngũ Hành Sơn, Đà Nẵng 550000 ",16.0514872,108.2450319,Fly Burgers-An American Kitchen,0777 427 153 ,200000.0,"200,000",4.3,Restaurant,https://www.google.com/maps/place/Fly+Burgers-An+American+Kitchen/data=!4m7!3m6!1s0x314217a0ff7d6cf5:0x366f2476d495ec3d!8m2!3d16.0514872!4d108.2450319!16s%2Fg%2F11jg8m5byj!19sChIJ9Wx9_6AXQjERPeyV1HYkbzY?authuser=0&hl=en&rclk=1,https://www.flyburgersvietnam.com/
"26-28 Phạm Văn Đồng, An Hải Bắc, Sơn Trà, Đà Nẵng 550000 ",16.0705868,108.2415778,Veteran Restaurant Phạm Văn Đồng,0935 545 408 ,null,,5.0,Restaurant,https://www.google.com/maps/place/Veteran+Restaurant+Ph%E1%BA%A1m+V%C4%83n+%C4%90%E1%BB%93ng/data=!4m7!3m6!1s0x3142178237c08fe3:0x739aaeb61eeb5fd2!8m2!3d16.0705868!4d108.2415778!16s%2Fg%2F11xf_j27xd!19sChIJ44_AN4IXQjER0l_rHraumnM?authuser=0&hl=en&rclk=1,
"35 An Thượng 26, Bắc Mỹ Phú, Ngũ Hành Sơn, Đà Nẵng 550000 ",16.0553555,108.2448737,Cơm Nhà Linh,0962 068 987 ,200000.0,"200,000",4.5,Restaurant,https://www.google.com/maps/place/C%C6%A1m+Nh%C3%A0+Linh/data=!4m7!3m6!1s0x3142177bc24d6cbd:0x72967041e7320128!8m2!3d16.0553555!4d108.2448737!16s%2Fg%2F11f0l1y7vb!19sChIJvWxNwnsXQjERKAEy50FwlnI?authuser=0&hl=en&rclk=1,http://www.comnhalinh.com/
"126 Trần Bạch Đằng, Bắc Mỹ Phú, Ngũ Hành Sơn, Đà Nẵng 550000 ",16.0544509,108.2460579,Nậm Cuisine Restaurant - Ẩm thực Việt Nam,0905 016 700 ,200000.0,"200,000",4.5,Restaurant,https://www.google.com/maps/place/N%E1%BA%ADm+Cuisine+Restaurant+-+%E1%BA%A8m+th%E1%BB%B1c+Vi%E1%BB%87t+Nam/data=!4m7!3m6!1s0x31421746ad9d6649:0xe7f5814c7847ff12!8m2!3d16.0544509!4d108.2460579!16s%2Fg%2F11fm3lx9r3!19sChIJSWadrUYXQjEREv9HeEyB9ec?authuser=0&hl=en&rclk=1,https://namrestaurant.vn/
"175 Bà Huyện Thanh Quan, Bắc Mỹ An, Ngũ Hành Sơn, Đà Nẵng 550000 ",16.0452794,108.2483243,KURUMI - Healthy Vegan Food & Desserts,0569 844 088 ,null,,4.8,Restaurant,https://www.google.com/maps/place/KURUMI+-+Healthy+Vegan+Food+%26+Desserts/data=!4m7!3m6!1s0x314217cdd27d4825:0x531ff59d93f25194!8m2!3d16.0452794!4d108.2483243!16s%2Fg%2F11jdnnl3bt!19sChIJJUh90s0XQjERlFHyk531H1M?authuser=0&hl=en&rclk=1,https://kurumi.vn/
"72/24 Nguyễn Văn Thoại, Bắc Mỹ An, Ngũ Hành Sơn, Đà Nẵng 550000 ",16.0533586,108.2404589,Pokeman,0898 189 455 ,200000.0,"200,000",4.5,Restaurant,https://www.google.com/maps/place/Pokeman/data=!4m7!3m6!1s0x3142173cb5476c73:0xca4ec81ec6a00fa0!8m2!3d16.0533586!4d108.2404589!16s%2Fg%2F11h9n9mwd_!19sChIJc2xHtTwXQjERoA-gxh7ITso?authuser=0&hl=en&rclk=1,
"Str, 100 Lê Quang Đạo, Bắc Mỹ Phú, Ngũ Hành Sơn, Đà Nẵng 550000 ",16.0489044,108.2458626,Ngon Thi Hoa Restaurant,0967 220 100 ,300000.0,"300,000",4.2,Restaurant,https://www.google.com/maps/place/Ngon+Thi+Hoa+Restaurant/data=!4m7!3m6!1s0x314217f73d08ac15:0x8e8c11da1f1becf!8m2!3d16.0489044!4d108.2458626!16s%2Fg%2F11j79lpf_3!19sChIJFawIPfcXQjERz77xoR3B6Ag?authuser=0&hl=en&rclk=1,http://ngonthihoarestaurant.com/
"23 An Thượng 2, Bắc Mỹ An, Ngũ Hành Sơn, Đà Nẵng 550000 ",16.0493189,108.2473065,Adobo Mexican Grill,0766 733 289 ,200000.0,"200,000",4.9,Restaurant,https://www.google.com/maps/place/Adobo+Mexican+Grill/data=!4m7!3m6!1s0x3142177a34473fb7:0xe7fbb362f64cf3bd!8m2!3d16.0493189!4d108.2473065!16s%2Fg%2F11sfgpqn1c!19sChIJtz9HNHoXQjERvfNM9mKz--c?authuser=0&hl=en&rclk=1,http://facebook.com/adobomexicangrill
"36 An Thượng 12, Bắc Mỹ An, Ngũ Hành Sơn, Đà Nẵng 000052 ",16.0472201,108.2424899,Hang's Kitchen Restaurant,0905 709 164 ,100000.0,"100,000",4.4,Restaurant,https://www.google.com/maps/place/Hang%27s+Kitchen+Restaurant/data=!4m7!3m6!1s0x314217632009649b:0xefaf0f14543c8fe4!8m2!3d16.0472201!4d108.2424899!16s%2Fg%2F11b67gtjcc!19sChIJm2QJIGMXQjER5I88VBQPr-8?authuser=0&hl=en&rclk=1,
"74 Bạch Đằng, Street, Hải Châu, Đà Nẵng 550000 ",16.0700193,108.2249075,Pizza 4P's Indochina Da Nang,1900 6043 ,null,,4.9,Restaurant,https://www.google.com/maps/place/Pizza+4P%27s+Indochina+Da+Nang/data=!4m7!3m6!1s0x3142193cf50bef09:0x6f1b1de8e432c22e!8m2!3d16.0700193!4d108.2249075!16s%2Fg%2F11j3vtbdz8!19sChIJCe8L9TwZQjERLsIy5OgdG28?authuser=0&hl=en&rclk=1,https://pizza4ps.com/
"187 Huyền Trân Công Chúa, Hoà Hải, Ngũ Hành Sơn, Đà Nẵng 550000 ",16.0031736,108.2652981,Laluna Bar & Restaurant,,200000.0,"200,000",4.1,Bar/Pub,https://www.google.com/maps/place/Laluna+Bar+%26+Restaurant/data=!4m7!3m6!1s0x314210c62f98b7f7:0xe741e2a218457cf0!8m2!3d16.0031736!4d108.2652981!16s%2Fg%2F11bwhb81gl!19sChIJ97eYL8YQQjER8HxFGKLiQec?authuser=0&hl=en&rclk=1,
"84 Hoàng Văn Thụ, Phước Ninh, Hải Châu, Đà Nẵng 550000 ",16.062986,108.2202384,Sangha,0236 3836 979 ,300000.0,"300,000",4.6,Restaurant,https://www.google.com/maps/place/Sangha/data=!4m7!3m6!1s0x3142191cd40a0aab:0xe2fdbf991b666f48!8m2!3d16.062986!4d108.2202384!16s%2Fg%2F11qnlkz3mn!19sChIJqwoK1BwZQjERSG9mG5m__eI?authuser=0&hl=en&rclk=1,https://www.facebook.com/sanghadanang
"10 An Thượng 5, Bắc Mỹ Phú, Ngũ Hành Sơn, Đà Nẵng 550000 ",16.0488149,108.2453274,Epic Vietnamese Bistro - Halal Vietnamese Food,0935 103 604 ,200000.0,"200,000",4.8,Restaurant,https://www.google.com/maps/place/Epic+Vietnamese+Bistro+-+Halal+Vietnamese+Food/data=!4m7!3m6!1s0x31421748beed8691:0xa8e3f0a927e77985!8m2!3d16.0488149!4d108.2453274!16s%2Fg%2F11sskyzfmn!19sChIJkYbtvkgXQjERhXnnJ6nw46g?authuser=0&hl=en&rclk=1,https://epicvietnamesebistro.vn/?src=google
"09 An Thượng 2, Bắc Mỹ Phú, Ngũ Hành Sơn, Đà Nẵng 550000 ",16.0495376,108.2472441,Maharaja Indian Restaurant Đà Nẵng ( since 2016),0901 973 275 ,null,,4.7,Restaurant,https://www.google.com/maps/place/Maharaja+Indian+Restaurant+%C4%90%C3%A0+N%E1%BA%B5ng+%28+since+2016%29/data=!4m7!3m6!1s0x31421786c6fc6515:0xf14051563fe834d9!8m2!3d16.0495376!4d108.2472441!16s%2Fg%2F11c1tm0fy7!19sChIJFWX8xoYXQjER2TToP1ZRQPE?authuser=0&hl=en&rclk=1,https://www.maharaja.vn/
"Premier Village Danang Resort, 99 Đường võ nguyên giáp, Bắc Mỹ An, Ngũ Hành Sơn, Đà Nẵng 550000 ",16.0432473,108.2509341,Ca Chuon Co Vietnamese Restaurant,0236 3919 999 ,null,,4.5,Restaurant,https://www.google.com/maps/place/Ca+Chuon+Co+Vietnamese+Restaurant/data=!4m7!3m6!1s0x31421745caf76a7d:0x69648f40d839a138!8m2!3d16.0432473!4d108.2509341!16s%2Fg%2F11j4swn93w!19sChIJfWr3ykUXQjEROKE52ECPZGk?authuser=0&hl=en&rclk=1,https://premier-village-danang.com/restaurant/ca-chuon-co-restaurant/?utm_source=google&utm_medium=organic&utm_campaign=gbp-listing
"57 Ngô Thì Sĩ, Bắc Mỹ An, Ngũ Hành Sơn, Đà Nẵng 550000 ",16.0475999,108.2446133,Happy Heart Cafe - American Restaurant,0236 3888 384 ,200000.0,"200,000",4.7,Coffee Shop,https://www.google.com/maps/place/Happy+Heart+Cafe+-+American+Restaurant/data=!4m7!3m6!1s0x3142183a4623684f:0xf1ec54fc0a732c82!8m2!3d16.0475999!4d108.2446133!16s%2Fg%2F11c3t_wvb_!19sChIJT2gjRjoYQjERgixzCvxU7PE?authuser=0&hl=en&rclk=1,https://happyheartcafe.vn/?src=google
"212 Trần Phú, Phước Ninh, Hải Châu, Đà Nẵng 550000 ",16.0639709,108.2233008,Limoncello,0236 3561 064 ,null,,4.5,Restaurant,https://www.google.com/maps/place/Limoncello/data=!4m7!3m6!1s0x31421832faa42f33:0x55d6a8dccffca6c9!8m2!3d16.0639709!4d108.2233008!16s%2Fg%2F11b5wkdl2_!19sChIJMy-k-jIYQjERyab8z9yo1lU?authuser=0&hl=en&rclk=1,http://www.limoncellovn.com/
"36 Bạch Đằng, Street, Hải Châu, Đà Nẵng 550000 ",16.0770445,108.22368,The Square Restaurant,0236 3929 999 ,null,,4.6,Restaurant,https://www.google.com/maps/place/The+Square+Restaurant/data=!4m7!3m6!1s0x3142183ae59f4621:0xaa22e7a739212ca1!8m2!3d16.0770445!4d108.22368!16s%2Fg%2F11g9qdzf7p!19sChIJIUaf5ToYQjERoSwhOafnIqo?authuser=0&hl=en&rclk=1,https://www.accorhotels.com/8287?utm_source=google+Maps&utm_medium=seo+maps&utm_campaign=seo+maps
"164 Châu Thị Vĩnh Tế, Bắc Mỹ Phú, Ngũ Hành Sơn, Đà Nẵng 50000 ",16.0487452,108.240872,Bon Bocon Restaurant,0905 636 800 ,300000.0,"300,000",4.8,Restaurant,https://www.google.com/maps/place/Bon+Bocon+Restaurant/data=!4m7!3m6!1s0x3142176db645cf11:0x2ab163ec03b223b7!8m2!3d16.0487452!4d108.240872!16s%2Fg%2F11xcw1sm3v!19sChIJEc9Ftm0XQjERtyOyA-xjsSo?authuser=0&hl=en&rclk=1,
"29 An Thượng 3, Bắc Mỹ Phú, Ngũ Hành Sơn, Đà Nẵng 550000 ",16.0490231,108.2468925,Veda's Kitchen,0335 000 409 ,200000.0,"200,000",4.5,Restaurant,https://www.google.com/maps/place/Veda%27s+Kitchen/data=!4m7!3m6!1s0x3142182854713a61:0xdd3e0503022dbc52!8m2!3d16.0490231!4d108.2468925!16s%2Fg%2F11f126j2wq!19sChIJYTpxVCgYQjERUrwtAgMFPt0?authuser=0&hl=en&rclk=1,
"225 Nguyễn Chí Thanh, Hải Châu, Đà Nẵng 55000 ",16.0670752,108.2210243,Phi Lu 1 Restaurant,0236 3868 868 ,200000.0,"200,000",4.3,Restaurant,https://www.google.com/maps/place/Phi+Lu+1+Restaurant/data=!4m7!3m6!1s0x3142183377c1ecc3:0xd739b07453f05636!8m2!3d16.0670752!4d108.2210243!16s%2Fg%2F1td9b79t!19sChIJw-zBdzMYQjERNlbwU3SwOdc?authuser=0&hl=en&rclk=1,
"500 meters from beach, 24 An Thượng 6, Ngũ Hành Sơn, Đà Nẵng 55000 ",16.0471001,108.2454776,Mumtaz Indian Aroma Restaurant(former Mumtaz Indian),0236 3839 888 ,null,,4.7,Restaurant,https://www.google.com/maps/place/Mumtaz+Indian+Aroma+Restaurant%28former+Mumtaz+Indian%29/data=!4m7!3m6!1s0x314219cd2f19aa79:0xe2751243eb75fdf8!8m2!3d16.0471001!4d108.2454776!16s%2Fg%2F1pzw39nkq!19sChIJeaoZL80ZQjER-P1160MSdeI?authuser=0&hl=en&rclk=1,https://indianaromadng.com/
"38 Pasteur, Hải Châu, Đà Nẵng 550000 ",16.0701185,108.2192087,Au Restaurant,0905 424 642 ,null,,4.3,Restaurant,https://www.google.com/maps/place/Au+Restaurant/data=!4m7!3m6!1s0x3142195c1841d4b7:0x19650f8cc2340e48!8m2!3d16.0701185!4d108.2192087!16s%2Fg%2F11pwysws6j!19sChIJt9RBGFwZQjERSA40wowPZRk?authuser=0&hl=en&rclk=1,
"Trần Phú, Hải Châu, Đà Nẵng 550000 ",16.0697613,108.2242448,Anchor Bierhaus and Steak,1900 4306 ,null,,4.6,Tea Shop,https://www.google.com/maps/place/Anchor+Bierhaus+and+Steak/data=!4m7!3m6!1s0x314219b2175d2223:0x4bef9d2f05c27fec!8m2!3d16.0697613!4d108.2242448!16s%2Fg%2F11tdfv2hfc!19sChIJIyJdF7IZQjER7H_CBS-d70s?authuser=0&hl=en&rclk=1,https://anchorrestaurant.vn/
"56 Trần Bạch Đằng, Bắc Mỹ Phú, Ngũ Hành Sơn, Đà Nẵng 550000 ",16.0496702,108.2477527,Pistachio Restaurant Da Nang,0236 3528 567 ,200000.0,"200,000",4.9,Restaurant,https://www.google.com/maps/place/Pistachio+Restaurant+Da+Nang/data=!4m7!3m6!1s0x314217936fa5b6d7:0x886fdea3f4ace850!8m2!3d16.0496702!4d108.2477527!16s%2Fg%2F11j2p9nnfn!19sChIJ17alb5MXQjERUOis9KPeb4g?authuser=0&hl=en&rclk=1,https://www.facebook.com/Pistachio-My-Khe-Restaurant-117161073016045/
"18 Hồ Nghinh, Phước Mỹ, Sơn Trà, Đà Nẵng 02363 ",16.0801911,108.2433065,Phuoc Thai Restaurant,0236 3848 108 ,null,,4.0,Restaurant,https://www.google.com/maps/place/Phuoc+Thai+Restaurant/data=!4m7!3m6!1s0x3142178bf155c2c7:0x56cb0edf7502aadb!8m2!3d16.0801911!4d108.2433065!16s%2Fg%2F1pzygs8hn!19sChIJx8JV8YsXQjER26oCdd8Oy1Y?authuser=0&hl=en&rclk=1,
"388 - 390 - 392 Nguyễn Phước Lan, Hoà Xuân, Cẩm Lệ, Đà Nẵng 550000 ",16.016418,108.2338736,Chim Đồng Restaurant,0989 900 001 ,null,,4.5,Restaurant,https://www.google.com/maps/place/Chim+%C4%90%C3%B4%CC%80ng+Restaurant/data=!4m7!3m6!1s0x31421912b6369069:0x18d058397e637fc7!8m2!3d16.016418!4d108.2338736!16s%2Fg%2F11y30_g6kc!19sChIJaZA2thIZQjERx39jfjlY0Bg?authuser=0&hl=en&rclk=1,
"144 Huyền Trân Công Chúa, Hoà Hải, Ngũ Hành Sơn, Đà Nẵng 550000 ",16.0029391,108.2649311,Sam’s Restaurant,0788 681 168 ,100000.0,"100,000",5.0,Restaurant,https://www.google.com/maps/place/Sam%E2%80%99s+Restaurant/data=!4m7!3m6!1s0x314211d9b8648635:0xb0a8e23aeae375d6!8m2!3d16.0029391!4d108.2649311!16s%2Fg%2F11h02xbbdn!19sChIJNYZkuNkRQjER1nXj6jriqLA?authuser=0&hl=en&rclk=1,
"64 Bà Huyện Thanh Quan, Bắc Mỹ An, Ngũ Hành Sơn, Đà Nẵng 550000 ",16.0432336,108.2442276,SIX ON SIX CAFE - BRUNCH & RESTAURANT,0946 114 967 ,null,,4.8,Coffee Shop,https://www.google.com/maps/place/SIX+ON+SIX+CAFE+-+BRUNCH+%26+RESTAURANT/data=!4m7!3m6!1s0x31421766e7e7a589:0xd9a579d9ca3dd6d!8m2!3d16.0432336!4d108.2442276!16s%2Fg%2F11dy_jx_2d!19sChIJiaXn52YXQjERbd2jnJ1Xmg0?authuser=0&hl=en&rclk=1,https://www.facebook.com/sixonsixcafe/menu/?id=100063485023387&sk=menu
"95 Mai Thúc Lân Ngũ Hành Sơn Da Nang City, 550000 ",16.0478843,108.2437938,Rainbowl Poke,0769 059 079 ,200000.0,"200,000",4.9,Restaurant,https://www.google.com/maps/place/Rainbowl+Poke/data=!4m7!3m6!1s0x3142178f139b19ed:0x761f477fdaff3c48!8m2!3d16.0478843!4d108.2437938!16s%2Fg%2F11lgx8vqz1!19sChIJ7RmbE48XQjERSDz_2n9HH3Y?authuser=0&hl=en&rclk=1,http://rainbowlpoke.com/
"384 Đường võ nguyên giáp, Bắc Mỹ An, Ngũ Hành Sơn, Đà Nẵng 550000 ",16.043,108.247966,Rang - Best Indian Food Restaurant and Bar,0866 141 217 ,null,,4.9,Bar/Pub,https://www.google.com/maps/place/Rang+-+Best+Indian+Food+Restaurant+and+Bar/data=!4m7!3m6!1s0x314217c36cdde32d:0xe4441c5dd7354c63!8m2!3d16.043!4d108.247966!16s%2Fg%2F11lc_24y8d!19sChIJLePdbMMXQjERY0w1110cROQ?authuser=0&hl=en&rclk=1,https://www.the-rang.com/
"48 D. Đình Nghệ, An Hải Bắc, Sơn Trà, Đà Nẵng 550000 ",16.0688401,108.2385613,호호식당(HOHO Restaurant) / Nhà Hàng HÔHÔ / hoho / HOHO /호호,0942 631 468 ,null,,4.7,Restaurant,https://www.google.com/maps/place/%ED%98%B8%ED%98%B8%EC%8B%9D%EB%8B%B9%28HOHO+Restaurant%29+%2F+Nh%C3%A0+H%C3%A0ng+H%C3%94H%C3%94+%2F+hoho+%2F+HOHO+%2F%ED%98%B8%ED%98%B8/data=!4m7!3m6!1s0x31421992578cd01b:0xfcf10be747f16d4a!8m2!3d16.0688401!4d108.2385613!16s%2Fg%2F11flbrzp1k!19sChIJG9CMV5IZQjERSm3xR-cL8fw?authuser=0&hl=en&rclk=1,
"333 Hồ Nghinh, P, Sơn Trà, Đà Nẵng 550000 ",16.0621556,108.2436913,BaBaBa Japanese Restaurant,0789 686 856 ,300000.0,"300,000",4.7,Restaurant,https://www.google.com/maps/place/BaBaBa+Japanese+Restaurant/data=!4m7!3m6!1s0x3142170003dbbc1b:0xe330bc479d48f4c4!8m2!3d16.0621556!4d108.2436913!16s%2Fg%2F11vs2661bx!19sChIJG7zbAwAXQjERxPRInUe8MOM?authuser=0&hl=en&rclk=1,https://bababadanang.vn/
"1 Võ Văn Kiệt, An Hải Bắc, Sơn Trà, Đà Nẵng 100000 ",16.061913,108.2356826,Hải Sản Lão Đại Đà Nẵng,0966 666 895 ,null,,4.0,Restaurant,https://www.google.com/maps/place/H%E1%BA%A3i+S%E1%BA%A3n+L%C3%A3o+%C4%90%E1%BA%A1i+%C4%90%C3%A0+N%E1%BA%B5ng/data=!4m7!3m6!1s0x314219d5305a5279:0x1e7b79f26dff1c9d!8m2!3d16.061913!4d108.2356826!16s%2Fg%2F11cjp585f9!19sChIJeVJaMNUZQjERnRz_bfJ5ex4?authuser=0&hl=en&rclk=1,https://laodaiseafood.com/
"88B Lê Quang Đạo, Bắc Mỹ Phú, Ngũ Hành Sơn, Đà Nẵng 554010 ",16.0495849,108.2456058,꼴목-Nhà hảng hẻm-korean restaurants,0934 976 011 ,null,,4.6,Restaurant,https://www.google.com/maps/place/%EA%BC%B4%EB%AA%A9-Nh%C3%A0+h%E1%BA%A3ng+h%E1%BA%BBm-korean+restaurants/data=!4m7!3m6!1s0x3142175c516396e5:0x3bcaefcfad6f8745!8m2!3d16.0495849!4d108.2456058!16s%2Fg%2F11lw2kqcv9!19sChIJ5ZZjUVwXQjERRYdvrc_vyjs?authuser=0&hl=en&rclk=1,http://www.pochaa.com/
"158 Chính Hữu, An Hải Bắc, Sơn Trà, Đà Nẵng 50400 ",16.0647739,108.2395343,Năm Có 12 tháng - Vietnamese Restaurant Son Tra,0933 859 496 ,null,,4.7,Restaurant,https://www.google.com/maps/place/N%C4%83m+C%C3%B3+12+th%C3%A1ng+-+Vietnamese+Restaurant+Son+Tra/data=!4m7!3m6!1s0x314219cd500b759f:0x5313f1243aef1c8!8m2!3d16.0647739!4d108.2395343!16s%2Fg%2F11scpbktwc!19sChIJn3ULUM0ZQjERyPGuQxI_MQU?authuser=0&hl=en&rclk=1,https://www.facebook.com/namco12thangkitchen/
"22 Phạm Văn Đồng, An Hải Bắc, Sơn Trà, Đà Nẵng 550000 ",16.0704682,108.2417427,Quảng Xuân Restaurant,0905 555 338 ,null,,4.3,Restaurant,https://www.google.com/maps/place/Qu%E1%BA%A3ng+Xu%C3%A2n+Restaurant/data=!4m7!3m6!1s0x314217d4cbb51ead:0xf3dc6aa6eadecf9f!8m2!3d16.0704682!4d108.2417427!16s%2Fg%2F11k4b567xq!19sChIJrR61y9QXQjERn8_e6qZq3PM?authuser=0&hl=en&rclk=1,
"16 đường Mỹ Đa Tây 2, Khuê Mỹ, Ngũ Hành Sơn, Đà Nẵng 550000 ",16.0346026,108.2395581,Nén Danang Restaurant,0847 148 866 ,1000000.0,"₫1,000,000",4.5,Restaurant,https://www.google.com/maps/place/N%C3%A9n+Danang+Restaurant/data=!4m7!3m6!1s0x3142175f35c9eb37:0x76acf6f5e208c735!8m2!3d16.0346026!4d108.2395581!16s%2Fg%2F11f03qvndm!19sChIJN-vJNV8XQjERNccI4vX2rHY?authuser=0&hl=en&rclk=1,http://www.restaurantnen.com/
"17 Yên Bái, str, Hải Châu, Đà Nẵng 550000 ",16.0696319,108.2229778,Pause and Enjoy Da Nang- 포즈 앤 엔조이,0838 666 771 ,200000.0,"200,000",5.0,Restaurant,https://www.google.com/maps/place/Pause+and+Enjoy+Da+Nang-+%ED%8F%AC%EC%A6%88+%EC%95%A4+%EC%97%94%EC%A1%B0%EC%9D%B4/data=!4m7!3m6!1s0x3142192132b38f29:0xee808906b563bf3b!8m2!3d16.0696319!4d108.2229778!16s%2Fg%2F11lp2zdmlk!19sChIJKY-zMiEZQjERO79jtQaJgO4?authuser=0&hl=en&rclk=1,https://www.facebook.com/pauseandenjoydanang
"28 Bạch Đằng, Thạch Thang, Hải Châu, Đà Nẵng 550000 ",16.0786949,108.2237004,LUK LAK,0818 122 828 ,null,,4.6,Restaurant,https://www.google.com/maps/place/LUK+LAK/data=!4m7!3m6!1s0x3142198d1a4d6051:0xefc1c665fbef3224!8m2!3d16.0786949!4d108.2237004!16s%2Fg%2F11jm9x38md!19sChIJUWBNGo0ZQjERJDLv-2XGwe8?authuser=0&hl=en&rclk=1,https://danang.luklak.vn/
"41 An Thượng 4, Bắc Mỹ Phú, Ngũ Hành Sơn, Đà Nẵng 550000 ",16.048561,108.2465771,Himalaya Indian Restaurant,0376 665 925 ,200000.0,"200,000",4.6,Restaurant,https://www.google.com/maps/place/Himalaya+Indian+Restaurant/data=!4m7!3m6!1s0x3142173eedeaf145:0x9cc56c182ceb6dab!8m2!3d16.048561!4d108.2465771!16s%2Fg%2F11fjnbjwng!19sChIJRfHq7T4XQjERq23rLBhsxZw?authuser=0&hl=en&rclk=1,
"235 Phan Xích Long, Phường 2, Phú Nhuận, Thành phố Hồ Chí Minh 700000 ",10.7990812,106.6861379,Tám Riêu - Phan Xích Long,0334 626 060 ,200000.0,"200,000",4.8,Restaurant,https://www.google.com/maps/place/T%C3%A1m+Ri%C3%AAu+-+Phan+X%C3%ADch+Long/data=!4m7!3m6!1s0x317529441b39afe9:0x472e93f084b07cb8!8m2!3d10.7990812!4d106.6861379!16s%2Fg%2F11fmvbz8d_!19sChIJ6a85G0QpdTERuHywhPCTLkc?authuser=0&hl=en&rclk=1,http://www.amthuctamrieu.com/
"Đ. Nguyễn Thái Sơn/80 Đ. Hạnh Thông, Phường, Gò Vấp, Thành phố Hồ Chí Minh 70000 ",10.8157436,106.6801048,Tiệm Nướng Nọ Trong Vườn,0929 666 880 ,null,,4.9,Restaurant,https://www.google.com/maps/place/Ti%E1%BB%87m+N%C6%B0%E1%BB%9Bng+N%E1%BB%8D+Trong+V%C6%B0%E1%BB%9Dn/data=!4m7!3m6!1s0x3175292952b6e7db:0x805ca5b81c7ad6f2!8m2!3d10.8157436!4d106.6801048!16s%2Fg%2F11sk2z_lly!19sChIJ2-e2UikpdTER8tZ6HLilXIA?authuser=0&hl=en&rclk=1,http://facebook.com/Tiemnuongnotrongvuon
"439 Đ. Phạm Văn Đồng, Phường 13, Bình Thạnh, Thành phố Hồ Chí Minh ",10.8218468,106.6977995,Phố Nướng JOKUL,0898 488 190 ,200000.0,"200,000",4.5,Restaurant,https://www.google.com/maps/place/Ph%E1%BB%91+N%C6%B0%E1%BB%9Bng+JOKUL/data=!4m7!3m6!1s0x317528ed622cd5a7:0x3f1a58120506c7e9!8m2!3d10.8218468!4d106.6977995!16s%2Fg%2F11j8x6qmvn!19sChIJp9UsYu0odTER6ccGBRJYGj8?authuser=0&hl=en&rclk=1,
"358 Trường Sa, phường 2, Phú Nhuận, Thành phố Hồ Chí Minh ",10.7960837,106.6898704,Quán Ăn P - H,0902 014 188 ,200000.0,"200,000",4.3,Restaurant,https://www.google.com/maps/place/Qu%C3%A1n+%C4%82n+P+-+H/data=!4m7!3m6!1s0x317528ce6c26e91d:0x86558f22a3babfc9!8m2!3d10.7960837!4d106.6898704!16s%2Fg%2F11b67kb_6g!19sChIJHekmbM4odTERyb-6oyKPVYY?authuser=0&hl=en&rclk=1,https://www.foody.vn/ho-chi-minh/p-h-oc-lau
"245 25 Đường số 20, Phường 5, Gò Vấp, Thành phố Hồ Chí Minh 700000 ",10.8374167,106.6889195,Quán Ăn Núi Ngự,028 3506 1116 ,200000.0,"200,000",4.1,Restaurant,https://www.google.com/maps/place/Qu%C3%A1n+%C4%82n+N%C3%BAi+Ng%E1%BB%B1/data=!4m7!3m6!1s0x31752859e8643b19:0xa35912bd9104c5b2!8m2!3d10.8374167!4d106.6889195!16s%2Fg%2F11btrrc0v7!19sChIJGTtk6FkodTERssUEkb0SWaM?authuser=0&hl=en&rclk=1,
"Phan Xích Long/45 Cầu Kiệu, Phường, Phú Nhuận, Thành phố Hồ Chí Minh 70000 ",10.7972039,106.6913827,Nhà hàng Mô Rứa,0898 894 545 ,200000.0,"200,000",4.4,Restaurant,https://www.google.com/maps/place/Nh%C3%A0+h%C3%A0ng+M%C3%B4+R%E1%BB%A9a/data=!4m7!3m6!1s0x31752937a8ba38f3:0xbd0717e61126a126!8m2!3d10.7972039!4d106.6913827!16s%2Fg%2F11mwkf7tq5!19sChIJ8zi6qDcpdTERJqEmEeYXB70?authuser=0&hl=en&rclk=1,http://fb.com/nhahangMoRua
"339 Đ. Phạm Văn Đồng, Phường 1, Gò Vấp, Thành phố Hồ Chí Minh ",10.8207058,106.6932988,Tá Lả Quán - Quán Ăn Ngon Phạm Văn Đông,0337 078 339 ,null,,4.2,Restaurant,https://www.google.com/maps/place/T%C3%A1+L%E1%BA%A3+Qu%C3%A1n+-+Qu%C3%A1n+%C4%82n+Ngon+Ph%E1%BA%A1m+V%C4%83n+%C4%90%C3%B4ng/data=!4m7!3m6!1s0x31752972928d2b19:0x73ca241cfd66aeed!8m2!3d10.8207058!4d106.6932988!16s%2Fg%2F11j495rvqq!19sChIJGSuNknIpdTER7a5m_RwkynM?authuser=0&hl=en&rclk=1,https://www.facebook.com/talaquanphamvandong/
"14 Đ. Phan Văn Trị, Phường 7, Gò Vấp, Thành phố Hồ Chí Minh ",10.827669,106.6876846,Nhà hàng Những Người Bạn,028 3588 5888 ,null,,4.2,Restaurant,https://www.google.com/maps/place/Nh%C3%A0+h%C3%A0ng+Nh%E1%BB%AFng+Ng%C6%B0%E1%BB%9Di+B%E1%BA%A1n/data=!4m7!3m6!1s0x317528f1b2d4b267:0x66073319c9ef49f8!8m2!3d10.827669!4d106.6876846!16s%2Fg%2F11hdbk837f!19sChIJZ7LUsvEodTER-EnvyRkzB2Y?authuser=0&hl=en&rclk=1,http://nhahangnhungnguoiban.vn/
"49 Phó Đức Chính, Phường 1, Bình Thạnh, Thành phố Hồ Chí Minh ",10.7996615,106.6972242,Quán Ăn Vặt 47,0914 803 049 ,100000.0,"100,000",4.2,Restaurant,https://www.google.com/maps/place/Qu%C3%A1n+%C4%82n+V%E1%BA%B7t+47/data=!4m7!3m6!1s0x3175295fcb3a199f:0x48759200e7bf8379!8m2!3d10.7996615!4d106.6972242!16s%2Fg%2F11g18w2jht!19sChIJnxk6y18pdTEReYO_5wCSdUg?authuser=0&hl=en&rclk=1,http://www.facebook.com/Quananvat47
"219 Nơ Trang Long, Phường 12, Bình Thạnh, Thành phố Hồ Chí Minh ",10.8157599,106.6977854,Quán Ăn 219,0707 272 718 ,300000.0,"300,000",4.0,Restaurant,https://www.google.com/maps/place/Qu%C3%A1n+%C4%82n+219/data=!4m7!3m6!1s0x317528eb6f76ea05:0x47f908c126def159!8m2!3d10.8157599!4d106.6977854!16s%2Fg%2F11xmv2h8l!19sChIJBep2b-sodTERWfHeJsEI-Uc?authuser=0&hl=en&rclk=1,http://quanan219.com/
"313 Phan Xích Long, Phường 1, Phú Nhuận, Thành phố Hồ Chí Minh ",10.8006912,106.683953,Quán Ăn Năm Gia,028 3990 2991 ,100000.0,"100,000",4.6,Restaurant,https://www.google.com/maps/place/Qu%C3%A1n+%C4%82n+N%C4%83m+Gia/data=!4m7!3m6!1s0x317528d09e61ae95:0x7aa2febe2c4b5b42!8m2!3d10.8006912!4d106.683953!16s%2Fg%2F1tf7k17y!19sChIJla5hntAodTERQltLLL7-ono?authuser=0&hl=en&rclk=1,https://www.foody.vn/ho-chi-minh/quan-an-nam-gia-mien-ga
"179 Phan Xích Long, Phường 02, Phú Nhuận, Thành phố Hồ Chí Minh 70000 ",10.7982288,106.6880178,Nhà hàng Ăn Được Phúc - 179 Phan Xích Long,028 3535 4949 ,400000.0,"400,000",4.0,Restaurant,https://www.google.com/maps/place/Nh%C3%A0+h%C3%A0ng+%C4%82n+%C4%90%C6%B0%E1%BB%A3c+Ph%C3%BAc+-+179+Phan+X%C3%ADch+Long/data=!4m7!3m6!1s0x317529a35b8a0485:0x8a628c1728ff5fb5!8m2!3d10.7982288!4d106.6880178!16s%2Fg%2F11qng9ctl2!19sChIJhQSKW6MpdTERtV__KBeMYoo?authuser=0&hl=en&rclk=1,https://www.facebook.com/anduocphuc/
"222 Nguyễn Oanh, Phường 17, Gò Vấp, Thành phố Hồ Chí Minh ",10.8364998,106.6756872,Lộ Thiên Quán,0946 111 131 ,300000.0,"300,000",4.4,Restaurant,https://www.google.com/maps/place/L%E1%BB%99+Thi%C3%AAn+Qu%C3%A1n/data=!4m7!3m6!1s0x31752986bffe1d7f:0xf0df45b64a99122c!8m2!3d10.8364998!4d106.6756872!16s%2Fg%2F11pdmd6jyb!19sChIJfx3-v4YpdTERLBKZSrZF3_A?authuser=0&hl=en&rclk=1,
"447 Nguyễn Kiệm, Phường 9, Phú Nhuận, Thành phố Hồ Chí Minh ",10.8014749,106.6792717,Quán Ăn Dìn Chón Mì Gia,0939 174 884 ,200000.0,"200,000",4.3,Restaurant,https://www.google.com/maps/place/Qu%C3%A1n+%C4%82n+D%C3%ACn+Ch%C3%B3n+M%C3%AC+Gia/data=!4m7!3m6!1s0x317528d9d360a7ad:0x3052c241837e99ee!8m2!3d10.8014749!4d106.6792717!16s%2Fg%2F11b67lznwy!19sChIJradg09kodTER7pl-g0HCUjA?authuser=0&hl=en&rclk=1,https://www.foody.vn/ho-chi-minh/din-chon-mi-gia
"2 Đ. Nguyễn Văn Lượng, Phường 10, Gò Vấp, Thành phố Hồ Chí Minh ",10.8386732,106.6771771,Quán ăn ngon Gò Vấp,,null,,4.8,Restaurant,https://www.google.com/maps/place/Qu%C3%A1n+%C4%83n+ngon+G%C3%B2+V%E1%BA%A5p/data=!4m7!3m6!1s0x31752fd1d7228e07:0xc290f0554eaa5fba!8m2!3d10.8386732!4d106.6771771!16s%2Fg%2F11fdyd79z8!19sChIJB44i19EvdTERul-qTlXwkMI?authuser=0&hl=en&rclk=1,
"251/51 Lê Quang Định, Phường 7, Bình Thạnh, Thành phố Hồ Chí Minh ",10.808799,106.6925399,Quán Tre-Lẩu Tôm,028 3841 1224 ,300000.0,"300,000",4.2,Restaurant,https://www.google.com/maps/place/Qu%C3%A1n+Tre-L%E1%BA%A9u+T%C3%B4m/data=!4m7!3m6!1s0x317528c24bb52909:0xe11c938519f3a49b!8m2!3d10.808799!4d106.6925399!16s%2Fg%2F11bwh_skc7!19sChIJCSm1S8IodTERm6TzGYWTHOE?authuser=0&hl=en&rclk=1,https://www.foody.vn/ho-chi-minh/quan-tre-lau-tom-cang
"47 Đ. Lê Thị Hồng, Phường 1, Gò Vấp, Thành phố Hồ Chí Minh ",10.8343067,106.6793151,"Quán Ăn Gia Đình Trường Thanh Quán - Cơm Chiên, Mì Xào",,100000.0,"100,000",4.5,Restaurant,"https://www.google.com/maps/place/Qu%C3%A1n+%C4%82n+Gia+%C4%90%C3%ACnh+Tr%C6%B0%E1%BB%9Dng+Thanh+Qu%C3%A1n+-+C%C6%A1m+Chi%C3%AAn,+M%C3%AC+X%C3%A0o/data=!4m7!3m6!1s0x31752977a629a983:0x336b3fbccaada2d7!8m2!3d10.8343067!4d106.6793151!16s%2Fg%2F11t7lcmqhp!19sChIJg6kppncpdTER16Ktyrw_azM?authuser=0&hl=en&rclk=1",https://www.foody.vn/ho-chi-minh/truong-thanh-com-ga-xoi-mo-le-thi-hong
"440/6 Nơ Trang Long, Phường 13, Bình Thạnh, Thành phố Hồ Chí Minh 72311 ",10.8232401,106.7088142,Nhà hàng Cây Sakê,0906 670 558 ,null,,4.1,Restaurant,https://www.google.com/maps/place/Nh%C3%A0+h%C3%A0ng+C%C3%A2y+Sak%C3%AA/data=!4m7!3m6!1s0x3175289259d87bdf:0x71082499a52c9ea!8m2!3d10.8232401!4d106.7088142!16s%2Fg%2F1tpn018w!19sChIJ33vYWZIodTER6slSmkmCEAc?authuser=0&hl=en&rclk=1,https://caysake.com/
"424 Lê Quang Định, Phường 11, Bình Thạnh, Thành phố Hồ Chí Minh ",10.8118414,106.6908568,Ẩm thực Chay - Vườn Chay,028 3620 2649 ,200000.0,"200,000",4.3,Vegetarian,https://www.google.com/maps/place/%E1%BA%A8m+th%E1%BB%B1c+Chay+-+V%C6%B0%E1%BB%9Dn+Chay/data=!4m7!3m6!1s0x317528e91ba61fa5:0xcffb0dd1bbf27ddc!8m2!3d10.8118414!4d106.6908568!16s%2Fg%2F11f03zw7_6!19sChIJpR-mG-kodTER3H3yu9EN-88?authuser=0&hl=en&rclk=1,
"67/4/118 Vũ Huy Tấn, Phường 1, Bình Thạnh, Thành phố Hồ Chí Minh ",10.7957055,106.6948808,Ti Ti French Restaurant (beafsteak),1900 996627 ,200000.0,"200,000",4.0,Tea Shop,https://www.google.com/maps/place/Ti+Ti+French+Restaurant+%28beafsteak%29/data=!4m7!3m6!1s0x317528c94fa69239:0x17044809903b726f!8m2!3d10.7957055!4d106.6948808!16s%2Fg%2F1tgft38k!19sChIJOZKmT8kodTERb3I7kAlIBBc?authuser=0&hl=en&rclk=1,https://www.foody.vn/ho-chi-minh/beefsteak-titi
"67/4/118 Vũ Huy Tấn, Phường 1, Bình Thạnh, Thành phố Hồ Chí Minh ",10.7957055,106.6948808,Ti Ti French Restaurant (beafsteak),1900 996627 ,200000.0,"200,000",4.0,Tea Shop,https://www.google.com/maps/place/Ti+Ti+French+Restaurant+%28beafsteak%29/data=!4m7!3m6!1s0x317528c94fa69239:0x17044809903b726f!8m2!3d10.7957055!4d106.6948808!16s%2Fg%2F1tgft38k!19sChIJOZKmT8kodTERb3I7kAlIBBc?authuser=0&hl=en&rclk=1,https://www.foody.vn/ho-chi-minh/beefsteak-titi
"360 Đ. Phan Văn Trị, Phường 11, Bình Thạnh, Thành phố Hồ Chí Minh ",10.8218252,106.6937803,Areca Garden Restaurant,0901 449 557 ,null,,4.1,Restaurant,https://www.google.com/maps/place/Areca+Garden+Restaurant/data=!4m7!3m6!1s0x317528edfe9be909:0xf26d8955dfb14ac6!8m2!3d10.8218252!4d106.6937803!16s%2Fg%2F1ptyzkztw!19sChIJCemb_u0odTERxkqx31WJbfI?authuser=0&hl=en&rclk=1,http://www.vuoncau.com/
"TTTM Vincom 12, Đ. Phan Văn Trị, Phường 1, Gò Vấp, Thành phố Hồ Chí Minh 75000 ",10.8290716,106.6852256,Haidilao HotPot,0816 000 015 ,null,,4.9,Restaurant,https://www.google.com/maps/place/Haidilao+HotPot/data=!4m7!3m6!1s0x31752976ccb6e11b:0x2c7e99dc1e2c5a14!8m2!3d10.8290716!4d106.6852256!16s%2Fg%2F11pv096mr7!19sChIJG-G2zHYpdTERFFosHtyZfiw?authuser=0&hl=en&rclk=1,https://www.facebook.com/share/1B5ffTVT3R/?mibextid=wwXIfr
"491 Đ. Phạm Văn Đồng, Phường 13, Bình Thạnh, Thành phố Hồ Chí Minh ",10.8228313,106.702094,JOKUL BBQ,0907 351 565 ,null,,4.2,Restaurant,https://www.google.com/maps/place/JOKUL+BBQ/data=!4m7!3m6!1s0x3175288da22a9763:0x5d8cb98191482916!8m2!3d10.8228313!4d106.702094!16s%2Fg%2F11gdkr4brh!19sChIJY5cqoo0odTERFilIkYG5jF0?authuser=0&hl=en&rclk=1,
"225 Phan Xích Long, Phường 2, Phú Nhuận, Thành phố Hồ Chí Minh ",10.7988558,106.6861182,BÚN CHẢ PHỐ CỔ,0984 327 595 ,100000.0,"100,000",4.1,Restaurant,https://www.google.com/maps/place/B%C3%9AN+CH%E1%BA%A2+PH%E1%BB%90+C%E1%BB%94/data=!4m7!3m6!1s0x317528d04423d8cd:0x14c28983e57de3b8!8m2!3d10.7988558!4d106.6861182!16s%2Fg%2F11c5s9q429!19sChIJzdgjRNAodTERuON95YOJwhQ?authuser=0&hl=en&rclk=1,http://facebook.com/bunchaphoco
"778/2 Nguyễn Kiệm, Phường 3, Đức Nhuận, Thành phố Hồ Chí Minh ",10.8114459,106.6789748,Nhà Hàng Chay Hương Sen,028 3503 9857 ,200000.0,"200,000",4.4,Vegetarian,https://www.google.com/maps/place/Nh%C3%A0+H%C3%A0ng+Chay+H%C6%B0%C6%A1ng+Sen/data=!4m7!3m6!1s0x317528d873be0b65:0x9807f3caf14cabe2!8m2!3d10.8114459!4d106.6789748!16s%2Fg%2F1td1yrfm!19sChIJZQu-c9godTER4qtM8crzB5g?authuser=0&hl=en&rclk=1,https://nhahangchayhuongsen.vn/
"453 Đ. Phạm Văn Đồng, Phường 13, Bình Thạnh, Thành phố Hồ Chí Minh 70000 ",10.822623,106.7004259,Quán ăn sân vườn Vườn xoài,028 3553 1737 ,300000.0,"300,000",3.9,Restaurant,https://www.google.com/maps/place/Qu%C3%A1n+%C4%83n+s%C3%A2n+v%C6%B0%E1%BB%9Dn+V%C6%B0%E1%BB%9Dn+xo%C3%A0i/data=!4m7!3m6!1s0x317528980137721f:0xa626a4fa0eac2177!8m2!3d10.822623!4d106.7004259!16s%2Fg%2F11dxqfjtvr!19sChIJH3I3AZgodTERdyGsDvqkJqY?authuser=0&hl=en&rclk=1,
"106 Đ. Phùng Văn Cung, Phường 7, Phú Nhuận, Thành phố Hồ Chí Minh ",10.8027784,106.6847571,"Quán Ốc Quỳnh 106A Phùng Văn Cung, F7, Q",0937 857 185 ,200000.0,"200,000",4.2,Restaurant,"https://www.google.com/maps/place/Qu%C3%A1n+%E1%BB%90c+Qu%E1%BB%B3nh+106A+Ph%C3%B9ng+V%C4%83n+Cung,+F7,+Q.Ph%C3%BA+Nhu%E1%BA%ADn/data=!4m7!3m6!1s0x317528da51216bb3:0xce88e332e9861039!8m2!3d10.8027784!4d106.6847571!16s%2Fg%2F11b6dgc1vw!19sChIJs2shUdoodTERORCG6TLjiM4?authuser=0&hl=en&rclk=1",https://www.foody.vn/ho-chi-minh/oc-quynh-phung-van-cung
"19 Đ. Phạm Ngũ Lão, Phường 3, Gò Vấp, Thành phố Hồ Chí Minh ",10.8213696,106.6827474,Lẩu Gà Ớt Hiểm 109,1900 292949 ,null,,4.0,Restaurant,https://www.google.com/maps/place/L%E1%BA%A9u+G%C3%A0+%E1%BB%9At+Hi%E1%BB%83m+109/data=!4m7!3m6!1s0x317528e48e8c8adf:0x758c0d20b69fea9c!8m2!3d10.8213696!4d106.6827474!16s%2Fg%2F11dzts954p!19sChIJ34qMjuQodTERnOqftiANjHU?authuser=0&hl=en&rclk=1,http://lauga109.com/
"Hẻm 283 Xô Viết Nghệ Tĩnh, Phường 2, Bình Thạnh, Thành phố Hồ Chí Minh ",10.802395,106.711155,Cháo Trắng Hàng Xanh,0901 366 339 ,100000.0,"100,000",4.2,Restaurant,https://www.google.com/maps/place/Ch%C3%A1o+Tr%E1%BA%AFng+H%C3%A0ng+Xanh/data=!4m7!3m6!1s0x317529e19ef6b10b:0xac3f12912e8e93d0!8m2!3d10.802395!4d106.711155!16s%2Fg%2F11gtzfrv75!19sChIJC7H2nuEpdTER0JOOLpESP6w?authuser=0&hl=en&rclk=1,
"1B Đ. Hoa Cau, Phường 7, Phú Nhuận, Thành phố Hồ Chí Minh 700000 ",10.7996265,106.6876635,"Quán Ăn Huế 3 Mẹt: Bánh Bèo Nậm Lọc, Cơm Bún Hến, Hến Xúc Bánh Đa, Nem Chả Huế",0394 930 868 ,null,,4.4,Bakery,"https://www.google.com/maps/place/Qu%C3%A1n+%C4%82n+Hu%E1%BA%BF+3+M%E1%BA%B9t:+B%C3%A1nh+B%C3%A8o+N%E1%BA%ADm+L%E1%BB%8Dc,+C%C6%A1m+B%C3%BAn+H%E1%BA%BFn,+H%E1%BA%BFn+X%C3%BAc+B%C3%A1nh+%C4%90a,+Nem+Ch%E1%BA%A3+Hu%E1%BA%BF/data=!4m7!3m6!1s0x317529108bed9721:0x3905a6d1d90f8e36!8m2!3d10.7996265!4d106.6876635!16s%2Fg%2F11tmrwklmm!19sChIJIZftixApdTERNo4P2dGmBTk?authuser=0&hl=en&rclk=1",https://www.facebook.com/banhbeo3met
"140/13 Đ. Trần Huy Liệu, Phường 15, Phú Nhuận, Thành phố Hồ Chí Minh ",10.7978043,106.6781373,Lau Mam 140 Restaurant,028 3844 4484 ,200000.0,"200,000",4.4,Restaurant,https://www.google.com/maps/place/Lau+Mam+140+Restaurant/data=!4m7!3m6!1s0x317528d6383daed5:0x326e03bf01698f3b!8m2!3d10.7978043!4d106.6781373!16s%2Fg%2F1v3hxghl!19sChIJ1a49ONYodTERO49pAb8DbjI?authuser=0&hl=en&rclk=1,https://www.foody.vn/ho-chi-minh/lau-mam-140
"364 Đ. Phan Văn Trị, Phường 5, Gò Vấp, Thành phố Hồ Chí Minh 70000 ",10.817206,106.6842544,Panda Phan Văn Trị,1900 4604 ,null,,4.9,Restaurant,https://www.google.com/maps/place/Panda+Phan+V%C4%83n+Tr%E1%BB%8B/data=!4m7!3m6!1s0x310b6b683c755d1d:0x32052f33caecdee5!8m2!3d10.817206!4d106.6842544!16s%2Fg%2F11rx3nmxl8!19sChIJHV11PGhrCzER5d7syjMvBTI?authuser=0&hl=en&rclk=1,https://m.facebook.com/PandaBBQpage/
"39A Trần Khắc Chân, Phường 15, Phú Nhuận, Thành phố Hồ Chí Minh 700000 ",10.7985282,106.6789952,Ráng Chiều Rooftop,0367 778 478 ,null,,4.9,Restaurant,https://www.google.com/maps/place/R%C3%A1ng+Chi%E1%BB%81u+Rooftop/data=!4m7!3m6!1s0x317529ddf4f19253:0x12af982c9d78772b!8m2!3d10.7985282!4d106.6789952!16s%2Fg%2F11mvf41_yw!19sChIJU5Lx9N0pdTERK3d4nSyYrxI?authuser=0&hl=en&rclk=1,https://rangchieurooftop.vn/
"358 Phan Xích Long, Phường 2, Phú Nhuận, Thành phố Hồ Chí Minh ",10.7994623,106.6860745,Quán Chay LÁ BỒ ĐỀ - Quán chay Phan Xích Long Phú Nhuận,0908 674 925 ,100000.0,"100,000",4.2,Vegetarian,https://www.google.com/maps/place/Qu%C3%A1n+Chay+L%C3%81+B%E1%BB%92+%C4%90%E1%BB%80+-+Qu%C3%A1n+chay+Phan+X%C3%ADch+Long+Ph%C3%BA+Nhu%E1%BA%ADn/data=!4m7!3m6!1s0x3175295907f4308f:0xdbff1446acc4fc02!8m2!3d10.7994623!4d106.6860745!16s%2Fg%2F11ght9jww3!19sChIJjzD0B1kpdTERAvzErEYU_9s?authuser=0&hl=en&rclk=1,
"55/5 Đ. Nguyễn Văn Công, Phường 3, Gò Vấp, Thành phố Hồ Chí Minh ",10.8238868,106.6774516,Ốc Chánh,,200000.0,"200,000",4.1,Restaurant,https://www.google.com/maps/place/%E1%BB%90c+Ch%C3%A1nh/data=!4m7!3m6!1s0x317528fd466d8ab7:0xefdd22fad7a4295a!8m2!3d10.8238868!4d106.6774516!16s%2Fg%2F11gbt832g6!19sChIJt4ptRv0odTERWimk1_oi3e8?authuser=0&hl=en&rclk=1,
"710 712-714 Nguyễn Kiệm, Phường 4, Phú Nhuận, Thành phố Hồ Chí Minh ",10.8072656,106.6785303,Bánh Canh Cua Cô Diệu,0903 061 287 ,100000.0,"100,000",3.8,Bakery,https://www.google.com/maps/place/B%C3%A1nh+Canh+Cua+C%C3%B4+Di%E1%BB%87u/data=!4m7!3m6!1s0x317528df3cabc90f:0xb8cfdf21fc62b51b!8m2!3d10.8072656!4d106.6785303!16s%2Fg%2F11dxbqj14_!19sChIJD8mrPN8odTERG7Vi_CHfz7g?authuser=0&hl=en&rclk=1,
"375 Lê Quang Định, Phường 5, Bình Thạnh, Thành phố Hồ Chí Minh ",10.813153,106.6896733,BÚN MẮM 444,0903 903 338 ,null,,4.2,Restaurant,https://www.google.com/maps/place/B%C3%9AN+M%E1%BA%AEM+444/data=!4m7!3m6!1s0x317528e846ca0181:0x5da74871d358a577!8m2!3d10.813153!4d106.6896733!16s%2Fg%2F1hc9gy52r!19sChIJgQHKRugodTERd6VY03FIp10?authuser=0&hl=en&rclk=1,http://bunmam444.vn/
"246 Đ. Nguyễn Thái Sơn, Phường 1, Gò Vấp, Thành phố Hồ Chí Minh 71408 ",10.8208216,106.6840864,LẨU CÁ HỦ TIẾU NAM VANG 258 | LẨU CÁ NGON GÒ VẤP | HỦ TIẾU NGON GÒ VẤP,0933 031 439 ,null,,3.5,Restaurant,https://www.google.com/maps/place/L%E1%BA%A8U+C%C3%81+H%E1%BB%A6+TI%E1%BA%BEU+NAM+VANG+258+%7C+L%E1%BA%A8U+C%C3%81+NGON+G%C3%92+V%E1%BA%A4P+%7C+H%E1%BB%A6+TI%E1%BA%BEU+NGON+G%C3%92+V%E1%BA%A4P/data=!4m7!3m6!1s0x317529f6cc1a3417:0xc3f6bc6373b7ffe7!8m2!3d10.8208216!4d106.6840864!16s%2Fg%2F11rd85z159!19sChIJFzQazPYpdTER5_-3c2O89sM?authuser=0&hl=en&rclk=1,http://laucahutieunamvang258.com/
"164 Đ. Nguyễn Văn Lượng, Phường 17, Gò Vấp, Thành phố Hồ Chí Minh 70000 ",10.8386655,106.6769539,"Ô KÊ Quán - Lẩu Gà Lá É - 164 Nguyễn Văn Lượng, P17, Gò Vấp",0898 387 654 ,200000.0,"200,000",4.2,Restaurant,"https://www.google.com/maps/place/%C3%94+K%C3%8A+Qu%C3%A1n+-+L%E1%BA%A9u+G%C3%A0+L%C3%A1+%C3%89+-+164+Nguy%E1%BB%85n+V%C4%83n+L%C6%B0%E1%BB%A3ng,+P17,+G%C3%B2+V%E1%BA%A5p/data=!4m7!3m6!1s0x317529557bc8a359:0x89a5b0a3815a37b!8m2!3d10.8386655!4d106.6769539!16s%2Fg%2F11fndcc1g9!19sChIJWaPIe1UpdTERe6MVOApbmgg?authuser=0&hl=en&rclk=1",https://www.facebook.com/laugaoke
"55/5 Đ. Nguyễn Văn Công, Phường 3, Gò Vấp, Thành phố Hồ Chí Minh ",10.8238868,106.6774516,Ốc Chánh,,200000.0,"200,000",4.1,Restaurant,https://www.google.com/maps/place/%E1%BB%90c+Ch%C3%A1nh/data=!4m7!3m6!1s0x317528fd466d8ab7:0xefdd22fad7a4295a!8m2!3d10.8238868!4d106.6774516!16s%2Fg%2F11gbt832g6!19sChIJt4ptRv0odTERWimk1_oi3e8?authuser=0&hl=en&rclk=1,
"205 Phan Xích Long, Phường 2, Phú Nhuận, Thành phố Hồ Chí Minh ",10.7986559,106.6870553,King BBQ Phan Xích Long,028 3517 0199 ,500000.0,"500,000",4.6,Restaurant,https://www.google.com/maps/place/King+BBQ+Phan+X%C3%ADch+Long/data=!4m7!3m6!1s0x317528d0414c79ff:0x6c9952d5386ec134!8m2!3d10.7986559!4d106.6870553!16s%2Fg%2F11c2y8ntwl!19sChIJ_3lMQdAodTERNMFuONVSmWw?authuser=0&hl=en&rclk=1,https://kingbbq.vn/
"100 Đ. Trần Huy Liệu, Phường 15, Phú Nhuận, Thành phố Hồ Chí Minh ",10.7961989,106.6777842,RÊU Green Kitchen,028 6272 3066 ,200000.0,"200,000",4.7,Restaurant,https://www.google.com/maps/place/R%C3%8AU+Green+Kitchen/data=!4m7!3m6!1s0x3175296653ff02d9:0xa149c78dc95697b0!8m2!3d10.7961989!4d106.6777842!16s%2Fg%2F11t7lxygjr!19sChIJ2QL_U2YpdTERsJdWyY3HSaE?authuser=0&hl=en&rclk=1,
"32 Hoa Mai, Phường 2, Phú Nhuận, Thành phố Hồ Chí Minh ",10.7975681,106.6869309,Restaurant Hoàng Ty,1900 0091 ,null,,4.2,Restaurant,https://www.google.com/maps/place/Restaurant+Ho%C3%A0ng+Ty/data=!4m7!3m6!1s0x31752980ca8177b5:0xa45131f1e073289b!8m2!3d10.7975681!4d106.6869309!16s%2Fg%2F11h818z3yh!19sChIJtXeByoApdTERmyhz4PExUaQ?authuser=0&hl=en&rclk=1,https://hoangty.vn/
"516 Lê Quang Định, Phường 1, Thành phố Hồ Chí Minh, 70000 ",10.8153939,106.6890342,"Bò Tơ Nhân Phát - 516 Lê Quang Định, P",0888 350 325 ,400000.0,"400,000",4.6,Restaurant,"https://www.google.com/maps/place/B%C3%B2+T%C6%A1+Nh%C3%A2n+Ph%C3%A1t+-+516+L%C3%AA+Quang+%C4%90%E1%BB%8Bnh,+P.1,+Q.G%C3%B2+V%E1%BA%A5p/data=!4m7!3m6!1s0x317529fb6b15c1ad:0xd6497fdeca870727!8m2!3d10.8153939!4d106.6890342!16s%2Fg%2F11g2xd_3zq!19sChIJrcEVa_spdTERJweHyt5_SdY?authuser=0&hl=en&rclk=1",https://botonhanphat.vn/
"164 Đ. Nguyễn Văn Lượng, Phường 17, Gò Vấp, Thành phố Hồ Chí Minh 70000 ",10.8386655,106.6769539,"Ô KÊ Quán - Lẩu Gà Lá É - 164 Nguyễn Văn Lượng, P17, Gò Vấp",0898 387 654 ,200000.0,"200,000",4.2,Restaurant,"https://www.google.com/maps/place/%C3%94+K%C3%8A+Qu%C3%A1n+-+L%E1%BA%A9u+G%C3%A0+L%C3%A1+%C3%89+-+164+Nguy%E1%BB%85n+V%C4%83n+L%C6%B0%E1%BB%A3ng,+P17,+G%C3%B2+V%E1%BA%A5p/data=!4m7!3m6!1s0x317529557bc8a359:0x89a5b0a3815a37b!8m2!3d10.8386655!4d106.6769539!16s%2Fg%2F11fndcc1g9!19sChIJWaPIe1UpdTERe6MVOApbmgg?authuser=0&hl=en&rclk=1",https://www.facebook.com/laugaoke
"409 Lê Quang Định, Phường 5, Bình Thạnh, Thành phố Hồ Chí Minh ",10.8143921,106.6895622,Quán Cơm Tấm Cây Khế 5,0938 418 880 ,100000.0,"100,000",3.9,Restaurant,https://www.google.com/maps/place/Qu%C3%A1n+C%C6%A1m+T%E1%BA%A5m+C%C3%A2y+Kh%E1%BA%BF+5/data=!4m7!3m6!1s0x317528e85e51e2d1:0x5bad6bb39a7a3ed1!8m2!3d10.8143921!4d106.6895622!16s%2Fg%2F11xfjyqns!19sChIJ0eJRXugodTER0T56mrNrrVs?authuser=0&hl=en&rclk=1,
"Vincom plaza, L4-05, 12 Đ. Phan Văn Trị, Phường 5, Gò Vấp, Thành phố Hồ Chí Minh 00000 ",10.8268832,106.6890728,Dookki Vincom Phan Văn Trị,028 3636 1440 ,200000.0,"200,000",4.5,Restaurant,https://www.google.com/maps/place/Dookki+Vincom+Phan+V%C4%83n+Tr%E1%BB%8B/data=!4m7!3m6!1s0x3175293b17cffaa9:0x3cba57cfae794135!8m2!3d10.8268832!4d106.6890728!16s%2Fg%2F11h4qnb1jp!19sChIJqfrPFzspdTERNUF5rs9Xujw?authuser=0&hl=en&rclk=1,https://dookkivietnam.vn/
"KDC, 48 Đường số 1, Cityland Center Hills, Gò Vấp, Thành phố Hồ Chí Minh ",10.828222,106.6798706,Bắp bò Phương,0907 889 632 ,200000.0,"200,000",3.7,Restaurant,https://www.google.com/maps/place/B%E1%BA%AFp+b%C3%B2+Ph%C6%B0%C6%A1ng/data=!4m7!3m6!1s0x31752903d9cd7087:0x84f3e54e5e09d0d1!8m2!3d10.828222!4d106.6798706!16s%2Fg%2F11hzsts_53!19sChIJh3DN2QMpdTER0dAJXk7l84Q?authuser=0&hl=en&rclk=1,
"244 Đ. Vạn Kiếp, Phường 1, Bình Thạnh, Thành phố Hồ Chí Minh ",10.7964964,106.6938307,Cơm cháy kho quẹt,0973 013 108 ,100000.0,"100,000",4.5,Restaurant,https://www.google.com/maps/place/C%C6%A1m+ch%C3%A1y+kho+qu%E1%BA%B9t/data=!4m7!3m6!1s0x317529a61c4bd64f:0x6b86df829c2da398!8m2!3d10.7964964!4d106.6938307!16s%2Fg%2F11kfq24jg0!19sChIJT9ZLHKYpdTERmKMtnILfhms?authuser=0&hl=en&rclk=1,
"430 Phan Xích Long, Phường 2, Phú Nhuận, Thành phố Hồ Chí Minh ",10.8004915,106.6845207,Com Chay 27 - Vegetarian Restaurant,0921 967 231 ,null,,4.2,Vegetarian,https://www.google.com/maps/place/Com+Chay+27+-+Vegetarian+Restaurant/data=!4m7!3m6!1s0x317528d084c32485:0x818411e70c162421!8m2!3d10.8004915!4d106.6845207!16s%2Fg%2F1tsjb4m3!19sChIJhSTDhNAodTERISQWDOcRhIE?authuser=0&hl=en&rclk=1,https://www.facebook.com/share/QkUEVS5E97ufb59K/?mibextid=wwXIfr
"213 Xô Viết Nghệ Tĩnh, Phường 17, Bình Thạnh, Thành phố Hồ Chí Minh ",10.7998581,106.7109979,Nhan Ngai Bread,028 6686 6466 ,100000.0,"100,000",4.4,Restaurant,https://www.google.com/maps/place/Nhan+Ngai+Bread/data=!4m7!3m6!1s0x317528b3d6810543:0x4627b5aef257a0c4!8m2!3d10.7998581!4d106.7109979!16s%2Fg%2F11bx9qx_t7!19sChIJQwWB1rModTERxKBX8q61J0Y?authuser=0&hl=en&rclk=1,
"330 Nguyễn Oanh, Phường 17, Gò Vấp, Thành phố Hồ Chí Minh 70000 ",10.8402055,106.6761769,Quán Ăn Lẩu Dê Đoàn Râu,0908 150 882 ,200000.0,"200,000",4.0,Restaurant,https://www.google.com/maps/place/Qu%C3%A1n+%C4%82n+L%E1%BA%A9u+D%C3%AA+%C4%90o%C3%A0n+R%C3%A2u/data=!4m7!3m6!1s0x317529acb2711e49:0xefe9f7b062dc2a50!8m2!3d10.8402055!4d106.6761769!16s%2Fg%2F1hc0x8qs0!19sChIJSR5xsqwpdTERUCrcYrD36e8?authuser=0&hl=en&rclk=1,
"137 Dương Quảng Hàm phường 5 Gò Vấp TP>HCM, Thành phố Hồ Chí Minh, 727010 ",10.8339388,106.6844606,CƠM GÀ XỐI MỠ HAIANHEM,0908 064 346 ,100000.0,"100,000",4.8,Restaurant,https://www.google.com/maps/place/C%C6%A0M+G%C3%80+X%E1%BB%90I+M%E1%BB%A0+HAIANHEM/data=!4m7!3m6!1s0x317529aa45d52753:0xa9380111aba7693f!8m2!3d10.8339388!4d106.6844606!16s%2Fg%2F11q3lkybj8!19sChIJUyfVRaopdTERP2mnqxEBOKk?authuser=0&hl=en&rclk=1,
"40/55 Đ. Lê Thị Hồng, Phường 1, Gò Vấp, Thành phố Hồ Chí Minh 700000 ",10.8342581,106.6795648,BÚN ĐẬU HOÀNG ANH,0328 696 929 ,null,,4.0,Restaurant,https://www.google.com/maps/place/B%C3%9AN+%C4%90%E1%BA%ACU+HO%C3%80NG+ANH/data=!4m7!3m6!1s0x317529eca983d0e7:0x10dd9c8f75e5be14!8m2!3d10.8342581!4d106.6795648!16s%2Fg%2F11pc4z0r9b!19sChIJ59CDqewpdTERFL7ldY-c3RA?authuser=0&hl=en&rclk=1,
"28 Đ. Phan Văn Trị, Phường 12, Bình Thạnh, Thành phố Hồ Chí Minh 700000 ",10.8068515,106.6978595,Phở Hương Bình,0907 428 711 ,100000.0,"100,000",4.6,Restaurant,https://www.google.com/maps/place/Ph%E1%BB%9F+H%C6%B0%C6%A1ng+B%C3%ACnh/data=!4m7!3m6!1s0x317528ea7f004167:0xa741369df8bb4c08!8m2!3d10.8068515!4d106.6978595!16s%2Fg%2F11g02gg8h2!19sChIJZ0EAf-oodTERCEy7-J02Qac?authuser=0&hl=en&rclk=1,
"Hẻm 277 Xô Viết Nghệ Tĩnh, Phường 2, Bình Thạnh, Thành phố Hồ Chí Minh ",10.8022622,106.7112039,Cháo trắng Lá Dứa Thanh Bình,,100000.0,"100,000",4.1,Restaurant,https://www.google.com/maps/place/Ch%C3%A1o+tr%E1%BA%AFng+L%C3%A1+D%E1%BB%A9a+Thanh+B%C3%ACnh/data=!4m7!3m6!1s0x317528bb2a1eb411:0x330cd5d9ab49be72!8m2!3d10.8022622!4d106.7112039!16s%2Fg%2F11bwgwfpzy!19sChIJEbQeKrsodTERcr5Jq9nVDDM?authuser=0&hl=en&rclk=1,
"302 Nguyễn Văn Đậu, Phường 11, Bình Thạnh, Thành phố Hồ Chí Minh 70000 ",10.8146917,106.6943707,Trăng Non Rooftop,0867 079 422 ,100000.0,"100,000",4.9,Restaurant,https://www.google.com/maps/place/Tr%C4%83ng+Non+Rooftop/data=!4m7!3m6!1s0x317529eb9caaa5d7:0x66c65091c8d9552f!8m2!3d10.8146917!4d106.6943707!16s%2Fg%2F11j6g_c8ws!19sChIJ16WqnOspdTERL1XZyJFQxmY?authuser=0&hl=en&rclk=1,https://trangnonrooftop.vn/
"69 Đường Trương Công Định, Phường 1, Đà Lạt, Lâm Đồng 670000 ",11.9444111,108.4342649,Restaurant Drinkery,0263 3900 000 ,300000.0,"300,000",4.8,Restaurant,https://www.google.com/maps/place/Restaurant+Drinkery/data=!4m7!3m6!1s0x3171130031fde46f:0xdbcf02a3f93214bd!8m2!3d11.9444111!4d108.4342649!16s%2Fg%2F11y2k7v256!19sChIJb-T9MQATcTERvRQy-aMCz9s?authuser=0&hl=en&rclk=1,https://drinkery.vn/
"38 Đường Tăng Bạt Hổ, Phường 1, Đà Lạt, Lâm Đồng 66100 ",11.9442842,108.4348971,Tiệm ăn Đà Lạt Phố - Restaurant,0327 606 839 ,200000.0,"200,000",4.8,Restaurant,https://www.google.com/maps/place/Ti%E1%BB%87m+%C4%83n+%C4%90%C3%A0+L%E1%BA%A1t+Ph%E1%BB%91+-+Restaurant/data=!4m7!3m6!1s0x3171138e19ed3533:0x11573ccdc6e2a9cd!8m2!3d11.9442842!4d108.4348971!16s%2Fg%2F11sv8bcqk6!19sChIJMzXtGY4TcTERzanixs08VxE?authuser=0&hl=en&rclk=1,https://vietchallenge.com/restaurant
"01 Đường Hà Huy Tập, Phường 3, Đà Lạt, Lâm Đồng ",11.9365756,108.4411566,Moon Dining,0901 516 188 ,null,,4.9,Restaurant,https://www.google.com/maps/place/Moon+Dining/data=!4m7!3m6!1s0x31711395d505b96b:0x9effd2f7c512664b!8m2!3d11.9365756!4d108.4411566!16s%2Fg%2F11h75_w7yc!19sChIJa7kF1ZUTcTERS2YSxffS_54?authuser=0&hl=en&rclk=1,https://m.facebook.com/Moondining/
"156 Đường Phạm Ngọc Thạch, Phường 6, Đà Lạt, Lâm Đồng ",11.9477289,108.4320512,Chef's Dalat,0919 069 314 ,null,,4.7,Restaurant,https://www.google.com/maps/place/Chef%27s+Dalat/data=!4m7!3m6!1s0x3171135cd246c135:0x66b188bfbb5d4347!8m2!3d11.9477289!4d108.4320512!16s%2Fg%2F11hzqhrmvh!19sChIJNcFG0lwTcTERR0Ndu7-IsWY?authuser=0&hl=en&rclk=1,http://chefsdalat.com/
"5 Đường Lý Tự Trọng, Phường 2, Đà Lạt, Lâm Đồng 670000 ",11.9445092,108.4391796,Now Restaurant - Nhà hàng Cơm Niêu - Lẩu Gia Đình Ngon Dalat (- Best food),0984 108 668 ,null,,4.8,Restaurant,https://www.google.com/maps/place/Now+Restaurant+-+Nh%C3%A0+h%C3%A0ng+C%C6%A1m+Ni%C3%AAu+-+L%E1%BA%A9u+Gia+%C4%90%C3%ACnh+Ngon+Dalat+%28-+Best+food%29/data=!4m7!3m6!1s0x317113a7a74e6d6d:0x3b4d751697992fd6!8m2!3d11.9445092!4d108.4391796!16s%2Fg%2F11sw44cz7q!19sChIJbW1Op6cTcTER1i-ZlxZ1TTs?authuser=0&hl=en&rclk=1,
"87 Đường An Dương Vương, Phường 2, Đà Lạt, Lâm Đồng 671656 ",11.9547381,108.4356343,Le Alpi- Da Lat restaurant,0818 760 210 ,null,,4.9,Restaurant,https://www.google.com/maps/place/Le+Alpi-+Da+Lat+restaurant/data=!4m7!3m6!1s0x3171131f079a23ef:0x95a025ed9311828!8m2!3d11.9547381!4d108.4356343!16s%2Fg%2F11kxqfx_nt!19sChIJ7yOaBx8TcTERKBgx2V4CWgk?authuser=0&hl=en&rclk=1,http://lealpi-dalat.com/?utm_source=gmb&utm_medium=referral
"211 Phan Đình Phùng, Phường 2, Đà Lạt, Lâm Đồng 670000 ",11.9471866,108.4354851,Trang's Cookery Restaurant,0972 897 227 ,200000.0,"200,000",4.7,Restaurant,https://www.google.com/maps/place/Trang%27s+Cookery+Restaurant/data=!4m7!3m6!1s0x317113c9a56c4ca5:0x51fd6da571518b42!8m2!3d11.9471866!4d108.4354851!16s%2Fg%2F11f61gv9b1!19sChIJpUxspckTcTERQotRcaVt_VE?authuser=0&hl=en&rclk=1,
"10 Khu Hoà Bình, Phường 1, Đà Lạt, Lâm Đồng ",11.9440453,108.4358175,AUSSIE BURGER,0389 557 267 ,200000.0,"200,000",4.6,Restaurant,https://www.google.com/maps/place/AUSSIE+BURGER/data=!4m7!3m6!1s0x317113991b4572b1:0xe6e4309167865795!8m2!3d11.9440453!4d108.4358175!16s%2Fg%2F11hzk5b70n!19sChIJsXJFG5kTcTERlVeGZ5Ew5OY?authuser=0&hl=en&rclk=1,
"4 Đường Lương Thế Vinh, Phường 3, Đà Lạt, Lâm Đồng ",11.9338509,108.4412199,Từ Sen vegetarian and cafe Đà Lạt,0911 262 545 ,100000.0,"100,000",4.9,Vegetarian,https://www.google.com/maps/place/T%E1%BB%AB+Sen+vegetarian+and+cafe+%C4%90%C3%A0+L%E1%BA%A1t/data=!4m7!3m6!1s0x317113e5ae547325:0xe690f28b3b483cb1!8m2!3d11.9338509!4d108.4412199!16s%2Fg%2F11s_vssn43!19sChIJJXNUruUTcTERsTxIO4vykOY?authuser=0&hl=en&rclk=1,
"7 Ankroet, Phường 7, Đà Lạt, Lâm Đồng 66000 ",11.9725967,108.4191849,DALAT EDEN Cafe & Restaurant,0931 725 559 ,null,,,Coffee Shop,https://www.google.com/maps/place/DALAT+EDEN+Cafe+%26+Restaurant/data=!4m7!3m6!1s0x31716d426dd6d2c9:0x4145b89aa6ded409!8m2!3d11.9725967!4d108.4191849!16s%2Fg%2F11rw7m132b!19sChIJydLWbUJtcTERCdTeppq4RUE?authuser=0&hl=en&rclk=1,https://www.facebook.com/DALATEDEN.restaurant
"40 Phan Như Thạch, Phường 1, Đà Lạt, Lâm Đồng ",11.9411969,108.4337173,chéo (Food and Drink Restaurant),0905 090 085 ,null,,,Restaurant,https://www.google.com/maps/place/ch%C3%A9o+%28Food+and+Drink+Restaurant%29/data=!4m7!3m6!1s0x3171139db3547105:0xb242eb76b6c5587a!8m2!3d11.9411969!4d108.4337173!16s%2Fg%2F11q5811rrb!19sChIJBXFUs50TcTEReljFtnbrQrI?authuser=0&hl=en&rclk=1,
"36 Đường Bà Triệu, Phường 3, Đà Lạt, Lâm Đồng ",11.9373286,108.433532,Carrot Restaurant - Món Âu ngon Đà Lạt,0358 822 422 ,null,,,Restaurant,https://www.google.com/maps/place/Carrot+Restaurant+-+M%C3%B3n+%C3%82u+ngon+%C4%90%C3%A0+L%E1%BA%A1t/data=!4m7!3m6!1s0x317113f9419e0125:0xe6164df5bf3381d7!8m2!3d11.9373286!4d108.433532!16s%2Fg%2F11gnp6v4hy!19sChIJJQGeQfkTcTER14Ezv_VNFuY?authuser=0&hl=en&rclk=1,https://www.facebook.com/Carotrestaurant/
"124 / 1 Phan Đình Phùng, Phường 2, Đà Lạt, Lâm Đồng 66109 ",11.9465977,108.4352397,Artist Alley restaurant,0941 662 207 ,null,,,Restaurant,https://www.google.com/maps/place/Artist+Alley+restaurant/data=!4m7!3m6!1s0x31711329380b92f1:0xf1e80b258dc4c10a!8m2!3d11.9465977!4d108.4352397!16s%2Fg%2F11ckvdjq78!19sChIJ8ZILOCkTcTERCsHEjSUL6PE?authuser=0&hl=en&rclk=1,
"51 Đường Trương Công Định, Phường 1, Đà Lạt, Lâm Đồng ",11.9439496,108.434512,Goc ha thanh,0888 886 044 ,null,,,Restaurant,https://www.google.com/maps/place/Goc+ha+thanh/data=!4m7!3m6!1s0x317113294b216aa5:0xaca610d63e08ddc0!8m2!3d11.9439496!4d108.434512!16s%2Fg%2F11b682tmr6!19sChIJpWohSykTcTERwN0IPtYQpqw?authuser=0&hl=en&rclk=1,
"1 Đường Nguyễn Thị Minh Khai, Phường 1, Đà Lạt, Lâm Đồng 66110 ",11.9420821,108.4368321,Fungi Chingu Chợ Đêm - Quán nướng Hàn Quốc,,null,,,Restaurant,https://www.google.com/maps/place/Fungi+Chingu+Ch%E1%BB%A3+%C4%90%C3%AAm+-+Qu%C3%A1n+n%C6%B0%E1%BB%9Bng+H%C3%A0n+Qu%E1%BB%91c/data=!4m7!3m6!1s0x3171132f18ddef35:0x4b0ed19ab6389381!8m2!3d11.9420821!4d108.4368321!16s%2Fg%2F11bxdsnpwn!19sChIJNe_dGC8TcTERgZM4tprRDks?authuser=0&hl=en&rclk=1,https://www.facebook.com/fungichingu/
"102 Ba Tháng Hai, Phường 1, Đà Lạt, Lâm Đồng 670000 ",11.9416587,108.4334328,Blue Parrot Mexican Grill,0263 6558 686 ,null,,,Restaurant,https://www.google.com/maps/place/Blue+Parrot+Mexican+Grill/data=!4m7!3m6!1s0x317113247d4e09b1:0xabacee7cc1b8319d!8m2!3d11.9416587!4d108.4334328!16s%2Fg%2F11fl4b4sg6!19sChIJsQlOfSQTcTERnTG4wXzurKs?authuser=0&hl=en&rclk=1,https://blueparrotmexicangrill.com/
"19 Đường Bùi Thị Xuân, Phường 2, Đà Lạt, Lâm Đồng ",11.9443293,108.4398202,INDIAGATE INDIAN RESTAURANT 인도 레스토랑,0263 3677 779 ,null,,,Restaurant,https://www.google.com/maps/place/INDIAGATE+INDIAN+RESTAURANT+%EC%9D%B8%EB%8F%84+%EB%A0%88%EC%8A%A4%ED%86%A0%EB%9E%91/data=!4m7!3m6!1s0x3171133c00216a1b:0x825bdbd785d6e6b5!8m2!3d11.9443293!4d108.4398202!16s%2Fg%2F11j9cnkvjl!19sChIJG2ohADwTcTERtebWhdfbW4I?authuser=0&hl=en&rclk=1,https://www.facebook.com/India-Gate-Indian-Restaurant-112002533895097/
"39 Đường Trần Đại Nghĩa, Phường 8, Đà Lạt, Lâm Đồng ",11.972013,108.4515108,Tuk Tuk grilled chicken restaurant,0814 302 507 ,null,,,Restaurant,https://www.google.com/maps/place/Tuk+Tuk+grilled+chicken+restaurant/data=!4m7!3m6!1s0x3171136c0f7c971b:0x4ec74b273db2330f!8m2!3d11.972013!4d108.4515108!16s%2Fg%2F11j8wkdmpm!19sChIJG5d8D2wTcTERDzOyPSdLx04?authuser=0&hl=en&rclk=1,http://1phutdalat.vn/
"17 Đường Bùi Thị Xuân Phường 2 1/1, 17 Đường Bùi Thị Xuân, Đà Lạt, Lâm Đồng 660000 ",11.9442973,108.4398467,Vcafe Restaurant Dalat,0903 342 442 ,null,,,Coffee Shop,https://www.google.com/maps/place/Vcafe+Restaurant+Dalat/data=!4m7!3m6!1s0x31716cc8b904fc57:0x57ee8eb72f87c5f5!8m2!3d11.9442973!4d108.4398467!16s%2Fg%2F1tggl3pj!19sChIJV_wEuchscTER9cWHL7eO7lc?authuser=0&hl=en&rclk=1,https://www.facebook.com/vcafe.dalat?mibextid=LQQJ4d
"19/10 Đ. Đào Duy Từ, Phường 4, Đà Lạt, Lâm Đồng 67000 ",11.9350175,108.4347056,Yummy Noodle - Xào Chảo Trung Hoa Restaurant,0927 788 778 ,null,,,Restaurant,https://www.google.com/maps/place/Yummy+Noodle+-+X%C3%A0o+Ch%E1%BA%A3o+Trung+Hoa+Restaurant/data=!4m7!3m6!1s0x3171138137d4c73b:0x196795201a3f99bc!8m2!3d11.9350175!4d108.4347056!16s%2Fg%2F11wg8z_cp2!19sChIJO8fUN4ETcTERvJk_GiCVZxk?authuser=0&hl=en&rclk=1,
"7 Đ. Thủ Khoa Huân, Phường 1, Đà Lạt, Lâm Đồng 670000 ",11.9412523,108.433696,SHREE GANESHA INDIAN RESTAURANT,0913 927 840 ,null,,,Restaurant,https://www.google.com/maps/place/SHREE+GANESHA+INDIAN+RESTAURANT/data=!4m7!3m6!1s0x317113351b0174c5:0x1d78fc6877651bd3!8m2!3d11.9412523!4d108.433696!16s%2Fg%2F11k39txhst!19sChIJxXQBGzUTcTER0xtld2j8eB0?authuser=0&hl=en&rclk=1,
"119 Đường Phan Đình Phùng, Phường 1, Đà Lạt, Lâm Đồng ",11.9448503,108.4343426,"Restaurant Da Quy, Nhà Hàng Dã Quỳ",0263 3510 883 ,null,,,Restaurant,"https://www.google.com/maps/place/Restaurant+Da+Quy,+Nh%C3%A0+H%C3%A0ng+D%C3%A3+Qu%E1%BB%B3+.B%C3%B2+n%C3%A9+-+B%C3%A1nh+m%C3%AC+ch%E1%BA%A3o+D%C3%A3+Qu%E1%BB%B3/data=!4m7!3m6!1s0x31711361e2fd5181:0x914f6a4a922075ce!8m2!3d11.9448503!4d108.4343426!16s%2Fg%2F11l8pkg25v!19sChIJgVH94mETcTERznUgkkpqT5E?authuser=0&hl=en&rclk=1",
"54/4 Phan Đình Phùng, Phường 1, Đà Lạt, Lâm Đồng 650000 ",11.9435408,108.4344314,Gourmet Burger,0969 408 982 ,null,,,Restaurant,https://www.google.com/maps/place/Gourmet+Burger/data=!4m7!3m6!1s0x3171132eb22520af:0xd9c16f4665656f94!8m2!3d11.9435408!4d108.4344314!16s%2Fg%2F11gfh2frnx!19sChIJryAlsi4TcTERlG9lZUZvwdk?authuser=0&hl=en&rclk=1,
"46 Đường Tăng Bạt Hổ, Phường 1, Đà Lạt, Lâm Đồng ",11.944323,108.4348131,SAGAR INDIAN CUISINE ĐÀ LẠT (HALAL FOOD) 사가르 인도 레스토랑,0974 875 877 ,null,,,Restaurant,https://www.google.com/maps/place/SAGAR+INDIAN+CUISINE+%C4%90%C3%80+L%E1%BA%A0T+%28HALAL+FOOD%29+%EC%82%AC%EA%B0%80%EB%A5%B4+%EC%9D%B8%EB%8F%84+%EB%A0%88%EC%8A%A4%ED%86%A0%EB%9E%91/data=!4m7!3m6!1s0x317113626fd194cd:0x38d4810e74a2515a!8m2!3d11.944323!4d108.4348131!16s%2Fg%2F11vcsf8fm4!19sChIJzZTRb2ITcTERWlGidA6B1Dg?authuser=0&hl=en&rclk=1,
"135 Phan Đình Phùng, Phường 2, Đà Lạt, Lâm Đồng ",11.9455836,108.434629,nhu y Restaurant,,null,,,Restaurant,https://www.google.com/maps/place/nhu+y+Restaurant/data=!4m7!3m6!1s0x317113505481a9a1:0xee6295b2099b51f!8m2!3d11.9455836!4d108.434629!16s%2Fg%2F11hdykn63x!19sChIJoamBVFATcTERH7WZIFsp5g4?authuser=0&hl=en&rclk=1,
"17b Trần Hưng Đạo, Phường 10, Đà Lạt, Lâm Đồng 66100 ",11.9385245,108.4522944,Com Linh Restaurant,0933 929 234 ,200000.0,"200,000",4.9,Restaurant,https://www.google.com/maps/place/Com+Linh+Restaurant/data=!4m7!3m6!1s0x3171130018f9f945:0xfbb242709bff63b3!8m2!3d11.9385245!4d108.4522944!16s%2Fg%2F11lz4bv3mt!19sChIJRfn5GAATcTERs2P_m3BCsvs?authuser=0&hl=en&rclk=1,http://quancomlinhdalat.com/
"Golf Valley, Phường 2, Đà Lạt, Lâm Đồng 66109 ",11.9457901,108.4406112,Le Petit Dalat Restaurant,0911 979 838 ,null,,,Restaurant,https://www.google.com/maps/place/Le+Petit+Dalat+Restaurant/data=!4m7!3m6!1s0x317113ce8e5e79a5:0xd535dd02b154cb96!8m2!3d11.9457901!4d108.4406112!16s%2Fg%2F11jmxbh83d!19sChIJpXlejs4TcTERlstUsQLdNdU?authuser=0&hl=en&rclk=1,
"99 Đường Bùi Thị Xuân, Phường 2, Đà Lạt, Lâm Đồng 670000 ",11.9464079,108.4400569,Lẩu nấm buffet rau Hana Mushroom Restaurant,0907 110 711 ,null,,,Restaurant,https://www.google.com/maps/place/L%E1%BA%A9u+n%E1%BA%A5m+buffet+rau+Hana+Mushroom+Restaurant/data=!4m7!3m6!1s0x317113ffcac6be53:0x9f9dd5c0cca60ae7!8m2!3d11.9464079!4d108.4400569!16s%2Fg%2F11q9hn0w6_!19sChIJU77Gyv8TcTER5wqmzMDVnZ8?authuser=0&hl=en&rclk=1,http://hanafarm.com.vn/
"54/7 Phan Đình Phùng, Phường 1, Đà Lạt, Lâm Đồng ",11.9437904,108.434288,Primavera Italian Restaurant,0263 3582 018 ,null,,,Restaurant,https://www.google.com/maps/place/Primavera+Italian+Restaurant/data=!4m7!3m6!1s0x317113457a07c5fd:0xce55f5898d26971c!8m2!3d11.9437904!4d108.434288!16s%2Fg%2F11c46dlj0k!19sChIJ_cUHekUTcTERHJcmjYn1Vc4?authuser=0&hl=en&rclk=1,http://www.primaveradalat.com/
"The Western Hill HOTEL M 층, 135 Phan Đình Phùng, Phường 2, Đà Lạt, Lâm Đồng ",11.9453598,108.4345939,Hana Restaurant,0985 892 542 ,300000.0,"300,000",4.4,Restaurant,https://www.google.com/maps/place/Hana+Restaurant/data=!4m7!3m6!1s0x317113a63a11ff5b:0x3652cd19b801ea21!8m2!3d11.9453598!4d108.4345939!16s%2Fg%2F11fqxtrjwl!19sChIJW_8ROqYTcTERIeoBuBnNUjY?authuser=0&hl=en&rclk=1,
"Phường 2, Dalat, Lam Dong ",11.950419,108.4341584,Phuong Hoang Restaurant (Nhà Hàng Phượng Hoàng),0263 3822 773 ,null,,5.0,Restaurant,https://www.google.com/maps/place/Phuong+Hoang+Restaurant+%28Nh%C3%A0+H%C3%A0ng+Ph%C6%B0%E1%BB%A3ng+Ho%C3%A0ng%29/data=!4m7!3m6!1s0x317112d60e6e3f69:0x5f60ba499b09960a!8m2!3d11.950419!4d108.4341584!16s%2Fg%2F1td7qp8t!19sChIJaT9uDtYScTERCpYJm0m6YF8?authuser=0&hl=en&rclk=1,
"LÔ B1_ 18 KQH GOLF VALLEY, Phường 2, Đà Lạt, Lâm Đồng ",11.9457649,108.4411025,Chu BBQ restaurant,0912 016 892 ,300000.0,"300,000",3.7,Restaurant,https://www.google.com/maps/place/Chu+BBQ+restaurant/data=!4m7!3m6!1s0x31711331da5652e3:0xb0c709cab4627456!8m2!3d11.9457649!4d108.4411025!16s%2Fg%2F11byxfnpzb!19sChIJ41JW2jETcTERVnRitMoJx7A?authuser=0&hl=en&rclk=1,https://www.foody.vn/lam-dong/quan-nuong-chu
"34 Đ. Mạc Đĩnh Chi, Phường 5, Đà Lạt, Lâm Đồng 66000 ",11.9401428,108.4287541,전설의 짬뽕 달랏점 한국식당 - Champong Korean Restaurant Da Lat,0867 904 146 ,null,,4.5,Restaurant,https://www.google.com/maps/place/%EC%A0%84%EC%84%A4%EC%9D%98+%EC%A7%AC%EB%BD%95+%EB%8B%AC%EB%9E%8F%EC%A0%90+%ED%95%9C%EA%B5%AD%EC%8B%9D%EB%8B%B9+-+Champong+Korean+Restaurant+Da+Lat/data=!4m7!3m6!1s0x317113a7d05a3d13:0x588687dc4e0d4e80!8m2!3d11.9401428!4d108.4287541!16s%2Fg%2F11vq110nyh!19sChIJEz1a0KcTcTERgE4NTtyHhlg?authuser=0&hl=en&rclk=1,https://www.google.com/search?gs_ssp=eJzj4tVP1zc0zDHMTTE3LzczYLRSNagwNjQ3NDROTjJINDZPMTdJsjKoMDJMNbYwNDFKSU01MzUyN_RSLSkqrXy4uzFPoSQDyNi1v0QhOSMxtyA_L13hyMTDCxRyHu5aWAIAE84hBw&q=truy%E1%BB%81n+thuy%E1%BA%BFt+champong+%C4%91%C3%A0+l%E1%BA%A1t&oq=truye%E1%BB%81n+thuy%E1%BA%BFt&gs_lcrp=EgZjaHJvbWUqDwgFEC4YChivARjHARiABDIGCAAQRRg5MgkIARAAGAoYgAQyCAgCEAAYAxgKMggIAxAAGAMYCjIJCAQQABgKGIAEMg8IBRAuGAoYrwEYxwEYgAQyCQgGEAAYChiABDIICAcQABgDGAoyCQgIEAAYChiABDIJCAkQABgKGIAE0gEJNjk2NWowajE1qAIAsAIA&sourceid=chrome&ie=UTF-8
"7A Đ. Huỳnh Thúc Kháng, Phường 4, Đà Lạt, Lâm Đồng 670000 ",11.9352022,108.4301625,KALACÁ Restaurant,0263 3545 779 ,200000.0,"200,000",4.7,Restaurant,https://www.google.com/maps/place/KALAC%C3%81+Restaurant/data=!4m7!3m6!1s0x317113c6f53b5add:0x38b4214bb2dd7e17!8m2!3d11.9352022!4d108.4301625!16s%2Fg%2F11qq1n650h!19sChIJ3Vo79cYTcTERF37dskshtDg?authuser=0&hl=en&rclk=1,https://www.facebook.com/profile.php?id=100086114196465
"30 Đường Nguyên Tử Lực, Phường 8, Đà Lạt, Lâm Đồng 670000 ",11.957643,108.4515219,"Hana's Mushroom Restaurant-Lẩu nấm, buffet rau,BBQ& Coffee",0907 110 711 ,200000.0,"200,000",4.8,Coffee Shop,"https://www.google.com/maps/place/Hana%27s+Mushroom+Restaurant-L%E1%BA%A9u+n%E1%BA%A5m,+buffet+rau,BBQ%26+Coffee/data=!4m7!3m6!1s0x3171137906ca0787:0x40f0aa04779ae636!8m2!3d11.957643!4d108.4515219!16s%2Fg%2F11y24n1hnh!19sChIJhwfKBnkTcTERNuaadwSq8EA?authuser=0&hl=en&rclk=1",
"103 Đường Bùi Thị Xuân, Phường 2, Đà Lạt, Lâm Đồng ",11.9464735,108.4401194,MiMi Sushi & Pizza Restaurant,0902 693 669 ,200000.0,"200,000",4.7,Restaurant,https://www.google.com/maps/place/MiMi+Sushi+%26+Pizza+Restaurant/data=!4m7!3m6!1s0x317113d4bb0eb251:0x75820ba80229b391!8m2!3d11.9464735!4d108.4401194!16s%2Fg%2F11gy4dbqdq!19sChIJUbIOu9QTcTERkbMpAqgLgnU?authuser=0&hl=en&rclk=1,http://www.fb.com/mimisushipizza
"2 Đ. Trần Quốc Toản, Phường 4, Đà Lạt, Lâm Đồng ",11.9399966,108.4421115,Thuy Ta Restaurant,0263 3822 288 ,null,,4.0,Restaurant,https://www.google.com/maps/place/Thuy+Ta+Restaurant/data=!4m7!3m6!1s0x317113251c10219d:0x569fe8a20c753848!8m2!3d11.9399966!4d108.4421115!16s%2Fg%2F1vd92k_m!19sChIJnSEQHCUTcTERSDh1DKLon1Y?authuser=0&hl=en&rclk=1,http://www.dalattourist.com.vn/
"27/6 Yersin, Phường 10, Đà Lạt, Lâm Đồng ",11.9435021,108.4513805,Halal Restaurant Kampung Melayu,0933 357 633 ,100000.0,"100,000",4.2,Restaurant,https://www.google.com/maps/place/Halal+Restaurant+Kampung+Melayu/data=!4m7!3m6!1s0x317113b54bcc28d3:0x7684c0dbfee6ad9e!8m2!3d11.9435021!4d108.4513805!16s%2Fg%2F11t99r42nq!19sChIJ0yjMS7UTcTERnq3m_tvAhHY?authuser=0&hl=en&rclk=1,
"Le Soleil Boutique Hotel, 115 Đường Vạn Hạnh, Phường 8, Đà Lạt, Lâm Đồng 670000 ",11.964579,108.4436821,Cardinal Bistro_Wedding-Dalat,0385 640 057 ,null,,4.6,Restaurant,https://www.google.com/maps/place/Cardinal+Bistro_Wedding-Dalat/data=!4m7!3m6!1s0x317113194e7ab793:0x2ecfe0f4556e9f68!8m2!3d11.964579!4d108.4436821!16s%2Fg%2F11hdsq0tfw!19sChIJk7d6ThkTcTERaJ9uVfTgzy4?authuser=0&hl=en&rclk=1,
"139 Đường Phù Đổng Thiên Vương, Phường 8, Đà Lạt, Lâm Đồng ",11.96254,108.4427681,Jeong Won Korean Restaurant - 정원 한국식당,0978 288 232 ,400000.0,"400,000",4.4,Restaurant,https://www.google.com/maps/place/Jeong+Won+Korean+Restaurant+-+%EC%A0%95%EC%9B%90+%ED%95%9C%EA%B5%AD%EC%8B%9D%EB%8B%B9/data=!4m7!3m6!1s0x317113cc0b1486bd:0x6919da0ebd2d4c22!8m2!3d11.96254!4d108.4427681!16s%2Fg%2F11kj9mjvwv!19sChIJvYYUC8wTcTERIkwtvQ7aGWk?authuser=0&hl=en&rclk=1,
"94 Đường Bùi Thị Xuân, Phường 2, Đà Lạt, Lâm Đồng ",11.9475322,108.4405789,The Valley Restaurant,0263 3697 666 ,null,,5.0,Restaurant,https://www.google.com/maps/place/The+Valley+Restaurant/data=!4m7!3m6!1s0x31711300595a2aff:0x1de2890ca7ac4645!8m2!3d11.9475322!4d108.4405789!16s%2Fg%2F11ltft91v_!19sChIJ_ypaWQATcTERRUaspwyJ4h0?authuser=0&hl=en&rclk=1,https://www.golfvalleyhotel.com/vi/dining/
"17 Đường Ngô Huy Diễn, Phường 5, Đà Lạt, Lâm Đồng 670000 ",11.9430723,108.4265728,Chay Mỹ Thoa (Vegan Restaurant My Thoa),0899 777 730 ,100000.0,"100,000",4.9,Vegetarian,https://www.google.com/maps/place/Chay+M%E1%BB%B9+Thoa+%28Vegan+Restaurant+My+Thoa%29/data=!4m7!3m6!1s0x31716d0840f66521:0xc22392d01cba0219!8m2!3d11.9430723!4d108.4265728!16s%2Fg%2F11lcbd299z!19sChIJIWX2QAhtcTERGQK6HNCSI8I?authuser=0&hl=en&rclk=1,https://www.facebook.com/NhahangChayMyThoa?mibextid=uzlsIk
"42 Đường Hai Bà Trưng, Phường 6, Đà Lạt, Lâm Đồng 66108 ",11.9432159,108.4326686,Bánh cuốn Nị - Bánh cuốn thịt nướng ĐL,0947 884 291 ,100000.0,"100,000",4.8,Bakery,https://www.google.com/maps/place/B%C3%A1nh+cu%E1%BB%91n+N%E1%BB%8B+-+B%C3%A1nh+cu%E1%BB%91n+th%E1%BB%8Bt+n%C6%B0%E1%BB%9Bng+%C4%90L/data=!4m7!3m6!1s0x3171131746ff55a7:0x53c3b84f51e459d6!8m2!3d11.9432159!4d108.4326686!16s%2Fg%2F11t4x_rt5g!19sChIJp1X_RhcTcTER1lnkUU-4w1M?authuser=0&hl=en&rclk=1,
"1A-1B, Quang Trung, Phường 9, Đà Lạt, Lâm Đồng 670000 ",11.9443824,108.4564591,VLC Restaurant,0826 623 623 ,200000.0,"200,000",5.0,Restaurant,https://www.google.com/maps/place/VLC+Restaurant/data=!4m7!3m6!1s0x317113384cc6f2c5:0xc732aca839ffcee2!8m2!3d11.9443824!4d108.4564591!16s%2Fg%2F11x18b3p2n!19sChIJxfLGTDgTcTER4s7_OaisMsc?authuser=0&hl=en&rclk=1,
"12A Đường Bà Triệu, Phường 1, Đà Lạt, Lâm Đồng ",11.938704,108.4341909,Hoang Hai 2 Restaurant,0355 132 943 ,null,,4.5,Restaurant,https://www.google.com/maps/place/Hoang+Hai+2+Restaurant/data=!4m7!3m6!1s0x31711331e339d37d:0xd4973ca83f16e431!8m2!3d11.938704!4d108.4341909!16s%2Fg%2F1pzt34jc_!19sChIJfdM54zETcTERMeQWP6g8l9Q?authuser=0&hl=en&rclk=1,
"252 Đ. Bùi Thị Xuân, Phường 2, Đà Lạt, Lâm Đồng ",11.9528944,108.4401348,Ty Crêpe French Restaurant,0986 854 609 ,200000.0,"200,000",4.8,Restaurant,https://www.google.com/maps/place/Ty+Cr%C3%AApe+French+Restaurant/data=!4m7!3m6!1s0x317113de276972a9:0x3a4a3b2070a967ae!8m2!3d11.9528944!4d108.4401348!16s%2Fg%2F11w34qdj8s!19sChIJqXJpJ94TcTERrmepcCA7Sjo?authuser=0&hl=en&rclk=1,https://www.tycrepedalat.com/
"Phường 4, Dalat, Lam Dong ",11.9391507,108.4297372,Orchid Restaurant,,null,,5.0,Restaurant,https://www.google.com/maps/place/Orchid+Restaurant/data=!4m7!3m6!1s0x3171132d649f8741:0x8304b98db1de5773!8m2!3d11.9391507!4d108.4297372!16s%2Fg%2F11qg2hb_8q!19sChIJQYefZC0TcTERc1fesY25BIM?authuser=0&hl=en&rclk=1,
"3 Nguyễn Du, Phường Lâm Viên, Đà Lạt, Lâm Đồng 670000 ",11.945093,108.4595965,Deux Amants Restaurant,0263 3810 826 ,null,,4.7,Restaurant,https://www.google.com/maps/place/Deux+Amants+Restaurant/data=!4m7!3m6!1s0x317113674ba5096b:0x4d7501d5b7656f7a!8m2!3d11.945093!4d108.4595965!16s%2Fg%2F11kj2nbj96!19sChIJawmlS2cTcTERem9lt9UBdU0?authuser=0&hl=en&rclk=1,
"25 Đ. Huỳnh Thúc Kháng, Phường 4, Đà Lạt, Lâm Đồng ",11.9348535,108.4279652,May Restaurant,0263 3511 076 ,null,,4.2,Restaurant,https://www.google.com/maps/place/May+Restaurant/data=!4m7!3m6!1s0x317113333b40c0e1:0xf550fd32038e58e5!8m2!3d11.9348535!4d108.4279652!16s%2Fg%2F11fy9m6ddc!19sChIJ4cBAOzMTcTER5ViOAzL9UPU?authuser=0&hl=en&rclk=1,
"3 Đường Mai Anh Đào, Phường 8, Đà Lạt, Lâm Đồng ",11.977872,108.4458573,Momisa Restaurant,,null,,4.5,Restaurant,https://www.google.com/maps/place/Momisa+Restaurant/data=!4m7!3m6!1s0x31711314ae675421:0x4e1281bc12c26e71!8m2!3d11.977872!4d108.4458573!16s%2Fg%2F11v9_b6s67!19sChIJIVRnrhQTcTERcW7CEryBEk4?authuser=0&hl=en&rclk=1,
"180 Xô Viết Nghệ Tĩnh, Phường 7, Đà Lạt, Lâm Đồng ",11.9640195,108.4314671,Restaurant Ichi,0263 3555 098 ,300000.0,"300,000",4.5,Restaurant,https://www.google.com/maps/place/Restaurant+Ichi/data=!4m7!3m6!1s0x3171132c5b09f83d:0x175b228b74875287!8m2!3d11.9640195!4d108.4314671!16s%2Fg%2F1tcvlryh!19sChIJPfgJWywTcTERh1KHdIsiWxc?authuser=0&hl=en&rclk=1,
"94 A, Boho Dalat, 94 Đường Lý Tự Trọng, Phường 2, Đà Lạt, Lâm Đồng 66109 ",11.9465932,108.4393624,The Escape Bar & Cafe/Live Music,0903 342 442 ,null,,4.2,Coffee Shop,https://www.google.com/maps/place/The+Escape+Bar+%26+Cafe%2FLive+Music/data=!4m7!3m6!1s0x317113179b05b781:0xbb0e93d02c30dca0!8m2!3d11.9465932!4d108.4393624!16s%2Fg%2F11bycl2x44!19sChIJgbcFmxcTcTERoNwwLNCTDrs?authuser=0&hl=en&rclk=1,https://share.google/wn83090sOBr9UJG1Q
"hẻm 25 Đ. Trần Phú, Phường 4, Đà Lạt, Lâm Đồng 670000 ",11.9352331,108.4329863,Bep 1985 Restaurant,0933 202 249 ,100000.0,"100,000",3.8,Restaurant,https://www.google.com/maps/place/Bep+1985+Restaurant/data=!4m7!3m6!1s0x317113e32d89bdfd:0xb00d36e4bea3ae79!8m2!3d11.9352331!4d108.4329863!16s%2Fg%2F11g0wg4388!19sChIJ_b2JLeMTcTERea6jvuQ2DbA?authuser=0&hl=en&rclk=1,
"34A Đ. Trần Nhật Duật, Phường 5, Đà Lạt, Lâm Đồng ",11.9447076,108.429254,Gummy Chicken Steak,0352 576 868 ,200000.0,"200,000",4.4,Tea Shop,https://www.google.com/maps/place/Gummy+Chicken+Steak/data=!4m7!3m6!1s0x3171132b5e2bfed5:0x99e6084a82059295!8m2!3d11.9447076!4d108.429254!16s%2Fg%2F11hczk4dhr!19sChIJ1f4rXisTcTERlZIFgkoI5pk?authuser=0&hl=en&rclk=1,
"G14 Đ. Mạc Đĩnh Chi, Phường 4, Đà Lạt, Lâm Đồng ",11.9402318,108.4261097,Ganeya Japanese Restaurant,0947 349 768 ,null,,4.4,Restaurant,https://www.google.com/maps/place/Ganeya+Japanese+Restaurant/data=!4m7!3m6!1s0x3171133183e34293:0xd50d1d446350749c!8m2!3d11.9402318!4d108.4261097!16s%2Fg%2F11g8w867jh!19sChIJk0LjgzETcTERnHRQY0QdDdU?authuser=0&hl=en&rclk=1,http://ganeyadalat.net/
"121 Đường Bùi Thị Xuân, Phường 2, Đà Lạt, Lâm Đồng ",11.9475115,108.4400128,북촌 한국식당 - Bukchon Korean Restaurant Đà Lạt,0904 113 286 ,null,,4.3,Restaurant,https://www.google.com/maps/place/%EB%B6%81%EC%B4%8C+%ED%95%9C%EA%B5%AD%EC%8B%9D%EB%8B%B9+-+Bukchon+Korean+Restaurant+%C4%90%C3%A0+L%E1%BA%A1t/data=!4m7!3m6!1s0x31711309bb1f15fd:0x1a3d2afd679175d7!8m2!3d11.9475115!4d108.4400128!16s%2Fg%2F11k03p966s!19sChIJ_RUfuwkTcTER13WRZ_0qPRo?authuser=0&hl=en&rclk=1,https://www.facebook.com/BukchonDalat68
"18 D. Nguyễn Viết Xuân, Phường 4, Đà Lạt, Lâm Đồng ",11.9345798,108.4279339,My House Restaurant,0263 3560 056 ,200000.0,"200,000",4.0,Restaurant,https://www.google.com/maps/place/My+House+Restaurant/data=!4m7!3m6!1s0x317113334c176a93:0x2521508137b4ba9e!8m2!3d11.9345798!4d108.4279339!16s%2Fg%2F11c1t4_vsr!19sChIJk2oXTDMTcTERnrq0N4FQISU?authuser=0&hl=en&rclk=1,http://www.nhatoidalat.com.vn/
"180 Nguyễn Công Trứ, Phường 8, Đà Lạt, Lâm Đồng 670000 ",11.9572207,108.436658,Em Tên Gì Restaurant,0947 276 952 ,null,,4.4,Restaurant,https://www.google.com/maps/place/Em+T%C3%AAn+G%C3%AC+Restaurant/data=!4m7!3m6!1s0x31711390491d8af3:0xffa9d25123dc3336!8m2!3d11.9572207!4d108.436658!16s%2Fg%2F11qnvj0rz_!19sChIJ84odSZATcTERNjPcI1HSqf8?authuser=0&hl=en&rclk=1,https://www.facebook.com/nhahangemtengi
"238 Xô Viết Nghệ Tĩnh, Phường 7, Đà Lạt, Lâm Đồng ",11.9673183,108.4315952,Rose De Vents Restaurant,0973 506 005 ,300000.0,"300,000",4.5,Restaurant,https://www.google.com/maps/place/Rose+De+Vents+Restaurant/data=!4m7!3m6!1s0x317113a41303db33:0x52d85eacff743ad3!8m2!3d11.9673183!4d108.4315952!16s%2Fg%2F11sycbq2qw!19sChIJM9sDE6QTcTER0zp0_6xe2FI?authuser=0&hl=en&rclk=1,
"47 D. Sương Nguyệt Anh, Phường 9, Đà Lạt, Lâm Đồng ",11.950206,108.4556563,Papa Restaurant,0919 066 087 ,200000.0,"200,000",4.0,Restaurant,https://www.google.com/maps/place/Papa+Restaurant/data=!4m7!3m6!1s0x317112e04b243735:0xc0f7464bdbbb06c5!8m2!3d11.950206!4d108.4556563!16s%2Fg%2F11b8v9l3y9!19sChIJNTckS-AScTERxQa720tG98A?authuser=0&hl=en&rclk=1,https://www.facebook.com/nhahangpapa/
"10 Đ. Huỳnh Thúc Kháng, Phường 4, Đà Lạt, Lâm Đồng ",11.9353019,108.4304016,Hoan Kiet restaurant,0263 3979 888 ,null,,4.0,Restaurant,https://www.google.com/maps/place/Hoan+Kiet+restaurant/data=!4m7!3m6!1s0x31711332f005cc5b:0x172555a4a41d6e09!8m2!3d11.9353019!4d108.4304016!16s%2Fg%2F11h17qvhg!19sChIJW8wF8DITcTERCW4dpKRVJRc?authuser=0&hl=en&rclk=1,
"51 Đ. Hoàng Diệu, Phường 5, Đà Lạt, Lâm Đồng 70000 ",11.9427888,108.4275249,Guru Chay Restaurant & Coffee,0919 195 759 ,null,,4.3,Vegetarian,https://www.google.com/maps/place/Guru+Chay+Restaurant+%26+Coffee/data=!4m7!3m6!1s0x31716d77c4cbb747:0x2d2d399a897dda!8m2!3d11.9427888!4d108.4275249!16s%2Fg%2F11rclgk20q!19sChIJR7fLxHdtcTER2n2JmjktLQA?authuser=0&hl=en&rclk=1,
"2 Đường Pasteur, Phường 4, Đà Lạt, Lâm Đồng 670000 ",11.9370291,108.430061,Rosa Alba Đà Lạt Restaurant & Coffee,0914 482 266 ,200000.0,"200,000",4.1,Coffee Shop,https://www.google.com/maps/place/Rosa+Alba+%C4%90%C3%A0+L%E1%BA%A1t+Restaurant+%26+Coffee/data=!4m7!3m6!1s0x31716d0062fd2cb3:0x5be7d344d4183140!8m2!3d11.9370291!4d108.430061!16s%2Fg%2F11vwldb6rn!19sChIJsyz9YgBtcTERQDEY1ETT51s?authuser=0&hl=en&rclk=1,https://dalatrestaurant.rosaalbaresort.com/vi/
"126/1 Đường Hai Bà Trưng, Street, Đà Lạt, Lâm Đồng ",11.9540841,108.4307348,Hau Restaurant,0903 737 789 ,null,,4.0,Restaurant,https://www.google.com/maps/place/Hau+Restaurant/data=!4m7!3m6!1s0x317112d461837e4f:0xcaf57ddd6cdf9c02!8m2!3d11.9540841!4d108.4307348!16s%2Fg%2F1pzsc1b5n!19sChIJT36DYdQScTERApzfbN199co?authuser=0&hl=en&rclk=1,
"3 Đ. Hùng Vương, Phường 10, Đà Lạt, Lâm Đồng ",11.9412582,108.4593235,Dalat Garden Restaurant,0889 290 092 ,null,,3.6,Restaurant,https://www.google.com/maps/place/Dalat+Garden+Restaurant/data=!4m7!3m6!1s0x31711374820d6def:0xa92af9ee59c4088d!8m2!3d11.9412582!4d108.4593235!16s%2Fg%2F11v0bp0d4m!19sChIJ720NgnQTcTERjQjEWe75Kqk?authuser=0&hl=en&rclk=1,
"256 Đường Phù Đổng Thiên Vương, Phường 8, Đà Lạt, Lâm Đồng ",11.9705125,108.4420473,Hengbok Restaurant,0375 810 805 ,200000.0,"200,000",4.1,Restaurant,https://www.google.com/maps/place/Hengbok+Restaurant/data=!4m7!3m6!1s0x3171134ee3bfe82b:0xe0ac7e8430dee0be!8m2!3d11.9705125!4d108.4420473!16s%2Fg%2F11fklpc3p_!19sChIJK-i_404TcTERvuDeMIR-rOA?authuser=0&hl=en&rclk=1,
"10 Đường Pasteur, Phường 4, Đà Lạt, Lâm Đồng ",11.936917,108.430135,Restaurant Ro Sa,,null,,4.1,Restaurant,https://www.google.com/maps/place/Restaurant+Ro+Sa/data=!4m7!3m6!1s0x3171130009430e4b:0x96bc60da4c7748a5!8m2!3d11.936917!4d108.430135!16s%2Fg%2F11y3p1mlvc!19sChIJSw5DCQATcTERpUh3TNpgvJY?authuser=0&hl=en&rclk=1,
"15 Đường Nguyễn An Ninh, Phường 6, Đà Lạt, Lâm Đồng ",11.954032,108.428655,Vegan Noodle,0836 987 968 ,100000.0,"100,000",5.0,Restaurant,https://www.google.com/maps/place/Vegan+Noodle/data=!4m7!3m6!1s0x317113003a3143e1:0x4d47a7105ffbfb2e!8m2!3d11.954032!4d108.428655!16s%2Fg%2F11lnjbxl8h!19sChIJ4UMxOgATcTERLvv7XxCnR00?authuser=0&hl=en&rclk=1,
"414 Đường Võ Trường Toản, Phường 8, Đà Lạt, Lâm Đồng ",11.9587953,108.4496568,Pizza Chorio®,0916 078 107 ,200000.0,"200,000",4.6,Restaurant,https://www.google.com/maps/place/Pizza+Chorio%C2%AE/data=!4m7!3m6!1s0x3171132cf469a2a3:0xc60d4d70065b8ad1!8m2!3d11.9587953!4d108.4496568!16s%2Fg%2F11cmsgfc9y!19sChIJo6Jp9CwTcTER0YpbBnBNDcY?authuser=0&hl=en&rclk=1,http://www.facebook.com/pizzachorio
"12 Ð, 2 Đ. Trần Phú, Phường 3, Đà Lạt, Lâm Đồng 66100 ",11.9376463,108.4403548,Le Rabelais,,null,,3.4,Restaurant,https://www.google.com/maps/place/Le+Rabelais/data=!4m7!3m6!1s0x31711331b72737bd:0x98ad3532b9f8fbcb!8m2!3d11.9376463!4d108.4403548!16s%2Fg%2F11h6g4tqzk!19sChIJvTcntzETcTERy_v4uTI1rZg?authuser=0&hl=en&rclk=1,
"XC6G+3VJ, Phường 1, Đà Lạt, Lâm Đồng ",11.9602036,108.4271445,Thanh Thuy Restaurant,0263 3531 668 ,null,,3.3,Restaurant,https://www.google.com/maps/place/Thanh+Thuy+Restaurant/data=!4m7!3m6!1s0x3171132ca80adbb5:0x23a3f562c4b77e98!8m2!3d11.9602036!4d108.4271445!16s%2Fg%2F1pzsnbxrj!19sChIJtdsKqCwTcTERmH63xGL1oyM?authuser=0&hl=en&rclk=1,
"8 Trần Hưng Đạo, Phường 3, Đà Lạt, Lâm Đồng ",11.9362733,108.4447231,Nhà hàng Sương Mai,0263 2211 237 ,null,,4.2,Restaurant,https://www.google.com/maps/place/Nh%C3%A0+h%C3%A0ng+S%C6%B0%C6%A1ng+Mai/data=!4m7!3m6!1s0x3171133b68012319:0x71d9538bbb427b39!8m2!3d11.9362733!4d108.4447231!16s%2Fg%2F11fzz2th06!19sChIJGSMBaDsTcTEROXtCu4tT2XE?authuser=0&hl=en&rclk=1,
"2/4 2, 2 Đ. Nguyễn Văn Cừ, Phường 1, Đà Lạt, Lâm Đồng ",11.9393156,108.4344752,Sarah Halal Food | Halal Restaurant Da Lat,0815 584 878 ,200000.0,"200,000",4.4,Restaurant,https://www.google.com/maps/place/Sarah+Halal+Food+%7C+Halal+Restaurant+Da+Lat/data=!4m7!3m6!1s0x317113006ac81e35:0x447cfaada40dd605!8m2!3d11.9393156!4d108.4344752!16s%2Fg%2F11vstc_8f3!19sChIJNR7IagATcTERBdYNpK36fEQ?authuser=0&hl=en&rclk=1,http://www.sarahvietnam.com/
"38 Đ. Tô Ngọc Vân, Phường 5, Đà Lạt, Lâm Đồng ",11.9416068,108.4310182,Beef Hotpot Ba Toa - Old Restaurant,0913 978 394 ,200000.0,"200,000",4.3,Restaurant,https://www.google.com/maps/place/Beef+Hotpot+Ba+Toa+-+Old+Restaurant/data=!4m7!3m6!1s0x3171136be172ab07:0x89e0e6f98f0e5abe!8m2!3d11.9416068!4d108.4310182!16s%2Fg%2F11ffgmwdfs!19sChIJB6ty4WsTcTERvloOj_nm4Ik?authuser=0&hl=en&rclk=1,
"20/1 Đ. Mạc Đĩnh Chi, Street, Đà Lạt, Lâm Đồng 66000 ",11.9402391,108.4280393,Bo Ke Restaurant,0973 421 578 ,null,,,Restaurant,https://www.google.com/maps/place/Bo+Ke+Restaurant/data=!4m7!3m6!1s0x3171132d393dad85:0xaf40cbd1d5eb7b0d!8m2!3d11.9402391!4d108.4280393!16s%2Fg%2F1pzvnzxs9!19sChIJha09OS0TcTERDXvr1dHLQK8?authuser=0&hl=en&rclk=1,
"290 Đường Phù Đổng Thiên Vương, Phường 8, Đà Lạt, Lâm Đồng ",11.9736436,108.4408013,Tam Dac Restaurant,0263 3552 530 ,null,,3.8,Restaurant,https://www.google.com/maps/place/Tam+Dac+Restaurant/data=!4m7!3m6!1s0x317112b9cb4cae3b:0x6e96e2ed646abb93!8m2!3d11.9736436!4d108.4408013!16s%2Fg%2F1hc96cq_w!19sChIJO65My7kScTERk7tqZO3ilm4?authuser=0&hl=en&rclk=1,
"3 Đường Nhà Chung, Phường 3, Đà Lạt, Lâm Đồng ",11.9360154,108.4384976,Co Hang Restaurant,0372 666 269 ,null,,3.9,Restaurant,https://www.google.com/maps/place/Co+Hang+Restaurant/data=!4m7!3m6!1s0x317113308f2c02f1:0xef707606406cb076!8m2!3d11.9360154!4d108.4384976!16s%2Fg%2F1pzpngvs5!19sChIJ8QIsjzATcTERdrBsQAZ2cO8?authuser=0&hl=en&rclk=1,
"Lâm Đồng, Đà Lạt, Nguyễn Thị Nghĩa, VN H49 KQH ",11.9483494,108.4408568,Thank You Restaurant 달랏땡큐식당,0392 143 418 ,null,,4.4,Restaurant,https://www.google.com/maps/place/Thank+You+Restaurant+%EB%8B%AC%EB%9E%8F%EB%95%A1%ED%81%90%EC%8B%9D%EB%8B%B9/data=!4m7!3m6!1s0x3171133a8cd1c3ad:0xd9cee77378adfe4!8m2!3d11.9483494!4d108.4408568!16s%2Fg%2F11bymxyz52!19sChIJrcPRjDoTcTER5N-KN3funA0?authuser=0&hl=en&rclk=1,
"17 Đường Gio An, Phường 5, Đà Lạt, Lâm Đồng ",11.9394216,108.421489,Nhà Hàng Chay Hoa Sen,0263 3567 999 ,100000.0,"100,000",3.8,Vegetarian,https://www.google.com/maps/place/Nh%C3%A0+H%C3%A0ng+Chay+Hoa+Sen/data=!4m7!3m6!1s0x317113294dd251c1:0xabdb585cd6b9ff99!8m2!3d11.9394216!4d108.421489!16s%2Fg%2F1hc64kvt2!19sChIJwVHSTSkTcTERmf-51lxY26s?authuser=0&hl=en&rclk=1,https://www.foody.vn/lam-dong/hoa-sen-nha-hang-chay
"cuối hẻm 10, Đường An Dương Vương, Phường 2, Đà Lạt, Lâm Đồng ",11.9509828,108.4350173,Chay Hoàng Tú - Vegetarian restaurant,0329 169 676 ,null,,5.0,Vegetarian,https://www.google.com/maps/place/Chay+Ho%C3%A0ng+T%C3%BA+-+Vegetarian+restaurant/data=!4m7!3m6!1s0x317113000a0471e7:0xb6aeb87443d87655!8m2!3d11.9509828!4d108.4350173!16s%2Fg%2F11x_3ycwy0!19sChIJ53EECgATcTERVXbYQ3S4rrY?authuser=0&hl=en&rclk=1,
"28-30 Đường Pasteur, Phường 4, Đà Lạt, Lâm Đồng ",11.9360583,108.4275589,Xua Nay Restaurant,0263 3541 589 ,null,,3.9,Restaurant,https://www.google.com/maps/place/Xua+Nay+Restaurant/data=!4m7!3m6!1s0x31716cccd5aeda15:0xa8324d8774fa5633!8m2!3d11.9360583!4d108.4275589!16s%2Fg%2F11h17hrnd!19sChIJFdqu1cxscTERM1b6dIdNMqg?authuser=0&hl=en&rclk=1,
"46 Đ. Nguyễn Chí Thanh, Phường 1, Đà Lạt, Lâm Đồng 670000 ",11.9403145,108.4363762,Pho Nui Restaurant,0263 3778 899 ,null,,3.8,Restaurant,https://www.google.com/maps/place/Pho+Nui+Restaurant/data=!4m7!3m6!1s0x3171132e4d9c6ae1:0x611e10df03dedea2!8m2!3d11.9403145!4d108.4363762!16s%2Fg%2F11b6dpmy_k!19sChIJ4WqcTS4TcTERot7eA98QHmE?authuser=0&hl=en&rclk=1,
"32 Nguyễn Công Trứ, Phường 8, Đà Lạt, Lâm Đồng ",11.9551061,108.4413695,Billy House Restaurant,,null,,1.0,Restaurant,https://www.google.com/maps/place/Billy+House+Restaurant/data=!4m7!3m6!1s0x317112da3caafba3:0x4f2cfa042bdc6d1f!8m2!3d11.9551061!4d108.4413695!16s%2Fg%2F11hzxk5262!19sChIJo_uqPNoScTERH23cKwT6LE8?authuser=0&hl=en&rclk=1,
"12 Đường Trương Công Định, Phường 1, Đà Lạt, Lâm Đồng 670000 ",11.9434684,108.4353734,QUAN TRANG - Vietnamese restaurant,0986 653 737 ,100000.0,"100,000",2.3,Restaurant,https://www.google.com/maps/place/QUAN+TRANG+-+Vietnamese+restaurant/data=!4m7!3m6!1s0x31711341196904eb:0x10be39083d3c7bad!8m2!3d11.9434684!4d108.4353734!16s%2Fg%2F11sdwdtw8w!19sChIJ6wRpGUETcTERrXs8PQg5vhA?authuser=0&hl=en&rclk=1,
"WCRG+MW3, KQH Hoàng Diệu, Phường 5, Đà Lạt, Lâm Đồng ",11.9416421,108.427288,Vegan/ Vegetarian Restaurant,0348 722 851 ,null,,5.0,Vegetarian,https://www.google.com/maps/place/Vegan%2F+Vegetarian+Restaurant/data=!4m7!3m6!1s0x31716d002dadd9b9:0x8c01e5d6833e8932!8m2!3d11.9416421!4d108.427288!16s%2Fg%2F11lyq_z44v!19sChIJudmtLQBtcTERMok-g9blAYw?authuser=0&hl=en&rclk=1,
"29 Hồ Tùng Mậu, Phường 3, Đà Lạt, Lâm Đồng 66000 ",11.9384815,108.4395751,Dalisha Halal Food Restaurant & Cafe,0898 128 386 ,null,,3.7,Coffee Shop,https://www.google.com/maps/place/Dalisha+Halal+Food+Restaurant+%26+Cafe/data=!4m7!3m6!1s0x317113001108f9b9:0x2a4f1f5d53449f27!8m2!3d11.9384815!4d108.4395751!16s%2Fg%2F11x7rwh6z8!19sChIJufkIEQATcTERJ59EU10fTyo?authuser=0&hl=en&rclk=1,
"23 Yersin, Phường 10, Đà Lạt, Lâm Đồng ",11.9405744,108.4513763,Thăng Long Restaurant - BBQ - Điểm Tâm - Coffee,0388 222 842 ,null,,3.7,Coffee Shop,https://www.google.com/maps/place/Th%C4%83ng+Long+Restaurant+-+BBQ+-+%C4%90i%E1%BB%83m+T%C3%A2m+-+Coffee/data=!4m7!3m6!1s0x317113cbe2eebbbd:0x6f8736bfc1a55c5f!8m2!3d11.9405744!4d108.4513763!16s%2Fg%2F11lw97fftc!19sChIJvbvu4ssTcTERX1ylwb82h28?authuser=0&hl=en&rclk=1,
"159 Phan Đình Phùng, Phường 2, Đà Lạt, Lâm Đồng 670000 ",11.9462768,108.4346637,Meat Stew Restaurant,,null,,,Restaurant,https://www.google.com/maps/place/Meat+Stew+Restaurant/data=!4m7!3m6!1s0x317113d4856dcdf3:0xa06e24086ee47d2b!8m2!3d11.9462768!4d108.4346637!16s%2Fg%2F11srhyj81v!19sChIJ881thdQTcTERK33kbggkbqA?authuser=0&hl=en&rclk=1,
"27 Đường Tôn Thất Tùng, Phường 8, Đà Lạt, Lâm Đồng ",11.9663177,108.4365682,Lotus Restaurant,,null,,,Restaurant,https://www.google.com/maps/place/Lotus+Restaurant/data=!4m7!3m6!1s0x3171130055d53389:0x84a94abf36f918d2!8m2!3d11.9663177!4d108.4365682!16s%2Fg%2F11vjw_g20g!19sChIJiTPVVQATcTER0hj5Nr9KqYQ?authuser=0&hl=en&rclk=1,
"9 Đường Trần Lê, Phường 4, Đà Lạt, Lâm Đồng 670000 ",11.9376848,108.4285925,Thai Hoa Restaurant,0386 628 881 ,null,,,Restaurant,https://www.google.com/maps/place/Thai+Hoa+Restaurant/data=!4m7!3m6!1s0x31711332b80c7453:0xf85dd1630cf2672d!8m2!3d11.9376848!4d108.4285925!16s%2Fg%2F1pzq4s14f!19sChIJU3QMuDITcTERLWfyDGPRXfg?authuser=0&hl=en&rclk=1,
"54, Phu Dong Thien Vuong Street, Ward 8, Da Lat City, Lam Dong Province, Phường 8, Đà Lạt, Lâm Đồng ",11.963511,108.4435503,Thai Son Restaurant,0377 660 144 ,null,,2.8,Restaurant,https://www.google.com/maps/place/Thai+Son+Restaurant/data=!4m7!3m6!1s0x317112c446aabb37:0x5e4fb41eb98719ca!8m2!3d11.963511!4d108.4435503!16s%2Fg%2F1pzrq3v32!19sChIJN7uqRsQScTERyhmHuR60T14?authuser=0&hl=en&rclk=1,
"35 Lý Nam Đế, Phường 8, Đà Lạt, Lâm Đồng ",11.9621918,108.4396916,Restaurant Minh Khang,0979 442 362 ,null,,,Restaurant,https://www.google.com/maps/place/Restaurant+Minh+Khang/data=!4m7!3m6!1s0x3171136047326833:0xbcd07a3c89406971!8m2!3d11.9621918!4d108.4396916!16s%2Fg%2F11r_mdq8_c!19sChIJM2gyR2ATcTERcWlAiTx60Lw?authuser=0&hl=en&rclk=1,
"50b Đường Vạn Kiếp, Phường 8, Đà Lạt, Lâm Đồng ",11.9674937,108.4377088,The pizza restaurant,,null,,,Restaurant,https://www.google.com/maps/place/The+pizza+restaurant/data=!4m7!3m6!1s0x31711300098c83c9:0x70a5d3e9817a07c4!8m2!3d11.9674937!4d108.4377088!16s%2Fg%2F11vjydpc0j!19sChIJyYOMCQATcTERxAd6genTpXA?authuser=0&hl=en&rclk=1,
"12 Đường Tăng Bạt Hổ, Phường 1, Đà Lạt, Lâm Đồng 66110 ",11.9440511,108.4354707,Thanh Dat Restaurant,0263 3827 792 ,null,,1.0,Restaurant,https://www.google.com/maps/place/Thanh+Dat+Restaurant/data=!4m7!3m6!1s0x3171132933758de3:0xd2ecb4db93e62892!8m2!3d11.9440511!4d108.4354707!16s%2Fg%2F11btmqkx3b!19sChIJ4411MykTcTERkijmk9u07NI?authuser=0&hl=en&rclk=1,
"94 Đường Lý Tự Trọng, Phường 2, Đà Lạt, Lâm Đồng 670000 ",11.9463781,108.4394107,Sensetory Restaurant & Event,0976 063 194 ,null,,1.8,Restaurant,https://www.google.com/maps/place/Sensetory+Restaurant+%26+Event/data=!4m7!3m6!1s0x317113b382a1f82b:0xd0305e1b09f8acfa!8m2!3d11.9463781!4d108.4394107!16s%2Fg%2F11sy3fdlcs!19sChIJK_ihgrMTcTER-qz4CRteMNA?authuser=0&hl=en&rclk=1,
"392 Đường Hai Bà Trưng, Phường 6, Đà Lạt, Lâm Đồng 670000 ",11.9550116,108.43018,SukhoThai Restaurant,0397 027 939 ,null,,,Restaurant,https://www.google.com/maps/place/SukhoThai+Restaurant/data=!4m7!3m6!1s0x317113bcefb068df:0x8a5c0637983b880e!8m2!3d11.9550116!4d108.43018!16s%2Fg%2F11l6_rg9yj!19sChIJ32iw77wTcTERDog7mDcGXIo?authuser=0&hl=en&rclk=1,https://www.facebook.com/profile.php?id=61553346923675
"234 Đường Hai Bà Trưng, Phường 6, Đà Lạt, Lâm Đồng ",11.9482585,108.4338323,TIỆM CHAY VÔ ÚY,0338 786 373 ,200000.0,"200,000",4.9,Vegetarian,https://www.google.com/maps/place/TI%E1%BB%86M+CHAY+V%C3%94+%C3%9AY/data=!4m7!3m6!1s0x317113928a0df377:0x723fcca0e0773ac8!8m2!3d11.9482585!4d108.4338323!16s%2Fg%2F11trg_99s7!19sChIJd_MNipITcTERyDp34KDMP3I?authuser=0&hl=en&rclk=1,
"247 Đường Phù Đổng Thiên Vương, Phường 8, Đà Lạt, Lâm Đồng 66111 ",11.9714316,108.4408573,Ruby Tower Restaurant,0961 457 578 ,null,,4.7,Restaurant,https://www.google.com/maps/place/Ruby+Tower+Restaurant/data=!4m7!3m6!1s0x317113f8537698a9:0x1a6d32d2e6836a58!8m2!3d11.9714316!4d108.4408573!16s%2Fg%2F11x2y18lz2!19sChIJqZh2U_gTcTERWGqD5tIybRo?authuser=0&hl=en&rclk=1,https://www.facebook.com/rubytowerdalat
"19 Đ. Nguyễn Văn Cừ, Phường 1, Đà Lạt, Lâm Đồng 66000 ",11.9405483,108.4320123,MI-An restaurant Dalat,,100000.0,"100,000",5.0,Restaurant,https://www.google.com/maps/place/MI-An+restaurant+Dalat/data=!4m7!3m6!1s0x3171130052c80b1b:0xd59d10932d7d4b4a!8m2!3d11.9405483!4d108.4320123!16s%2Fg%2F11w3h_4_nx!19sChIJGwvIUgATcTERSkt9LZMQndU?authuser=0&hl=en&rclk=1,https://mi-an.vn/
"7P3CWCRM+M9, 102 Bai Thang Hai,P1, 2nd Floor, Tp. Đà Lạt, Lâm Đồng 670000 ",11.9416875,108.4334375,Hawaiian Poke,0908 412 340 ,200000.0,"200,000",4.8,Restaurant,https://www.google.com/maps/place/Hawaiian+Poke/data=!4m7!3m6!1s0x317113b8d82a3437:0x2a8e8abba89f582f!8m2!3d11.9416875!4d108.4334375!16s%2Fg%2F11p64hq2kc!19sChIJNzQq2LgTcTERL1ifqLuKjio?authuser=0&hl=en&rclk=1,https://hawaiianpokedalat.com/
"2 Đường Lê Đại Hành, Phường 1, Đà Lạt, Lâm Đồng ",11.9403679,108.4369441,Chateau DALAT restaurant,0966 662 666 ,400000.0,"400,000",4.1,Tea Shop,https://www.google.com/maps/place/Chateau+DALAT+restaurant/data=!4m7!3m6!1s0x317113f622ac4cc9:0x77e63f24b2d0dfed!8m2!3d11.9403679!4d108.4369441!16s%2Fg%2F11srbbwk_w!19sChIJyUysIvYTcTER7d_QsiQ_5nc?authuser=0&hl=en&rclk=1,
"44 Đường Nguyễn Lương Bằng, Phường 2, Đà Lạt, Lâm Đồng 66000 ",11.9528248,108.4363591,"Lam An (Mì Quảng, Cơm Gà & Món Cuốn) - Vietnamese restaurant",0909 270 025 ,100000.0,"100,000",4.9,Restaurant,"https://www.google.com/maps/place/Lam+An+%28M%C3%AC+Qu%E1%BA%A3ng,+C%C6%A1m+G%C3%A0+%26+M%C3%B3n+Cu%E1%BB%91n%29+-+Vietnamese+restaurant/data=!4m7!3m6!1s0x317113b08dbc04c3:0x877bb2a4f4de62ff!8m2!3d11.9528248!4d108.4363591!16s%2Fg%2F11kb40v6gv!19sChIJwwS8jbATcTER_2Le9KSye4c?authuser=0&hl=en&rclk=1",https://www.facebook.com/lamanquangvi?mibextid=LQQJ4d
"218 Phan Đình Phùng, Phường 2, Đà Lạt, Lâm Đồng ",11.9497218,108.43525,Restaurant Ty - Huế Foods,0886 774 779 ,null,,4.8,Restaurant,https://www.google.com/maps/place/Restaurant+Ty+-+Hu%E1%BA%BF+Foods/data=!4m7!3m6!1s0x317113678ecc8fc9:0xaed35d08ec4a2694!8m2!3d11.9497218!4d108.43525!16s%2Fg%2F11f7r1mpdd!19sChIJyY_MjmcTcTERlCZK7Ahd064?authuser=0&hl=en&rclk=1,
"A32 Nguyễn Hữu Cảnh, Phường 8, Đà Lạt, Lâm Đồng ",11.9679465,108.4425421,TIK family restaurant,0263 3556 989 ,400000.0,"400,000",4.1,Restaurant,https://www.google.com/maps/place/TIK+family+restaurant/data=!4m7!3m6!1s0x317113de3ac3c1e5:0x50a3e71744f5f691!8m2!3d11.9679465!4d108.4425421!16s%2Fg%2F11tjy5chrq!19sChIJ5cHDOt4TcTERkfb1RBfno1A?authuser=0&hl=en&rclk=1,
"160 Pasteur, Bến Nghé, Quận 1, Thành phố Hồ Chí Minh ",10.7772532,106.6995584,Ngon Restaurant,028 3827 7131 ,null,,4.0,Restaurant,https://www.google.com/maps/place/Ngon+Restaurant/data=!4m7!3m6!1s0x31752f48d88c3da3:0xbd0b6eeb085c542c!8m2!3d10.7772532!4d106.6995584!16s%2Fg%2F1tyzwh69!19sChIJoz2M2EgvdTERLFRcCOtuC70?authuser=0&hl=en&rclk=1,https://drive.google.com/drive/folders/1LQ2CPNXXeCeFUnJ34nGd46n4Cgov1ydy?usp=sharing
"104c Đ. Số 23, Phường 11, Quận 6, Thành phố Hồ Chí Minh 700000 ",10.7432168,106.6255619,Nhà Hàng Hoàng Gia,0817 808 818 ,null,,,Restaurant,https://www.google.com/maps/place/Nh%C3%A0+H%C3%A0ng+Ho%C3%A0ng+Gia/data=!4m7!3m6!1s0x31752fd4c9b809d1:0xc062a95687377066!8m2!3d10.7432168!4d106.6255619!16s%2Fg%2F11s___2921!19sChIJ0Qm4ydQvdTERZnA3h1apYsA?authuser=0&hl=en&rclk=1,
,10.7732266,106.7056555,MOO BEEF STEAK PRIME,,null,,,Tea Shop,https://www.google.com/maps/place/MOO+BEEF+STEAK+PRIME/data=!4m7!3m6!1s0x31752f46a4258f7b:0x872dba9464e74db!8m2!3d10.7732266!4d106.7056555!16s%2Fg%2F11cr_0zs86!19sChIJe48lpEYvdTER23RORqnbcgg?authuser=0&hl=en&rclk=1,
"306 308 Đ. Lê Văn Sỹ, Phường Tân, Sơn Hòa, Thành phố Hồ Chí Minh 700000 ",10.7967302,106.6651691,Nhà hàng Quá Ngon,0906 797 932 ,null,,,Restaurant,https://www.google.com/maps/place/Nh%C3%A0+h%C3%A0ng+Qu%C3%A1+Ngon/data=!4m7!3m6!1s0x317528d50af73fcb:0x3a1550f5be1d7af8!8m2!3d10.7967302!4d106.6651691!16s%2Fg%2F1hc6z18mj!19sChIJyz_3CtUodTER-HodvvVQFTo?authuser=0&hl=en&rclk=1,https://www.nhahangquangon.com/
"36 Đường số 7, An Lạc A, Bình Tân, Thành phố Hồ Chí Minh 71907 ",10.7517735,106.619463,Seaport Restaurant,1900 0133 ,null,,4.2,Restaurant,https://www.google.com/maps/place/Seaport+Restaurant/data=!4m7!3m6!1s0x31752db9a08210b5:0x2b39199d1c502bdf!8m2!3d10.7517735!4d106.619463!16s%2Fg%2F11flbxt7_b!19sChIJtRCCoLktdTER3ytQHJ0ZOSs?authuser=0&hl=en&rclk=1,
"27J Đ. Trần Nhật Duật, Phường Tân Định, Quận 1, Thành phố Hồ Chí Minh 700000 ",10.7931422,106.690195,Nhà Hàng Maison Mận-Đỏ,0933 774 487 ,null,,4.6,Restaurant,https://www.google.com/maps/place/Nh%C3%A0+H%C3%A0ng+Maison+M%E1%BA%ADn-%C4%90%E1%BB%8F/data=!4m7!3m6!1s0x31752615cbb637cd:0x58d42231236126da!8m2!3d10.7931422!4d106.690195!16s%2Fg%2F11gdry1ywx!19sChIJzTe2yxUmdTER2iZhIzEi1Fg?authuser=0&hl=en&rclk=1,http://maisonmando.com/
"Lê Quý Đôn, Phường Võ Thị Sáu, Quận 3, Thành phố Hồ Chí Minh 700000 ",10.7834029,106.6883641,Nhà hàng Việt Phố,028 3934 9448 ,null,,4.2,Restaurant,https://www.google.com/maps/place/Nh%C3%A0+h%C3%A0ng+Vi%E1%BB%87t+Ph%E1%BB%91/data=!4m7!3m6!1s0x31752f3029353d6f:0x60080837d6ac6bd9!8m2!3d10.7834029!4d106.6883641!16s%2Fg%2F1tmqj8q4!19sChIJbz01KTAvdTER2Wus1jcICGA?authuser=0&hl=en&rclk=1,http://vietpho.com.vn/
"261-263 An Dương Vương, Phường, Chợ Quán, Thành phố Hồ Chí Minh ",10.7608742,106.683028,Nhà Hàng Bê Vàng - Hải Sản Tươi Sống Live Seafood Restaurant & BBQ,028 3833 1322 ,null,,4.4,Restaurant,https://www.google.com/maps/place/Nh%C3%A0+H%C3%A0ng+B%C3%AA+V%C3%A0ng+-+H%E1%BA%A3i+S%E1%BA%A3n+T%C6%B0%C6%A1i+S%E1%BB%91ng+Live+Seafood+Restaurant+%26+BBQ/data=!4m7!3m6!1s0x31752f1b96b0feaf:0xf833f3a463d9c07b!8m2!3d10.7608742!4d106.683028!16s%2Fg%2F1vnrn346!19sChIJr_6wlhsvdTERe8DZY6TzM_g?authuser=0&hl=en&rclk=1,http://nhahangbevang.com/
"16 Lê Quý Đôn, Phường 6, Quận 3, Thành phố Hồ Chí Minh ",10.7813281,106.6911473,Nhà hàng Khoái,028 3930 0013 ,null,,4.5,Restaurant,https://www.google.com/maps/place/Nh%C3%A0+h%C3%A0ng+Kho%C3%A1i/data=!4m7!3m6!1s0x31752f3a00fd2cab:0xf2e57e9a40a37963!8m2!3d10.7813281!4d106.6911473!16s%2Fg%2F11bvvxb191!19sChIJqyz9ADovdTERY3mjQJp-5fI?authuser=0&hl=en&rclk=1,http://khoairestaurant.com/
"28 Phạm Ngọc Thạch, Phường 6, Quận 3, Thành phố Hồ Chí Minh 700000 ",10.7845363,106.694036,Ẩm Thực Quê Nhà Quận 3,0938 226 166 ,null,,4.0,Restaurant,https://www.google.com/maps/place/%E1%BA%A8m+Th%E1%BB%B1c+Qu%C3%AA+Nh%C3%A0+Qu%E1%BA%ADn+3/data=!4m7!3m6!1s0x31752f3407bcb05b:0xc1a8c1fdaebaf71e!8m2!3d10.7845363!4d106.694036!16s%2Fg%2F11c70623yc!19sChIJW7C8BzQvdTERHve6rv3BqME?authuser=0&hl=en&rclk=1,http://amthucquenha.vn/
"8 15 Tôn Đức Thắng, Bến Nghé, Quận 1, Thành phố Hồ Chí Minh ",10.774588,106.7062853,Viet Kitchen - International Vietnamese Restaurant,028 3822 0033 ,1000000.0,"₫1,000,000",4.7,Restaurant,https://www.google.com/maps/place/Viet+Kitchen+-+International+Vietnamese+Restaurant/data=!4m7!3m6!1s0x31752f9e02fa41cd:0xb1be63a1a8f26e5a!8m2!3d10.774588!4d106.7062853!16s%2Fg%2F11grbx_99y!19sChIJzUH6Ap4vdTERWm7yqKFjvrE?authuser=0&hl=en&rclk=1,https://www.marriott.com/hotels/hotel-information/restaurant/sgnbr-renaissance-riverside-hotel-saigon/
"10-12 Đường số 24, Phường 11, Quận 6, Thành phố Hồ Chí Minh 10000 ",10.7426464,106.6293836,Hồ Câu Tôm Hương Quê Quận 6,0931 455 699 ,null,,4.6,Restaurant,https://www.google.com/maps/place/H%E1%BB%93+C%C3%A2u+T%C3%B4m+H%C6%B0%C6%A1ng+Qu%C3%AA+Qu%E1%BA%ADn+6/data=!4m7!3m6!1s0x31752f3f28e94933:0x1a280f84d1c230f4!8m2!3d10.7426464!4d106.6293836!16s%2Fg%2F11q3dt3wn3!19sChIJM0npKD8vdTER9DDC0YQPKBo?authuser=0&hl=en&rclk=1,https://www.facebook.com/hocautomhuongque
"210 Đ. Tên Lửa, Bình Trị Đông B, Bình Tân, Thành phố Hồ Chí Minh 760000 ",10.7448697,106.6131956,Dê tươi Tên Lửa 210,0937 919 183 ,null,,4.0,Restaurant,https://www.google.com/maps/place/D%C3%AA+t%C6%B0%C6%A1i+T%C3%AAn+L%E1%BB%ADa+210/data=!4m7!3m6!1s0x31752dcc207b984f:0xd723d499f731ccea!8m2!3d10.7448697!4d106.6131956!16s%2Fg%2F11f57hkvsd!19sChIJT5h7IMwtdTER6swx95nUI9c?authuser=0&hl=en&rclk=1,
"142/18 Cộng Hòa, Phường 4, Tân Bình, Thành phố Hồ Chí Minh 700000 ",10.8037345,106.6558975,Din Ky Restaurant,0934 636 307 ,null,,4.4,Restaurant,https://www.google.com/maps/place/Din+Ky+Restaurant/data=!4m7!3m6!1s0x3175294f47536fa3:0x8d05343e8e43cee0!8m2!3d10.8037345!4d106.6558975!16s%2Fg%2F11b6d4dkl8!19sChIJo29TR08pdTER4M5Djj40BY0?authuser=0&hl=en&rclk=1,https://www.facebook.com/dinky.com.vn
"246 Đ. Trần Văn Kiểu, Phường 11, Quận 6, Thành phố Hồ Chí Minh ",10.7425113,106.6283913,Ẩm Thực Hồ Lô,0788 244 246 ,null,,3.9,Restaurant,https://www.google.com/maps/place/%E1%BA%A8m+Th%E1%BB%B1c+H%E1%BB%93+L%C3%B4/data=!4m7!3m6!1s0x31752dd63cd60217:0x4a74c22d81003163!8m2!3d10.7425113!4d106.6283913!16s%2Fg%2F11fnwhn3s_!19sChIJFwLWPNYtdTERYzEAgS3CdEo?authuser=0&hl=en&rclk=1,
"52A Đ. Nguyễn Thái Bình, Phường 4, Tân Bình, Thành phố Hồ Chí Minh 700000 ",10.7990865,106.6552285,Ẩm Thực Quê Nhà Quận Tân Bình,0966 606 026 ,null,,4.1,Restaurant,https://www.google.com/maps/place/%E1%BA%A8m+Th%E1%BB%B1c+Qu%C3%AA+Nh%C3%A0+Qu%E1%BA%ADn+T%C3%A2n+B%C3%ACnh/data=!4m7!3m6!1s0x3175292e3b0b08b3:0x75fd454bd95a776d!8m2!3d10.7990865!4d106.6552285!16s%2Fg%2F11g8czxflt!19sChIJswgLOy4pdTERbXda2UtF_XU?authuser=0&hl=en&rclk=1,http://amthucquenha.vn/
"42 Võ Văn Kiệt, Phường Nguyễn Thái Bình, Quận 1, Thành phố Hồ Chí Minh ",10.7667977,106.7010565,Quán Nhà,0963 172 715 ,null,,4.8,Restaurant,https://www.google.com/maps/place/Qu%C3%A1n+Nh%C3%A0/data=!4m7!3m6!1s0x31752f6aa160cc93:0x36c3148c87629cef!8m2!3d10.7667977!4d106.7010565!16s%2Fg%2F11gb3wb4h4!19sChIJk8xgoWovdTER75xih4wUwzY?authuser=0&hl=en&rclk=1,https://www.facebook.com/quannha.saigon
"140, Tân Sơn Nhì, Tân Phú, Thành phố Hồ Chí Minh 700000 ",10.8003808,106.6326451,Nhà Hàng Hòn Đất - Quận Tân Phú,0961 306 060 ,300000.0,"300,000",4.0,Restaurant,https://www.google.com/maps/place/Nh%C3%A0+H%C3%A0ng+H%C3%B2n+%C4%90%E1%BA%A5t+-+Qu%E1%BA%ADn+T%C3%A2n+Ph%C3%BA/data=!4m7!3m6!1s0x3175295718d2e3df:0x28cd3bddf1b0c004!8m2!3d10.8003808!4d106.6326451!16s%2Fg%2F1tf55cj5!19sChIJ3-PSGFcpdTERBMCw8d07zSg?authuser=0&hl=en&rclk=1,http://nhahanghondat.vn/
"207vành đai trong, Bình Trị Đông B, Bình Tân, Thành phố Hồ Chí Minh ",10.7482516,106.6147858,Nhà hàng Chim Rừng,0938 798 938 ,null,,4.0,Restaurant,https://www.google.com/maps/place/Nh%C3%A0+h%C3%A0ng+Chim+R%E1%BB%ABng/data=!4m7!3m6!1s0x31752dcd1a4de135:0x982ac1b15223e6d6!8m2!3d10.7482516!4d106.6147858!16s%2Fg%2F11gg67dz0s!19sChIJNeFNGs0tdTER1uYjUrHBKpg?authuser=0&hl=en&rclk=1,https://www.foody.vn/ho-chi-minh/nha-hang-chim-rung-quan-an-gia-dinh
"138 Nam Kỳ Khởi Nghĩa, Bến Nghé, Quận 1, Thành phố Hồ Chí Minh 700000 ",10.7775742,106.6975438,Quán Ngon 138,028 3825 7179 ,null,,4.0,Restaurant,https://www.google.com/maps/place/Qu%C3%A1n+Ngon+138/data=!4m7!3m6!1s0x31752f3830aad8c9:0x32f1cdda07359c6!8m2!3d10.7775742!4d106.6975438!16s%2Fg%2F11df814bt6!19sChIJydiqMDgvdTERxllzoN0cLwM?authuser=0&hl=en&rclk=1,https://www.facebook.com/quanngon138.fan/
"513 Đ. Gia Phú, Phường 1, Quận 6, Thành phố Hồ Chí Minh ",10.7427053,106.6463833,Nhà Hàng Gia Phú Phúc Kiến,0933 268 628 ,null,,4.3,Restaurant,https://www.google.com/maps/place/Nh%C3%A0+H%C3%A0ng+Gia+Ph%C3%BA+Ph%C3%BAc+Ki%E1%BA%BFn/data=!4m7!3m6!1s0x31752e640c795cef:0xfa234d94becb0834!8m2!3d10.7427053!4d106.6463833!16s%2Fg%2F1hc1vbb7l!19sChIJ71x5DGQudTERNAjLvpRNI_o?authuser=0&hl=en&rclk=1,https://www.foody.vn/ho-chi-minh/nha-hang-gia-phu-phuc-kien
"9A Tú Xương, Phường Võ Thị Sáu, Quận 3, Thành phố Hồ Chí Minh 700000 ",10.783766,106.6896721,Nhà Hàng Ăn Uống Sài Gòn 3,028 3933 0992 ,null,,4.2,Restaurant,https://www.google.com/maps/place/Nh%C3%A0+H%C3%A0ng+%C4%82n+U%E1%BB%91ng+S%C3%A0i+G%C3%B2n+3/data=!4m7!3m6!1s0x31752f24d86a1a71:0xf5b24d2e572f90db!8m2!3d10.783766!4d106.6896721!16s%2Fg%2F1tgx42st!19sChIJcRpq2CQvdTER25AvVy5NsvU?authuser=0&hl=en&rclk=1,http://saigonrestaurants.vn/
"05 Đ. Thành Thái, Phường 14, Quận 10, Thành phố Hồ Chí Minh 700000 ",10.7691775,106.6662679,Ẩm Thực Quê Nhà Quận 10,0901 606 026 ,null,,4.1,Restaurant,https://www.google.com/maps/place/%E1%BA%A8m+Th%E1%BB%B1c+Qu%C3%AA+Nh%C3%A0+Qu%E1%BA%ADn+10/data=!4m7!3m6!1s0x31752fa191e3a97d:0xeaebfc387b29a7e0!8m2!3d10.7691775!4d106.6662679!16s%2Fg%2F11fp1ng4lx!19sChIJfanjkaEvdTER4Kcpezj86-o?authuser=0&hl=en&rclk=1,https://amthucquenha.vn/
"106 Sương Nguyệt Anh, Phường Bến Thành, Quận 1, Thành phố Hồ Chí Minh ",10.7718132,106.6885677,Nhà Hàng Ngọc Sương Saigon,028 3925 6939 ,null,,4.3,Restaurant,https://www.google.com/maps/place/Nh%C3%A0+H%C3%A0ng+Ng%E1%BB%8Dc+S%C6%B0%C6%A1ng+Saigon/data=!4m7!3m6!1s0x31752f3ccf9d077d:0x20e0568df991749e!8m2!3d10.7718132!4d106.6885677!16s%2Fg%2F1tctzy3j!19sChIJfQedzzwvdTERnnSR-Y1W4CA?authuser=0&hl=en&rclk=1,https://www.ngocsuong.co/ngocsuongsaigon?utm_source=ggmaps&utm_medium=ggmaps&utm_campaign=ggmaps
"68B-C, 68 Trần Quốc Toản, Phường Võ Thị Sáu, Quận 3, Thành phố Hồ Chí Minh 700000 ",10.788098,106.688556,Vuon Que Restaurant,0836 666 070 ,300000.0,"300,000",4.4,Restaurant,https://www.google.com/maps/place/Vuon+Que+Restaurant/data=!4m7!3m6!1s0x31752f329b787c29:0x314097961eeb5621!8m2!3d10.788098!4d106.688556!16s%2Fg%2F11c2ll_hxc!19sChIJKXx4mzIvdTERIVbrHpaXQDE?authuser=0&hl=en&rclk=1,https://nhahangvuonque.com.vn/
"Rooftop level, 215 Lý Tự Trọng, Phường Bến Thành, Quận 1, Thành phố Hồ Chí Minh 70000 ",10.7727413,106.6956617,Chanh Bistro Rooftop Saigon,0903 838 760 ,null,,4.5,Restaurant,https://www.google.com/maps/place/Chanh+Bistro+Rooftop+Saigon/data=!4m7!3m6!1s0x31752f413ed490bf:0x4063b00cc5f56eb5!8m2!3d10.7727413!4d106.6956617!16s%2Fg%2F11b7fb9vf4!19sChIJv5DUPkEvdTERtW71xQywY0A?authuser=0&hl=en&rclk=1,http://www.chanhbistro.com/
"88 Đ. Số 26, Hiệp Bình Chánh, Thủ Đức, Thành phố Hồ Chí Minh ",10.8296476,106.7329843,Nhà hàng Bên Sông,0911 095 000 ,null,,4.3,Restaurant,https://www.google.com/maps/place/Nh%C3%A0+h%C3%A0ng+B%C3%AAn+S%C3%B4ng/data=!4m7!3m6!1s0x3175288678651c8d:0x53341b5678b42086!8m2!3d10.8296476!4d106.7329843!16s%2Fg%2F11g01_hfw_!19sChIJjRxleIYodTERhiC0eFYbNFM?authuser=0&hl=en&rclk=1,https://nhahangbensong.net/
"86 Tân Canh, Phường 1, Tân Bình, Thành phố Hồ Chí Minh ",10.7957606,106.6670569,Huong Cau Restaurant 2,028 3991 9898 ,null,,4.0,Restaurant,https://www.google.com/maps/place/Huong+Cau+Restaurant+2/data=!4m7!3m6!1s0x3175292dcd82f391:0xb02eb3b27dbe4cec!8m2!3d10.7957606!4d106.6670569!16s%2Fg%2F11btrrjgth!19sChIJkfOCzS0pdTER7Ey-fbKzLrA?authuser=0&hl=en&rclk=1,https://nhahanghuongcau.vn/
"1 Đường Số 17A, Bình Trị Đông B, Bình Tân, Thành phố Hồ Chí Minh 70000 ",10.7427958,106.6119311,Nhà Hàng Đồ Ăn Thái - Thai Market Restaurant - Tầng 3 Aeon Mall Bình Tân,1900 0207 ,null,,4.9,Restaurant,https://www.google.com/maps/place/Nh%C3%A0+H%C3%A0ng+%C4%90%E1%BB%93+%C4%82n+Th%C3%A1i+-+Thai+Market+Restaurant+-+T%E1%BA%A7ng+3+Aeon+Mall+B%C3%ACnh+T%C3%A2n/data=!4m7!3m6!1s0x31752d3fff870991:0xcc841d8982ba7fe4!8m2!3d10.7427958!4d106.6119311!16s%2Fg%2F11sjrc4cb_!19sChIJkQmH_z8tdTER5H-6gokdhMw?authuser=0&hl=en&rclk=1,http://thaimarket.vn/
"110 Đ. Vành Đai Trong, An Lạc A, Bình Tân, Thành phố Hồ Chí Minh ",10.745427,106.6153927,Nhà Hàng Bê Vàng,0918 337 726 ,null,,4.0,Restaurant,https://www.google.com/maps/place/Nh%C3%A0+H%C3%A0ng+B%C3%AA+V%C3%A0ng/data=!4m7!3m6!1s0x31752dcdda15bde3:0x2a4bf0f7d4223bfb!8m2!3d10.745427!4d106.6153927!16s%2Fg%2F1tg9kmcl!19sChIJ470V2s0tdTER-zsi1PfwSyo?authuser=0&hl=en&rclk=1,http://bevang.nhahangbevang.com/
"ABC, 102, Đ. Cống Quỳnh, Phường Phạm Ngũ Lão, Quận 1, Thành phố Hồ Chí Minh 70000 ",10.7649165,106.6905357,Banana Mama Rooftop Bar & Kitchen Saigon,0901 837 641 ,null,,4.8,Bar/Pub,https://www.google.com/maps/place/Banana+Mama+Rooftop+Bar+%26+Kitchen+Saigon/data=!4m7!3m6!1s0x31752f8bc805aec5:0xb480d00e34b05853!8m2!3d10.7649165!4d106.6905357!16s%2Fg%2F11h4mtwt3w!19sChIJxa4FyIsvdTERU1iwNA7QgLQ?authuser=0&hl=en&rclk=1,http://www.bananamamabar.com/
"1060 Đ. Hậu Giang, Phường 12, Quận 6, Thành phố Hồ Chí Minh 70000 ",10.7458777,106.6249276,Quán Ăn Gia Đình Thạch Thảo,0908 583 580 ,null,,4.4,Restaurant,https://www.google.com/maps/place/Qu%C3%A1n+%C4%82n+Gia+%C4%90%C3%ACnh+Th%E1%BA%A1ch+Th%E1%BA%A3o/data=!4m7!3m6!1s0x31752dd914751723:0x175ea7f0cc4f7639!8m2!3d10.7458777!4d106.6249276!16s%2Fg%2F11f6njzsn1!19sChIJIxd1FNktdTEROXZPzPCnXhc?authuser=0&hl=en&rclk=1,https://www.facebook.com/quananthachthao/
"215 Điện Biên Phủ, Phường 6, Quận 3, Thành phố Hồ Chí Minh ",10.784382,106.6918959,Vựa cua Út Cà Mau,028 3521 8359 ,null,,4.2,Restaurant,https://www.google.com/maps/place/V%E1%BB%B1a+cua+%C3%9At+C%C3%A0+Mau/data=!4m7!3m6!1s0x31752f317893eee3:0x72726a2f62c15346!8m2!3d10.784382!4d106.6918959!16s%2Fg%2F11clyh347b!19sChIJ4-6TeDEvdTERRlPBYi9qcnI?authuser=0&hl=en&rclk=1,http://utcamau.com/
"LOTTE HOTEL SAIGON, 2A - 4A Tôn Đức Thắng, Phường, Quận 1, Thành phố Hồ Chí Minh 700000 ",10.7787547,106.7068013,The Canvas Restaurant,0898 117 989 ,null,,4.8,Restaurant,https://www.google.com/maps/place/The+Canvas+Restaurant/data=!4m7!3m6!1s0x31752f443acd3b15:0xba29a7bdbc08b642!8m2!3d10.7787547!4d106.7068013!16s%2Fg%2F1v8w_p49!19sChIJFTvNOkQvdTERQrYIvL2nKbo?authuser=0&hl=en&rclk=1,https://www.lottehotel.com/saigon-hotel/en/dining/restaurant-the-canvas
"262 Đ. Minh Phụng, P.02, Quận 11, Thành phố Hồ Chí Minh 70000 ",10.7558991,106.6436062,Nhà Hàng Đại Dương,0932 242 528 ,null,,4.4,Restaurant,https://www.google.com/maps/place/Nh%C3%A0+H%C3%A0ng+%C4%90%E1%BA%A1i+D%C6%B0%C6%A1ng/data=!4m7!3m6!1s0x31752f63096a1f45:0xd983bae58a5750ad!8m2!3d10.7558991!4d106.6436062!16s%2Fg%2F11j0j_c4gg!19sChIJRR9qCWMvdTERrVBXiuW6g9k?authuser=0&hl=en&rclk=1,
"Nguyễn Hữu Cảnh, Saigon Pearl, Bình Thạnh, Thành phố Hồ Chí Minh 700000 ",10.7903868,106.7183607,Nhà Hàng Tre,0775 991 032 ,null,,4.4,Restaurant,https://www.google.com/maps/place/Nh%C3%A0+H%C3%A0ng+Tre/data=!4m7!3m6!1s0x317529af167b8099:0x463349c8c8651758!8m2!3d10.7903868!4d106.7183607!16s%2Fg%2F11gtcb0yq0!19sChIJmYB7Fq8pdTERWBdlyMhJM0Y?authuser=0&hl=en&rclk=1,https://www.facebook.com/nhahangtre.vietcuisine
"62 Đ. Vành Đai Trong, An Lạc A, Bình Tân, Thành phố Hồ Chí Minh ",10.7431299,106.6153588,Ẩm Thực Nhà Tôi,0922 282 838 ,null,,3.6,Restaurant,https://www.google.com/maps/place/%E1%BA%A8m+Th%E1%BB%B1c+Nh%C3%A0+T%C3%B4i/data=!4m7!3m6!1s0x31752da9c60502ef:0xe86d71a1fe7abcd9!8m2!3d10.7431299!4d106.6153588!16s%2Fg%2F11sv1xss0g!19sChIJ7wIFxqktdTER2bx6_qFxbeg?authuser=0&hl=en&rclk=1,
"180-188 Lý Tự Trọng, Phường Bến Thành, Quận 1, Thành phố Hồ Chí Minh 700000 ",10.7731993,106.6956783,Cloud Nine Restaurant Sai Gon,0799 561 368 ,1000000.0,"₫1,000,000",4.9,Restaurant,https://www.google.com/maps/place/Cloud+Nine+Restaurant+Sai+Gon/data=!4m7!3m6!1s0x31752f48c3b399cd:0xa897d64b8f4cdd31!8m2!3d10.7731993!4d106.6956783!16s%2Fg%2F11tw_1k8gz!19sChIJzZmzw0gvdTERMd1Mj0vWl6g?authuser=0&hl=en&rclk=1,https://saigon.cloudninerestaurants.com/
"133 Nguyễn Du, Phường Bến Thành, Quận 1, Thành phố Hồ Chí Minh 70000 ",10.7731205,106.6940156,Cyclo Resto,0975 513 011 ,200000.0,"200,000",4.7,Restaurant,https://www.google.com/maps/place/Cyclo+Resto/data=!4m7!3m6!1s0x31752f3c1e8f8f9b:0x86aeba0c5aa89861!8m2!3d10.7731205!4d106.6940156!16s%2Fg%2F11b6gq3ymm!19sChIJm4-PHjwvdTERYZioWgy6roY?authuser=0&hl=en&rclk=1,http://www.cycloresto.vn/
"39A-39B, Ngo Duc Ke Street, ward, Bến Nghé, Quận 1, Thành phố Hồ Chí Minh 700000 ",10.7731679,106.705366,Tandoor Indian Restaurant,028 3930 4839 ,null,,4.3,Restaurant,https://www.google.com/maps/place/Tandoor+Indian+Restaurant/data=!4m7!3m6!1s0x31752f46a58c56c3:0x5c7c2558cc3eeb!8m2!3d10.7731679!4d106.705366!16s%2Fg%2F11bwyxd27q!19sChIJw1aMpUYvdTER6z7MWCV8XAA?authuser=0&hl=en&rclk=1,https://tandoorvietnam.com/
"27J Đ. Trần Nhật Duật, Phường Tân Định, Quận 1, Thành phố Hồ Chí Minh 700000 ",10.793142,106.690195,Nhà Hàng Maison Mận-Đỏ,0933 774 487 ,null,,4.6,Restaurant,https://www.google.com/maps/place/Nh%C3%A0+H%C3%A0ng+Maison+M%E1%BA%ADn-%C4%90%E1%BB%8F/data=!4m7!3m6!1s0x31752615cbb637cd:0x58d42231236126da!8m2!3d10.793142!4d106.690195!16s%2Fg%2F11gdry1ywx!19sChIJzTe2yxUmdTER2iZhIzEi1Fg?authuser=0&hl=en&rclk=1,http://maisonmando.com/
"91 Mạc Thị Bưởi, Phường, Quận 1, Thành phố Hồ Chí Minh 700000 ",10.774398,106.704011,The Monkey Productions DESSERT BAR,,null,,4.8,Bar/Pub,https://www.google.com/maps/place/The+Monkey+Productions+DESSERT+BAR/data=!4m7!3m6!1s0x31752f0ed1379e1d:0x64f16fc53790299e!8m2!3d10.774398!4d106.704011!16s%2Fg%2F11s9lk5d5k!19sChIJHZ430Q4vdTERnimQN8Vv8WQ?authuser=0&hl=en&rclk=1,https://monkeygallery.vn/pages/dessert
"274 Nam Kỳ Khởi Nghĩa, Phường Võ Thị Sáu, Quận 3, Thành phố Hồ Chí Minh ",10.7879703,106.6861592,Ran Bien 5 Restaurant,0827 946 222 ,null,,4.1,Restaurant,https://www.google.com/maps/place/Ran+Bien+5+Restaurant/data=!4m7!3m6!1s0x31752f2da217a8d3:0x2d7b7cba451973aa!8m2!3d10.7879703!4d106.6861592!16s%2Fg%2F11clgp02_b!19sChIJ06gXoi0vdTERqnMZRbp8ey0?authuser=0&hl=en&rclk=1,https://haisanranbien.vn/
"05 Đ. Thành Thái, Phường 14, Quận 10, Thành phố Hồ Chí Minh 700000 ",10.7691775,106.6662679,Ẩm Thực Quê Nhà Quận 10,0901 606 026 ,null,,4.1,Restaurant,https://www.google.com/maps/place/%E1%BA%A8m+Th%E1%BB%B1c+Qu%C3%AA+Nh%C3%A0+Qu%E1%BA%ADn+10/data=!4m7!3m6!1s0x31752fa191e3a97d:0xeaebfc387b29a7e0!8m2!3d10.7691775!4d106.6662679!16s%2Fg%2F11fp1ng4lx!19sChIJfanjkaEvdTER4Kcpezj86-o?authuser=0&hl=en&rclk=1,https://amthucquenha.vn/
"24 Raymondienne, Tân Phú, Quận 7, Thành phố Hồ Chí Minh 70000 ",10.7287894,106.726288,Nhà hàng Hoàng Tâm - Phú Mỹ Hưng,0969 002 200 ,300000.0,"300,000",4.6,Restaurant,https://www.google.com/maps/place/Nh%C3%A0+h%C3%A0ng+Ho%C3%A0ng+T%C3%A2m+-+Ph%C3%BA+M%E1%BB%B9+H%C6%B0ng/data=!4m7!3m6!1s0x3175257d16543d09:0x45cfeb1ea962587c!8m2!3d10.7287894!4d106.726288!16s%2Fg%2F11jdm6t2d8!19sChIJCT1UFn0ldTERfFhiqR7rz0U?authuser=0&hl=en&rclk=1,http://nhahanghoangtam.vn/
"196 Đ. Số 48, Phường 03, Quận 4, Thành phố Hồ Chí Minh ",10.7570628,106.6999919,Nhà hàng hải sản Hương Lúa 3,0909 137 970 ,null,,4.0,Restaurant,https://www.google.com/maps/place/Nh%C3%A0+h%C3%A0ng+h%E1%BA%A3i+s%E1%BA%A3n+H%C6%B0%C6%A1ng+L%C3%BAa+3/data=!4m7!3m6!1s0x31752fe033c7f6f1:0xf715be307065ad3!8m2!3d10.7570628!4d106.6999919!16s%2Fg%2F11q4dpxmdg!19sChIJ8fbHM-AvdTER01oGB-NbcQ8?authuser=0&hl=en&rclk=1,
"456 Võ Văn Kiệt, Phường Cô Giang, Quận 1, Thành phố Hồ Chí Minh 700000 ",10.7590516,106.6923748,Nhà hàng ẩm thực Á - Âu GORDON,0933 055 353 ,1000000.0,"₫1,000,000",4.5,Restaurant,https://www.google.com/maps/place/Nh%C3%A0+h%C3%A0ng+%E1%BA%A9m+th%E1%BB%B1c+%C3%81+-+%C3%82u+GORDON/data=!4m7!3m6!1s0x31752fd5ccffc65f:0xb1cd58b8ba19d29d!8m2!3d10.7590516!4d106.6923748!16s%2Fg%2F11r5588s69!19sChIJX8b_zNUvdTERndIZurhYzbE?authuser=0&hl=en&rclk=1,https://gordonrestaurant.vn/
"192-194 Đ. Số 48, Phường 3, Quận 4, Thành phố Hồ Chí Minh 700000 ",10.756902,106.700186,Quán Nhà Sàn,0789 782 401 ,null,,4.0,Restaurant,https://www.google.com/maps/place/Qu%C3%A1n+Nh%C3%A0+S%C3%A0n/data=!4m7!3m6!1s0x31752f1590ae3a03:0xcb10c1bcc77b270e!8m2!3d10.756902!4d106.700186!16s%2Fg%2F1hc0zw3h2!19sChIJAzqukBUvdTERDid7x7zBEMs?authuser=0&hl=en&rclk=1,http://quanhasan.com/
"142/18 Cộng Hòa, Phường 4, Tân Bình, Thành phố Hồ Chí Minh 700000 ",10.8037345,106.6558975,Din Ky Restaurant,0934 636 307 ,null,,4.4,Restaurant,https://www.google.com/maps/place/Din+Ky+Restaurant/data=!4m7!3m6!1s0x3175294f47536fa3:0x8d05343e8e43cee0!8m2!3d10.8037345!4d106.6558975!16s%2Fg%2F11b6d4dkl8!19sChIJo29TR08pdTER4M5Djj40BY0?authuser=0&hl=en&rclk=1,https://www.facebook.com/dinky.com.vn
"52A Đ. Nguyễn Thái Bình, Phường 4, Tân Bình, Thành phố Hồ Chí Minh 700000 ",10.7990865,106.6552285,Ẩm Thực Quê Nhà Quận Tân Bình,0966 606 026 ,null,,4.1,Restaurant,https://www.google.com/maps/place/%E1%BA%A8m+Th%E1%BB%B1c+Qu%C3%AA+Nh%C3%A0+Qu%E1%BA%ADn+T%C3%A2n+B%C3%ACnh/data=!4m7!3m6!1s0x3175292e3b0b08b3:0x75fd454bd95a776d!8m2!3d10.7990865!4d106.6552285!16s%2Fg%2F11g8czxflt!19sChIJswgLOy4pdTERbXda2UtF_XU?authuser=0&hl=en&rclk=1,http://amthucquenha.vn/
"207 Nguyễn Văn Cừ, Phường 3, Quận 5, Thành phố Hồ Chí Minh ",10.7600478,106.6835358,Nhà hàng Biển Việt,028 6684 4225 ,null,,4.1,Restaurant,https://www.google.com/maps/place/Nh%C3%A0+h%C3%A0ng+Bi%E1%BB%83n+Vi%E1%BB%87t/data=!4m7!3m6!1s0x31752ffe2527bc57:0x3b3de8ee3ed968ce!8m2!3d10.7600478!4d106.6835358!16s%2Fg%2F11v3mcz8fk!19sChIJV7wnJf4vdTERzmjZPu7oPTs?authuser=0&hl=en&rclk=1,https://www.tiktok.com/@bienvietrestaurant?_t=ZS-8v1vWp6f5iU&_r=1
"45 Thủ Khoa Huân, Phường Bến Thành, Quận 1, Thành phố Hồ Chí Minh 700000 ",10.774218,106.6966059,Hoang’s Kitchen -Vietnamese cuisine & Vegan food,0912 993 203 ,null,,4.9,Restaurant,https://www.google.com/maps/place/Hoang%E2%80%99s+Kitchen+-Vietnamese+cuisine+%26+Vegan+food/data=!4m7!3m6!1s0x31752f7c28d2133d:0xf4f42c414b22791c!8m2!3d10.774218!4d106.6966059!16s%2Fg%2F11w236c_vf!19sChIJPRPSKHwvdTERHHkiS0Es9PQ?authuser=0&hl=en&rclk=1,https://hoangskitchen.com/
"22 – 36 Nguyễn Huệ &, 57 – 69F Đồng Khởi, Thành phố Hồ Chí Minh, 700000 ",10.7739212,106.7050054,Nhà hàng Long Triều,028 3823 6688 ,null,,4.3,Restaurant,https://www.google.com/maps/place/Nh%C3%A0+h%C3%A0ng+Long+Tri%E1%BB%81u/data=!4m7!3m6!1s0x31752fdc743f45e9:0x4668fd4f38d9116!8m2!3d10.7739212!4d106.7050054!16s%2Fg%2F11txjlwtvv!19sChIJ6UU_dNwvdTERFpGN89SPZgQ?authuser=0&hl=en&rclk=1,https://www.thereveriesaigon.com/restaurants-bars/long-trieu/
"45 Đ. Nguyễn Thị Thập, Khu đô thị Him Lam, Quận 7, Thành phố Hồ Chí Minh 700000 ",10.740461,106.6987225,"Bò Tơ Quán Mộc 43-45 Nguyễn Thị Thập ,P",0858 453 388 ,400000.0,"400,000",4.8,Restaurant,"https://www.google.com/maps/place/B%C3%B2+T%C6%A1+Qu%C3%A1n+M%E1%BB%99c+43-45+Nguy%E1%BB%85n+Th%E1%BB%8B+Th%E1%BA%ADp+,P.T%C3%A2n+H%C6%B0ng/data=!4m7!3m6!1s0x31752f547e0b0ce7:0xb49608f828fbdb93!8m2!3d10.740461!4d106.6987225!16s%2Fg%2F11tdvg_tqn!19sChIJ5wwLflQvdTERk9v7KPgIlrQ?authuser=0&hl=en&rclk=1",https://botoquanmoc.com/
"Robot Tower, 308C Điện Biên Phủ, Phường 4, Quận 3, Thành phố Hồ Chí Minh ",10.7762711,106.6828696,Én Restaurant & Event Space,,null,,4.3,Restaurant,https://www.google.com/maps/place/%C3%89n+Restaurant+%26+Event+Space/data=!4m7!3m6!1s0x31752f242e0f0ffd:0xc57f4a5451ba4e36!8m2!3d10.7762711!4d106.6828696!16s%2Fg%2F11b8t6r_8_!19sChIJ_Q8PLiQvdTERNk66UVRKf8U?authuser=0&hl=en&rclk=1,http://www.enrestaurant.vn/
"5 Phạm Ngọc Thạch, Phường 6, Quận 3, Thành phố Hồ Chí Minh ",10.7817995,106.6964909,Nhà Hàng Phố 79,0966 773 279 ,null,,4.3,Restaurant,https://www.google.com/maps/place/Nh%C3%A0+H%C3%A0ng+Ph%E1%BB%91+79/data=!4m7!3m6!1s0x31752f95a58528a9:0xa84f0e56826ae90a!8m2!3d10.7817995!4d106.6964909!16s%2Fg%2F11h4b8y91l!19sChIJqSiFpZUvdTERCulqglYOT6g?authuser=0&hl=en&rclk=1,https://pho79.vn/
"Le Méridien Saigon, 3C Tôn Đức Thắng, Bến Nghé, Quận 1, Thành phố Hồ Chí Minh 70000 ",10.7800292,106.7075244,Latest Recipe - Le Méridien Saigon,028 6263 6688 ,null,,4.5,Restaurant,https://www.google.com/maps/place/Latest+Recipe+-+Le+M%C3%A9ridien+Saigon/data=!4m7!3m6!1s0x31752f34a0e8f65d:0x647828e96d7ddb54!8m2!3d10.7800292!4d106.7075244!16s%2Fg%2F11fm41vsc_!19sChIJXfbooDQvdTERVNt9bekoeGQ?authuser=0&hl=en&rclk=1,https://www.sevenrooms.com/experiences/latestrecipehochiminhsgnmd
"257A Nguyễn Trãi, Phường Nguyễn Cư Trinh, Quận 1, Thành phố Hồ Chí Minh ",10.764577,106.6875511,Nhà Hàng Món Ngon,,null,,3.7,Restaurant,https://www.google.com/maps/place/Nh%C3%A0+H%C3%A0ng+M%C3%B3n+Ngon/data=!4m7!3m6!1s0x31752f19da60ba8d:0x4fc6c079e32472da!8m2!3d10.764577!4d106.6875511!16s%2Fg%2F1tdql492!19sChIJjbpg2hkvdTER2nIk43nAxk8?authuser=0&hl=en&rclk=1,
"140, Tân Sơn Nhì, Tân Phú, Thành phố Hồ Chí Minh 700000 ",10.8003808,106.6326451,Nhà Hàng Hòn Đất - Quận Tân Phú,0961 306 060 ,300000.0,"300,000",4.0,Restaurant,https://www.google.com/maps/place/Nh%C3%A0+H%C3%A0ng+H%C3%B2n+%C4%90%E1%BA%A5t+-+Qu%E1%BA%ADn+T%C3%A2n+Ph%C3%BA/data=!4m7!3m6!1s0x3175295718d2e3df:0x28cd3bddf1b0c004!8m2!3d10.8003808!4d106.6326451!16s%2Fg%2F1tf55cj5!19sChIJ3-PSGFcpdTERBMCw8d07zSg?authuser=0&hl=en&rclk=1,http://nhahanghondat.vn/
"Cảng Sài Gòn, 5 Đ. Nguyễn Tất Thành, Phường 13, Quận 4, Thành phố Hồ Chí Minh 70000 ",10.7664721,106.7084621,Du thuyền Nhà hàng Benthanh Princess,0328 227 878 ,null,,4.9,Restaurant,https://www.google.com/maps/place/Du+thuy%E1%BB%81n+Nh%C3%A0+h%C3%A0ng+Benthanh+Princess/data=!4m7!3m6!1s0x31752f2fa6aadc8b:0x6b2d89160bd65c95!8m2!3d10.7664721!4d106.7084621!16s%2Fg%2F11l6qwsbfm!19sChIJi9yqpi8vdTERlVzWCxaJLWs?authuser=0&hl=en&rclk=1,https://www.benthanhprincess.com.vn/
"SAIGON PORT 05, Đ. Nguyễn Tất Thành, Phường 13, Quận 4, Thành phố Hồ Chí Minh 700000 ",10.7675291,106.7080128,Saigon Princess - Luxurious Dining Cruise,0888 901 068 ,null,,4.5,Restaurant,https://www.google.com/maps/place/Saigon+Princess+-+Luxurious+Dining+Cruise/data=!4m7!3m6!1s0x31752f427023efbf:0xee16a22d0729fa93!8m2!3d10.7675291!4d106.7080128!16s%2Fg%2F11gd4hcr2q!19sChIJv-8jcEIvdTERk_opBy2iFu4?authuser=0&hl=en&rclk=1,http://www.saigonprincess.com.vn/
"124 Nguyễn Cư Trinh, Phường Nguyễn Cư Trinh, Quận 1, Thành phố Hồ Chí Minh 733500 ",10.7638593,106.6895323,Nhà Hàng Chay (Vegetarian Restaurant) Hoa Khai,0902 521 568 ,100000.0,"100,000",4.2,Vegetarian,https://www.google.com/maps/place/Nh%C3%A0+H%C3%A0ng+Chay+%28Vegetarian+Restaurant%29+Hoa+Khai/data=!4m7!3m6!1s0x31752f174527e5c3:0xe5c91f862ef45786!8m2!3d10.7638593!4d106.6895323!16s%2Fg%2F11cls6npzj!19sChIJw-UnRRcvdTERhlf0LoYfyeU?authuser=0&hl=en&rclk=1,
"3rd Floor, 91 Mạc Thị Bưởi, Bến Nghé, Quận 1, Thành phố Hồ Chí Minh ",10.774398,106.704011,The Monkey Gallery DINING,,1000000.0,"₫1,000,000",4.5,Restaurant,https://www.google.com/maps/place/The+Monkey+Gallery+DINING/data=!4m7!3m6!1s0x31752f9331dc29c7:0x6a05446f19b36205!8m2!3d10.774398!4d106.704011!16s%2Fg%2F11hzm3r7hq!19sChIJxyncMZMvdTERBWKzGW9EBWo?authuser=0&hl=en&rclk=1,http://monkeygallery.vn/
"27J Đ. Trần Nhật Duật, Phường Tân Định, Quận 1, Thành phố Hồ Chí Minh 700000 ",10.793142,106.690195,Nhà Hàng Maison Mận-Đỏ,0933 774 487 ,null,,4.6,Restaurant,https://www.google.com/maps/place/Nh%C3%A0+H%C3%A0ng+Maison+M%E1%BA%ADn-%C4%90%E1%BB%8F/data=!4m7!3m6!1s0x31752615cbb637cd:0x58d42231236126da!8m2!3d10.793142!4d106.690195!16s%2Fg%2F11gdry1ywx!19sChIJzTe2yxUmdTER2iZhIzEi1Fg?authuser=0&hl=en&rclk=1,http://maisonmando.com/
"Windsor Plaza Hotel, 1 Sư Vạn Hạnh, Phường 9, Quận 5, Thành phố Hồ Chí Minh ",10.7578223,106.6733959,Nhà hàng Ngân Đình,028 3830 8888 ,null,,4.2,Restaurant,https://www.google.com/maps/place/Nh%C3%A0+h%C3%A0ng+Ng%C3%A2n+%C4%90%C3%ACnh/data=!4m7!3m6!1s0x31752f1d1834b40d:0x91b598b232a77a9d!8m2!3d10.7578223!4d106.6733959!16s%2Fg%2F1ttdkgxn!19sChIJDbQ0GB0vdTERnXqnMrKYtZE?authuser=0&hl=en&rclk=1,https://www.windsorplazahotel.com/dining/ngan-dinh-restaurant
"80 Đông Du, Bến Nghé, Quận 1, Thành phố Hồ Chí Minh ",10.7754503,106.7038779,Saigon Café - International Seafood Buffet Restaurant,028 3521 9148 ,1000000.0,"₫1,000,000",4.7,Restaurant,https://www.google.com/maps/place/Saigon+Caf%C3%A9+-+International+Seafood+Buffet+Restaurant/data=!4m7!3m6!1s0x31752f465f01d4a1:0x5dcde8075e9ee2ad!8m2!3d10.7754503!4d106.7038779!16s%2Fg%2F11b88t0q4c!19sChIJodQBX0YvdTERreKeXgfozV0?authuser=0&hl=en&rclk=1,https://sgcf.sheratonsaigon.com/
"661 Trần Hưng Đạo, Phường 1, Quận 5, Thành phố Hồ Chí Minh ",10.7559303,106.6842932,Ca Mau Crab hotpot,028 7779 9989 ,null,,4.1,Restaurant,https://www.google.com/maps/place/Ca+Mau+Crab+hotpot/data=!4m7!3m6!1s0x31752f107f649b09:0xecc15a2423219b01!8m2!3d10.7559303!4d106.6842932!16s%2Fg%2F11b5phsr3h!19sChIJCZtkfxAvdTERAZshIyRawew?authuser=0&hl=en&rclk=1,http://www.laucuadatmui.com/
"Đ. Tôn Thất Thiệp/30 ward, Bến Nghé, Quận 1, Thành phố Hồ Chí Minh 70000 ",10.7739338,106.7026064,THE INDIAN HOUSE,0971 805 672 ,null,,4.4,Restaurant,https://www.google.com/maps/place/THE+INDIAN+HOUSE/data=!4m7!3m6!1s0x31752f1660cedde9:0x9cf1784aef53e108!8m2!3d10.7739338!4d106.7026064!16s%2Fg%2F11sbptg0w2!19sChIJ6d3OYBYvdTERCOFT70p48Zw?authuser=0&hl=en&rclk=1,https://benaras.club/the-indian-house/
"290 Bến Vân Đồn, Phường 2, Quận 4, Thành phố Hồ Chí Minh 71054 ",10.758367,106.694092,Quán Ăn Gia Đình Hương Cau 2,,200000.0,"200,000",3.8,Restaurant,https://www.google.com/maps/place/Qu%C3%A1n+%C4%82n+Gia+%C4%90%C3%ACnh+H%C6%B0%C6%A1ng+Cau+2/data=!4m7!3m6!1s0x31752f118a1d5c39:0x1aa2255e3a3d988c!8m2!3d10.758367!4d106.694092!16s%2Fg%2F11ycqtyb5!19sChIJOVwdihEvdTERjJg9Ol4loho?authuser=0&hl=en&rclk=1,https://www.foody.vn/ho-chi-minh/huong-cau-2
"345/84 Trần Hưng Đạo, Cầu Kho, Quận 1, Thành phố Hồ Chí Minh 700000 ",10.7604423,106.6896802,Vee Ayy Food,028 6682 3623 ,200000.0,"200,000",4.3,Restaurant,https://www.google.com/maps/place/Vee+Ayy+Food/data=!4m7!3m6!1s0x31752f238c8fce9f:0xe3a276099ca698b9!8m2!3d10.7604423!4d106.6896802!16s%2Fg%2F11c1n2s91t!19sChIJn86PjCMvdTERuZimnAl2ouM?authuser=0&hl=en&rclk=1,https://www.foody.vn/ho-chi-minh/vee-ayy-food-ga-nuong-pho-mai-49k
"129/4 Võ Văn Tần, Phường 6, Quận 3, Thành phố Hồ Chí Minh ",10.7751517,106.6895494,Nhà Tú - Việt Nam Restaurant,028 3930 5069 ,300000.0,"300,000",4.4,Restaurant,https://www.google.com/maps/place/Nh%C3%A0+T%C3%BA+-+Vi%E1%BB%87t+Nam+Restaurant/data=!4m7!3m6!1s0x31752f3b3df7558f:0xe65efff2064733a7!8m2!3d10.7751517!4d106.6895494!16s%2Fg%2F11c7l7vmmh!19sChIJj1X3PTsvdTERpzNHBvL_XuY?authuser=0&hl=en&rclk=1,https://www.facebook.com/nhahangmonvietnhatu/
"64 Phạm Ngọc Thạch, Phường 6, Quận 3, Thành phố Hồ Chí Minh ",10.786299,106.692195,Nhà Hàng Lẩu Soa Soa,0902 881 136 ,null,,,Restaurant,https://www.google.com/maps/place/Nh%C3%A0+H%C3%A0ng+L%E1%BA%A9u+Soa+Soa/data=!4m7!3m6!1s0x31752f33bb48878d:0xe474106205df2e1!8m2!3d10.786299!4d106.692195!16s%2Fg%2F1td6pqrs!19sChIJjYdIuzMvdTER4fJdIAZBRw4?authuser=0&hl=en&rclk=1,https://www.foody.vn/ho-chi-minh/lau-soa-soa-pham-ngoc-thach
"16 Số 77, Tân Phong, Quận 7, Thành phố Hồ Chí Minh 00000 ",10.7356651,106.7051916,Hàng Dương Sakura,1800 9478 ,null,,4.3,Restaurant,https://www.google.com/maps/place/H%C3%A0ng+D%C6%B0%C6%A1ng+Sakura/data=!4m7!3m6!1s0x31752fe847042fa7:0xfcd09925964666ea!8m2!3d10.7356651!4d106.7051916!16s%2Fg%2F11jbmjc4_8!19sChIJpy8ER-gvdTER6mZGliWZ0Pw?authuser=0&hl=en&rclk=1,http://hangduongquan.vn/
"46 Huỳnh Tịnh Của, Phường Võ Thị Sáu, Quận 3, Thành phố Hồ Chí Minh ",10.7898702,106.6868079,Dat Phuong Nam Restaurant,028 3820 3968 ,300000.0,"300,000",4.0,Restaurant,https://www.google.com/maps/place/Dat+Phuong+Nam+Restaurant/data=!4m7!3m6!1s0x31752f2d4acb1d27:0x2f9e74dd63925549!8m2!3d10.7898702!4d106.6868079!16s%2Fg%2F1vbnlw_7!19sChIJJx3LSi0vdTERSVWSY910ni8?authuser=0&hl=en&rclk=1,https://www.foody.vn/ho-chi-minh/dat-phuong-nam
"11 Nguyễn Văn Chiêm, Bến Nghé, Quận 1, Thành phố Hồ Chí Minh 70000 ",10.7819979,106.6986412,Nhà Hàng Thanh Niên,028 3822 5909 ,null,,4.0,Restaurant,https://www.google.com/maps/place/Nh%C3%A0+H%C3%A0ng+Thanh+Ni%C3%AAn/data=!4m7!3m6!1s0x31752f07bcc4c35f:0x1a3e7e9114b4df6!8m2!3d10.7819979!4d106.6986412!16s%2Fg%2F11fhq_cx7h!19sChIJX8PEvAcvdTER9k1LEennowE?authuser=0&hl=en&rclk=1,
"216/4 Điện Biên Phủ, Phường Võ Thị Sáu, Quận 3, Thành phố Hồ Chí Minh 700000 ",10.7832942,106.6896996,HOME Saigon - HOME Vietnamese Restaurant,0857 275 999 ,null,,4.7,Restaurant,https://www.google.com/maps/place/HOME+Saigon+-+HOME+Vietnamese+Restaurant/data=!4m7!3m6!1s0x31752f2fedb1f331:0xaf5242ce7af6c61f!8m2!3d10.7832942!4d106.6896996!16s%2Fg%2F11f0wr_81r!19sChIJMfOx7S8vdTERH8b2es5CUq8?authuser=0&hl=en&rclk=1,https://homevietnameserestaurants.com/
