poi_id,name,name_norm,place_suffix,address,city,city_norm,latitude,longitude,phone,price,price_text,rating,type,category,url,website
attraction00001,My Khe Beach,my khe,beach,Da Nang 550000,Da Nang,da nang,16.0616944,108.2469346,,0,,4.7,Natural,Attraction,https://www.google.com/maps/place/My+Khe+Beach/data=!4m7!3m6!1s0x31421782f7fa0ee3:0xeafb8ba272ee55ac!8m2!3d16.0616944!4d108.2469346!16s%2Fg%2F1223wyjj!19sChIJ4w7694IXQjERrFXucqKL--o?authuser=0&hl=en&rclk=1,
attraction00002,Bãi biển Sơn Trà,son tra,beach,"Bến Xe Bus, Sơn Trà, Đà Nẵng",Đà Nẵng,da nang,16.0991295,108.2550616,0936 790 798 ,0,,4.8,Natural,Attraction,https://www.google.com/maps/place/B%C3%A3i+bi%E1%BB%83n+S%C6%A1n+Tr%C3%A0/data=!4m7!3m6!1s0x31421705ce8b53ad:0x44c6162f52afec46!8m2!3d16.0991295!4d108.2550616!16s%2Fg%2F11sy4vh78m!19sChIJrVOLzgUXQjERRuyvUi8WxkQ?authuser=0&hl=en&rclk=1,https://sontraseahotel.com/
attraction00003,Bãi Tắm Biển Mỹ Khê,my khe,beach,"364W+JW5 Quảng trường, Nguyễn Văn Thoại, Bắc Mỹ Phú, Ngũ Hành Sơn, Đà Nẵng 550000",Đà Nẵng,da nang,16.05651,108.2473543,,0,,4.7,Natural,Attraction,https://www.google.com/maps/place/B%C3%A3i+T%E1%BA%AFm+Bi%E1%BB%83n+M%E1%BB%B9+Kh%C3%AA/data=!4m7!3m6!1s0x31421700590eb817:0x822428924d824bf7!8m2!3d16.05651!4d108.2473543!16s%2Fg%2F11w37bcwn0!19sChIJF7gOWQAXQjER90uCTZIoJII?authuser=0&hl=en&rclk=1,
attraction00004,Phước Mỹ Beach,phuoc my,beach,"36CW+4JQ, Đường võ nguyên giáp, Sơn Trà, Đà Nẵng 550000",Đà Nẵng,da nang,16.070326,108.2466193,,0,,4.7,Natural,Attraction,https://www.google.com/maps/place/Ph%C6%B0%E1%BB%9Bc+M%E1%BB%B9+Beach/data=!4m7!3m6!1s0x314217f5d59f60ef:0x5549fd4bf94bb8df!8m2!3d16.070326!4d108.2466193!16s%2Fg%2F11hz1hj_gt!19sChIJ72Cf1fUXQjER37hL-Uv9SVU?authuser=0&hl=en&rclk=1,
attraction00005,The Marble Mountains,the marble s,mountain,"81 Huyền Trân Công Chúa, Hoà Hải, Ngũ Hành Sơn, Đà Nẵng 550000",Đà Nẵng,da nang,16.0037104,108.2631605,0236 3961 114 ,40000,₫40000,4.3,Natural,Attraction,https://www.google.com/maps/place/The+Marble+Mountains/data=!4m7!3m6!1s0x31420dd4e14b2edb:0xbc6e1faf738be4c5!8m2!3d16.0037104!4d108.2631605!16s%2Fm%2F02623q9!19sChIJ2y5L4dQNQjERxeSLc68fbrw?authuser=0&hl=en&rclk=1,https://nguhanhson.org/
attraction00006,Da Nang Museum of Cham Sculpture,da nang of cham sculpture,museum,"02 Đ. 2 Tháng 9, Phường, Hải Châu, Đà Nẵng 550000",Đà Nẵng,da nang,16.0603007,108.2232677,0236 3572 935 ,60000,₫60000,4.2,Historical,Attraction,https://www.google.com/maps/place/Da+Nang+Museum+of+Cham+Sculpture/data=!4m7!3m6!1s0x314219cdb3006a2d:0x62ca993f60c3a12c!8m2!3d16.0603007!4d108.2232677!16s%2Fm%2F02pvbjt!19sChIJLWoAs80ZQjERLKHDYD-ZymI?authuser=0&hl=en&rclk=1,http://chammuseum.vn/
attraction00007,Da Nang Food Tour,da nang tour,restaurant,"4 Trần Quốc Toản, Hải Châu, Đà Nẵng 550000",Đà Nẵng,da nang,16.0661013,108.2243619,0787 796 006 ,0,,4.5,Entertainment,Attraction,https://www.google.com/maps/place/Da+Nang+Food+Tour/data=!4m7!3m6!1s0x314218211e40911f:0xe1f91d885f1de98b!8m2!3d16.0661013!4d108.2243619!16s%2Fg%2F11cn9cb9by!19sChIJH5FAHiEYQjERi-kdX4gd-eE?authuser=0&hl=en&rclk=1,http://danangfoodtour.com/
attraction00008,3D Museum Art in paradise Da Nang,3d art in paradise da nang,museum,"Lô 10, Trần Nhân Tông, Thọ Quang, Sơn Trà, Đà Nẵng",Đà Nẵng,da nang,16.0954282,108.2431088,0236 3941 100 ,200000,₫200000,4.4,Historical,Attraction,https://www.google.com/maps/place/3D+Museum+Art+in+paradise+Da+Nang/data=!4m7!3m6!1s0x314217f750645271:0x91c392fc753f0fb0!8m2!3d16.0954282!4d108.2431088!16s%2Fg%2F11d_d3m0pj!19sChIJcVJkUPcXQjERsA8_dfySw5E?authuser=0&hl=en&rclk=1,http://artinparadise.com.vn/
attraction00009,Da Nang DownTown,da nang downtown,island,"Đ. 2 Tháng 9, Hoà Cường Bắc, Hải Châu, Đà Nẵng 550000",Đà Nẵng,da nang,16.0412139,108.2256332,,70000,₫70000,4.4,Entertainment,Attraction,https://www.google.com/maps/place/Da+Nang+DownTown/data=!4m7!3m6!1s0x314219e7a191cc17:0xe60f91d4055e3074!8m2!3d16.0412139!4d108.2256332!16s%2Fg%2F11c1s0n2xz!19sChIJF8yRoecZQjERdDBeBdSRD-Y?authuser=0&hl=en&rclk=1,https://ticketcheap.shop/da-nang-downtown
attraction00010,Con Market,con,market,"90 Hùng Vương, Hải Châu, Đà Nẵng 550000",Đà Nẵng,da nang,16.0677927,108.2144834,,70000,₫70000,4.3,Shopping,Attraction,https://www.google.com/maps/place/Con+Market/data=!4m7!3m6!1s0x314218358f50a1bb:0x4b451504a6ccd4df!8m2!3d16.0677927!4d108.2144834!16s%2Fg%2F12jsfsz42!19sChIJu6FQjzUYQjER39TMpgQVRUs?authuser=0&hl=en&rclk=1,http://ticketdulich.com/bana-hills
attraction00011,Grass Square,grass,square,"26RF+45R, 30 Tháng 4, Hoà Cường Bắc, Hải Châu, Đà Nẵng",Đà Nẵng,da nang,16.0403618,108.2228858,,0,,3.8,Entertainment,Attraction,https://www.google.com/maps/place/Grass+Square/data=!4m7!3m6!1s0x314219850da3bea5:0x812ca4275d834f29!8m2!3d16.0403618!4d108.2228858!16s%2Fg%2F11gxhrw1zh!19sChIJpb6jDYUZQjERKU-DXSekLIE?authuser=0&hl=en&rclk=1,
attraction00012,Ho Chi Minh Museum,chi minh museum,lake,"26X9+F2G, Duy Tân, Hoà Cường Bắc, Hải Châu, Đà Nẵng 550000",Đà Nẵng,da nang,16.0486814,108.217581,024 3845 5435 ,40000,₫40000,4.3,Historical,Attraction,https://www.google.com/maps/place/Ho+Chi+Minh+Museum/data=!4m7!3m6!1s0x314219c69cf3c7a3:0x2927993f5153d336!8m2!3d16.0486814!4d108.217581!16s%2Fm%2F011py73s!19sChIJo8fznMYZQjERNtNTUT-ZJyk?authuser=0&hl=en&rclk=1,http://baotanghochiminh.vn/
attraction00013,Golden Bridge,gol bridge,temple,"XXVW+XJ, Hòa Vang, Đà Nẵng",Đà Nẵng,da nang,15.9949375,107.9965625,,950000,₫950000,4.6,Entertainment,Attraction,https://www.google.com/maps/place/Golden+Bridge/data=!4m7!3m6!1s0x3141f73d19c5d38f:0x63766c11470ab50d!8m2!3d15.9949375!4d107.9965625!16s%2Fg%2F11f7r5z2l1!19sChIJj9PFGT33QTERDbUKRxFsdmM?authuser=0&hl=en&rclk=1,https://www.ticketcheap.shop/banahills
attraction00014,Ba Na Hills,ba na hills,,"Thôn An Sơn, Hòa Vang, Da Nang",Da Nang,da nang,15.9951364,107.9961392,,911400,₫911400,4.4,Entertainment,Attraction,https://www.google.com/maps/place/Ba+Na+Hills/data=!4m7!3m6!1s0x3141f7b5026661c9:0x847bab3e51ad7ea2!8m2!3d15.9951364!4d107.9961392!16s%2Fm%2F0gfdsrk!19sChIJyWFmArX3QTERon6tUT6re4Q?authuser=0&hl=en&rclk=1,https://www.ticketcheap.shop/banahills
attraction00015,APEC Park,apec,park,"Phước Ninh, Hải Châu District, Da Nang 550000",Da Nang,da nang,16.0581055,108.2232435,,974025,₫974025,4.4,Natural,Attraction,https://www.google.com/maps/place/APEC+Park/data=!4m7!3m6!1s0x31421930165d7dcd:0xf9d555ad7f300ab3!8m2!3d16.0581055!4d108.2232435!16s%2Fg%2F11ptzzkgk7!19sChIJzX1dFjAZQjERswowf61V1fk?authuser=0&hl=en&rclk=1,
attraction00016,Danang Fine Arts Museum,danang fine arts,museum,"78 Lê Duẩn, Thạch Thang, Hải Châu, Đà Nẵng 550000",Đà Nẵng,da nang,16.0711877,108.2179411,0236 3865 663 ,0,,4.5,Historical,Attraction,https://www.google.com/maps/place/Danang+Fine+Arts+Museum/data=!4m7!3m6!1s0x314218368e61cbef:0xf1549bd773be2c92!8m2!3d16.0711877!4d108.2179411!16s%2Fg%2F11c1nvrp3j!19sChIJ78thjjYYQjERkiy-c9ebVPE?authuser=0&hl=en&rclk=1,http://dnfam.vn/
attraction00017,Dragon fire show,dragon fire sw,lake,"99 Ngô Thì Sĩ, Bắc Mỹ An, Ngũ Hành Sơn, Đà Nẵng 50000",Đà Nẵng,da nang,16.0478948,108.2457602,0338 486 123 ,0,,4.1,Entertainment,Attraction,https://www.google.com/maps/place/Dragon+fire+show/data=!4m7!3m6!1s0x31421937a951d293:0x1fe1058442f3f052!8m2!3d16.0478948!4d108.2457602!16s%2Fg%2F11sv1269z8!19sChIJk9JRqTcZQjERUvDzQoQF4R8?authuser=0&hl=en&rclk=1,https://www.facebook.com/mmfloraldanang?locale=vi_VN
attraction00018,Đà Nẵng Museum,da nang,museum,"31 Trần Phú, P, Hải Châu, Đà Nẵng 550000",Đà Nẵng,da nang,16.0745542,108.2239668,0236 3886 236 ,50000,₫50000,4.2,Historical,Attraction,https://www.google.com/maps/place/%C4%90%C3%A0+N%E1%BA%B5ng+Museum/data=!4m7!3m6!1s0x3142183691882913:0xc9180a3982a9ef58!8m2!3d16.0745542!4d108.2239668!16s%2Fg%2F1tlwc3mc!19sChIJEymIkTYYQjERWO-pgjkKGMk?authuser=0&hl=en&rclk=1,http://baotangdanang.vn/
attraction00019,Ban Co Peak,ban co peak,market,"Bàn cờ, Thọ Quang, Sơn Trà, Đà Nẵng",Đà Nẵng,da nang,16.1189365,108.2719826,,1518895,₫1518895,4.6,Entertainment,Attraction,https://www.google.com/maps/place/Ban+Co+Peak/data=!4m7!3m6!1s0x31423d6e34ee0105:0x69e23a6263ffc6ec!8m2!3d16.1189365!4d108.2719826!16s%2Fg%2F11bbwpgtdk!19sChIJBQHuNG49QjER7Mb_Y2I64mk?authuser=0&hl=en&rclk=1,
attraction00020,Wonder Park - Wyndham Danang Golden Bay Hotel,wonder park wyndham danang golden bay,hotel,"01 Lê Văn Duyệt, Nại Hiên Đông, Sơn Trà, Đà Nẵng 590000",Đà Nẵng,da nang,16.0988248,108.224412,0236 3878 999 ,2693998,₫2693998,4.4,Natural,Attraction,https://www.google.com/maps/place/Wonder+Park+-+Wyndham+Danang+Golden+Bay+Hotel/data=!4m7!3m6!1s0x3142198d74e5a281:0x24e8ff134e9f0079!8m2!3d16.0988248!4d108.224412!16s%2Fg%2F11g088rcwq!19sChIJgaLldI0ZQjEReQCfThP_6CQ?authuser=0&hl=en&rclk=1,https://dananggoldenbay.com/service/wonder-park/
attraction00021,Chùa Pháp Lâm,phap lam,pagoda,"574 Ông Ích Khiêm, Phước Ninh, Hải Châu, Đà Nẵng 550000",Đà Nẵng,da nang,16.0622908,108.2155449,,3185325,₫3185325,4.6,Cultural,Attraction,https://www.google.com/maps/place/Ch%C3%B9a+Ph%C3%A1p+L%C3%A2m/data=!4m7!3m6!1s0x314219ca8c953493:0xde2a6675135be7c1!8m2!3d16.0622908!4d108.2155449!16s%2Fm%2F0k9s99t!19sChIJkzSVjMoZQjERwedbE3VmKt4?authuser=0&hl=en&rclk=1,
attraction00022,Fantasy Park,fantasy,park,"Hoà Phú, Hòa Vang, Da Nang",Da Nang,da nang,15.9972041,107.988763,,552825,₫552825,4.4,Natural,Attraction,https://www.google.com/maps/place/Fantasy+Park/data=!4m7!3m6!1s0x3141f6fcd2ca1de9:0x8ab7af426e736a44!8m2!3d15.9972041!4d107.988763!16s%2Fg%2F11f3qs35jx!19sChIJ6R3K0vz2QTERRGpzbkKvt4o?authuser=0&hl=en&rclk=1,https://ticket-stations.com/ba-na-hills-ticket-da-nang
attraction00023,The Monkey Mountain,the monkey,mountain,"478F+98W, Thọ Quang, Sơn Trà, Đà Nẵng",Đà Nẵng,da nang,16.1159837,108.273341,,0,,4.4,Natural,Attraction,https://www.google.com/maps/place/The+Monkey+Mountain/data=!4m7!3m6!1s0x31423df9a0e80d5b:0xc293c9e3814d144e!8m2!3d16.1159837!4d108.273341!16s%2Fg%2F11fqj3p3t5!19sChIJWw3ooPk9QjERThRNgePJk8I?authuser=0&hl=en&rclk=1,
attraction00024,Le Petit Chef - Danang,le petit chef danang,,"5 Trường Sa, Street, Ngũ Hành Sơn, Đà Nẵng 550000",Đà Nẵng,da nang,16.012783,108.263332,0236 3981 234 ,0,,4.5,Entertainment,Attraction,https://www.google.com/maps/place/Le+Petit+Chef+-+Danang/data=!4m7!3m6!1s0x314211c1ca2a9909:0xe9455cc176f3697e!8m2!3d16.012783!4d108.263332!16s%2Fg%2F11vjpgp0h0!19sChIJCZkqysERQjERfmnzdsFcRek?authuser=0&hl=en&rclk=1,https://lepetitchef.com/danang
attraction00025,Sun Wheel,sun wheel,,"1 Phan Đăng Lưu, Hoà Cường Bắc, Hải Châu, Đà Nẵng",Đà Nẵng,da nang,16.0401624,108.2285171,,135000,₫135000,4.5,Entertainment,Attraction,https://www.google.com/maps/place/Sun+Wheel/data=!4m7!3m6!1s0x314219e774acfaf5:0xd61e377c100cc265!8m2!3d16.0401624!4d108.2285171!16s%2Fg%2F11bbwn9bzd!19sChIJ9fqsdOcZQjERZcIMEHw3HtY?authuser=0&hl=en&rclk=1,http://ticketdulich.com/asia-park
attraction00026,Dong Dinh Museum,dong dinh,museum,"Hoàng Sa, Thọ Quang, Sơn Trà, Đà Nẵng",Đà Nẵng,da nang,16.1011538,108.2753793,0901 137 111 ,35000,₫35000,4.1,Historical,Attraction,https://www.google.com/maps/place/Dong+Dinh+Museum/data=!4m7!3m6!1s0x314217d700e5ae69:0xe0ee545e81e43d99!8m2!3d16.1011538!4d108.2753793!16s%2Fg%2F11cjznqrp6!19sChIJaa7lANcXQjERmT3kgV5U7uA?authuser=0&hl=en&rclk=1,http://dongdinhmuseum.vn/
attraction00027,박당 거리,bagdang geori,,"7-44 Bạch Đằng, Hải Châu, Đà Nẵng 550000",Đà Nẵng,da nang,16.0733818,108.2247473,,0,,4.0,Entertainment,Attraction,https://www.google.com/maps/place/%EB%B0%95%EB%8B%B9+%EA%B1%B0%EB%A6%AC/data=!4m7!3m6!1s0x314219a84c533981:0xeba684dea905acb7!8m2!3d16.0733818!4d108.2247473!16s%2Fg%2F11h287zz3d!19sChIJgTlTTKgZQjERt6wFqd6Epus?authuser=0&hl=en&rclk=1,
attraction00028,Thanh Hà Terracotta Park,thanh ha terracotta,park,"Khối Nam Diêu Duy Tân, Thanh Hà, Hội An, Quảng Nam",Hội An,hoi an,15.8778859,108.3001023,0235 3963 888 ,50000,₫50000,4.1,Natural,Attraction,https://www.google.com/maps/place/Thanh+H%C3%A0+Terracotta+Park/data=!4m7!3m6!1s0x31420e5f32af2c31:0xa80391de731b1be8!8m2!3d15.8778859!4d108.3001023!16s%2Fg%2F11c3k541fv!19sChIJMSyvMl8OQjER6Bsbc96RA6g?authuser=0&hl=en&rclk=1,http://thanhhaterracotta.com/
attraction00029,Han Market,han,market,"119 Trần Phú, Hải Châu, Đà Nẵng 550000",Đà Nẵng,da nang,16.0681959,108.2242217,,70000,₫70000,3.9,Shopping,Attraction,https://www.google.com/maps/place/Han+Market/data=!4m7!3m6!1s0x31421832397ecc0d:0x90b24f8b8cb2873f!8m2!3d16.0681959!4d108.2242217!16s%2Fg%2F11fwjy0k_q!19sChIJDcx-OTIYQjERP4eyjItPspA?authuser=0&hl=en&rclk=1,http://ticketdulich.com/bana-hills
attraction00030,Mikazuki Water Park 365,mikazuki water 365,park,"Khu du lịch Xuân Thiều, Nguyễn Tất Thành, Hoà Hiệp Nam, Liên Chiểu, Đà Nẵng 55000",Đà Nẵng,da nang,16.0921811,108.1441576,0236 3774 555 ,309000,₫309000,4.2,Natural,Attraction,https://www.google.com/maps/place/Mikazuki+Water+Park+365/data=!4m7!3m6!1s0x31421991a401ca65:0xae18cd4b35f842b5!8m2!3d16.0921811!4d108.1441576!16s%2Fg%2F11qpt4zjg9!19sChIJZcoBpJEZQjERtUL4NUvNGK4?authuser=0&hl=en&rclk=1,https://www.mikazukiwaterpark.com/
attraction00031,Museum of Folk Culture,of folk culture,museum,"33 Nguyễn Thái Học, Phường Minh An, Hội An, Quảng Nam",Hội An,hoi an,15.8765833,108.3298399,0235 3910 948 ,1700000,₫1700000,4.3,Historical,Attraction,https://www.google.com/maps/place/Museum+of+Folk+Culture/data=!4m7!3m6!1s0x31420e7e551ddfc3:0x6b5df4f6f6573f7a!8m2!3d15.8765833!4d108.3298399!16s%2Fg%2F11btrs3tsv!19sChIJw98dVX4OQjERej9X9vb0XWs?authuser=0&hl=en&rclk=1,
attraction00032,Tượng Cá Chép Hóa Rồng,tuong ca chep a rong,lake,"Đ. Trần Hưng Đạo, An Hải, Sơn Trà, Đà Nẵng 550000",Đà Nẵng,da nang,16.06291,108.229815,,0,,4.5,Entertainment,Attraction,https://www.google.com/maps/place/T%C6%B0%E1%BB%A3ng+C%C3%A1+Ch%C3%A9p+H%C3%B3a+R%E1%BB%93ng/data=!4m7!3m6!1s0x3142198c825000e1:0x9b011fe03c346db3!8m2!3d16.06291!4d108.229815!16s%2Fg%2F11jm2ctf_c!19sChIJ4QBQgowZQjERs200POAfAZs?authuser=0&hl=en&rclk=1,
attraction00033,Da Nang Fresco Village,da nang fresco ge,hotel,"75 Nguyễn Văn Linh, Phước Ninh, Hải Châu, Đà Nẵng 550000",Đà Nẵng,da nang,16.0607296,108.2200532,,1052697,₫1052697,4.0,Entertainment,Attraction,https://www.google.com/maps/place/Da+Nang+Fresco+Village/data=!4m7!3m6!1s0x314219cc7844ab91:0x436db6a820a059c!8m2!3d16.0607296!4d108.2200532!16s%2Fg%2F11hbq9ysf8!19sChIJkatEeMwZQjERnAUKgmrbNgQ?authuser=0&hl=en&rclk=1,
attraction00034,Hội An Night Market,i an night market,lake,"Nguyễn Hoàng, Phường Minh An, Hội An, Quảng Nam",Hội An,hoi an,15.8759693,108.3260184,,1120841,₫1120841,4.4,Shopping,Attraction,https://www.google.com/maps/place/H%E1%BB%99i+An+Night+Market/data=!4m7!3m6!1s0x31420e7dc35f492d:0xa44b01b91d668df!8m2!3d15.8759693!4d108.3260184!16s%2Fg%2F11c5g5kv4y!19sChIJLUlfw30OQjER32jWkRuwRAo?authuser=0&hl=en&rclk=1,https://ticketdulich.com/hoi-an-night
attraction00035,Ghềnh Bàng,ghenh bang,,"Hoàng Sa, Thọ Quang, Sơn Trà, Đà Nẵng",Đà Nẵng,da nang,16.1124336,108.3116322,,0,,4.5,Entertainment,Attraction,https://www.google.com/maps/place/Gh%E1%BB%81nh+B%C3%A0ng/data=!4m7!3m6!1s0x31423df2819c425b:0xfac92c3b7e0f9926!8m2!3d16.1124336!4d108.3116322!16s%2Fg%2F1ptxkl4kn!19sChIJW0KcgfI9QjERJpkPfjssyfo?authuser=0&hl=en&rclk=1,
attraction00036,Đỉnh Thượng Thai,dinh thuong thai,,"2737+P97, Hòn Thủy Sơn, Hoà Hải, Ngũ Hành Sơn, Đà Nẵng 550000",Đà Nẵng,da nang,16.0042806,108.263425,,0,,4.5,Entertainment,Attraction,https://www.google.com/maps/place/%C4%90%E1%BB%89nh+Th%C6%B0%E1%BB%A3ng+Thai/data=!4m7!3m6!1s0x3142112261ecef6b:0x42f38d28acb2e01b!8m2!3d16.0042806!4d108.263425!16s%2Fg%2F11h1fx42tv!19sChIJa-_sYSIRQjERG-CyrCiN80I?authuser=0&hl=en&rclk=1,https://nguhanhson.org/
attraction00037,Marble Mountains Ticket Booth (Gate A1),marble s ticket booth gate a1,mountain,"Hòn Thủy Sơn, Hoà Hải, Ngũ Hành Sơn, Đà Nẵng 550000",Đà Nẵng,da nang,16.0026808,108.2624698,0236 2243 206 ,0,,4.2,Natural,Attraction,https://www.google.com/maps/place/Marble+Mountains+Ticket+Booth+%28Gate+A1%29/data=!4m7!3m6!1s0x3142118de5644c0d:0x13eebb3f19ce7dbd!8m2!3d16.0026808!4d108.2624698!16s%2Fg%2F11sr823wp_!19sChIJDUxk5Y0RQjERvX3OGT-77hM?authuser=0&hl=en&rclk=1,http://www.nguhanhson.org/
attraction00038,Non Nuoc stone carving,non nuoc stone carving,,"160 Nguyễn Duy Trinh, Hoà Hải, Ngũ Hành Sơn, Đà Nẵng 550000",Đà Nẵng,da nang,15.995601,108.263743,0909 860 006 ,1658475,₫1658475,4.4,Entertainment,Attraction,https://www.google.com/maps/place/Non+Nuoc+stone+carving/data=!4m7!3m6!1s0x314210c0f90d0ceb:0xe4178fbac3df17b!8m2!3d15.995601!4d108.263743!16s%2Fg%2F1hhwdw0cp!19sChIJ6wwN-cAQQjERe_E9rPt4QQ4?authuser=0&hl=en&rclk=1,https://nonnuocart.com/
attraction00039,Đỉnh núi Chúa,dinh chua,mountain,"XXXP+27M, Hoà Phú, Hòa Vang, Đà Nẵng",Đà Nẵng,da nang,15.9975929,107.9856799,,0,,4.7,Natural,Attraction,https://www.google.com/maps/place/%C4%90%E1%BB%89nh+n%C3%BAi+Ch%C3%BAa/data=!4m7!3m6!1s0x3141f6e3a7736cf3:0x79f638576c48bb20!8m2!3d15.9975929!4d107.9856799!16s%2Fg%2F11cmgpjnbz!19sChIJ82xzp-P2QTERILtIbFc49nk?authuser=0&hl=en&rclk=1,
attraction00040,Sena Homestay Cầu Rồng Đà Nẵng,sena cau rong da nang,homestay,"K3/12 Hà Thị Thân, An Hải Tây, Sơn Trà, Đà Nẵng 550000",Đà Nẵng,da nang,16.0602297,108.2314934,0905 535 208 ,0,,4.9,Entertainment,Attraction,https://www.google.com/maps/place/Sena+Homestay+C%E1%BA%A7u+R%E1%BB%93ng+%C4%90%C3%A0+N%E1%BA%B5ng/data=!4m7!3m6!1s0x314219d3ed8028df:0x72072341d0e98863!8m2!3d16.0602297!4d108.2314934!16s%2Fg%2F11j347l3kk!19sChIJ3yiA7dMZQjERY4jp0EEjB3I?authuser=0&hl=en&rclk=1,https://www.facebook.com/home.sena
attraction00041,Locked Danang - Escape Room,locked danang escape room,,"122 Lê Quang Đạo, Bắc Mỹ An, Ngũ Hành Sơn, Đà Nẵng 50000",Đà Nẵng,da nang,16.0485214,108.2458984,0934 744 773 ,0,,5.0,Entertainment,Attraction,https://www.google.com/maps/place/Locked+Danang+-+Escape+Room/data=!4m7!3m6!1s0x3142171a0b3e63bd:0x6409c77f8d667686!8m2!3d16.0485214!4d108.2458984!16s%2Fg%2F11y9hy93ms!19sChIJvWM-CxoXQjERhnZmjX_HCWQ?authuser=0&hl=en&rclk=1,https://locked-escaperooms.vn/
attraction00042,Suối Lương - Hai Van Park,suoi luong hai van,park,"Suối Lương, Hoà Hiệp Bắc, Liên Chiểu, Đà Nẵng",Đà Nẵng,da nang,16.1566197,108.1093217,0905 729 455 ,80000,₫80000,4.0,Natural,Attraction,https://www.google.com/maps/place/Su%E1%BB%91i+L%C6%B0%C6%A1ng+-+Hai+Van+Park/data=!4m7!3m6!1s0x314221a5b1f3a2f3:0x26049ed08a3a111b!8m2!3d16.1566197!4d108.1093217!16s%2Fg%2F1thktrhs!19sChIJ86LzsaUhQjERGxE6itCeBCY?authuser=0&hl=en&rclk=1,https://suoiluong.vn/
attraction00043,Bà Nà Hills Golf Club,ba na hills golf club,,"Bà Nà - Suối Mơ, Hòa Vang, Da Nang",Da Nang,da nang,16.0175252,108.0491866,0236 3924 888 ,4117000,₫4117000,4.6,Entertainment,Attraction,https://www.google.com/maps/place/B%C3%A0+N%C3%A0+Hills+Golf+Club/data=!4m7!3m6!1s0x31421df6e3a730bb:0xd899060c1d60086f!8m2!3d16.0175252!4d108.0491866!16s%2Fg%2F11bw7tfzw8!19sChIJuzCn4_YdQjERbwhgHQwGmdg?authuser=0&hl=en&rclk=1,http://banahillsgolf.com/
attraction00044,Legend Danang Golf Resort,legend danang golf,hotel,"Trường Sa, Hoà Hải, Ngũ Hành Sơn, Đà Nẵng",Đà Nẵng,da nang,15.9717259,108.2757816,0236 3958 111 ,3450000,₫3450000,4.2,Entertainment,Attraction,https://www.google.com/maps/place/Legend+Danang+Golf+Resort/data=!4m7!3m6!1s0x314210f9acfb76a1:0x55c05d34f3e7b9fd!8m2!3d15.9717259!4d108.2757816!16s%2Fg%2F12hxp35ln!19sChIJoXb7rPkQQjER_bnn8zRdwFU?authuser=0&hl=en&rclk=1,http://dananggolfclub.com/
attraction00045,Tam Thai Pagoda,tam thai,pagoda,"2736+GXP, Hòn Thủy Sơn, Hoà Hải, Ngũ Hành Sơn, Đà Nẵng 550000",Đà Nẵng,da nang,16.0038425,108.2624426,,1053000,₫1053000,4.6,Cultural,Attraction,https://www.google.com/maps/place/Tam+Thai+Pagoda/data=!4m7!3m6!1s0x314210c47c5ff7f7:0xc6ca526754ea96b8!8m2!3d16.0038425!4d108.2624426!16s%2Fg%2F11g6rkyzjx!19sChIJ9_dffMQQQjERuJbqVGdSysY?authuser=0&hl=en&rclk=1,
attraction00046,Hoi An Market,i an market,lake,"19 Trần Phú, Cẩm Châu, Hội An, Quảng Nam",Hội An,hoi an,15.8770038,108.331305,,763396,₫763396,4.4,Shopping,Attraction,https://www.google.com/maps/place/Hoi+An+Market/data=!4m7!3m6!1s0x31420e7f74e9fb9d:0x227b7d9724e95f4f!8m2!3d15.8770038!4d108.331305!16s%2Fg%2F1tq8g0pn!19sChIJnfvpdH8OQjERT1_pJJd9eyI?authuser=0&hl=en&rclk=1,
attraction00047,Công viên 29/3,29 3,park,"23 Nguyễn Tri Phương, Thạc Gián, Hải Châu, Đà Nẵng 550000",Đà Nẵng,da nang,16.0625186,108.2045143,,0,,4.4,Entertainment,Attraction,https://www.google.com/maps/place/C%C3%B4ng+vi%C3%AAn+29%2F3/data=!4m7!3m6!1s0x314219ceaeeb2d63:0xf558394a48fe0fde!8m2!3d16.0625186!4d108.2045143!16s%2Fg%2F11mr8jrb8c!19sChIJYy3rrs4ZQjER3g_-SEo5WPU?authuser=0&hl=en&rclk=1,
attraction00048,Hanh Coconut,hanh coconut,,"Trần Nhân Tông, Cẩm Thanh, Hội An, Quảng Nam",Hội An,hoi an,15.873375,108.3752232,0932 426 360 ,0,,4.3,Entertainment,Attraction,https://www.google.com/maps/place/Hanh+Coconut/data=!4m7!3m6!1s0x31420d3d85495939:0xfa48cfabc85d1291!8m2!3d15.873375!4d108.3752232!16s%2Fg%2F11h_0n_f4j!19sChIJOVlJhT0NQjERkRJdyKvPSPo?authuser=0&hl=en&rclk=1,
attraction00049,Non Nuoc Pagoda,non nuoc,pagoda,"Hòn Thủy Sơn, Hoà Hải, Ngũ Hành Sơn, Đà Nẵng 550000",Đà Nẵng,da nang,16.0027644,108.2645824,,567600,₫567600,4.4,Cultural,Attraction,https://www.google.com/maps/place/Non+Nuoc+Pagoda/data=!4m7!3m6!1s0x314210c62c63037d:0xb168fc4503bf59a3!8m2!3d16.0027644!4d108.2645824!16s%2Fg%2F11h17yz09!19sChIJfQNjLMYQQjERo1m_A0X8aLE?authuser=0&hl=en&rclk=1,
attraction00050,BANA RITA GLAMPING FARM,bana rita glamping farm,,"Bà Nà - Suối Mơ, Hoà Phú, Hòa Vang, Đà Nẵng 58012",Đà Nẵng,da nang,16.017716,108.0696199,0905 500 517 ,0,,4.5,Entertainment,Attraction,https://www.google.com/maps/place/BANA+RITA+GLAMPING+FARM/data=!4m7!3m6!1s0x31421d28f7b070a1:0xe3459d466813d91c!8m2!3d16.017716!4d108.0696199!16s%2Fg%2F11khsvvyqr!19sChIJoXCw9ygdQjERHNkTaEadReM?authuser=0&hl=en&rclk=1,http://banaritafarm.com/
attraction00051,Da Nang Visitor Center,da nang visitor center,island,"18 Hùng Vương, Hải Châu, Đà Nẵng 550000",Đà Nẵng,da nang,16.0686922,108.2244853,0236 3550 111 ,0,,4.8,Entertainment,Attraction,https://www.google.com/maps/place/Da+Nang+Visitor+Center/data=!4m7!3m6!1s0x314218316f7c4101:0x3f2ff49b9ac833f3!8m2!3d16.0686922!4d108.2244853!16s%2Fg%2F11b7sz4k9h!19sChIJAUF8bzEYQjER8zPImpv0Lz8?authuser=0&hl=en&rclk=1,https://linkbio.co/danangvisitorcenter
attraction00052,War Remnants Museum,war remnants,museum,"Phường 6, District 3, Ho Chi Minh City 700000",Ho Chi Minh City,ho chi minh,10.7795106,106.6920916,028 3930 5587 ,40000,₫40000,4.5,Historical,Attraction,https://www.google.com/maps/place/War+Remnants+Museum/data=!4m7!3m6!1s0x31752f30a23708cf:0x7cd94adf2b1474aa!8m2!3d10.7795106!4d106.6920916!16s%2Fm%2F02pt71k!19sChIJzwg3ojAvdTERqnQUK99K2Xw?authuser=0&hl=en&rclk=1,https://baotangchungtichchientranh.vn/
attraction00053,Museum of Ho Chi Minh City,museum of chi minh city,lake,"65 Lý Tự Trọng, Bến Nghé, Quận 1, Thành phố Hồ Chí Minh",Thành phố Hồ Chí Minh,ho chi minh,10.7759656,106.6996476,028 3829 9741 ,1184625,₫1184625,4.2,Historical,Attraction,https://www.google.com/maps/place/Museum+of+Ho+Chi+Minh+City/data=!4m7!3m6!1s0x31752f7e127ee995:0x2dcb5bd0282bae73!8m2!3d10.7759656!4d106.6996476!16s%2Fm%2F02pxf_c!19sChIJlel-En4vdTERc64rKNBbyy0?authuser=0&hl=en&rclk=1,https://hcmc-museum.edu.vn/
attraction00054,HCMC History Museum,hcmc history,museum,"2 Nguyễn Bỉnh Khiêm, Bến Nghé, Quận 1, Thành phố Hồ Chí Minh",Thành phố Hồ Chí Minh,ho chi minh,10.788075,106.7047291,028 3825 8783 ,30000,₫30000,4.5,Historical,Attraction,https://www.google.com/maps/place/HCMC+History+Museum/data=!4m7!3m6!1s0x31752f4b45abfae5:0x251b097f25b4f595!8m2!3d10.788075!4d106.7047291!16s%2Fm%2F03m5zvv!19sChIJ5fqrRUsvdTERlfW0JX8JGyU?authuser=0&hl=en&rclk=1,https://www.baotanglichsutphcm.com.vn/
attraction00055,Quang San Art Museum,quang san art,museum,"189B/3 Nguyễn Văn Hưởng, Thảo Điền, Quận 2, Thành phố Hồ Chí Minh",Thành phố Hồ Chí Minh,ho chi minh,10.818018,106.7301506,0981 277 745 ,200000,₫200000,4.8,Historical,Attraction,https://www.google.com/maps/place/Quang+San+Art+Museum/data=!4m7!3m6!1s0x317527e7b4979a8b:0x74afeee95b0eae85!8m2!3d10.818018!4d106.7301506!16s%2Fg%2F11t81ccg40!19sChIJi5qXtOcndTERha4OW-nur3Q?authuser=0&hl=en&rclk=1,http://quangsan.museum/
attraction00056,Southern Women's Museum,southern women s,museum,"202 Võ Thị Sáu, Phường Võ Thị Sáu, Quận 3, Thành phố Hồ Chí Minh",Thành phố Hồ Chí Minh,ho chi minh,10.7836813,106.6876327,028 3932 7130 ,0,,4.4,Historical,Attraction,https://www.google.com/maps/place/Southern+Women%27s+Museum/data=!4m7!3m6!1s0x31752f2e02581979:0x9401029a56ac31de!8m2!3d10.7836813!4d106.6876327!16s%2Fg%2F121lg_3f!19sChIJeRlYAi4vdTER3jGsVpoCAZQ?authuser=0&hl=en&rclk=1,http://www.baotangphunu.com/
attraction00057,Ton Duc Thang Museum,ton duc thang,museum,"5 Tôn Đức Thắng, Phường Sài Gòn, Quận 1, Thành phố Hồ Chí Minh",Thành phố Hồ Chí Minh,ho chi minh,10.7770396,106.7065382,028 3829 7542 ,0,,4.5,Historical,Attraction,https://www.google.com/maps/place/Ton+Duc+Thang+Museum/data=!4m7!3m6!1s0x31752f45edd4a1f5:0x52cd517b3987f6c2!8m2!3d10.7770396!4d106.7065382!16s%2Fg%2F12qbhnjs_!19sChIJ9aHU7UUvdTERwvaHOXtRzVI?authuser=0&hl=en&rclk=1,https://baotangtonducthang.vn/
attraction00058,Ho Chi Minh City Fine Arts Museum,chi minh city fine arts museum,lake,"97A Phó Đức Chính, Phường Nguyễn Thái Bình, Quận 1, Thành phố Hồ Chí Minh",Thành phố Hồ Chí Minh,ho chi minh,10.7700162,106.6991857,028 3821 6331 ,30000,₫30000,4.5,Historical,Attraction,https://www.google.com/maps/place/Ho+Chi+Minh+City+Fine+Arts+Museum/data=!4m7!3m6!1s0x31752f001931c73d:0xc37bb1a6961ec660!8m2!3d10.7700162!4d106.6991857!16s%2Fg%2F11x687jw2r!19sChIJPccxGQAvdTERYMYelqaxe8M?authuser=0&hl=en&rclk=1,http://baotangmythuattphcm.com.vn/
attraction00059,Museum of Traditional Vietnamese Medicine,of traditional vietnamese medicine,museum,"41 Hoàng Dư Khương, Phường 12, Quận 10, Thành phố Hồ Chí Minh",Thành phố Hồ Chí Minh,ho chi minh,10.7761823,106.6718875,028 3864 2430 ,180000,₫180000,4.5,Historical,Attraction,https://www.google.com/maps/place/Museum+of+Traditional+Vietnamese+Medicine/data=!4m7!3m6!1s0x31752ed913384e0b:0xab59fe8772b3638b!8m2!3d10.7761823!4d106.6718875!16s%2Fg%2F11_v77glx!19sChIJC044E9kudTERi2Ozcof-Was?authuser=0&hl=en&rclk=1,http://fitomuseum.com.vn/
attraction00060,Independence Palace,indepence palace,temple,"Ben Thanh, District 1, Ho Chi Minh City",Ho Chi Minh City,ho chi minh,10.7769942,106.6953021,028 3822 3652 ,40000,₫40000,4.5,Historical,Attraction,https://www.google.com/maps/place/Independence+Palace/data=!4m7!3m6!1s0x31752f385570472f:0x1787491df0ed8d6a!8m2!3d10.7769942!4d106.6953021!16zL20vMDk4NHg5!19sChIJL0dwVTgvdTERao3t8B1Jhxc?authuser=0&hl=en&rclk=1,https://www.dinhdoclap.gov.vn/
attraction00061,Ao Dai Museum,ao dai,museum,"Ao Dai Museum, 206/19/30 Long Thuận, P, Thủ Đức, Thành phố Hồ Chí Minh",Thành phố Hồ Chí Minh,ho chi minh,10.8087923,106.8531745,0914 726 948 ,2869316,₫2869316,4.4,Historical,Attraction,https://www.google.com/maps/place/Ao+Dai+Museum/data=!4m7!3m6!1s0x31752111fcffffff:0xc4ca0a4d5a4c48e3!8m2!3d10.8087923!4d106.8531745!16s%2Fg%2F11clyqxvfd!19sChIJ_____BEhdTER40hMWk0KysQ?authuser=0&hl=en&rclk=1,https://baotangaodai.com.vn/
attraction00062,Flyover Starry Sky Art Museum,flyover starry sky art,museum,"Bitexco Financial Tower, 2 Đ. Hải Triều, Bến Nghé, Quận 1, Thành phố Hồ Chí Minh 71009",Thành phố Hồ Chí Minh,ho chi minh,10.7719839,106.7043912,028 6686 9665 ,0,,4.9,Historical,Attraction,https://www.google.com/maps/place/Flyover+Starry+Sky+Art+Museum/data=!4m7!3m6!1s0x31752ff8e18a845d:0xfc14ea2e7a138d50!8m2!3d10.7719839!4d106.7043912!16s%2Fg%2F11mf1dtl7d!19sChIJXYSK4fgvdTERUI0Tei7qFPw?authuser=0&hl=en&rclk=1,https://www.facebook.com/share/1BWprkWdAA/
attraction00063,Geological Museum of Vietnam,geological of vietnam,museum,"2 Nguyễn Bỉnh Khiêm, Bến Nghé, Quận 1, Thành phố Hồ Chí Minh",Thành phố Hồ Chí Minh,ho chi minh,10.784798,106.7078535,0918 899 169 ,0,,4.4,Historical,Attraction,https://www.google.com/maps/place/Geological+Museum+of+Vietnam/data=!4m7!3m6!1s0x31752f4c464309d7:0x9484be01d703a68e!8m2!3d10.784798!4d106.7078535!16s%2Fg%2F11bwp6rpgk!19sChIJ1wlDRkwvdTERjqYD1wG-hJQ?authuser=0&hl=en&rclk=1,
attraction00064,Air Force Museum,air force,museum,"87 Thăng Long, Phường 4, Tân Bình, Thành phố Hồ Chí Minh",Thành phố Hồ Chí Minh,ho chi minh,10.8052733,106.6606645,0986 662 231 ,0,,4.1,Historical,Attraction,https://www.google.com/maps/place/Air+Force+Museum/data=!4m7!3m6!1s0x3175293ba924d33b:0x84d7787e747388e4!8m2!3d10.8052733!4d106.6606645!16s%2Fm%2F09rvsk3!19sChIJO9MkqTspdTER5IhzdH5414Q?authuser=0&hl=en&rclk=1,
attraction00065,Independence Palace Museum,independence palace,museum,"106 Nguyễn Du, Phường Bến Thành, Quận 1, Thành phố Hồ Chí Minh 700000",Thành phố Hồ Chí Minh,ho chi minh,10.7765206,106.6973489,,0,,4.7,Historical,Attraction,https://www.google.com/maps/place/Independence+Palace+Museum/data=!4m7!3m6!1s0x31752f384fcbf2f9:0x21049a5ddcec14bf!8m2!3d10.7765206!4d106.6973489!16s%2Fg%2F11vhqmwr1l!19sChIJ-fLLTzgvdTERvxTs3F2aBCE?authuser=0&hl=en&rclk=1,https://trungbay.dinhdoclap.gov.vn/
attraction00066,Binh Duong Museum,binh duong,museum,"565 Đại lộ Bình Dương, Hiệp Thành, Thủ Dầu Một, Bình Dương",Bình Dương,binh duong,10.9891502,106.6630582,0274 3871 104 ,0,,4.1,Historical,Attraction,https://www.google.com/maps/place/Binh+Duong+Museum/data=!4m7!3m6!1s0x3174d129f2e4cbab:0xd2f21e829de18d72!8m2!3d10.9891502!4d106.6630582!16s%2Fg%2F1tdfw6cb!19sChIJq8vk8inRdDERco3hnYIe8tI?authuser=0&hl=en&rclk=1,https://www.binhduong.gov.vn/dau-tu-thong-tin-can-biet/2014/11/695-Bao-tang-tinh-Binh-Duong
attraction00067,Ho Chi Minh Campaign Museum,chi minh campaign museum,lake,"Số 2 Lê Duẩn, Bến Nghé, Quận 1, Thành phố Hồ Chí Minh",Thành phố Hồ Chí Minh,ho chi minh,10.7869955,106.7042194,0336 578 946 ,0,,4.3,Historical,Attraction,https://www.google.com/maps/place/Ho+Chi+Minh+Campaign+Museum/data=!4m7!3m6!1s0x31752f4b0d4e6c91:0x6fc414b7f41f17a4!8m2!3d10.7869955!4d106.7042194!16s%2Fg%2F1222nw9q!19sChIJkWxODUsvdTERpBcf9LcUxG8?authuser=0&hl=en&rclk=1,
attraction00068,Bến Nhà Rồng - Bảo tàng Hồ Chí Minh,ben nha rong bao tang chi minh,lake,"1 Đ. Nguyễn Tất Thành, Phường 13, Quận 4, Thành phố Hồ Chí Minh",Thành phố Hồ Chí Minh,ho chi minh,10.7682339,106.7068328,028 3825 5740 ,0,,4.7,Historical,Attraction,https://www.google.com/maps/place/B%E1%BA%BFn+Nh%C3%A0+R%E1%BB%93ng+-+B%E1%BA%A3o+t%C3%A0ng+H%E1%BB%93+Ch%C3%AD+Minh/data=!4m7!3m6!1s0x31752fc2e03a3215:0x4d6f6b776d84688e!8m2!3d10.7682339!4d106.7068328!16s%2Fg%2F121pqfs_!19sChIJFTI64MIvdTERjmiEbXdrb00?authuser=0&hl=en&rclk=1,http://bennharong.vn/
attraction00069,Sài Gòn–Gia Định Special Forces Museum,sai gon gia dinh special forces,museum,"145 Trần Quang Khải, Phường Tân Định, Quận 1, Thành phố Hồ Chí Minh",Thành phố Hồ Chí Minh,ho chi minh,10.7917384,106.6909787,0855 178 888 ,0,,4.5,Historical,Attraction,https://www.google.com/maps/place/S%C3%A0i+G%C3%B2n%E2%80%93Gia+%C4%90%E1%BB%8Bnh+Special+Forces+Museum/data=!4m7!3m6!1s0x317529e7a7395f4d:0x24ebd33834049140!8m2!3d10.7917384!4d106.6909787!16s%2Fg%2F11v56j27dx!19sChIJTV85p-cpdTERQJEENDjT6yQ?authuser=0&hl=en&rclk=1,
attraction00070,Southeastern Armed Forces Museum,southeastern armed forces,museum,"247 Đ. Hoàng Văn Thụ, Phường 1, Tân Bình, Thành phố Hồ Chí Minh",Thành phố Hồ Chí Minh,ho chi minh,10.8000121,106.6661806,,0,,4.2,Historical,Attraction,https://www.google.com/maps/place/Southeastern+Armed+Forces+Museum/data=!4m7!3m6!1s0x3175292fb60f244f:0x346372b784da740b!8m2!3d10.8000121!4d106.6661806!16s%2Fm%2F0120w8_7!19sChIJTyQPti8pdTERC3TahLdyYzQ?authuser=0&hl=en&rclk=1,http://baotangquankhu7.vn/
attraction00071,Fauna & Flora Museum,fauna flora,museum,"110 Nguyễn Hữu Cảnh, Bến Nghé, Quận 1, Thành phố Hồ Chí Minh",Thành phố Hồ Chí Minh,ho chi minh,10.7871554,106.707648,,0,,4.5,Historical,Attraction,https://www.google.com/maps/place/Fauna+%26+Flora+Museum/data=!4m7!3m6!1s0x31752f22f3160cef:0x9198e482f6cd073e!8m2!3d10.7871554!4d106.707648!16s%2Fg%2F11r2ltqmnm!19sChIJ7wwW8yIvdTERPgfN9oLkmJE?authuser=0&hl=en&rclk=1,
attraction00072,Di tích mộ cổ họ Lâm,di tich mo co lam,lake,"80 Trương Định, Phường Bến Thành, Quận 1, Thành phố Hồ Chí Minh",Thành phố Hồ Chí Minh,ho chi minh,10.7753648,106.6931077,,0,,4.3,Historical,Attraction,https://www.google.com/maps/place/Di+t%C3%ADch+m%E1%BB%99+c%E1%BB%95+h%E1%BB%8D+L%C3%A2m/data=!4m7!3m6!1s0x31752f3bc5f08721:0xc5b0d495ad23a15c!8m2!3d10.7753648!4d106.6931077!16s%2Fg%2F11cs5sh8v2!19sChIJIYfwxTsvdTERXKEjrZXUsMU?authuser=0&hl=en&rclk=1,
attraction00073,Museum of Traditional Vietnamese Pharmacy,of traditional vietnamese pharmacy,museum,"26 bis/1, Vĩnh Phú, Thuận An, Bình Dương",Bình Dương,binh duong,10.8750971,106.7010265,028 3864 2430 ,737072,₫737072,4.6,Historical,Attraction,https://www.google.com/maps/place/Museum+of+Traditional+Vietnamese+Pharmacy/data=!4m7!3m6!1s0x31752963823911ad:0x531374bdb6dd7b99!8m2!3d10.8750971!4d106.7010265!16s%2Fg%2F11fb27rxbx!19sChIJrRE5gmMpdTERmXvdtr10E1M?authuser=0&hl=en&rclk=1,http://fitomuseum.com.vn/
attraction00074,Cafe bảo tàng,bao tang,cafe,"326A Nguyễn Trọng Tuyển, Phường 1, Tân Bình, Thành phố Hồ Chí Minh",Thành phố Hồ Chí Minh,ho chi minh,10.7986506,106.6659347,,0,,4.1,Historical,Attraction,https://www.google.com/maps/place/Cafe+b%E1%BA%A3o+t%C3%A0ng/data=!4m7!3m6!1s0x3175296a89625b79:0xf9153eec6db4eedf!8m2!3d10.7986506!4d106.6659347!16s%2Fg%2F11m_llj4xg!19sChIJeVtiiWopdTER3-60bew-Ffk?authuser=0&hl=en&rclk=1,
attraction00075,CBES Mini Museum,cbes mini,museum,"7 Đường M, Khu Đô Thị Lakeview City, Thủ Đức, Thành phố Hồ Chí Minh 70000",Thành phố Hồ Chí Minh,ho chi minh,10.7925406,106.771729,0862 422 086 ,0,,5.0,Historical,Attraction,https://www.google.com/maps/place/CBES+Mini+Museum/data=!4m7!3m6!1s0x317527e4c8a44f89:0xfb6bf24495347291!8m2!3d10.7925406!4d106.771729!16s%2Fg%2F11tbk3pz12!19sChIJiU-kyOQndTERkXI0lUTya_s?authuser=0&hl=en&rclk=1,https://cbes.vn/
attraction00076,Trung tâm Lưu trữ quốc gia II,trung tam luu tru quoc gia ii,,"2 Ter Lê Duẩn, Bến Nghé, Quận 1, Thành phố Hồ Chí Minh",Thành phố Hồ Chí Minh,ho chi minh,10.7841003,106.7016319,,0,,4.5,Historical,Attraction,https://www.google.com/maps/place/Trung+t%C3%A2m+L%C6%B0u+tr%E1%BB%AF+qu%E1%BB%91c+gia+II/data=!4m7!3m6!1s0x31752f703648d2d5:0xb8733742f1cfee81!8m2!3d10.7841003!4d106.7016319!16s%2Fg%2F11j628n31t!19sChIJ1dJINnAvdTERge7P8UI3c7g?authuser=0&hl=en&rclk=1,
attraction00077,ĐIÊU KHẮC PHÚC HƯNG,dieu khac phuc hung,,"311 Đ. Thạnh Xuân 21, Thạnh Xuân, Quận 12, Thành phố Hồ Chí Minh",Thành phố Hồ Chí Minh,ho chi minh,10.8635391,106.6661524,0909 859 990 ,0,,5.0,Historical,Attraction,https://www.google.com/maps/place/%C4%90I%C3%8AU+KH%E1%BA%AEC+PH%C3%9AC+H%C6%AFNG/data=!4m7!3m6!1s0x317529cf148737a9:0x542880fdc9c5c9!8m2!3d10.8635391!4d106.6661524!16s%2Fg%2F11j4lhzpqk!19sChIJqTeHFM8pdTERycXJ_YAoVAA?authuser=0&hl=en&rclk=1,http://tuongchandung.com/
attraction00078,Bảo Tàng Bình Lợi,binh loi,museum,"346 Bình Lợi, Phường 13, Bình Thạnh, Thành phố Hồ Chí Minh",Thành phố Hồ Chí Minh,ho chi minh,10.8363796,106.7019735,1900 0176 ,0,,,Historical,Attraction,https://www.google.com/maps/place/B%E1%BA%A3o+T%C3%A0ng+B%C3%ACnh+L%E1%BB%A3i/data=!4m7!3m6!1s0x317529b175f5f209:0x5946d2eb54216c42!8m2!3d10.8363796!4d106.7019735!16s%2Fg%2F11jg247wyh!19sChIJCfL1dbEpdTERQmwhVOvSRlk?authuser=0&hl=en&rclk=1,
attraction00079,AZ Gallery,az gallery,,"Block A Chung cư Lavita Garden, Căn hộ A5, 17 Đ. Số 3, Thủ Đức, Thành phố Hồ Chí Minh",Thành phố Hồ Chí Minh,ho chi minh,10.8338793,106.7617638,0985 561 176 ,0,,5.0,Historical,Attraction,https://www.google.com/maps/place/AZ+Gallery/data=!4m7!3m6!1s0x31752f469ad0d31f:0x1888b6a094bbfb49!8m2!3d10.8338793!4d106.7617638!16s%2Fg%2F11gcx_hcvc!19sChIJH9PQmkYvdTERSfu7lKC2iBg?authuser=0&hl=en&rclk=1,
attraction00080,Phan Chau Trinh Memorial Complex,phan chau trinh memorial complex,bridge,"9 Đ. Phan Thúc Duyện, Phường 4, Tân Bình, Thành phố Hồ Chí Minh 72100",Thành phố Hồ Chí Minh,ho chi minh,10.8042012,106.6618583,0906 341 717 ,0,,4.7,Historical,Attraction,https://www.google.com/maps/place/Phan+Chau+Trinh+Memorial+Complex/data=!4m7!3m6!1s0x3175293af16f6b35:0xe854125440a7e647!8m2!3d10.8042012!4d106.6618583!16s%2Fg%2F1tghm2mn!19sChIJNWtv8TopdTERR-anQFQSVOg?authuser=0&hl=en&rclk=1,
attraction00081,Museum Voor Schone Kunsten,museum voor scne kunsten,lake,"97A D, Phó Đức Chính, Phường Nguyễn Thái Bình, Quận 1, Thành phố Hồ Chí Minh",Thành phố Hồ Chí Minh,ho chi minh,10.7700162,106.6991857,,0,,3.3,Historical,Attraction,https://www.google.com/maps/place/Museum+Voor+Schone+Kunsten/data=!4m7!3m6!1s0x31752f3f82d00001:0x85679b836eed425c!8m2!3d10.7700162!4d106.6991857!16s%2Fg%2F11h54zx9lw!19sChIJAQDQgj8vdTERXELtboObZ4U?authuser=0&hl=en&rclk=1,
attraction00082,Di tích lịch sử cấp Quốc gia Hầm giấu vũ khí biệt động thành đánh Dinh Độc Lập Tết Mậu thân năm 1968 Nhà nước quản lý,di tich lich su cap quoc gia ham giau vu khi biet dong thanh danh dinh doc lap tet mau than nam 1968 nha nuoc quan ly,,"287/70 Nguyễn Đình Chiểu, Phường 5, Quận 3, Thành phố Hồ Chí Minh 722000",Thành phố Hồ Chí Minh,ho chi minh,10.7721658,106.6859349,0909 654 218 ,0,,4.3,Historical,Attraction,https://www.google.com/maps/place/Di+t%C3%ADch+l%E1%BB%8Bch+s%E1%BB%AD+c%E1%BA%A5p+Qu%E1%BB%91c+gia+H%E1%BA%A7m+gi%E1%BA%A5u+v%C5%A9+kh%C3%AD+bi%E1%BB%87t+%C4%91%E1%BB%99ng+th%C3%A0nh+%C4%91%C3%A1nh+Dinh+%C4%90%E1%BB%99c+L%E1%BA%ADp+T%E1%BA%BFt+M%E1%BA%ADu+th%C3%A2n+n%C4%83m+1968+Nh%C3%A0+n%C6%B0%E1%BB%9Bc+qu%E1%BA%A3n+l%C3%BD/data=!4m7!3m6!1s0x31752f9387093e85:0x7bc7eb8b6a9ae300!8m2!3d10.7721658!4d106.6859349!16s%2Fg%2F11r50_w6yh!19sChIJhT4Jh5MvdTERAOOaaovrx3s?authuser=0&hl=en&rclk=1,https://nguoiquansat.vn/ben-trong-can-ham-tung-chua-2-tan-vu-khi-nam-giua-long-tp-hcm-la-dia-chi-do-bi-mat-cua-biet-dong-sai-gon-118887.html
attraction00083,Cổ Mộ Gia Tộc Trần Quang,co mo gia toc tran quang,market,"15/21A Nơ Trang Long, Phường 12, Bình Thạnh, Thành phố Hồ Chí Minh",Thành phố Hồ Chí Minh,ho chi minh,10.81194,106.697158,0938 281 939 ,0,,5.0,Historical,Attraction,https://www.google.com/maps/place/C%E1%BB%95+M%E1%BB%99+Gia+T%E1%BB%99c+Tr%E1%BA%A7n+Quang/data=!4m7!3m6!1s0x317529b819db4e81:0x1e6dd3ffd06c823e!8m2!3d10.81194!4d106.697158!16s%2Fg%2F11jv3m5b23!19sChIJgU7bGbgpdTERPoJs0P_TbR4?authuser=0&hl=en&rclk=1,
attraction00084,Nhà truyền thống Thành phố Thủ Dầu Một,nha truyen tng thanh p thu dau mot,lake,"62 Hùng Vương, Phú Cường, Thủ Dầu Một, Bình Dương",Bình Dương,binh duong,10.9791654,106.653276,,0,,4.8,Historical,Attraction,https://www.google.com/maps/place/Nh%C3%A0+truy%E1%BB%81n+th%E1%BB%91ng+Th%C3%A0nh+ph%E1%BB%91+Th%E1%BB%A7+D%E1%BA%A7u+M%E1%BB%99t/data=!4m7!3m6!1s0x3174d1f3e92c0b39:0x4c2dd4fd2655a8bf!8m2!3d10.9791654!4d106.653276!16s%2Fg%2F11qhdww5v4!19sChIJOQss6fPRdDERv6hVJv3ULUw?authuser=0&hl=en&rclk=1,
attraction00085,Mộ Gió Ông Võ Tánh,mo gio ong vo tanh,,"QMW2+JX6, Đ. Nguyễn Thái Bình, Phường 12, Tân Bình, Thành phố Hồ Chí Minh",Thành phố Hồ Chí Minh,ho chi minh,10.7965361,106.6523917,,0,,4.1,Historical,Attraction,https://www.google.com/maps/place/M%C3%B4%CC%A3+Gi%C3%B3+%C3%94ng+Vo%CC%83+Ta%CC%81nh/data=!4m7!3m6!1s0x3175294a0f5b1829:0xb920e2a760da0025!8m2!3d10.7965361!4d106.6523917!16s%2Fg%2F11c1rgb6sm!19sChIJKRhbD0opdTERJQDaYKfiILk?authuser=0&hl=en&rclk=1,
attraction00086,Ba Ria – Vung Tau Museum,ba ria vung tau,museum,"4 Trần Phú, Phường 1, Vũng Tàu, Bà Rịa - Vũng Tàu",Bà Rịa - Vũng Tàu,ba ria vung tau,10.3501878,107.0695199,0254 3810 124 ,40000,₫40000,4.7,Historical,Attraction,https://www.google.com/maps/place/Ba+Ria+%E2%80%93+Vung+Tau+Museum/data=!4m7!3m6!1s0x31756f91304fff3d:0x44363c5b1c085949!8m2!3d10.3501878!4d107.0695199!16s%2Fg%2F1thzr8jq!19sChIJPf9PMJFvdTERSVkIHFs8NkQ?authuser=0&hl=en&rclk=1,https://baotangbrvt.org.vn/
attraction00087,Nhà lưu niệm họa sĩ Huỳnh Văn Thuận,nha luu niem a si huynh van thuan,lake,"Đ. TL 44, Thạnh Lộc, Quận 12, Thành phố Hồ Chí Minh",Thành phố Hồ Chí Minh,ho chi minh,10.8865951,106.6878075,,0,,5.0,Historical,Attraction,https://www.google.com/maps/place/Nh%C3%A0+l%C6%B0u+ni%E1%BB%87m+h%E1%BB%8Da+s%C4%A9+Hu%E1%BB%B3nh+V%C4%83n+Thu%E1%BA%ADn/data=!4m7!3m6!1s0x3174d7529cf91ba1:0xa02069887086922e!8m2!3d10.8865951!4d106.6878075!16s%2Fg%2F11qb61_4ws!19sChIJoRv5nFLXdDERLpKGcIhpIKA?authuser=0&hl=en&rclk=1,
attraction00088,Toytopia,toytopia,,"109/16 Hoàng Hoa Thám, Phường 7, Bình Thạnh, Thành phố Hồ Chí Minh",Thành phố Hồ Chí Minh,ho chi minh,10.8075067,106.6889822,,0,,5.0,Historical,Attraction,https://www.google.com/maps/place/Toytopia/data=!4m7!3m6!1s0x317529000eb169bd:0x6729fe7c4073c8fe!8m2!3d10.8075067!4d106.6889822!16s%2Fg%2F11m6x7tglz!19sChIJvWmxDgApdTER_shzQHz-KWc?authuser=0&hl=en&rclk=1,
attraction00089,Bảo Tàng Quân Đoàn 4,quan doan 4,museum,"10 Độc Lập, KCN Sóng Thần, Dĩ An, Bình Dương",Bình Dương,binh duong,10.884493,106.7427684,0696 66318 ,0,,4.6,Historical,Attraction,https://www.google.com/maps/place/B%E1%BA%A3o+T%C3%A0ng+Qu%C3%A2n+%C4%90o%C3%A0n+4/data=!4m7!3m6!1s0x3174d80d8f234b8f:0xaab84fca8e6e99ef!8m2!3d10.884493!4d106.7427684!16s%2Fg%2F1hc1grjwc!19sChIJj0sjjw3YdDER75lujspPuKo?authuser=0&hl=en&rclk=1,https://baotangqd4.vn/
attraction00090,Youtube Channel for Everyone,youtube channel for everyone,,"Vĩnh Phú, Thuan An, Binh Duong",Binh Duong,binh duong,10.8775941,106.6997752,0339 960 997 ,0,,,Historical,Attraction,https://www.google.com/maps/place/Youtube+Channel+for+Everyone/data=!4m7!3m6!1s0x3174d78cae5d1ff7:0xd5acac706bd5d23c!8m2!3d10.8775941!4d106.6997752!16s%2Fg%2F11y686z03j!19sChIJ9x9drozXdDERPNLVa3CsrNU?authuser=0&hl=en&rclk=1,
attraction00091,Bảo tàng Thực vật Viện Sinh thái học Miền Nam (SGN Herbarium),bao tang thuc vat vien sinh thai c mien nam sgn herbarium,lake,"1D Đ. Thạnh Lộc 29, Thạnh Lộc, Quận 12, Thành phố Hồ Chí Minh",Thành phố Hồ Chí Minh,ho chi minh,10.8775178,106.6795725,,0,,,Historical,Attraction,https://www.google.com/maps/place/B%E1%BA%A3o+t%C3%A0ng+Th%E1%BB%B1c+v%E1%BA%ADt+Vi%E1%BB%87n+Sinh+th%C3%A1i+h%E1%BB%8Dc+Mi%E1%BB%81n+Nam+%28SGN+Herbarium%29/data=!4m7!3m6!1s0x3174d7315e044741:0x4f245ca32ad838ba!8m2!3d10.8775178!4d106.6795725!16s%2Fg%2F11y1x36y81!19sChIJQUcEXjHXdDERujjYKqNcJE8?authuser=0&hl=en&rclk=1,
attraction00092,Hồ Biểu Chánh-An Tất Viên,bieu chanh an tat vien,lake,"30 Đ. Số 8, Phường 11, Gò Vấp, Thành phố Hồ Chí Minh 70000",Thành phố Hồ Chí Minh,ho chi minh,10.8378447,106.6637953,,0,,4.2,Historical,Attraction,https://www.google.com/maps/place/H%E1%BB%93+Bi%E1%BB%83u+Ch%C3%A1nh-An+T%E1%BA%A5t+Vi%C3%AAn/data=!4m7!3m6!1s0x317529aed54f8329:0xa170e735f407ab6a!8m2!3d10.8378447!4d106.6637953!16s%2Fg%2F11f57hqds1!19sChIJKYNP1a4pdTERaqsH9DXncKE?authuser=0&hl=en&rclk=1,http://www.hobieuchanh.com/
attraction00093,Bảo Tàng Hoàng Gia & Bảo Tàng Trang,bao tang ang gia bao tang trang,lake,"68 Nguyễn Huệ, Bến Nghé, Quận 1, Thành phố Hồ Chí Minh 70000",Thành phố Hồ Chí Minh,ho chi minh,10.7745167,106.7031722,028 7303 8005 ,0,,1.0,Historical,Attraction,https://www.google.com/maps/place/B%E1%BA%A3o+T%C3%A0ng+Ho%C3%A0ng+Gia+%26+B%E1%BA%A3o+T%C3%A0ng+Trang/data=!4m7!3m6!1s0x31752f00339736f9:0x496aec8c16555869!8m2!3d10.7745167!4d106.7031722!16s%2Fg%2F11w8kw_02y!19sChIJ-TaXMwAvdTERaVhVFozsakk?authuser=0&hl=en&rclk=1,
attraction00094,Panama Martitime Conference,panama martitime conference,,"khu phố 6, Thủ Đức City, Ho Chi Minh City 700000",Ho Chi Minh City,ho chi minh,10.863392,106.7615546,0978 043 709 ,0,,,Historical,Attraction,https://www.google.com/maps/place/Panama+Martitime+Conference/data=!4m7!3m6!1s0x317527a885a71127:0x70c9ada6fa6639d7!8m2!3d10.863392!4d106.7615546!16s%2Fg%2F11w228lm7f!19sChIJJxGnhagndTER1zlm-qatyXA?authuser=0&hl=en&rclk=1,https://www.panamamaritimeconference.com/
attraction00095,Di tích Mọi Bà,di tich moi ba,,"Phú Hòa, Thủ Dầu Một, Binh Duong",Binh Duong,binh duong,10.9670246,106.6898506,,0,,4.4,Historical,Attraction,https://www.google.com/maps/place/Di+t%C3%ADch+M%E1%BB%8Di+B%C3%A0/data=!4m7!3m6!1s0x3174d1172987b129:0xbbadcedf87eb8985!8m2!3d10.9670246!4d106.6898506!16s%2Fg%2F11jy32qf3p!19sChIJKbGHKRfRdDERhYnrh9_Orbs?authuser=0&hl=en&rclk=1,
attraction00096,TungViet Interactive Digital Museum,tungviet interactive digital,museum,"489A/21/54, Đ. Huỳnh Văn Bánh, Phường 13, Phú Nhuận, Thành phố Hồ Chí Minh 72220",Thành phố Hồ Chí Minh,ho chi minh,10.7902928,106.6703661,0902 671 187 ,0,,,Historical,Attraction,https://www.google.com/maps/place/TungViet+Interactive+Digital+Museum/data=!4m7!3m6!1s0x31752f66d94f7369:0x49bba7a11a6a7df2!8m2!3d10.7902928!4d106.6703661!16s%2Fg%2F11sf6xg8jv!19sChIJaXNP2WYvdTER8n1qGqGnu0k?authuser=0&hl=en&rclk=1,https://phongtruyenthong.tvc.vn/
attraction00097,Thuận An Hòa War Zone,thuan an a war zone,lake,"3 Thuận An Hòa, Thuận Giao, Thuận An, Bình Dương",Bình Dương,binh duong,10.9528657,106.7256701,,0,,4.4,Historical,Attraction,https://www.google.com/maps/place/Thu%E1%BA%ADn+An+H%C3%B2a+War+Zone/data=!4m7!3m6!1s0x3174d9fd19fae167:0x66e432ce104f3cef!8m2!3d10.9528657!4d106.7256701!16s%2Fg%2F11c58qzb61!19sChIJZ-H6Gf3ZdDER7zxPEM4y5GY?authuser=0&hl=en&rclk=1,
attraction00098,Phòng truyền thống Đoàn TNCS Hồ Chí Minh TP,png truyen tng doan tncs chi minh tp,lake,"4 Phạm Ngọc Thạch, Bến Nghé, Quận 1, Thành phố Hồ Chí Minh",Thành phố Hồ Chí Minh,ho chi minh,10.7820036,106.6976698,,0,,5.0,Historical,Attraction,https://www.google.com/maps/place/Ph%C3%B2ng+truy%E1%BB%81n+th%E1%BB%91ng+%C4%90o%C3%A0n+TNCS+H%E1%BB%93+Ch%C3%AD+Minh+TP.+H%E1%BB%93+Ch%C3%AD+Minh/data=!4m7!3m6!1s0x31752f29ca1c48ff:0xa9704c136b49a08f!8m2!3d10.7820036!4d106.6976698!16s%2Fg%2F11j7yf1d3z!19sChIJ_0gcyikvdTERj6BJaxNMcKk?authuser=0&hl=en&rclk=1,
attraction00099,Mazda Bình Dương JB Thuan An,mazda binh duong jb thuan an,,"56/9 Đại lộ Bình Dương, Khu Phố Bình Giao, TP, Bình Dương",Bình Dương,binh duong,10.9366007,106.709759,0979 173 736 ,0,,4.0,Historical,Attraction,https://www.google.com/maps/place/Mazda+B%C3%ACnh+D%C6%B0%C6%A1ng+JB+Thuan+An/data=!4m7!3m6!1s0x3174d774c78cd5b3:0x40004eb5f8299ea1!8m2!3d10.9366007!4d106.709759!16s%2Fg%2F11vrygz_r0!19sChIJs9WMx3TXdDERoZ4p-LVOAEA?authuser=0&hl=en&rclk=1,
attraction00100,NGUYỄN GIA TRANG LÁI THIÊU,nguyen gia trang lai thieu,,"202 Ng. Chí Thanh, Binh Nhâm, Thuận An, Bình Dương",Bình Dương,binh duong,10.9338937,106.6962805,0919 999 547 ,0,,5.0,Historical,Attraction,https://www.google.com/maps/place/NGUY%E1%BB%84N+GIA+TRANG+L%C3%81I+THI%C3%8AU/data=!4m7!3m6!1s0x3174d7f621e5961f:0xac7ab001faccbcd8!8m2!3d10.9338937!4d106.6962805!16s%2Fg%2F11fj9gx578!19sChIJH5blIfbXdDER2LzM-gGweqw?authuser=0&hl=en&rclk=1,
attraction00101,Hoàng Huy (bảo tàng tranh),ang huy bao tang tranh,lake,"VMJP+VXM, Đường Bờ Hữu Sông, TL43, Quận 12, Thành phố Hồ Chí Minh 70000",Thành phố Hồ Chí Minh,ho chi minh,10.8822199,106.6874159,,0,,,Historical,Attraction,https://www.google.com/maps/place/Ho%C3%A0ng+Huy+%28b%E1%BA%A3o+t%C3%A0ng+tranh%29/data=!4m7!3m6!1s0x3174d7be9bd32b91:0x3f73e2ae8c0a9269!8m2!3d10.8822199!4d106.6874159!16s%2Fg%2F11vdp23stf!19sChIJkSvTm77XdDERaZIKjK7icz8?authuser=0&hl=en&rclk=1,
attraction00102,Dinh Quận Hóc Môn,dinh quan c mon,lake,"Lý Nam Đế/1 Ấp Đình, TT. Hóc Môn, Hóc Môn, Thành phố Hồ Chí Minh",Thành phố Hồ Chí Minh,ho chi minh,10.8891573,106.5951837,,0,,4.8,Historical,Attraction,https://www.google.com/maps/place/Dinh+Qu%E1%BA%ADn+H%C3%B3c+M%C3%B4n/data=!4m7!3m6!1s0x31752a76d0c410ad:0x3b60e22818f8d6dc!8m2!3d10.8891573!4d106.5951837!16s%2Fg%2F11fypdh626!19sChIJrRDE0HYqdTER3Nb4GCjiYDs?authuser=0&hl=en&rclk=1,
attraction00103,Mộ Bá hộ Xường (Lý Tường Quang),mo ba xuong ly tuong quang,lake,"79/30/8 Đ. Phú Thọ Hòa, Phú Thọ Hoà, Tân Phú, Thành phố Hồ Chí Minh",Thành phố Hồ Chí Minh,ho chi minh,10.7820164,106.6329562,,0,,5.0,Historical,Attraction,https://www.google.com/maps/place/M%E1%BB%99+B%C3%A1+h%E1%BB%99+X%C6%B0%E1%BB%9Dng+%28L%C3%BD+T%C6%B0%E1%BB%9Dng+Quang%29/data=!4m7!3m6!1s0x31752f5b54c14c51:0xe43c013a58c8e8ad!8m2!3d10.7820164!4d106.6329562!16s%2Fg%2F11l8pdpm97!19sChIJUUzBVFsvdTERrejIWDoBPOQ?authuser=0&hl=en&rclk=1,
attraction00104,Bql Di Tích Lịch Sử Văn Hóa & Danh Lam Thắng Cảnh Tp,bql di tich lich su van a danh lam thang canh tp,lake,"164 Đồng Khởi, Bến Nghé, Quận 1, Thành phố Hồ Chí Minh",Thành phố Hồ Chí Minh,ho chi minh,10.7787246,106.7004556,,0,,4.3,Historical,Attraction,https://www.google.com/maps/place/Bql+Di+T%C3%ADch+L%E1%BB%8Bch+S%E1%BB%AD+V%C4%83n+H%C3%B3a+%26+Danh+Lam+Th%E1%BA%AFng+C%E1%BA%A3nh+Tp.+Hcm/data=!4m7!3m6!1s0x31752f480697b05f:0x3a5a9a08367d328b!8m2!3d10.7787246!4d106.7004556!16s%2Fg%2F1tfxd56d!19sChIJX7CXBkgvdTERizJ9NgiaWjo?authuser=0&hl=en&rclk=1,
attraction00105,Bảo tàng miền đông nam bộ,mien dong nam bo,museum,"6/14 Phạm Văn Hai, Phường 2, Tân Bình, Thành phố Hồ Chí Minh",Thành phố Hồ Chí Minh,ho chi minh,10.7992128,106.6658524,0883 842 143 ,0,,4.2,Historical,Attraction,https://www.google.com/maps/place/B%E1%BA%A3o+t%C3%A0ng+mi%E1%BB%81n+%C4%91%C3%B4ng+nam+b%E1%BB%99/data=!4m7!3m6!1s0x317529302acb8227:0xb96ad81a039b8fca!8m2!3d10.7992128!4d106.6658524!16s%2Fg%2F11g70k5pns!19sChIJJ4LLKjApdTERyo-bAxrYark?authuser=0&hl=en&rclk=1,
attraction00106,Worldwide Arms Museum,worldwide arms,museum,"98 Trần Hưng Đạo, Phường 1, Vũng Tàu, Bà Rịa - Vũng Tàu",Bà Rịa - Vũng Tàu,ba ria vung tau,10.3512036,107.0747192,0908 367 566 ,70000,₫70000,4.6,Historical,Attraction,https://www.google.com/maps/place/Worldwide+Arms+Museum/data=!4m7!3m6!1s0x31756f8b80000e15:0x15e2700efd4259cd!8m2!3d10.3512036!4d107.0747192!16s%2Fg%2F11h0kc3b6!19sChIJFQ4AgItvdTERzVlC_Q5w4hU?authuser=0&hl=en&rclk=1,http://baotangroberttaylor.com/
attraction00107,Di tích Nhà cổ dân dụng,di tich nha co dan dung,market,"107A/4 Ấp 1, An Phú Tây, Bình Chánh, Thành phố Hồ Chí Minh",Thành phố Hồ Chí Minh,ho chi minh,10.6959018,106.5975358,0336 060 839 ,0,,4.6,Historical,Attraction,https://www.google.com/maps/place/Di+t%C3%ADch+Nh%C3%A0+c%E1%BB%95+d%C3%A2n+d%E1%BB%A5ng/data=!4m7!3m6!1s0x3175336d3a72c7eb:0x7b0dba2b6419cb41!8m2!3d10.6959018!4d106.5975358!16s%2Fg%2F11lfh91ws0!19sChIJ68dyOm0zdTERQcsZZCu6DXs?authuser=0&hl=en&rclk=1,
attraction00108,World Hyperinflation Banknote Museum,world hyperinflation banknote,museum,"Nguyễn Văn Thạnh, Long Thạnh Mỹ, Thủ Đức, Thành phố Hồ Chí Minh",Thành phố Hồ Chí Minh,ho chi minh,10.8419022,106.8095663,,0,,3.5,Historical,Attraction,https://www.google.com/maps/place/World+Hyperinflation+Banknote+Museum/data=!4m7!3m6!1s0x3175276dbd793a65:0xff7decf6c07a0050!8m2!3d10.8419022!4d106.8095663!16s%2Fg%2F11mv4yd9lj!19sChIJZTp5vW0ndTERUAB6wPbsff8?authuser=0&hl=en&rclk=1,https://hcmuni.fpt.edu.vn/xuat-hien-bao-tang-tien-lam-phat-dau-tien-cua-viet-nam-dat-tai-dai-hoc-fpt
attraction00109,Nhà Truyền Thống xã Bà Điểm,nha truyen tng xa ba diem,lake,"45 Đ. Phan Văn Hớn, Bà Điểm, Hóc Môn, Thành phố Hồ Chí Minh",Thành phố Hồ Chí Minh,ho chi minh,10.8383857,106.6010413,,0,,4.5,Historical,Attraction,https://www.google.com/maps/place/Nh%C3%A0+Truy%E1%BB%81n+Th%E1%BB%91ng+x%C3%A3+B%C3%A0+%C4%90i%E1%BB%83m/data=!4m7!3m6!1s0x31752a4daaaaaaab:0xeb8a18294e5e06a1!8m2!3d10.8383857!4d106.6010413!16s%2Fg%2F11dzwbkd6_!19sChIJq6qqqk0qdTERoQZeTikYius?authuser=0&hl=en&rclk=1,
attraction00110,Trung tâm 69VN,trung tam 69vn,,"68 Đ. Trần Thái Tông, khu phố 5, Tân Bình, Thành phố Hồ Chí Minh",Thành phố Hồ Chí Minh,ho chi minh,10.818115,106.6337544,,0,,,Historical,Attraction,https://www.google.com/maps/place/Trung+t%C3%A2m+69VN/data=!4m7!3m6!1s0x3175290032a0ac4f:0xa5f465f956909e08!8m2!3d10.818115!4d106.6337544!16s%2Fg%2F11lf7ngx5b!19sChIJT6ygMgApdTERCJ6QVvll9KU?authuser=0&hl=en&rclk=1,
attraction00111,Di tích quốc gia Hầm chứa vũ khí,di tich quoc gia ham vu khi,pagoda,"183/4 Đại lộ 3 tháng 2 Tổ 46 Khu phố 5, Phường 10, Quận 10, Thành phố Hồ Chí Minh",Thành phố Hồ Chí Minh,ho chi minh,10.771826,106.674961,,0,,5.0,Historical,Attraction,https://www.google.com/maps/place/Di+t%C3%ADch+qu%E1%BB%91c+gia+H%E1%BA%A7m+ch%E1%BB%A9a+v%C5%A9+kh%C3%AD/data=!4m7!3m6!1s0x31752f007c8a62cb:0x41148c4676dee51b!8m2!3d10.771826!4d106.674961!16s%2Fg%2F11x6jkp6v6!19sChIJy2KKfAAvdTERG-XedkaMFEE?authuser=0&hl=en&rclk=1,
attraction00112,Huyền art,huyen art,,"36 Phan Tây Hồ, Phường 7, Phú Nhuận, Thành phố Hồ Chí Minh",Thành phố Hồ Chí Minh,ho chi minh,10.8020815,106.6867369,028 6681 5599 ,0,,,Historical,Attraction,https://www.google.com/maps/place/Huy%E1%BB%81n+art/data=!4m7!3m6!1s0x317529004f558ec1:0x7ede43dbe6149847!8m2!3d10.8020815!4d106.6867369!16s%2Fg%2F11lnwtp3j3!19sChIJwY5VTwApdTERR5gU5ttD3n4?authuser=0&hl=en&rclk=1,
attraction00113,ALNTBN,alntbn,,"58 Phó Đức Chính, Phường 1, Bình Thạnh, Thành phố Hồ Chí Minh",Thành phố Hồ Chí Minh,ho chi minh,10.7995447,106.6970376,,0,,,Historical,Attraction,https://www.google.com/maps/place/ALNTBN/data=!4m7!3m6!1s0x317529387cc46975:0x4719cfe467dfcc80!8m2!3d10.7995447!4d106.6970376!16s%2Fg%2F11v9kqjb0z!19sChIJdWnEfDgpdTERgMzfZ-TPGUc?authuser=0&hl=en&rclk=1,
attraction00114,Cổng Tu Viện Khánh An,cong tu vien khanh an,,"172 Xa lộ Hà Nội, An Phú Đông, Quận 12, Thành phố Hồ Chí Minh",Thành phố Hồ Chí Minh,ho chi minh,10.8595321,106.7048417,,0,,4.9,Historical,Attraction,https://www.google.com/maps/place/C%E1%BB%95ng+Tu+Vi%E1%BB%87n+Kh%C3%A1nh+An/data=!4m7!3m6!1s0x317529d5f89a0837:0xa3ce1904f72cb3d6!8m2!3d10.8595321!4d106.7048417!16s%2Fg%2F11hzhf3bz4!19sChIJNwia-NUpdTER1rMs9wQZzqM?authuser=0&hl=en&rclk=1,
attraction00115,Góc nhãn huyền thoại,goc nhan huyen tai,lake,"72/5K Tân Thới Nhì 1, Tân Thới Nhì, Hóc Môn, Thành phố Hồ Chí Minh",Thành phố Hồ Chí Minh,ho chi minh,10.8880191,106.578352,0966 353 720 ,0,,5.0,Historical,Attraction,https://www.google.com/maps/place/G%C3%B3c+nh%C3%A3n+huy%E1%BB%81n+tho%E1%BA%A1i/data=!4m7!3m6!1s0x3174d57e8d8dedfb:0x7c0a0b38f6994737!8m2!3d10.8880191!4d106.578352!16s%2Fg%2F11g01vrjfg!19sChIJ--2NjX7VdDERN0eZ9jgLCnw?authuser=0&hl=en&rclk=1,
attraction00116,Tịnh thất Pháp Trí,tinh that phap tri,,"Số 69/11D, ấp, Tân Thới Nhì 1, Tân Thới Nhì, Hóc Môn, Thành phố Hồ Chí Minh",Thành phố Hồ Chí Minh,ho chi minh,10.8850202,106.5794156,,0,,4.7,Historical,Attraction,https://www.google.com/maps/place/T%E1%BB%8Bnh+th%E1%BA%A5t+Ph%C3%A1p+Tr%C3%AD/data=!4m7!3m6!1s0x3174d53000a40903:0x978e60c55c292a38!8m2!3d10.8850202!4d106.5794156!16s%2Fg%2F11h_66nyjn!19sChIJAwmkADDVdDEROCopXMVgjpc?authuser=0&hl=en&rclk=1,
attraction00117,Tui Kể Chuyện,tui ke chuyen,,"Đ. Trần Văn Kiểu, Khu IV, Quận 6, Thành phố Hồ Chí Minh",Thành phố Hồ Chí Minh,ho chi minh,10.7393431,106.6274796,+855 97 812 7900 ,0,,,Historical,Attraction,https://www.google.com/maps/place/Tui+K%E1%BB%83+Chuy%E1%BB%87n/data=!4m7!3m6!1s0x31752d6116a03217:0x85004f7605b0bfc!8m2!3d10.7393431!4d106.6274796!16s%2Fg%2F11jz857gy7!19sChIJFzKgFmEtdTER_AtbYPcEUAg?authuser=0&hl=en&rclk=1,
attraction00118,Back beach,back,beach,"Vũng Tàu, Ba Ria - Vung Tau",Ba Ria - Vung Tau,ba ria vung tau,10.3453959,107.1000134,,0,,4.4,Natural,Attraction,https://www.google.com/maps/place/Back+beach/data=!4m7!3m6!1s0x31756fe297e51efd:0xbb3c2fb0da0c83bf!8m2!3d10.3453959!4d107.1000134!16s%2Fg%2F1211chsl!19sChIJ_R7ll-JvdTERv4MM2rAvPLs?authuser=0&hl=en&rclk=1,
attraction00119,Front Beach,front,beach,"Vũng Tàu, Ba Ria - Vung Tau",Ba Ria - Vung Tau,ba ria vung tau,10.3434006,107.0741987,,0,,4.5,Natural,Attraction,https://www.google.com/maps/place/Front+Beach/data=!4m7!3m6!1s0x31756f8e1b01b871:0x1d67823392eb0d91!8m2!3d10.3434006!4d107.0741987!16s%2Fg%2F12377jp9!19sChIJcbgBG45vdTERkQ3rkjOCZx0?authuser=0&hl=en&rclk=1,
attraction00120,Bãi Trước Vũng Tàu,bai truoc vung tau,,"Phường 1, Vũng Tàu, Ba Ria - Vung Tau",Ba Ria - Vung Tau,ba ria vung tau,10.3429385,107.0742677,,0,,4.6,Natural,Attraction,https://www.google.com/maps/place/B%C3%A3i+Tr%C6%B0%E1%BB%9Bc+V%C5%A9ng+T%C3%A0u/data=!4m7!3m6!1s0x31756fc219243db3:0xaad9d345d3fa2f50!8m2!3d10.3429385!4d107.0742677!16s%2Fg%2F11h4mj2_k9!19sChIJsz0kGcJvdTERUC_600XT2ao?authuser=0&hl=en&rclk=1,
attraction00121,Doi Nhai Beach,doi nhai,beach,"95Q4+JHC, Phường 11, Vũng Tàu, Bà Rịa - Vũng Tàu",Bà Rịa - Vũng Tàu,ba ria vung tau,10.3890569,107.1563875,,0,,4.2,Natural,Attraction,https://www.google.com/maps/place/Doi+Nhai+Beach/data=!4m7!3m6!1s0x3175710e9ba79a83:0x3017919e6df7c088!8m2!3d10.3890569!4d107.1563875!16s%2Fg%2F11c1n6244c!19sChIJg5qnmw5xdTERiMD3bZ6RFzA?authuser=0&hl=en&rclk=1,
attraction00122,Thuy Van Beach Vung Tau,thuy van vung tau,beach,"151 Thùy Vân, Phường Thắng Tam, Vũng Tàu, Bà Rịa - Vũng Tàu",Bà Rịa - Vũng Tàu,ba ria vung tau,10.3297487,107.0887127,,0,,4.5,Natural,Attraction,https://www.google.com/maps/place/Thuy+Van+Beach+Vung+Tau/data=!4m7!3m6!1s0x3175657857f1fadb:0x5a7471b33b64aac0!8m2!3d10.3297487!4d107.0887127!16s%2Fg%2F11s9wtl2d_!19sChIJ2_rxV3hldTERwKpkO7NxdFo?authuser=0&hl=en&rclk=1,
attraction00123,Long Cung Beach,long cung,beach,"81 Hà Huy Tập, Phường 10, Vũng Tàu, Bà Rịa - Vũng Tàu",Bà Rịa - Vũng Tàu,ba ria vung tau,10.3731229,107.1268229,0254 6263 333 ,0,,4.1,Natural,Attraction,https://www.google.com/maps/place/Long+Cung+Beach/data=!4m7!3m6!1s0x317571814f3e6699:0x5874ba76f2b8e5e2!8m2!3d10.3731229!4d107.1268229!16s%2Fg%2F11r9bd5933!19sChIJmWY-T4FxdTER4uW48na6dFg?authuser=0&hl=en&rclk=1,
attraction00124,Bãi tắm Thuỷ Tiên,bai tam thuy tien,,"94CF+9V, Phường 10, Vũng Tàu, Bà Rịa - Vũng Tàu",Bà Rịa - Vũng Tàu,ba ria vung tau,10.37093,107.1246429,,0,,4.4,Natural,Attraction,https://www.google.com/maps/place/B%C3%A3i+t%E1%BA%AFm+Thu%E1%BB%B7+Ti%C3%AAn/data=!4m7!3m6!1s0x31757141b70d93ff:0xbb77b7f3ee2468a0!8m2!3d10.37093!4d107.1246429!16s%2Fg%2F11t7k26zy1!19sChIJ_5MNt0FxdTERoGgk7vO3d7s?authuser=0&hl=en&rclk=1,
attraction00125,Back Beach Vung Tau,back vung tau,beach,"Thùy Vân, Phường 1, Vũng Tàu, Ho Chi Minh City",Ho Chi Minh City,ho chi minh,10.3330389,107.0899537,,1090804,₫1090804,4.5,Natural,Attraction,https://www.google.com/maps/place/Back+Beach+Vung+Tau/data=!4m7!3m6!1s0x317565779dc2544b:0x86e68e8719aea1a7!8m2!3d10.3330389!4d107.0899537!16s%2Fg%2F11ptz9pq8c!19sChIJS1TCnXdldTERp6GuGYeO5oY?authuser=0&hl=en&rclk=1,https://www.facebook.com/congvienbaisauvungtau
attraction00126,Long Hai Beach,long hai,beach,Ba Ria - Vung Tau,Ba Ria - Vung Tau,ba ria vung tau,10.3827387,107.236718,,0,,4.2,Natural,Attraction,https://www.google.com/maps/place/Long+Hai+Beach/data=!4m7!3m6!1s0x317576f63b4a3a21:0x2cefe574a1454c4b!8m2!3d10.3827387!4d107.236718!16s%2Fg%2F1q5blxcwr!19sChIJITpKO_Z2dTERS0xFoXTl7yw?authuser=0&hl=en&rclk=1,
attraction00127,Front Beach Park,front park,beach,"4 Quang Trung, Phường 1, Vũng Tàu, Bà Rịa - Vũng Tàu",Bà Rịa - Vũng Tàu,ba ria vung tau,10.342078,107.0744294,,0,,4.5,Natural,Attraction,https://www.google.com/maps/place/Front+Beach+Park/data=!4m7!3m6!1s0x31756f8d90e492e7:0xb6c6eece37d77790!8m2!3d10.342078!4d107.0744294!16s%2Fg%2F1tgd406g!19sChIJ55LkkI1vdTERkHfXN87uxrY?authuser=0&hl=en&rclk=1,https://www.facebook.com/vungtau.baitruoc/
attraction00128,Bãi sau biển Vũng Tàu,bai sau bien vung tau,,"83PR+28J, Phường Thắng Tam, Vũng Tàu, Bà Rịa - Vũng Tàu",Bà Rịa - Vũng Tàu,ba ria vung tau,10.3348678,107.0914767,,0,,4.4,Natural,Attraction,https://www.google.com/maps/place/B%C3%A3i+sau+bi%E1%BB%83n+V%C5%A9ng+T%C3%A0u/data=!4m7!3m6!1s0x31756fed23f7c74b:0xffbdd53c2ebd354!8m2!3d10.3348678!4d107.0914767!16s%2Fg%2F11khx_w_7r!19sChIJS8f3I-1vdTERVNPrwlPd-w8?authuser=0&hl=en&rclk=1,
attraction00129,Khu du lịch biển DIC,khu du lich bien dic,,"Phường 8, Vũng Tàu, Ba Ria - Vung Tau",Ba Ria - Vung Tau,ba ria vung tau,10.3496969,107.1007407,0918 503 121 ,0,,3.8,Natural,Attraction,https://www.google.com/maps/place/Khu+du+l%E1%BB%8Bch+bi%E1%BB%83n+DIC/data=!4m7!3m6!1s0x31756f57511479a1:0x6da78b382b66626c!8m2!3d10.3496969!4d107.1007407!16s%2Fg%2F11h262hc0c!19sChIJoXkUUVdvdTERbGJmKziLp20?authuser=0&hl=en&rclk=1,
attraction00130,Bãi Dứa,bai dua,,"Vũng Tàu, Ba Ria - Vung Tau",Ba Ria - Vung Tau,ba ria vung tau,10.3295288,107.0767365,,0,,4.4,Natural,Attraction,https://www.google.com/maps/place/B%C3%A3i+D%E1%BB%A9a/data=!4m7!3m6!1s0x31756560a1e0b197:0xf81958e8863cf9d2!8m2!3d10.3295288!4d107.0767365!16s%2Fg%2F120yrvht!19sChIJl7HgoWBldTER0vk8huhYGfg?authuser=0&hl=en&rclk=1,
attraction00131,Bãi tắm Chí Linh,bai tam chi linh,,"949C+C9M, Unnamed Road, Phường 10, Vũng Tàu, Bà Rịa - Vũng Tàu",Bà Rịa - Vũng Tàu,ba ria vung tau,10.3685947,107.1209217,,0,,3.3,Natural,Attraction,https://www.google.com/maps/place/B%C3%A3i+t%E1%BA%AFm+Ch%C3%AD+Linh/data=!4m7!3m6!1s0x317571c29dcf7c91:0x1109a99e625e5ade!8m2!3d10.3685947!4d107.1209217!16s%2Fg%2F11nypvjzz_!19sChIJkXzPncJxdTER3lpeYp6pCRE?authuser=0&hl=en&rclk=1,
attraction00132,The Big Mountain,the big,mountain,"Vũng Tàu, Ba Ria - Vung Tau",Ba Ria - Vung Tau,ba ria vung tau,10.3645371,107.0687079,,0,,4.6,Natural,Attraction,https://www.google.com/maps/place/The+Big+Mountain/data=!4m7!3m6!1s0x31756fbb47737b07:0x6e4c656745ff0651!8m2!3d10.3645371!4d107.0687079!16s%2Fg%2F122t1qzv!19sChIJB3tzR7tvdTERUQb_RWdlTG4?authuser=0&hl=en&rclk=1,
attraction00133,The Small Mountain,the small,mountain,"Phường 2, Vũng Tàu, Ba Ria - Vung Tau",Ba Ria - Vung Tau,ba ria vung tau,10.3328687,107.0790436,,0,,4.5,Natural,Attraction,https://www.google.com/maps/place/The+Small+Mountain/data=!4m7!3m6!1s0x3175655fb9a37cf5:0xb34c8ab03b8e4868!8m2!3d10.3328687!4d107.0790436!16s%2Fg%2F121mvw9j!19sChIJ9XyjuV9ldTERaEiOO7CKTLM?authuser=0&hl=en&rclk=1,
attraction00134,Nui Dinh,dinh,mountain,Ba Ria - Vung Tau,Ba Ria - Vung Tau,ba ria vung tau,10.5368183,107.1366365,,0,,4.5,Natural,Attraction,https://www.google.com/maps/place/Nui+Dinh/data=!4m7!3m6!1s0x31750d1af3fb5185:0x9c4cea3750871417!8m2!3d10.5368183!4d107.1366365!16s%2Fm%2F0dd8rt5!19sChIJhVH78xoNdTERFxSHUDfqTJw?authuser=0&hl=en&rclk=1,
attraction00135,Núi Thị Vải,thi vai,mountain,"Tân Thành, Ba Ria - Vung Tau",Ba Ria - Vung Tau,ba ria vung tau,10.5962146,107.0923331,,0,,4.7,Natural,Attraction,https://www.google.com/maps/place/N%C3%BAi+Th%E1%BB%8B+V%E1%BA%A3i/data=!4m7!3m6!1s0x317512024b288549:0x507282ceac864095!8m2!3d10.5962146!4d107.0923331!16s%2Fg%2F1tkjhpcz!19sChIJSYUoSwISdTERlUCGrM6CclA?authuser=0&hl=en&rclk=1,
attraction00136,Núi Minh Đạm,minh dam,mountain,Ba Ria - Vung Tau,Ba Ria - Vung Tau,ba ria vung tau,10.4140204,107.2518631,,0,,4.4,Natural,Attraction,https://www.google.com/maps/place/Nu%CC%81i+Minh+%C4%90a%CC%A3m/data=!4m7!3m6!1s0x31757670ede1591d:0x56bd3ae70ea7d72!8m2!3d10.4140204!4d107.2518631!16s%2Fg%2F1yy3vm7j2!19sChIJHVnh7XB2dTERcn3qcK7TawU?authuser=0&hl=en&rclk=1,
attraction00137,Rừng Vi Ba II,rung vi ba ii,,"9339+6GP, Phường 1, Vũng Tàu, Bà Rịa - Vũng Tàu",Bà Rịa - Vũng Tàu,ba ria vung tau,10.3530955,107.0688195,,0,,4.7,Natural,Attraction,https://www.google.com/maps/place/R%E1%BB%ABng+Vi+Ba+II/data=!4m7!3m6!1s0x31756f2d11b6e43d:0xb228678fc4a1cb08!8m2!3d10.3530955!4d107.0688195!16s%2Fg%2F11q_bfpkt0!19sChIJPeS2ES1vdTERCMuhxI9nKLI?authuser=0&hl=en&rclk=1,
attraction00138,Ancient Battery,ancient battery,,"444 Trần Phú, Phường 5, Vũng Tàu, Bà Rịa - Vũng Tàu",Bà Rịa - Vũng Tàu,ba ria vung tau,10.3810757,107.0585641,,0,,4.4,Natural,Attraction,https://www.google.com/maps/place/Ancient+Battery/data=!4m7!3m6!1s0x31756fa450421939:0xfca5a565a1b39df4!8m2!3d10.3810757!4d107.0585641!16s%2Fg%2F11bx9dgb_n!19sChIJORlCUKRvdTER9J2zoWWlpfw?authuser=0&hl=en&rclk=1,https://www.facebook.com/homestay.re
attraction00139,Saigon Skydeck,saigon skydeck,,"36 Hồ Tùng Mậu, Bến Nghé, Quận 1, Thành phố Hồ Chí Minh",Thành phố Hồ Chí Minh,ho chi minh,10.7715673,106.7042465,,240000,₫240000,4.4,Attraction,Attraction,https://www.google.com/maps/place/Saigon+Skydeck/data=!4m7!3m6!1s0x31752f413f829255:0x898ec607e8ec7b7c!8m2!3d10.7715673!4d106.7042465!16s%2Fg%2F12qh2ltf6!19sChIJVZKCP0EvdTERfHvs6AfGjok?authuser=0&hl=en&rclk=1,https://ticket-stations.com/saigon-skydeck-bitexco
attraction00140,Tao Dan Park,tao dan,park,"Ben Thanh, District 1, Ho Chi Minh City",Ho Chi Minh City,ho chi minh,10.7745379,106.6924421,,2400749,₫2400749,4.5,Natural,Attraction,https://www.google.com/maps/place/Tao+Dan+Park/data=!4m7!3m6!1s0x31752f396a9573b1:0x3ef2307ad14f1770!8m2!3d10.7745379!4d106.6924421!16s%2Fg%2F121tymxf!19sChIJsXOVajkvdTERcBdP0Xow8j4?authuser=0&hl=en&rclk=1,https://congvientaodan.com/
attraction00141,Ben Thanh Market,ben thanh,market,"Ben Thanh, District 1, Ho Chi Minh City",Ho Chi Minh City,ho chi minh,10.7725168,106.6980208,,1026675,₫1026675,4.0,Shopping,Attraction,https://www.google.com/maps/place/Ben+Thanh+Market/data=!4m7!3m6!1s0x31752f3f3129e64d:0x8d6b2d79522c7f30!8m2!3d10.7725168!4d106.6980208!16s%2Fm%2F02q30t6!19sChIJTeYpMT8vdTERMH8sUnkta40?authuser=0&hl=en&rclk=1,
attraction00142,Chi Lang Park,chi lang,park,"số 72 Lê Thánh Tôn, Bến Nghé, Quận 1, Thành phố Hồ Chí Minh 700000",Thành phố Hồ Chí Minh,ho chi minh,10.7776809,106.7014474,,0,,4.2,Natural,Attraction,https://www.google.com/maps/place/Chi+Lang+Park/data=!4m7!3m6!1s0x31752f47dc3c4fa9:0x288eef2da9f284c!8m2!3d10.7776809!4d106.7014474!16s%2Fg%2F11h54g7qts!19sChIJqU883EcvdTERTCif2vLuiAI?authuser=0&hl=en&rclk=1,
attraction00143,Landmark 81,landmark 81,,"720A Điện Biên Phủ, Phường 22, Bình Thạnh, Thành phố Hồ Chí Minh 72300",Thành phố Hồ Chí Minh,ho chi minh,10.7951119,106.722096,,449894,₫449894,4.6,Attraction,Attraction,https://www.google.com/maps/place/Landmark+81/data=!4m7!3m6!1s0x317527c2f8f30911:0x36ac5073f8c91acd!8m2!3d10.7951119!4d106.722096!16s%2Fm%2F012hcpml!19sChIJEQnz-MIndTERzRrJ-HNQrDY?authuser=0&hl=en&rclk=1,https://www.ticketcheap.shop/landmark81
attraction00144,Ho Chi Minh City Book Street,chi minh city book street,lake,"2 Đ. Nguyễn Văn Bình, Bến Nghé, Quận 1, Thành phố Hồ Chí Minh 700000",Thành phố Hồ Chí Minh,ho chi minh,10.780963,106.7000734,,18754,₫18754,4.6,Attraction,Attraction,https://www.google.com/maps/place/Ho+Chi+Minh+City+Book+Street/data=!4m7!3m6!1s0x31752f37d72fc64b:0xfc9031b5e3958d50!8m2!3d10.780963!4d106.7000734!16s%2Fg%2F11bxlpfshc!19sChIJS8Yv1zcvdTERUI2V47UxkPw?authuser=0&hl=en&rclk=1,https://duongsachtphcm.com/
attraction00145,Notre Dame Cathedral of Saigon,notre dame cathedral of saigon,,"01 Công trường Công xã Paris, Bến Nghé, Quận 1, Thành phố Hồ Chí Minh 70000",Thành phố Hồ Chí Minh,ho chi minh,10.7797855,106.6990189,0914 122 229 ,658100,₫658100,4.4,Cultural,Attraction,https://www.google.com/maps/place/Notre+Dame+Cathedral+of+Saigon/data=!4m7!3m6!1s0x31752f37e6d82451:0xe84f59936ced5b45!8m2!3d10.7797855!4d106.6990189!16s%2Fm%2F027b16m!19sChIJUSTY5jcvdTERRVvtbJNZT-g?authuser=0&hl=en&rclk=1,
attraction00146,Saigon Opera House,saigon opera use,lake,"07 Công trường Lam Sơn, Bến Nghé, Quận 1, Thành phố Hồ Chí Minh 710212",Thành phố Hồ Chí Minh,ho chi minh,10.7766128,106.7031715,,800000,₫800000,4.6,Attraction,Attraction,https://www.google.com/maps/place/Saigon+Opera+House/data=!4m7!3m6!1s0x31752f4649e7ca29:0x55f531b6120cae3b!8m2!3d10.7766128!4d106.7031715!16s%2Fm%2F027_v_t!19sChIJKcrnSUYvdTERO64MErYx9VU?authuser=0&hl=en&rclk=1,https://ticket-stations.com/a-o-show
attraction00147,Saigon Zoo & Botanical Gardens,saigon zoo botanical gars,temple,"2 Nguyễn Bỉnh Khiêm, Bến Nghé, Quận 1, Thành phố Hồ Chí Minh 700000",Thành phố Hồ Chí Minh,ho chi minh,10.7873344,106.7050566,028 3829 1425 ,60000,₫60000,4.3,Attraction,Attraction,https://www.google.com/maps/place/Saigon+Zoo+%26+Botanical+Gardens/data=!4m7!3m6!1s0x31752f4b3330bcc7:0x4db964d76bf6e18e!8m2!3d10.7873344!4d106.7050566!16s%2Fm%2F02pxd7b!19sChIJx7wwM0svdTERjuH2a9dkuU0?authuser=0&hl=en&rclk=1,https://saigonzoo.net/
attraction00148,Back of the Bike Tours - Ho Chi Minh City Food Tours,back of the bike tours ho chi minh city tours,restaurant,"72 Lê Thánh Tôn, Bến Nghé, Quận 1, Thành phố Hồ Chí Minh 70000",Thành phố Hồ Chí Minh,ho chi minh,10.7780283,106.7019909,0935 046 910 ,0,,4.9,Attraction,Attraction,https://www.google.com/maps/place/Back+of+the+Bike+Tours+-+Ho+Chi+Minh+City+Food+Tours/data=!4m7!3m6!1s0x31752f69244be589:0xdc8a9d293c5ea652!8m2!3d10.7780283!4d106.7019909!16s%2Fg%2F12hnvrdpr!19sChIJieVLJGkvdTERUqZePCmditw?authuser=0&hl=en&rclk=1,https://backofthebiketours.com/
attraction00149,September 23rd Park,september 23rd,park,"Phường Phạm Ngũ Lão, District 1, Ho Chi Minh City 700000",Ho Chi Minh City,ho chi minh,10.7687114,106.69234,,0,,4.4,Natural,Attraction,https://www.google.com/maps/place/September+23rd+Park/data=!4m7!3m6!1s0x31752f3efe0a86bb:0xe8ca8e027af4297d!8m2!3d10.7687114!4d106.69234!16s%2Fg%2F121pdcj_!19sChIJu4YK_j4vdTERfSn0egKOyug?authuser=0&hl=en&rclk=1,https://congvien23thang9.com/
attraction00150,French Style Architecture Street,french style architecture street,,"74 Lê Công Kiều, Phường Nguyễn Thái Bình, Quận 1, Thành phố Hồ Chí Minh",Thành phố Hồ Chí Minh,ho chi minh,10.7704503,106.6994843,,0,,4.0,Attraction,Attraction,https://www.google.com/maps/place/French+Style+Architecture+Street/data=!4m7!3m6!1s0x31752f4063ed0fff:0x669443edead39f50!8m2!3d10.7704503!4d106.6994843!16s%2Fg%2F11k51rrzqh!19sChIJ_w_tY0AvdTERUJ_T6u1DlGY?authuser=0&hl=en&rclk=1,
attraction00151,Citymap Adventure - Chocolate Workshop and Foodtour,citymap adventure chocolate workshop and tour,restaurant,"26A Lê Lợi, Phường Sài Gòn, Quận 1, Thành phố Hồ Chí Minh 700000",Thành phố Hồ Chí Minh,ho chi minh,10.7748981,106.7011038,0787 132 857 ,0,,5.0,Attraction,Attraction,https://www.google.com/maps/place/Citymap+Adventure+-+Chocolate+Workshop+and+Foodtour/data=!4m7!3m6!1s0x31752fe7ac58949f:0xe9525bfd3524db5e!8m2!3d10.7748981!4d106.7011038!16s%2Fg%2F11x8d5624_!19sChIJn5RYrOcvdTERXtskNf1bUuk?authuser=0&hl=en&rclk=1,https://www.citymapadventure.com/?utm_source=google&utm_medium=wix_google_business_profile&utm_campaign=3055366584081925606
attraction00152,Vietopia,vietopia,,"98 Đ. Nguyễn Thị Thập, Tân Hưng, Quận 7, Thành phố Hồ Chí Minh 700000",Thành phố Hồ Chí Minh,ho chi minh,10.7415542,106.6950039,,285000,₫285000,4.2,Attraction,Attraction,https://www.google.com/maps/place/Vietopia/data=!4m7!3m6!1s0x31752fa142524103:0xe2eb19c8b35e43b9!8m2!3d10.7415542!4d106.6950039!16s%2Fg%2F1q5gqnh4j!19sChIJA0FSQqEvdTERuUNes8gZ6-I?authuser=0&hl=en&rclk=1,https://vietopia.com.vn/
attraction00153,Bui Vien Walking Street,bui vien walking street,,"Bùi Viện, Phường Phạm Ngũ Lão, Quận 1, Thành phố Hồ Chí Minh",Thành phố Hồ Chí Minh,ho chi minh,10.767351,106.6938836,,512800,₫512800,4.3,Attraction,Attraction,https://www.google.com/maps/place/Bui+Vien+Walking+Street/data=!4m7!3m6!1s0x31752f1605cbdc09:0xf1c00d273532c3a6!8m2!3d10.767351!4d106.6938836!16s%2Fg%2F11fz_hbt2k!19sChIJCdzLBRYvdTERpsMyNScNwPE?authuser=0&hl=en&rclk=1,http://ticketdulich.com/streetfood-scooter
attraction00154,Hoang Van Thu Park,ang van thu park,lake,"RM28+C2, Phường 2, Tân Bình, Thành phố Hồ Chí Minh",Thành phố Hồ Chí Minh,ho chi minh,10.8010436,106.6650508,,0,,4.5,Natural,Attraction,https://www.google.com/maps/place/Hoang+Van+Thu+Park/data=!4m7!3m6!1s0x31752949eb3e795f:0xa435dd1685ea2fbc!8m2!3d10.8010436!4d106.6650508!16s%2Fg%2F11hzwcm67k!19sChIJX3k-60kpdTERvC_qhRbdNaQ?authuser=0&hl=en&rclk=1,https://congvienhoangvanthu.com/
attraction00155,Saigon Crocodile Village,saigon crocodile ge,hotel,"Đ. Nguyễn Thị Sáu, Thạnh Lộc, Quận 12, Thành phố Hồ Chí Minh 70000",Thành phố Hồ Chí Minh,ho chi minh,10.8749907,106.6828275,028 3716 1507 ,0,,4.3,Attraction,Attraction,https://www.google.com/maps/place/Saigon+Crocodile+Village/data=!4m7!3m6!1s0x317528297fab9a4d:0x47619daa5abb2337!8m2!3d10.8749907!4d106.6828275!16s%2Fg%2F1pp2t_t5v!19sChIJTZqrfykodTERNyO7WqqdYUc?authuser=0&hl=en&rclk=1,https://hoacafashion.com/
attraction00156,Gò Vấp Floral Village Park,go vap floral ge park,hotel,"191 Đ. Lê Văn Thọ, Phường 8, Gò Vấp, Thành phố Hồ Chí Minh",Thành phố Hồ Chí Minh,ho chi minh,10.841896,106.656146,,0,,4.4,Natural,Attraction,https://www.google.com/maps/place/G%C3%B2+V%E1%BA%A5p+Floral+Village+Park/data=!4m7!3m6!1s0x317529a3be3265e9:0x73eb335ab4f71bbb!8m2!3d10.841896!4d106.656146!16s%2Fg%2F11btrr3fjw!19sChIJ6WUyvqMpdTERuxv3tFoz63M?authuser=0&hl=en&rclk=1,
attraction00157,Le Thi Rieng Cultural Park,le thi rieng cultural,park,"875 Cách Mạng Tháng Tám, Phường 15, Quận 10, Thành phố Hồ Chí Minh 700000",Thành phố Hồ Chí Minh,ho chi minh,10.7851478,106.6647487,,0,,4.6,Natural,Attraction,https://www.google.com/maps/place/Le+Thi+Rieng+Cultural+Park/data=!4m7!3m6!1s0x31752f001ee4e925:0xddaf85dceb45323f!8m2!3d10.7851478!4d106.6647487!16s%2Fg%2F11hzwy7z2b!19sChIJJenkHgAvdTERPzJF69yFr90?authuser=0&hl=en&rclk=1,
attraction00158,Tran Hung Dao Statue,tran hung statue,island,"QPG4+4HH, Công trường Mê Linh, Bến Nghé, Quận 1, Thành phố Hồ Chí Minh",Thành phố Hồ Chí Minh,ho chi minh,10.7753042,106.7064721,,0,,4.5,Attraction,Attraction,https://www.google.com/maps/place/Tran+Hung+Dao+Statue/data=!4m7!3m6!1s0x31752f45cd68378f:0x149e6ff48da09c04!8m2!3d10.7753042!4d106.7064721!16s%2Fg%2F1pxxswjnb!19sChIJjzdozUUvdTERBJygjfRvnhQ?authuser=0&hl=en&rclk=1,
attraction00159,Palazzo E-Gaming Club,palazzo e gaming club,,"Sheraton Saigon Grand Opera Hotel, Đông Du/80 Ward, Street, Quận 1, Thành phố Hồ Chí Minh 700000",Thành phố Hồ Chí Minh,ho chi minh,10.7757706,106.7042346,,0,,3.7,Attraction,Attraction,https://www.google.com/maps/place/Palazzo+E-Gaming+Club/data=!4m7!3m6!1s0x31752f711d17036f:0x4f093aa55b40128a!8m2!3d10.7757706!4d106.7042346!16s%2Fg%2F1tdw0zl9!19sChIJbwMXHXEvdTERihJAW6U6CU8?authuser=0&hl=en&rclk=1,http://www.palazzo.vn/
attraction00160,"City Park, The Global City",city the global city,park,"Đường D3, An Phú, Thủ Đức, Thành phố Hồ Chí Minh 70000",Thành phố Hồ Chí Minh,ho chi minh,10.7984545,106.7720421,0888 513 159 ,0,,4.3,Natural,Attraction,"https://www.google.com/maps/place/City+Park,+The+Global+City/data=!4m7!3m6!1s0x317527004a5fec73:0x53a8bf1b35fbdc70!8m2!3d10.7984545!4d106.7720421!16s%2Fg%2F11xc_f2kq5!19sChIJc-xfSgAndTERcNz7NRu_qFM?authuser=0&hl=en&rclk=1",https://www.facebook.com/TGCCityPark
attraction00161,Riverside Park,riverside,park,"Tôn Đức Thắng, Bến Nghé, Quận 1, Thành phố Hồ Chí Minh",Thành phố Hồ Chí Minh,ho chi minh,10.7749722,106.7064267,,0,,4.4,Natural,Attraction,https://www.google.com/maps/place/Riverside+Park/data=!4m7!3m6!1s0x31752f382eb056a9:0xaabbb749a845cb!8m2!3d10.7749722!4d106.7064267!16s%2Fg%2F11j0s3f9vg!19sChIJqVawLjgvdTERy0WoSbe7qgA?authuser=0&hl=en&rclk=1,
attraction00162,Tân Định Market,tan dinh,market,"336 Hai Bà Trưng, Phường Tân Định, Quận 1, Thành phố Hồ Chí Minh",Thành phố Hồ Chí Minh,ho chi minh,10.789876,106.6900255,028 3820 1272 ,840000,₫840000,4.2,Shopping,Attraction,https://www.google.com/maps/place/T%C3%A2n+%C4%90%E1%BB%8Bnh+Market/data=!4m7!3m6!1s0x317528cd33a114bf:0x8fab22fc954be1f1!8m2!3d10.789876!4d106.6900255!16s%2Fg%2F1t_wlvm2!19sChIJvxShM80odTER8eFLlfwiq48?authuser=0&hl=en&rclk=1,https://www.foody.vn/ho-chi-minh/cho-tan-dinh
attraction00163,Turtle Pond,turtle pond,,"Công trường Quốc Tế, Phường 6, Quận 3, Thành phố Hồ Chí Minh",Thành phố Hồ Chí Minh,ho chi minh,10.7826071,106.695926,,0,,4.3,Attraction,Attraction,https://www.google.com/maps/place/Turtle+Pond/data=!4m7!3m6!1s0x31752f36945880c5:0x92b8db9e3e747a70!8m2!3d10.7826071!4d106.695926!16s%2Fg%2F11f3jvmzmj!19sChIJxYBYlDYvdTERcHp0Pp7buJI?authuser=0&hl=en&rclk=1,
attraction00164,Ben Nghe Street Food,ben nghe street,restaurant,"134 Nam Kỳ Khởi Nghĩa, Bến Nghé, Quận 1, Thành phố Hồ Chí Minh",Thành phố Hồ Chí Minh,ho chi minh,10.7772206,106.6979014,0901 262 830 ,1006893,₫1006893,4.3,Attraction,Attraction,https://www.google.com/maps/place/Ben+Nghe+Street+Food/data=!4m7!3m6!1s0x31752f38d6d12d4b:0x9a6eb30ab7589d13!8m2!3d10.7772206!4d106.6979014!16s%2Fg%2F11bxgb8ltc!19sChIJSy3R1jgvdTERE51Ytwqzbpo?authuser=0&hl=en&rclk=1,https://www.facebook.com/streetfoodmarketbennghe?mibextid=kFxxJD
attraction00165,Saigon Japan Town,saigon japan town,,"8A Thái Văn Lung, Bến Nghé, Quận 1, Thành phố Hồ Chí Minh 700000",Thành phố Hồ Chí Minh,ho chi minh,10.7793695,106.7047033,,0,,4.3,Attraction,Attraction,https://www.google.com/maps/place/Saigon+Japan+Town/data=!4m7!3m6!1s0x31752f48cf3c7265:0xd3bba610945c3f32!8m2!3d10.7793695!4d106.7047033!16s%2Fg%2F11cllprvly!19sChIJZXI8z0gvdTERMj9clBCmu9M?authuser=0&hl=en&rclk=1,https://www.facebook.com/japantownsaigon/
attraction00166,Indochina Queen,indochina queen,,"5 Đ. Nguyễn Tất Thành, Phường 13, Quận 4, Thành phố Hồ Chí Minh 700000",Thành phố Hồ Chí Minh,ho chi minh,10.765958,106.7087557,028 3895 7438 ,540000,₫540000,4.5,Attraction,Attraction,https://www.google.com/maps/place/Indochina+Queen/data=!4m7!3m6!1s0x31752f613124d7df:0xf9fb04d822f377eb!8m2!3d10.765958!4d106.7087557!16s%2Fg%2F11swv9dfzr!19sChIJ39ckMWEvdTER63fzItgE-_k?authuser=0&hl=en&rclk=1,http://indochinaqueencruise.com.vn/
attraction00167,Réhahn Gallery,rehahn gallery,,"74 Đồng Khởi, Bến Nghé, Quận 1, Thành phố Hồ Chí Minh 711000",Thành phố Hồ Chí Minh,ho chi minh,10.775263,106.7042458,0398 206 986 ,0,,4.9,Attraction,Attraction,https://www.google.com/maps/place/R%C3%A9hahn+Gallery/data=!4m7!3m6!1s0x3175277873278a31:0x729cc7211528b62!8m2!3d10.775263!4d106.7042458!16s%2Fg%2F11j_67dh_1!19sChIJMYonc3gndTERYotSEXLMKQc?authuser=0&hl=en&rclk=1,https://www.rehahnphotographer.com/
attraction00168,Vinh Khanh Food Street,vinh khanh street,restaurant,"40 Đ. Vĩnh Khánh, Phường 8, Quận 4, Thành phố Hồ Chí Minh",Thành phố Hồ Chí Minh,ho chi minh,10.7618585,106.7022361,,0,,4.2,Attraction,Attraction,https://www.google.com/maps/place/Vinh+Khanh+Food+Street/data=!4m7!3m6!1s0x31752f6b62a256ff:0x8d511e314fa49c38!8m2!3d10.7618585!4d106.7022361!16s%2Fg%2F11hc_rwscr!19sChIJ_1aiYmsvdTEROJykTzEeUY0?authuser=0&hl=en&rclk=1,
attraction00169,Sala Urban Park,sala urban,park,"01 Đ. Hoàng Thế Thiện, An Lợi Đông, Thủ Đức, Thành phố Hồ Chí Minh 700000",Thành phố Hồ Chí Minh,ho chi minh,10.7721778,106.7246327,,0,,4.6,Natural,Attraction,https://www.google.com/maps/place/Sala+Urban+Park/data=!4m7!3m6!1s0x317525f61562e3c9:0xa744f70e7cf9ff0f!8m2!3d10.7721778!4d106.7246327!16s%2Fg%2F11f3rxnn1f!19sChIJyeNiFfYldTERD__5fA73RKc?authuser=0&hl=en&rclk=1,http://khudothisala.vn/
attraction00170,St Francis Xavier Church,st francis xavier,church,"25 Đ. Học Lạc, Phường 14, Quận 5, Thành phố Hồ Chí Minh 700000",Thành phố Hồ Chí Minh,ho chi minh,10.751965,106.6543386,028 3856 0274 ,0,,4.6,Cultural,Attraction,https://www.google.com/maps/place/St+Francis+Xavier+Church/data=!4m7!3m6!1s0x31752ef4ebbbcd21:0x44da956564996287!8m2!3d10.751965!4d106.6543386!16s%2Fg%2F125n1hqw3!19sChIJIc276_QudTERh2KZZGWV2kQ?authuser=0&hl=en&rclk=1,https://nhathochatam.com/
attraction00171,Saigon Adventure - Food Tour In Ho Chi Minh City,saigon adventure tour in ho chi minh city,restaurant,"86/8A Mạc Đĩnh Chi, Đa Kao, Quận 1, Thành phố Hồ Chí Minh 700000",Thành phố Hồ Chí Minh,ho chi minh,10.7882208,106.6965572,0975 642 264 ,0,,5.0,Attraction,Attraction,https://www.google.com/maps/place/Saigon+Adventure+-+Food+Tour+In+Ho+Chi+Minh+City/data=!4m7!3m6!1s0x31752f1aa9aba7df:0x9cb84d830323d95a!8m2!3d10.7882208!4d106.6965572!16s%2Fg%2F11c1vkcp1b!19sChIJ36erqRovdTERWtkjA4NNuJw?authuser=0&hl=en&rclk=1,https://saigonadventure.com/
attraction00172,Spring Saigon Tours,spring saigon tours,,"32 Võ Văn Tần, Phường 6, Quận 1, Thành phố Hồ Chí Minh 700000",Thành phố Hồ Chí Minh,ho chi minh,10.7789214,106.6922116,0334 789 398 ,0,,5.0,Attraction,Attraction,https://www.google.com/maps/place/Spring+Saigon+Tours/data=!4m7!3m6!1s0x31752f7cf132ef27:0x9e2745b69973f54f!8m2!3d10.7789214!4d106.6922116!16s%2Fg%2F11gm70c678!19sChIJJ-8y8XwvdTERT_VzmbZFJ54?authuser=0&hl=en&rclk=1,
attraction00173,The Crescent,the crescent,,"Nằm trong 101Tôn Dật Tiên (tầng 2, 101 Đ. Tôn Dật Tiên, Tân Phú, Quận 7, Thành phố Hồ Chí Minh 700000",Thành phố Hồ Chí Minh,ho chi minh,10.7290836,106.7188731,0393 728 659 ,0,,5.0,Attraction,Attraction,https://www.google.com/maps/place/The+Crescent/data=!4m7!3m6!1s0x31752fd9b1d7c695:0xb90f3042b7ca2285!8m2!3d10.7290836!4d106.7188731!16s%2Fg%2F11t9rxjrns!19sChIJlcbXsdkvdTERhSLKt0IwD7k?authuser=0&hl=en&rclk=1,https://the-crescent.com/
attraction00174,Van Hanh Monastery,van hanh monastery,,"750 Nguyễn Kiệm, Phường 4, Phú Nhuận, Thành phố Hồ Chí Minh",Thành phố Hồ Chí Minh,ho chi minh,10.8100403,106.6786271,028 3845 0794 ,0,,4.6,Attraction,Attraction,https://www.google.com/maps/place/Van+Hanh+Monastery/data=!4m7!3m6!1s0x317528dfadcd3b83:0xd97ee4f047bc423e!8m2!3d10.8100403!4d106.6786271!16s%2Fm%2F043shmk!19sChIJgzvNrd8odTERPkK8R_Dkftk?authuser=0&hl=en&rclk=1,https://thienvienvanhanh.com/
attraction00175,三山會館 - Tam Son Hoi Quan Pagoda,an han ui uan tam son i quan pagoda,lake,"118 Đ. Triệu Quang Phục, Phường 11, Quận 5, Thành phố Hồ Chí Minh",Thành phố Hồ Chí Minh,ho chi minh,10.7525748,106.6614803,,0,,4.3,Cultural,Attraction,https://www.google.com/maps/place/%E4%B8%89%E5%B1%B1%E6%9C%83%E9%A4%A8+-+Tam+Son+Hoi+Quan+Pagoda/data=!4m7!3m6!1s0x31752ef7285b4759:0x66c296a8fb8a0d36!8m2!3d10.7525748!4d106.6614803!16s%2Fg%2F11bxc60zqy!19sChIJWUdbKPcudTERNg2K-6iWwmY?authuser=0&hl=en&rclk=1,https://vietnamdiscovery.com/ho-chi-minh-city/attractions/tam-son-hoi-quan-pagoda/
attraction00176,Chùa Chantarangsay,chantarangsay,pagoda,"Hoàng Sa, Phường Võ Thị Sáu, Quận 3, Thành phố Hồ Chí Minh",Thành phố Hồ Chí Minh,ho chi minh,10.7862451,106.6828111,0938 787 165 ,0,,4.7,Cultural,Attraction,https://www.google.com/maps/place/Ch%C3%B9a+Chantarangsay/data=!4m7!3m6!1s0x31752f2c6c4a1eab:0xba99347a95720429!8m2!3d10.7862451!4d106.6828111!16s%2Fg%2F1tlbg1p9!19sChIJqx5KbCwvdTERKQRylXo0mbo?authuser=0&hl=en&rclk=1,
attraction00177,Lacàph Coffee Experiences Space,lacaph experiences space,cafe,"Upstairs, 220 Nguyễn Công Trứ, Phường Nguyễn Thái Bình, Quận 1, Thành phố Hồ Chí Minh",Thành phố Hồ Chí Minh,ho chi minh,10.7679743,106.700435,0866 721 202 ,0,,5.0,Attraction,Attraction,https://www.google.com/maps/place/Lac%C3%A0ph+Coffee+Experiences+Space/data=!4m7!3m6!1s0x31752fafb4f8a93d:0x620ce60882082fd4!8m2!3d10.7679743!4d106.700435!16s%2Fg%2F11fs2_3bvt!19sChIJPan4tK8vdTER1C8IggjmDGI?authuser=0&hl=en&rclk=1,https://www.lacaph.com/
attraction00178,Chùa Vạn Phật,van phat,pagoda,"66/14 Đ. Nghĩa Thục, Phường 5, Quận 5, Thành phố Hồ Chí Minh 70000",Thành phố Hồ Chí Minh,ho chi minh,10.7533702,106.6752996,028 3838 1955 ,648097,₫648097,4.7,Cultural,Attraction,https://www.google.com/maps/place/Ch%C3%B9a+V%E1%BA%A1n+Ph%E1%BA%ADt/data=!4m7!3m6!1s0x31752efdee443bdf:0xf5802db1fe006759!8m2!3d10.7533702!4d106.6752996!16s%2Fg%2F1tgpq311!19sChIJ3ztE7v0udTERWWcA_rEtgPU?authuser=0&hl=en&rclk=1,http://facebook.com/chuavanphat.q5.tphcm
attraction00179,Nhà rông,nha rong,,"4/91 Tổ 9 - KP1, Thạnh Lộc, Quận 12, Thành phố Hồ Chí Minh",Thành phố Hồ Chí Minh,ho chi minh,10.8821943,106.6876658,,0,,4.5,Attraction,Attraction,https://www.google.com/maps/place/Nh%C3%A0+r%C3%B4ng/data=!4m7!3m6!1s0x3174d70d06f5cf8f:0xfa445955748db164!8m2!3d10.8821943!4d106.6876658!16s%2Fg%2F11pqttm7bk!19sChIJj8_1Bg3XdDERZLGNdFVZRPo?authuser=0&hl=en&rclk=1,
attraction00180,Jamia Al-Musulman Mosque,jamia al musulman mosque,,"66 Đông Du, Bến Nghé, Quận 1, Thành phố Hồ Chí Minh",Thành phố Hồ Chí Minh,ho chi minh,10.7761942,106.7042267,,0,,4.7,Attraction,Attraction,https://www.google.com/maps/place/Jamia+Al-Musulman+Mosque/data=!4m7!3m6!1s0x31752f4669d930ad:0xb8d283b11a8b9d51!8m2!3d10.7761942!4d106.7042267!16s%2Fg%2F1v2pmq3g!19sChIJrTDZaUYvdTERUZ2LGrGD0rg?authuser=0&hl=en&rclk=1,
attraction00181,Thái Bình Market,thai binh,market,"Đ. Cống Quỳnh, Phường Phạm Ngũ Lão, Quận 1, Thành phố Hồ Chí Minh",Thành phố Hồ Chí Minh,ho chi minh,10.7667302,106.6886914,028 3839 4027 ,0,,4.2,Shopping,Attraction,https://www.google.com/maps/place/Th%C3%A1i+B%C3%ACnh+Market/data=!4m7!3m6!1s0x31752f17f2a8f577:0x48953fa7ed5f5e5d!8m2!3d10.7667302!4d106.6886914!16s%2Fg%2F1tfqnfzv!19sChIJd_Wo8hcvdTERXV5f7ac_lUg?authuser=0&hl=en&rclk=1,
attraction00182,XO Tours - Saigon Food Tours and City Tours Led by Women,xo tours saigon tours and city tours led by women,restaurant,"Hẻm 611, 611/111 Điện Biên Phủ, Phường 1, Quận 3, Thành Phố Hồ Chí Minh, Thành phố Hồ Chí Minh 700000",Thành phố Hồ Chí Minh,ho chi minh,10.767946,106.678176,0933 083 727 ,0,,5.0,Attraction,Attraction,https://www.google.com/maps/place/XO+Tours+-+Saigon+Food+Tours+and+City+Tours+Led+by+Women/data=!4m7!3m6!1s0x31752f201eb716d7:0xac5e46851993434c!8m2!3d10.767946!4d106.678176!16s%2Fg%2F11d_wnls2_!19sChIJ1xa3HiAvdTERTEOTGYVGXqw?authuser=0&hl=en&rclk=1,https://xotours.vn/
attraction00183,Thao Dien Park,thao dien,park,"Quốc Hương, Thảo Điền, Thủ Đức, Thành phố Hồ Chí Minh 700000",Thành phố Hồ Chí Minh,ho chi minh,10.8004041,106.7321885,,0,,4.4,Natural,Attraction,https://www.google.com/maps/place/Thao+Dien+Park/data=!4m7!3m6!1s0x3175261adad10ec9:0x16d52e2fa8c15dee!8m2!3d10.8004041!4d106.7321885!16s%2Fg%2F11dxl9vcp2!19sChIJyQ7R2homdTER7l3BqC8u1RY?authuser=0&hl=en&rclk=1,
attraction00184,KissTour (SaigonKissTours) - Motorbike City & Food Tour with 100% Female Drivers,kisstour saigonkisstours motorbike city tour with 100 female drivers,restaurant,"225 Đ. Nguyễn Xí, P. 13, Bình Thạnh, Thành phố Hồ Chí Minh 700000",Thành phố Hồ Chí Minh,ho chi minh,10.8182738,106.7043956,0901 144 116 ,0,,5.0,Natural,Attraction,https://www.google.com/maps/place/KissTour+%28SaigonKissTours%29+-+Motorbike+City+%26+Food+Tour+with+100%25+Female+Drivers/data=!4m7!3m6!1s0x3175295625fe9733:0x694f4edb6c9ccf10!8m2!3d10.8182738!4d106.7043956!16s%2Fg%2F11f08hd712!19sChIJM5f-JVYpdTEREM-cbNtOT2k?authuser=0&hl=en&rclk=1,https://kisstour.com/
attraction00185,Phước An Hội Quán - Chùa Minh Hương,phuoc an i quan chua minh huong,lake,"184 Đ. Hồng Bàng, Phường 12, Quận 5, Thành phố Hồ Chí Minh",Thành phố Hồ Chí Minh,ho chi minh,10.7548737,106.6588763,,0,,4.5,Cultural,Attraction,https://www.google.com/maps/place/Ph%C6%B0%E1%BB%9Bc+An+H%E1%BB%99i+Qu%C3%A1n+-+Ch%C3%B9a+Minh+H%C6%B0%C6%A1ng/data=!4m7!3m6!1s0x31752ef16161939f:0x44d98dcb2fad7b24!8m2!3d10.7548737!4d106.6588763!16s%2Fg%2F11tnyr09yf!19sChIJn5NhYfEudTERJHutL8uN2UQ?authuser=0&hl=en&rclk=1,
attraction00186,Khanh Hoi Park,khanh i park,lake,"Đ. Số 48/229 Đ. Vĩnh Hội, Phường, Quận 4, Thành phố Hồ Chí Minh",Thành phố Hồ Chí Minh,ho chi minh,10.7572321,106.6985583,028 2211 8026 ,0,,4.3,Natural,Attraction,https://www.google.com/maps/place/Khanh+Hoi+Park/data=!4m7!3m6!1s0x31752f6d618eed3d:0xc6237755d8633c00!8m2!3d10.7572321!4d106.6985583!16s%2Fg%2F11g6bfhh0n!19sChIJPe2OYW0vdTERADxj2FV3I8Y?authuser=0&hl=en&rclk=1,
attraction00187,THE ONE HOTEL BEN THANH,the one ben thanh,hotel,"230 Lý Tự Trọng, Phường Bến Thành, Quận 1, Thành phố Hồ Chí Minh 700000",Thành phố Hồ Chí Minh,ho chi minh,10.7725465,106.6946813,,0,,4.2,Attraction,Attraction,https://www.google.com/maps/place/THE+ONE+HOTEL+BEN+THANH/data=!4m10!3m9!1s0x31752f3eba0b6ac5:0x2de2135cfb6f2b19!5m2!4m1!1i2!8m2!3d10.7725465!4d106.6946813!16s%2Fg%2F11fjz4ktfh!19sChIJxWoLuj4vdTERGStv-1wT4i0?authuser=0&hl=en&rclk=1,http://www.theonehotelbenthanh.com/
attraction00188,Hội Quán Nghĩa An,i quan nghia an,lake,"678 Nguyễn Trãi, Phường 11, Quận 5, Thành phố Hồ Chí Minh 70000",Thành phố Hồ Chí Minh,ho chi minh,10.7537089,106.662116,028 3853 8775 ,1291382,₫1291382,4.7,Attraction,Attraction,https://www.google.com/maps/place/H%E1%BB%99i+Qu%C3%A1n+Ngh%C4%A9a+An/data=!4m7!3m6!1s0x31752ef0d2aef039:0x55d5a4c737ec32e0!8m2!3d10.7537089!4d106.662116!16s%2Fg%2F120sdjkx!19sChIJOfCu0vAudTER4DLsN8ek1VU?authuser=0&hl=en&rclk=1,
attraction00189,The Provincial Table Cooking Class,the provincial table cooking class,,"131/3 Nguyễn Thị Minh Khai, Phường Phạm Ngũ Lão, Quận 1, Thành phố Hồ Chí Minh 711106",Thành phố Hồ Chí Minh,ho chi minh,10.7715253,106.6879056,0768 979 998 ,0,,4.8,Attraction,Attraction,https://www.google.com/maps/place/The+Provincial+Table+Cooking+Class/data=!4m7!3m6!1s0x31752fe675eb988f:0x29cdd83f32fd631d!8m2!3d10.7715253!4d106.6879056!16s%2Fg%2F11f7pgkyyd!19sChIJj5jrdeYvdTERHWP9Mj_YzSk?authuser=0&hl=en&rclk=1,https://www.provincialtable.vn/
attraction00190,Sip N Play [Board & Video Games Bar],sip n play board video games bar,,"17A Xuân Thủy, Thảo Điền, Quận 2, Thành phố Hồ Chí Minh",Thành phố Hồ Chí Minh,ho chi minh,10.803015,106.7293643,0373 646 845 ,0,,4.8,Attraction,Attraction,https://www.google.com/maps/place/Sip+N+Play+%5BBoard+%26+Video+Games+Bar%5D/data=!4m7!3m6!1s0x3175279d5b3a8c85:0xf41bc5d356a75409!8m2!3d10.803015!4d106.7293643!16s%2Fg%2F11t9pyh00h!19sChIJhYw6W50ndTERCVSnVtPFG_Q?authuser=0&hl=en&rclk=1,https://www.facebook.com/sipnplaycafe
attraction00191,Bờ Kè Phú Nhuận,bo ke phu nhuan,,"QMWM+FRP, Phường 2, Phú Nhuận, Thành phố Hồ Chí Minh",Thành phố Hồ Chí Minh,ho chi minh,10.7962043,106.6845913,,0,,4.3,Attraction,Attraction,https://www.google.com/maps/place/B%E1%BB%9D+K%C3%A8+Ph%C3%BA+Nhu%E1%BA%ADn/data=!4m7!3m6!1s0x317528d1708a47af:0x57ddb2757ebfca49!8m2!3d10.7962043!4d106.6845913!16s%2Fg%2F11c1qbls_c!19sChIJr0eKcNEodTERScq_fnWy3Vc?authuser=0&hl=en&rclk=1,
attraction00192,Saigon on motorbike,saigon on motorbike,,"51/11 Cao Thắng, Phường 2, Quận 3, Thành phố Hồ Chí Minh 700000",Thành phố Hồ Chí Minh,ho chi minh,10.7697434,106.6814134,0987 271 754 ,0,,5.0,Attraction,Attraction,https://www.google.com/maps/place/Saigon+on+motorbike/data=!4m7!3m6!1s0x31752f1b44eae63b:0x2f0dc811c0230e6e!8m2!3d10.7697434!4d106.6814134!16s%2Fg%2F11bx9py2kn!19sChIJO-bqRBsvdTERbg4jwBHIDS8?authuser=0&hl=en&rclk=1,http://www.saigononmotorbike.com/
attraction00193,Old Compass Travel,old compass travel,,"63/11 Pasteur, Bến Nghé, Quận 1, Thành phố Hồ Chí Minh",Thành phố Hồ Chí Minh,ho chi minh,10.7749148,106.700585,0903 900 841 ,0,,5.0,Attraction,Attraction,https://www.google.com/maps/place/Old+Compass+Travel/data=!4m7!3m6!1s0x31752f0227f689b7:0xfbed7a4c89385751!8m2!3d10.7749148!4d106.700585!16s%2Fg%2F11t8cbh_xw!19sChIJt4n2JwIvdTERUVc4iUx67fs?authuser=0&hl=en&rclk=1,http://www.oldcompasstravel.com/
attraction00194,Club Royale,club royale,,"1 Ngô Đức Kế, Bến Nghé, Quận 1, Thành phố Hồ Chí Minh",Thành phố Hồ Chí Minh,ho chi minh,10.7744649,106.7062995,028 3822 1888 ,0,,4.1,Attraction,Attraction,https://www.google.com/maps/place/Club+Royale/data=!4m7!3m6!1s0x31752f442edab75f:0x342674e674900ee5!8m2!3d10.7744649!4d106.7062995!16s%2Fg%2F1tq8g15m!19sChIJX7faLkQvdTER5Q6QdOZ0JjQ?authuser=0&hl=en&rclk=1,http://clubroyalevn.com.vn/
attraction00195,Đoàn Lô Tô Sài Gòn Tân Thời,doan lo to sai gon tan ti,lake,"141 Đ. Bắc Hải, Phường 14, Quận 10, Thành phố Hồ Chí Minh",Thành phố Hồ Chí Minh,ho chi minh,10.7788,106.6573616,0819 000 402 ,0,,4.7,Attraction,Attraction,https://www.google.com/maps/place/%C4%90o%C3%A0n+L%C3%B4+T%C3%B4+S%C3%A0i+G%C3%B2n+T%C3%A2n+Th%E1%BB%9Di/data=!4m7!3m6!1s0x31752f4a517f9ceb:0x851c8fa1b0f2b993!8m2!3d10.7788!4d106.6573616!16s%2Fg%2F11rtr77mds!19sChIJ65x_UUovdTERk7nysKGPHIU?authuser=0&hl=en&rclk=1,https://www.facebook.com/LoToSGTT?mibextid=JRoKGi
attraction00196,Urban Venture Tour - Công ty TNHH Du lịch Thương mại Urban Venture (VESPA TOUR),urban venture tour cong ty tnhh du lich thuong mai urban venture vespa tour,,"14/48 Ngô Tất Tố, Phường Thạnh Mỹ Tây, Bình Thạnh, Thành phố Hồ Chí Minh",Thành phố Hồ Chí Minh,ho chi minh,10.7930861,106.7097895,0911 051 144 ,0,,5.0,Attraction,Attraction,https://www.google.com/maps/place/Urban+Venture+Tour+-+C%C3%B4ng+ty+TNHH+Du+l%E1%BB%8Bch+Th%C6%B0%C6%A1ng+m%E1%BA%A1i+Urban+Venture+%28VESPA+TOUR%29/data=!4m7!3m6!1s0x31752951d986edf9:0x6ddd9f63925a3a83!8m2!3d10.7930861!4d106.7097895!16s%2Fg%2F11whg7rzsw!19sChIJ-e2G2VEpdTERgzpakmOf3W0?authuser=0&hl=en&rclk=1,
attraction00197,Xào Xạc cafe & plants,xao xac plants,cafe,"453/15 Nguyễn Đình Chiểu, Phường 5, Quận 3, Thành phố Hồ Chí Minh",Thành phố Hồ Chí Minh,ho chi minh,10.770248,106.6829828,0949 452 277 ,0,,4.7,Attraction,Attraction,https://www.google.com/maps/place/X%C3%A0o+X%E1%BA%A1c+cafe+%26+plants/data=!4m7!3m6!1s0x31752fbaddd90093:0x824288d2c3b139ed!8m2!3d10.770248!4d106.6829828!16s%2Fg%2F11tx6j7mv3!19sChIJkwDZ3bovdTER7Tmxw9KIQoI?authuser=0&hl=en&rclk=1,http://www.facebook.com/wheretheplantsare
attraction00198,Golden Lotus Healing World,gol lotus healing world,temple,"16A Đ. Số 10, Thảo Điền, Thủ Đức, Thành phố Hồ Chí Minh 700000",Thành phố Hồ Chí Minh,ho chi minh,10.8045926,106.7456865,028 3823 9000 ,0,,4.9,Attraction,Attraction,https://www.google.com/maps/place/Golden+Lotus+Healing+World/data=!4m7!3m6!1s0x31752f3155c4061f:0x7286090b5198c1dd!8m2!3d10.8045926!4d106.7456865!16s%2Fg%2F11cs6lg_c6!19sChIJHwbEVTEvdTER3cGYUQsJhnI?authuser=0&hl=en&rclk=1,http://goldenlotusspa.vn/
attraction00199,Quảng trường Khánh Hội,quang truong khanh i,lake,"QM5X+3JH, Phường 2, Quận 4, Thành phố Hồ Chí Minh",Thành phố Hồ Chí Minh,ho chi minh,10.7576972,106.6991205,,0,,4.6,Attraction,Attraction,https://www.google.com/maps/place/Qu%E1%BA%A3ng+tr%C6%B0%E1%BB%9Dng+Kh%C3%A1nh+H%E1%BB%99i/data=!4m7!3m6!1s0x31752f9b07e9387d:0x5329cb2da348a474!8m2!3d10.7576972!4d106.6991205!16s%2Fg%2F11f8j1bt1k!19sChIJfTjpB5svdTERdKRIoy3LKVM?authuser=0&hl=en&rclk=1,
attraction00200,VietCruise Tours,vietcruise tours,,"241 Phạm Ngũ Lão, Phường Phạm Ngũ Lão, Quận 1, Thành phố Hồ Chí Minh",Thành phố Hồ Chí Minh,ho chi minh,10.7680604,106.69245,0908 785 680 ,0,,4.9,Attraction,Attraction,https://www.google.com/maps/place/VietCruise+Tours/data=!4m7!3m6!1s0x31752f2cded3f6c1:0x76dc2329a9370bf3!8m2!3d10.7680604!4d106.69245!16s%2Fg%2F11tk6kyr3_!19sChIJwfbT3iwvdTER8ws3qSkj3HY?authuser=0&hl=en&rclk=1,https://vietcruisetours.com/
attraction00201,Spa La Sen,spa la sen,,"104a Xuân Thủy, Thảo Điền, Quận 2, Thành phố Hồ Chí Minh",Thành phố Hồ Chí Minh,ho chi minh,10.80369,106.735683,0967 017 595 ,0,,4.8,Attraction,Attraction,https://www.google.com/maps/place/Spa+La+Sen/data=!4m7!3m6!1s0x3175261753c99be1:0x1ef2aa86642fc4fb!8m2!3d10.80369!4d106.735683!16s%2Fg%2F11ddz9jvw9!19sChIJ4ZvJUxcmdTER-8QvZIaq8h4?authuser=0&hl=en&rclk=1,http://spalasen.com/
attraction00202,Les Rives - Authentic River Experience,les rives authentic river experience,,"IBC Building, 1A Công trường Mê Linh, Bến Nghé, Quận 1, Thành phố Hồ Chí Minh 700000",Thành phố Hồ Chí Minh,ho chi minh,10.7760259,106.7064006,0785 920 018 ,0,,4.8,Natural,Attraction,https://www.google.com/maps/place/Les+Rives+-+Authentic+River+Experience/data=!4m7!3m6!1s0x31752f4427e1b575:0x286f89e899f7e6dd!8m2!3d10.7760259!4d106.7064006!16s%2Fg%2F11b6gf_g_8!19sChIJdbXhJ0QvdTER3eb3meiJbyg?authuser=0&hl=en&rclk=1,https://lesrivesexperience.com/
attraction00203,Luggage Lockers By Saigon Storage - RESERVE IN ADVANCE!! Book on our site,luggage lockers by saigon storage reserve in advance book on our site,,"190 Cao Thắng, Phường 4, Quận 3, Thành phố Hồ Chí Minh 700000",Thành phố Hồ Chí Minh,ho chi minh,10.7736633,106.6781477,0902 898 523 ,0,,5.0,Attraction,Attraction,https://www.google.com/maps/place/Luggage+Lockers+By+Saigon+Storage+-+RESERVE+IN+ADVANCE!!+Book+on+our+site.+Contact+us+before.+Do+not+visit+without+booking./data=!4m7!3m6!1s0x31752f09b5a3463d:0xdd1a56a0362a338e!8m2!3d10.7736633!4d106.6781477!16s%2Fg%2F11s8xpbg0q!19sChIJPUajtQkvdTERjjMqNqBWGt0?authuser=0&hl=en&rclk=1,https://www.hcmstorage.com/
attraction00204,AN Tours Vietnam - Vietnam Travel Tours/ Transfer/ Visa,an tours vietnam vietnam travel tours transfer visa,,"Hoàng Sa/85 Ward, Đa Kao, Quận 1, Thành phố Hồ Chí Minh 700000",Thành phố Hồ Chí Minh,ho chi minh,10.7925239,106.7018345,0706 666 520 ,0,,4.9,Attraction,Attraction,https://www.google.com/maps/place/AN+Tours+Vietnam+-+Vietnam+Travel+Tours%2F+Transfer%2F+Visa/data=!4m7!3m6!1s0x31752f7d8813f819:0xb1914e071af49c47!8m2!3d10.7925239!4d106.7018345!16s%2Fg%2F11f08c06xv!19sChIJGfgTiH0vdTERR5z0GgdOkbE?authuser=0&hl=en&rclk=1,https://antoursvietnam.com/
attraction00205,Hop On Hop Off Vietnam,p on p off vietnam,lake,"210 Điện Biên Phủ, Phường Võ Thị Sáu, Quận 3, Thành phố Hồ Chí Minh 700000",Thành phố Hồ Chí Minh,ho chi minh,10.782897,106.690091,0913 674 412 ,0,,3.5,Attraction,Attraction,https://www.google.com/maps/place/Hop+On+Hop+Off+Vietnam/data=!4m7!3m6!1s0x31752f6c719e3907:0xc9eb56708dabe2a1!8m2!3d10.782897!4d106.690091!16s%2Fg%2F11gw1xwx4f!19sChIJBzmecWwvdTERoeKrjXBW68k?authuser=0&hl=en&rclk=1,https://hopon-hopoff.vn/
attraction00206,Sài Gòn Square,sai gon,square,"77-89 Nam Kỳ Khởi Nghĩa, Phường Bến Thành, Quận 1, Thành phố Hồ Chí Minh",Thành phố Hồ Chí Minh,ho chi minh,10.7727385,106.7002141,,0,,4.0,Attraction,Attraction,https://www.google.com/maps/place/S%C3%A0i+G%C3%B2n+Square/data=!4m7!3m6!1s0x31752f40ab668353:0x41570b5c5e52852!8m2!3d10.7727385!4d106.7002141!16s%2Fg%2F11h414hgmq!19sChIJU4Nmq0AvdTERUijlxbVwFQQ?authuser=0&hl=en&rclk=1,https://saigonsquarevn.com/
attraction00207,The Golden Dragon Water Puppet Theater,the gol dragon water puppet theater,temple,"55B Nguyễn Thị Minh Khai, Phường Bến Thành, Quận 1, Thành phố Hồ Chí Minh",Thành phố Hồ Chí Minh,ho chi minh,10.7762597,106.6925374,028 3930 2196 ,0,,4.4,Attraction,Attraction,https://www.google.com/maps/place/The+Golden+Dragon+Water+Puppet+Theater/data=!4m7!3m6!1s0x31752f3a3655b15b:0x796b71dc9b13d70d!8m2!3d10.7762597!4d106.6925374!16s%2Fg%2F1hc4tqd92!19sChIJW7FVNjovdTERDdcTm9xxa3k?authuser=0&hl=en&rclk=1,https://ticket-stations.com/traditional-water-puppet-theater-admission-ticket-ho-chi-minh-city
attraction00208,Saigon Authentic Alley Hostel & Tours,saigon authentic alley tours,homestay,"26 Đ. Số 41, Phường 9, Quận 4, Thành phố Hồ Chí Minh 70000",Thành phố Hồ Chí Minh,ho chi minh,10.7585012,106.7006276,0938 804 934 ,0,,5.0,Attraction,Attraction,https://www.google.com/maps/place/Saigon+Authentic+Alley+Hostel+%26+Tours/data=!4m10!3m9!1s0x31752fb2817a01a5:0x53db000c191c10f0!5m2!4m1!1i2!8m2!3d10.7585012!4d106.7006276!16s%2Fg%2F11wn8fzfj5!19sChIJpQF6gbIvdTER8BAcGQwA21M?authuser=0&hl=en&rclk=1,
attraction00209,Bravo Indochina Tours,bravo indochina tours,,,,,16.3648836,104.4361961,+1 931-922-2299 ,0,,4.3,Attraction,Attraction,https://www.google.com/maps/place/Bravo+Indochina+Tours/data=!4m7!3m6!1s0x31752f88a2f03a01:0xdf0935f33df9264!8m2!3d16.3648836!4d104.4361961!16s%2Fg%2F12hqdnpwh!19sChIJATrwoogvdTERZJLfM1-T8A0?authuser=0&hl=en&rclk=1,http://www.bravoindochinatour.com/
attraction00210,VIETNAM TRAVEL GROUP JSC,vietnam travel group jsc,,"55B Đỗ Quang Đẩu, Phường Phạm Ngũ Lão, Quận 1, Thành phố Hồ Chí Minh 700000",Thành phố Hồ Chí Minh,ho chi minh,10.767038,106.6907389,0935 746 946 ,0,,4.9,Attraction,Attraction,https://www.google.com/maps/place/VIETNAM+TRAVEL+GROUP+JSC/data=!4m7!3m6!1s0x31752f3dfc74818d:0xd458ae38cd0b727d!8m2!3d10.767038!4d106.6907389!16s%2Fg%2F1yfdqz7m6!19sChIJjYF0_D0vdTERfXILzTiuWNQ?authuser=0&hl=en&rclk=1,https://www.vietnamtravelgroup.com/
attraction00211,BLOQ - Lifestyle Retail Park,bloq lifestyle retail,park,"19 Trần Ngọc Diện, Thảo Điền, Thủ Đức, Thành phố Hồ Chí Minh",Thành phố Hồ Chí Minh,ho chi minh,10.8045288,106.7394266,0909 689 398 ,0,,4.1,Natural,Attraction,https://www.google.com/maps/place/BLOQ+-+Lifestyle+Retail+Park/data=!4m7!3m6!1s0x31752616c11b313f:0x7f2b0b060e0c0d3c!8m2!3d10.8045288!4d106.7394266!16s%2Fg%2F11g7zfxsjm!19sChIJPzEbwRYmdTERPA0MDgYLK38?authuser=0&hl=en&rclk=1,https://beacons.ai/bloq_saigon/ourmenu!
attraction00212,The Craft House,the craft use,lake,"32 Đồng Khởi, Bến Nghé, Quận 01, Thành phố Hồ Chí Minh 71006",Thành phố Hồ Chí Minh,ho chi minh,10.77458,106.70495,0919 962 320 ,0,,4.8,Attraction,Attraction,https://www.google.com/maps/place/The+Craft+House/data=!4m7!3m6!1s0x31752f87efa71d0d:0x79f16df9b436a7f!8m2!3d10.77458!4d106.70495!16s%2Fg%2F11p56c8svb!19sChIJDR2n74cvdTERf2pDm98Wnwc?authuser=0&hl=en&rclk=1,https://thecrafthouse.vn/
attraction00213,SASCO Sleep Zone,sasco sleep zone,,"International Airport, International Terminal, Tan Son Nhat, Thành phố Hồ Chí Minh",Thành phố Hồ Chí Minh,ho chi minh,10.8180237,106.6667835,028 3844 8358 ,0,,3.2,Attraction,Attraction,https://www.google.com/maps/place/SASCO+Sleep+Zone/data=!4m7!3m6!1s0x3175291986475371:0xaab32d904a2847e8!8m2!3d10.8180237!4d106.6667835!16s%2Fg%2F11g6xm0pw9!19sChIJcVNHhhkpdTER6EcoSpAts6o?authuser=0&hl=en&rclk=1,http://sleepzone.sasco.com.vn/
attraction00214,Gem Center,gem center,,"8 Nguyễn Bỉnh Khiêm, Đa Kao, Quận 1, Thành phố Hồ Chí Minh 70000",Thành phố Hồ Chí Minh,ho chi minh,10.7901279,106.702372,,0,,4.5,Attraction,Attraction,https://www.google.com/maps/place/Gem+Center/data=!4m7!3m6!1s0x317528b4d5ef2cff:0x7119dc5f357813ee!8m2!3d10.7901279!4d106.702372!16s%2Fg%2F11b7hnnvfm!19sChIJ_yzv1bQodTER7hN4NV_cGXE?authuser=0&hl=en&rclk=1,https://gemcenter.com.vn/
attraction00215,Cô Ba Kidszone,co ba kidszone,market,"Block B Chung cư Rivergate, 151 - 155 Bến Vân Đồn, Phường 9, Q4, Thành phố Hồ Chí Minh",Thành phố Hồ Chí Minh,ho chi minh,10.7621407,106.6993185,0933 427 553 ,0,,4.8,Attraction,Attraction,https://www.google.com/maps/place/C%C3%B4+Ba+Kidszone/data=!4m7!3m6!1s0x31752fcc90bd98b1:0x9d6b056d2d949d4!8m2!3d10.7621407!4d106.6993185!16s%2Fg%2F11x2cnc0yp!19sChIJsZi9kMwvdTER1EnZ0law1gk?authuser=0&hl=en&rclk=1,
attraction00216,The Extra Mile | Premium Motorbike Services For Expats in HCMC,the extra mile premium motorbike services for expats in hcmc,,"18 Đường 5 Làng Báo Chí, Thảo Điền, Thủ Đức, Thành phố Hồ Chí Minh",Thành phố Hồ Chí Minh,ho chi minh,10.8100008,106.7336139,0386 037 673 ,0,,4.9,Attraction,Attraction,https://www.google.com/maps/place/The+Extra+Mile+%7C+Premium+Motorbike+Services+For+Expats+in+HCMC/data=!4m7!3m6!1s0x317527d8ed3324b3:0x71587d9cdd2deeea!8m2!3d10.8100008!4d106.7336139!16s%2Fg%2F11h4y4x2lc!19sChIJsyQz7dgndTER6u4t3Zx9WHE?authuser=0&hl=en&rclk=1,https://theextramile.co/
attraction00217,Signy House Hotel & Apartments - 15B Trần Khánh Dư,signy house apartments 15b tran khanh du,hotel,"15B Trần Khánh Dư, Phường Tân Định, Quận 1, Thành phố Hồ Chí Minh",Thành phố Hồ Chí Minh,ho chi minh,10.7937733,106.6884824,0388 792 279 ,0,,4.3,Attraction,Attraction,https://www.google.com/maps/place/Signy+House+Hotel+%26+Apartments+-+15B+Tr%E1%BA%A7n+Kh%C3%A1nh+D%C6%B0/data=!4m10!3m9!1s0x3175297257c4b02d:0xf2b70587ed8538c2!5m2!4m1!1i2!8m2!3d10.7937733!4d106.6884824!16s%2Fg%2F11fkgscnkj!19sChIJLbDEV3IpdTERwjiF7YcFt_I?authuser=0&hl=en&rclk=1,
attraction00218,OHQUAO The Local Edit,ohquao the local edit,,"58/12 Phạm Ngọc Thạch, Phường 6, Quận 3, Thành phố Hồ Chí Minh",Thành phố Hồ Chí Minh,ho chi minh,10.7863432,106.6925612,0799 830 021 ,0,,4.8,Attraction,Attraction,https://www.google.com/maps/place/OHQUAO+The+Local+Edit/data=!4m7!3m6!1s0x31752f3854d875a3:0xee22a4b1151f7f65!8m2!3d10.7863432!4d106.6925612!16s%2Fg%2F11j57dp1d7!19sChIJo3XYVDgvdTERZX8fFbGkIu4?authuser=0&hl=en&rclk=1,http://ohquao.com/
attraction00219,Siam Travel,siam travel,,"181 Phạm Ngũ Lão, Phường Phạm Ngũ Lão, Quận 1, Thành phố Hồ Chí Minh",Thành phố Hồ Chí Minh,ho chi minh,10.7688213,106.6939502,0834 619 057 ,0,,4.8,Attraction,Attraction,https://www.google.com/maps/place/Siam+Travel/data=!4m7!3m6!1s0x31752f8eb52fe3dd:0xe08ebac8724871a9!8m2!3d10.7688213!4d106.6939502!16s%2Fg%2F11kypqs3fp!19sChIJ3eMvtY4vdTERqXFIcsi6juA?authuser=0&hl=en&rclk=1,http://siamtravel.vn/
attraction00220,Rumblefish Vietnam PADI 5 star IDC center,rumblefish vietnam padi 5 star idc center,,"67 47, street, Thủ Đức, Thành phố Hồ Chí Minh",Thành phố Hồ Chí Minh,ho chi minh,10.8115262,106.7295364,0797 170 691 ,0,,4.9,Attraction,Attraction,https://www.google.com/maps/place/Rumblefish+Vietnam+PADI+5+star+IDC+center/data=!4m7!3m6!1s0x317528d71a7edb17:0x7212db74b594e409!8m2!3d10.8115262!4d106.7295364!16s%2Fg%2F11b6v570ww!19sChIJF9t-GtcodTERCeSUtXTbEnI?authuser=0&hl=en&rclk=1,http://rumblefishvietnam.com/
attraction00221,WKND,wknd,,"27 Tống Hữu Định, Thảo Điền, Thủ Đức, Thành phố Hồ Chí Minh 700000",Thành phố Hồ Chí Minh,ho chi minh,10.8063967,106.7338756,0909 722 627 ,0,,4.8,Attraction,Attraction,https://www.google.com/maps/place/WKND/data=!4m7!3m6!1s0x317527b17a6b095b:0x53d6b7eb3aaf970e!8m2!3d10.8063967!4d106.7338756!16s%2Fg%2F11q4gsmphs!19sChIJWwlrerEndTERDpevOuu31lM?authuser=0&hl=en&rclk=1,https://linktr.ee/wkndsaigon
attraction00222,Luxperia Collective,luxperia collective,,"7A Đ. Nguyễn Thành Ý, District 1, Quận 1, Thành phố Hồ Chí Minh 700000",Thành phố Hồ Chí Minh,ho chi minh,10.7885599,106.6972336,0888 045 670 ,0,,5.0,Attraction,Attraction,https://www.google.com/maps/place/Luxperia+Collective/data=!4m7!3m6!1s0x317525572bc527e9:0x96b2c93009744140!8m2!3d10.7885599!4d106.6972336!16s%2Fg%2F11f9yy8_kd!19sChIJ6SfFK1cldTERQEF0CTDJspY?authuser=0&hl=en&rclk=1,http://luxperia.com/
attraction00223,Wink Hotel Saigon Centre,wink saigon centre,hotel,"75 Nguyễn Bỉnh Khiêm, Đa Kao, Quận 1, Thành phố Hồ Chí Minh",Thành phố Hồ Chí Minh,ho chi minh,10.791263,106.700486,028 3826 9999 ,0,,4.3,Attraction,Attraction,https://www.google.com/maps/place/Wink+Hotel+Saigon+Centre/data=!4m10!3m9!1s0x3175299befc9c843:0x61bd46c3c494729e!5m2!4m1!1i2!8m2!3d10.791263!4d106.700486!16s%2Fg%2F11pb7gtkrc!19sChIJQ8jJ75spdTERnnKUxMNGvWE?authuser=0&hl=en&rclk=1,https://www.wink-hotels.com/en/hotel/wink-hotel-saigon-centre/
attraction00224,GRACE SKINCARE CLINIC,grace skincare clinic,,"Ground Floor, 102C Đ. Cống Quỳnh, Phường Phạm Ngũ Lão, Quận 1, Thành phố Hồ Chí Minh",Thành phố Hồ Chí Minh,ho chi minh,10.7648392,106.6906521,0961 796 809 ,0,,4.7,Attraction,Attraction,https://www.google.com/maps/place/GRACE+SKINCARE+CLINIC/data=!4m7!3m6!1s0x31752f9534fae149:0xe99507785ea88c55!8m2!3d10.7648392!4d106.6906521!16s%2Fg%2F11csqxxzc6!19sChIJSeH6NJUvdTERVYyoXngHlek?authuser=0&hl=en&rclk=1,https://www.graceskinclinic.com/
attraction00225,L'Usine Lê Thánh Tôn,l usine le thanh ton,,"19 Lê Thánh Tôn, Bến Nghé, Quận 1, Thành phố Hồ Chí Minh 700000",Thành phố Hồ Chí Minh,ho chi minh,10.7796591,106.703996,0832 810 888 ,0,,4.6,Attraction,Attraction,https://www.google.com/maps/place/L%27Usine+L%C3%AA+Th%C3%A1nh+T%C3%B4n/data=!4m7!3m6!1s0x31752f48ebef2699:0x9cce27a583addaf0!8m2!3d10.7796591!4d106.703996!16s%2Fg%2F11g6mj2txr!19sChIJmSbv60gvdTER8Nqtg6Unzpw?authuser=0&hl=en&rclk=1,http://lusinespace.com/
attraction00226,Glow Up Minigolf,glow up minigolf,,"62 Số 1, Phường An Khánh, Thủ Đức, Thành phố Hồ Chí Minh 700000",Thành phố Hồ Chí Minh,ho chi minh,10.7972385,106.7349511,0903 689 968 ,0,,4.8,Attraction,Attraction,https://www.google.com/maps/place/Glow+Up+Minigolf/data=!4m7!3m6!1s0x31752710dafd3deb:0x680b92d971f44c01!8m2!3d10.7972385!4d106.7349511!16s%2Fg%2F11lfzwd78s!19sChIJ6z392hAndTERAUz0cdmSC2g?authuser=0&hl=en&rclk=1,https://glowup.vn/
attraction00227,Ddreamer Jewelry Making Workshop - Workshop Làm Trang Sức,ddreamer jewelry making worksp worksp lam trang suc,lake,"26/4 Số 3, Cư xá Đô Thành, Quận 3, Thành phố Hồ Chí Minh 70000",Thành phố Hồ Chí Minh,ho chi minh,10.7725419,106.681174,0902 746 465 ,0,,5.0,Attraction,Attraction,https://www.google.com/maps/place/Ddreamer+Jewelry+Making+Workshop+-+Workshop+L%C3%A0m+Trang+S%E1%BB%A9c/data=!4m7!3m6!1s0x31752fc1418ea95b:0x62e9a8067992c143!8m2!3d10.7725419!4d106.681174!16s%2Fg%2F11t1r7t_dx!19sChIJW6mOQcEvdTERQ8GSeQao6WI?authuser=0&hl=en&rclk=1,http://ddreamer.com.vn/
attraction00228,LIB Gunpla (Librarian Gunpla),lib gunpla librarian gunpla,,"275 Phan Đình Phùng, P.15, Q. Phú Nhuận Hồ Chí Minh (TP, 700000",,,10.7970717,106.6810978,0767 302 186 ,0,,4.9,Attraction,Attraction,https://www.google.com/maps/place/LIB+Gunpla+%28Librarian+Gunpla%29/data=!4m7!3m6!1s0x3175294fc1c6dcd9:0x104f311043760e78!8m2!3d10.7970717!4d106.6810978!16s%2Fg%2F11rmq1jjqy!19sChIJ2dzGwU8pdTEReA52QxAxTxA?authuser=0&hl=en&rclk=1,https://www.facebook.com/librarian.gunpla.hcm
attraction00229,Shape Nail Cafe & Collection,shape nail collection,cafe,"85 Trần Quang Khải, Phường Tân Định, Quận 1, Thành phố Hồ Chí Minh 76000",Thành phố Hồ Chí Minh,ho chi minh,10.7920752,106.6931037,0588 778 797 ,0,,4.8,Attraction,Attraction,https://www.google.com/maps/place/Shape+Nail+Cafe+%26+Collection/data=!4m7!3m6!1s0x3175292c9585db33:0xfa0d6617820bcef4!8m2!3d10.7920752!4d106.6931037!16s%2Fg%2F11wvf05_x5!19sChIJM9uFlSwpdTER9M4LghdmDfo?authuser=0&hl=en&rclk=1,https://www.instagram.com/shapenails.vn
attraction00230,NP Brows & Lashes,np brows lashes,,"165 Đinh Tiên Hoàng, Đa Kao, Quận 1, Thành phố Hồ Chí Minh 700000",Thành phố Hồ Chí Minh,ho chi minh,10.7911717,106.6964824,028 6654 8686 ,0,,4.8,Attraction,Attraction,https://www.google.com/maps/place/NP+Brows+%26+Lashes/data=!4m7!3m6!1s0x317528cb1bb8f0bb:0xe2e5e05c551a43c5!8m2!3d10.7911717!4d106.6964824!16s%2Fg%2F11gbz9_936!19sChIJu_C4G8sodTERxUMaVVzg5eI?authuser=0&hl=en&rclk=1,https://npbrows.vn/
attraction00231,Ukiyo Spa,ukiyo spa,,"165 Đinh Tiên Hoàng, Đa Kao, Quận 1, Thành phố Hồ Chí Minh",Thành phố Hồ Chí Minh,ho chi minh,10.7911717,106.6964824,028 6656 8686 ,0,,4.9,Attraction,Attraction,https://www.google.com/maps/place/Ukiyo+Spa/data=!4m7!3m6!1s0x3175291e30f9b961:0x459896e583cc9db9!8m2!3d10.7911717!4d106.6964824!16s%2Fg%2F11jt6y2jsj!19sChIJYbn5MB4pdTERuZ3Mg-WWmEU?authuser=0&hl=en&rclk=1,https://ukiyo-spa.com/
attraction00232,Saigon Authentic Hostel & Tours,saigon authentic tours,homestay,"81 Số 45, Phường 9, Quận 4, Thành phố Hồ Chí Minh 70000",Thành phố Hồ Chí Minh,ho chi minh,10.759072,106.6995,0971 978 439 ,0,,4.9,Attraction,Attraction,https://www.google.com/maps/place/Saigon+Authentic+Hostel+%26+Tours/data=!4m7!3m6!1s0x31752fc51152f183:0x2e895467fa854c2b!8m2!3d10.759072!4d106.6995!16s%2Fg%2F11tbx1fj9b!19sChIJg_FSEcUvdTERK0yF-mdUiS4?authuser=0&hl=en&rclk=1,
attraction00233,so much closer Vietnam,so much closer vietnam,,"90E Thạch Thị Thanh, Phường Tân Định, Quận 1, Thành phố Hồ Chí Minh 700000",Thành phố Hồ Chí Minh,ho chi minh,10.7910463,106.6919586,0935 597 410 ,0,,5.0,Attraction,Attraction,https://www.google.com/maps/place/so+much+closer+Vietnam/data=!4m7!3m6!1s0x317529007d81a605:0x8717ac77d9a636bb!8m2!3d10.7910463!4d106.6919586!16s%2Fg%2F11vymslqyk!19sChIJBaaBfQApdTERuzam2XesF4c?authuser=0&hl=en&rclk=1,http://www.somuchcloser.vn/
attraction00234,DC Motorbikes (Rental | License | Lesson | Repair | Accessories),dc motorbikes rental license lesson repair accessories,,"16 Trúc Đường, Thảo Điền, Thủ Đức, Thành phố Hồ Chí Minh 700000",Thành phố Hồ Chí Minh,ho chi minh,10.8090084,106.7334693,0987 248 050 ,0,,4.9,Attraction,Attraction,https://www.google.com/maps/place/DC+Motorbikes+%28Rental+%7C+License+%7C+Lesson+%7C+Repair+%7C+Accessories%29/data=!4m7!3m6!1s0x3175289f55d2b433:0xd9fb6863847733d6!8m2!3d10.8090084!4d106.7334693!16s%2Fg%2F11dftjws6_!19sChIJM7TSVZ8odTER1jN3hGNo-9k?authuser=0&hl=en&rclk=1,https://www.dcmotorbikes.com/
attraction00235,GEEK Up Product Development,geek up product development,,"Hẻm 244 Huỳnh Văn Bánh, Phường 11, Phú Nhuận, Thành phố Hồ Chí Minh",Thành phố Hồ Chí Minh,ho chi minh,10.7927983,106.6752961,028 6262 4400 ,0,,4.7,Attraction,Attraction,https://www.google.com/maps/place/GEEK+Up+Product+Development/data=!4m7!3m6!1s0x317529247be70ed3:0xe2d8a5f3456c9583!8m2!3d10.7927983!4d106.6752961!16s%2Fg%2F11b6ljz5p6!19sChIJ0w7neyQpdTERg5VsRfOl2OI?authuser=0&hl=en&rclk=1,http://www.geekup.vn/
attraction00236,All About Dogs HCM,all about dogs hcm,,"76/1A Quốc Hương, Thảo Điền, Thủ Đức, Thành phố Hồ Chí Minh",Thành phố Hồ Chí Minh,ho chi minh,10.808596,106.731502,0865 551 700 ,0,,4.7,Attraction,Attraction,https://www.google.com/maps/place/All+About+Dogs+HCM/data=!4m7!3m6!1s0x3175271b32a16563:0x5b85614a5907d404!8m2!3d10.808596!4d106.731502!16s%2Fg%2F11sbhr94mg!19sChIJY2WhMhsndTERBNQHWUphhVs?authuser=0&hl=en&rclk=1,http://www.aa-dogs.com/
attraction00237,Phan's Custom Tailor,phan s custom tailor,,"Biệt thự, 08 Đ. D9, Saigon Pearl, Bình Thạnh, Thành phố Hồ Chí Minh",Thành phố Hồ Chí Minh,ho chi minh,10.7894965,106.7191148,0826 977 888 ,0,,4.9,Attraction,Attraction,https://www.google.com/maps/place/Phan%27s+Custom+Tailor/data=!4m7!3m6!1s0x31752f4778b599e9:0xea6f2681a5a9f79b!8m2!3d10.7894965!4d106.7191148!16s%2Fg%2F119tk6vyt!19sChIJ6Zm1eEcvdTERm_eppYEmb-o?authuser=0&hl=en&rclk=1,https://phanscustomtailor.com/
attraction00238,Vincom Plaza Cộng Hoà,vincom plaza cong a,lake,"15 17 Cộng Hòa, Phường 4, Tân Bình, Thành phố Hồ Chí Minh 700000",Thành phố Hồ Chí Minh,ho chi minh,10.8006026,106.6582188,0921 567 137 ,0,,4.1,Attraction,Attraction,https://www.google.com/maps/place/Vincom+Plaza+C%E1%BB%99ng+Ho%C3%A0/data=!4m7!3m6!1s0x317529372d346255:0xd699af95f297cc28!8m2!3d10.8006026!4d106.6582188!16s%2Fg%2F11c5223npc!19sChIJVWI0LTcpdTERKMyX8pWvmdY?authuser=0&hl=en&rclk=1,https://vincom.com.vn/vincom-plaza-cong-hoa
attraction00239,Talk Barista Saigon - Craft Coffee Tours & Barista Class,talk barista saigon craft tours barista class,cafe,"Nguyễn Hữu Cảnh, Ward, Bình Thạnh, Thành phố Hồ Chí Minh 700000",Thành phố Hồ Chí Minh,ho chi minh,10.7964151,106.7170765,0839 099 133 ,0,,4.9,Attraction,Attraction,https://www.google.com/maps/place/Talk+Barista+Saigon+-+Craft+Coffee+Tours+%26+Barista+Class/data=!4m7!3m6!1s0x31752f3aeb34c8f9:0xd2c87ef6319a80c2!8m2!3d10.7964151!4d106.7170765!16s%2Fg%2F11f2wcmwv5!19sChIJ-cg06zovdTERwoCaMfZ-yNI?authuser=0&hl=en&rclk=1,http://talkbaristasaigon.com/
attraction00240,Waterbus Thu Thiem,waterbus thu thiem,,"14/3A Lương Định Của, Thủ Thiêm, Thủ Đức, Thành phố Hồ Chí Minh",Thành phố Hồ Chí Minh,ho chi minh,10.77687,106.7096183,,0,,3.2,Attraction,Attraction,https://www.google.com/maps/place/Waterbus+Thu+Thiem/data=!4m7!3m6!1s0x31752f00198bf857:0xc1bdc81ead1c4c2f!8m2!3d10.77687!4d106.7096183!16s%2Fg%2F11x63qwbxb!19sChIJV_iLGQAvdTERL0wcrR7IvcE?authuser=0&hl=en&rclk=1,https://saigonwaterbus.com/en/dat-ve-truc-tuyen
attraction00241,"Saigon Storage: Storage, Moving & Shipping",saigon storage storage moving shipping,,,,,15.5220415,107.0372661,0902 898 523 ,0,,5.0,Attraction,Attraction,"https://www.google.com/maps/place/Saigon+Storage:+Storage,+Moving+%26+Shipping/data=!4m7!3m6!1s0x31752fbaf2fa78f5:0xd425f95664e2db31!8m2!3d15.5220415!4d107.0372661!16s%2Fg%2F11h5rhtmrr!19sChIJ9Xj68rovdTERMdviZFb5JdQ?authuser=0&hl=en&rclk=1",http://hcmstorage.com/
attraction00242,The Brownie by Tia,the brownie by tia,,"31 Đường số 54, Thảo Điền, Quận 2, Thành phố Hồ Chí Minh 700000",Thành phố Hồ Chí Minh,ho chi minh,10.802302,106.7288872,0567 934 998 ,0,,4.7,Attraction,Attraction,https://www.google.com/maps/place/The+Brownie+by+Tia/data=!4m7!3m6!1s0x317527ab2483622b:0xbe53687e283999b6!8m2!3d10.802302!4d106.7288872!16s%2Fg%2F11n81qvjvf!19sChIJK2KDJKsndTERtpk5KH5oU74?authuser=0&hl=en&rclk=1,http://instagram.com/the_brownie_by_tia
attraction00243,Ekomo Home 102 - Central Saigon,ekomo me 102 central saigon,lake,"102/42 Cống Quỳnh, Phường Phạm Ngũ Lão, Quận 1, Thành phố Hồ Chí Minh 71013",Thành phố Hồ Chí Minh,ho chi minh,10.7651469,106.6917502,0986 748 951 ,0,,4.6,Attraction,Attraction,https://www.google.com/maps/place/Ekomo+Home+102+-+Central+Saigon/data=!4m7!3m6!1s0x31752f8ad63094f5:0xac90d8e977953d5!8m2!3d10.7651469!4d106.6917502!16s%2Fg%2F11sbqq946w!19sChIJ9ZQw1oovdTER1VN5l44NyQo?authuser=0&hl=en&rclk=1,http://www.ekomohome.com/
attraction00244,Leiden homestay & cafe,leiden homestay,cafe,"138/13 Bùi Thị Xuân, Phường Phạm Ngũ Lão, Quận 1, Thành phố Hồ Chí Minh",Thành phố Hồ Chí Minh,ho chi minh,10.7694192,106.6874829,,0,,4.9,Attraction,Attraction,https://www.google.com/maps/place/Leiden+homestay+%26+cafe/data=!4m7!3m6!1s0x31752f8ef66f37af:0xd74e74765b9be0b0!8m2!3d10.7694192!4d106.6874829!16s%2Fg%2F11scl30zkv!19sChIJrzdv9o4vdTERsOCbW3Z0Ttc?authuser=0&hl=en&rclk=1,https://www.leidenhomestay.com/
attraction00245,CARE1 - Health & Wellness Screening Center,care1 health wellness screening center,,"91 Nguyễn Hữu Cảnh, Phường 22, Bình Thạnh, Thành phố Hồ Chí Minh",Thành phố Hồ Chí Minh,ho chi minh,10.7938317,106.7171317,028 3514 0757 ,0,,4.9,Attraction,Attraction,https://www.google.com/maps/place/CARE1+-+Health+%26+Wellness+Screening+Center/data=!4m7!3m6!1s0x317528abf1388be3:0x32d7cbdef8df1d98!8m2!3d10.7938317!4d106.7171317!16s%2Fg%2F1pyqvxw8g!19sChIJ44s48asodTERmB3f-N7L1zI?authuser=0&hl=en&rclk=1,http://www.care1.com.vn/
attraction00246,AOIINN Hostel,aoiinn,homestay,"2nd, Unit Number 286, District 1 Ho Chi Minh City 286 V Văn Kiệt, Phường Cầu ng L nh, Quận 1, Thành phố Hồ Chí Minh 700000",Thành phố Hồ Chí Minh,ho chi minh,10.7625537,106.6965746,+86 973561564 ,0,,4.8,Attraction,Attraction,https://www.google.com/maps/place/AOIINN+Hostel/data=!4m7!3m6!1s0x31752f007bb13ca3:0x9b4b9506dd201e2b!8m2!3d10.7625537!4d106.6965746!16s%2Fg%2F11xz44_4wc!19sChIJozyxewAvdTERKx4g3QaVS5s?authuser=0&hl=en&rclk=1,http://aoiinn.com/
attraction00247,CityHouse - CD Apartment,cityuse cd apartment,lake,"339/24B Đ. Lê Văn Sỹ, Phường 12, Quận 3, Thành phố Hồ Chí Minh 700000",Thành phố Hồ Chí Minh,ho chi minh,10.7866762,106.6770399,0937 308 111 ,0,,4.4,Attraction,Attraction,https://www.google.com/maps/place/CityHouse+-+CD+Apartment/data=!4m7!3m6!1s0x31752ff2def4aaeb:0x59aec22278c10d14!8m2!3d10.7866762!4d106.6770399!16s%2Fg%2F11h5vv4hq_!19sChIJ66r03vIvdTERFA3BeCLCrlk?authuser=0&hl=en&rclk=1,https://cityhouseapartment.com/vi/can-ho-dich-vu-cho-thue-tai-hcmc-saigon/can-ho-cho-thue-quan-3/can-ho-339-24b-le-van-sy-cd
attraction00248,The Box Concept - NVH Thanh Niên,the box concept nvh thanh nien,,"35 Nguyễn Thị Minh Khai, Phường Sài Gòn, Quận 1, Thành phố Hồ Chí Minh 700000",Thành phố Hồ Chí Minh,ho chi minh,10.7816799,106.6979521,0929 310 002 ,0,,4.7,Attraction,Attraction,https://www.google.com/maps/place/The+Box+Concept+-+NVH+Thanh+Ni%C3%AAn/data=!4m7!3m6!1s0x31752f77b6e34245:0x5d6e9636468072c!8m2!3d10.7816799!4d106.6979521!16s%2Fg%2F11kqxlgf83!19sChIJRULjtncvdTERLAdoZGPp1gU?authuser=0&hl=en&rclk=1,https://www.facebook.com/theboxconcept.official
attraction00249,BẾN THUYỀN VŨNG TÀU MARINA,ben thuyen vung tau marina,,"Vũng Tàu, Ba Ria - Vung Tau 790000",Ba Ria - Vung Tau,ba ria vung tau,10.4098174,107.1130707,0941 666 966 ,40000,₫40000,4.2,Attraction,Attraction,https://www.google.com/maps/place/B%C3%8A%CC%81N+THUY%E1%BB%80N+V%C5%A8NG+T%C3%80U+MARINA/data=!4m7!3m6!1s0x317571f79ea4a9c9:0x3313721619f7ad9!8m2!3d10.4098174!4d107.1130707!16s%2Fg%2F11lgz79p6c!19sChIJyamknvdxdTER2XqfYSE3MQM?authuser=0&hl=en&rclk=1,http://vungtaumarina.com/
attraction00250,Đồi Con Heo,doi con heo,lake,"Hẻm 220 Phan Chu Trinh, Phường 2, Vũng Tàu, Bà Rịa - Vũng Tàu",Bà Rịa - Vũng Tàu,ba ria vung tau,10.3275348,107.0863676,0985 834 472 ,0,,4.5,Natural,Attraction,https://www.google.com/maps/place/%C4%90%E1%BB%93i+Con+Heo/data=!4m7!3m6!1s0x317565d2fb839c0d:0xbcb13a18114925fd!8m2!3d10.3275348!4d107.0863676!16s%2Fg%2F11t_tvfps6!19sChIJDZyD-9JldTER_SVJERg6sbw?authuser=0&hl=en&rclk=1,
attraction00251,Vung Tau Lighthouse,vung tau lightuse,lake,"40 Hải Đăng, Phường 2, Vũng Tàu, Bà Rịa - Vũng Tàu",Bà Rịa - Vũng Tàu,ba ria vung tau,10.334091,107.077663,,1553175,₫1553175,4.6,Attraction,Attraction,https://www.google.com/maps/place/Vung+Tau+Lighthouse/data=!4m7!3m6!1s0x31756552a003a9b9:0x32769656e2f73fb9!8m2!3d10.334091!4d107.077663!16s%2Fg%2F12z65svxw!19sChIJuakDoFJldTERuT_34laWdjI?authuser=0&hl=en&rclk=1,
attraction00252,Our Lady of Bai Dau Shrine,our lady of bai dau shrine,,"140A Trần Phú, Phường 5, Vũng Tàu, Bà Rịa - Vũng Tàu",Bà Rịa - Vũng Tàu,ba ria vung tau,10.3711942,107.0622475,0254 3838 540 ,0,,4.8,Attraction,Attraction,https://www.google.com/maps/place/Our+Lady+of+Bai+Dau+Shrine/data=!4m7!3m6!1s0x31756faef38389e3:0x60b83316113c26b4!8m2!3d10.3711942!4d107.0622475!16s%2Fg%2F121wt46s!19sChIJ44mD865vdTERtCY8ERYzuGA?authuser=0&hl=en&rclk=1,
attraction00253,Tháp Tam Thắng - Bãi Sau Vũng Tàu,tam thang bai sau vung tau,tower,"1810 Thùy Vân, Phường Thắng Tam, Vũng Tàu, Bà Rịa - Vũng Tàu",Bà Rịa - Vũng Tàu,ba ria vung tau,10.3455507,107.0977038,,0,,4.8,Cultural,Attraction,https://www.google.com/maps/place/Th%C3%A1p+Tam+Th%E1%BA%AFng+-+B%C3%A3i+Sau+V%C5%A9ng+T%C3%A0u/data=!4m7!3m6!1s0x31756f007e1a4617:0x19546fdc2cfba7e7!8m2!3d10.3455507!4d107.0977038!16s%2Fg%2F11xtlr7z5b!19sChIJF0YafgBvdTER56f7LNxvVBk?authuser=0&hl=en&rclk=1,https://facebook.com/ThapTamThangVT
attraction00254,Vũng Tàu Marina Museum,vung tau marina,museum,"Đường số 1, Khu Công Nghiệp Đông Xuyên, Vũng Tàu, Bà Rịa - Vũng Tàu 78000",Bà Rịa - Vũng Tàu,ba ria vung tau,10.4097984,107.1126214,0941 666 966 ,30000,₫30000,4.0,Historical,Attraction,https://www.google.com/maps/place/V%C5%A9ng+T%C3%A0u+Marina+Museum/data=!4m7!3m6!1s0x3175718f19ed1323:0xb91027cf3865931f!8m2!3d10.4097984!4d107.1126214!16s%2Fg%2F11t4llbgs3!19sChIJIxPtGY9xdTERH5NlOM8nELk?authuser=0&hl=en&rclk=1,https://marinamuseum.vn/home
attraction00255,White Rabbit Amusement Park,white rabbit amusement,park,"9422+RF3, Thùy Vân, Phường Thắng Tam, Vũng Tàu, Bà Rịa - Vũng Tàu",Bà Rịa - Vũng Tàu,ba ria vung tau,10.3520043,107.1011625,,0,,3.9,Natural,Attraction,https://www.google.com/maps/place/White+Rabbit+Amusement+Park/data=!4m7!3m6!1s0x31756f85bd1a7c4d:0x6215bdd590d296f4!8m2!3d10.3520043!4d107.1011625!16s%2Fg%2F11hym0n0gt!19sChIJTXwavYVvdTER9JbSkNW9FWI?authuser=0&hl=en&rclk=1,
attraction00256,Công viên nước Vũng Tàu,nuoc vung tau,park,"36 Nguyễn Thái Học, Phường 7, Vũng Tàu, Bà Rịa - Vũng Tàu",Bà Rịa - Vũng Tàu,ba ria vung tau,10.3651954,107.0848037,0254 3859 668 ,0,,3.8,Attraction,Attraction,https://www.google.com/maps/place/C%C3%B4ng+vi%C3%AAn+n%C6%B0%E1%BB%9Bc+V%C5%A9ng+T%C3%A0u/data=!4m7!3m6!1s0x31756fc5eb031c5d:0x77516bbebc1f0db0!8m2!3d10.3651954!4d107.0848037!16s%2Fg%2F11g9dk9rjc!19sChIJXRwD68VvdTERsA0fvL5rUXc?authuser=0&hl=en&rclk=1,https://www.facebook.com/congviennuocvungtau/
attraction00257,Jesus Christ Statue,jesus christ statue,,"01 Bà Rịa, Phường 2, Vũng Tàu, Bà Rịa - Vũng Tàu 70000",Bà Rịa - Vũng Tàu,ba ria vung tau,10.3264876,107.0845549,0707 227 474 ,1090867,₫1090867,4.6,Attraction,Attraction,https://www.google.com/maps/place/Jesus+Christ+Statue/data=!4m7!3m6!1s0x3175655b99e2ee9f:0x43bb3d544ec80b01!8m2!3d10.3264876!4d107.0845549!16s%2Fm%2F03d8lgn!19sChIJn-7imVtldTERAQvITlQ9u0M?authuser=0&hl=en&rclk=1,https://kitovungtau.com/
attraction00258,Valley Beach,valley,beach,"83FM+5C2, Phường 2, Vũng Tàu, Bà Rịa - Vũng Tàu",Bà Rịa - Vũng Tàu,ba ria vung tau,10.3228991,107.0835129,,0,,4.3,Natural,Attraction,https://www.google.com/maps/place/Valley+Beach/data=!4m7!3m6!1s0x31756544aa3f711d:0x8aea35f369588dd3!8m2!3d10.3228991!4d107.0835129!16s%2Fg%2F11bwky1dlk!19sChIJHXE_qkRldTER041YafM16oo?authuser=0&hl=en&rclk=1,
attraction00259,Công viên Nghinh Phong,cong vien nghinh png,lake,"83 Thùy Vân, Phường 2, Vũng Tàu, Bà Rịa - Vũng Tàu",Bà Rịa - Vũng Tàu,ba ria vung tau,10.3239371,107.086455,,0,,4.6,Attraction,Attraction,https://www.google.com/maps/place/C%C3%B4ng+vi%C3%AAn+Nghinh+Phong/data=!4m7!3m6!1s0x317565c7d0c5f27f:0x799a7c3ee62dc246!8m2!3d10.3239371!4d107.086455!16s%2Fg%2F11t30m4xtj!19sChIJf_LF0MdldTERRsIt5j58mnk?authuser=0&hl=en&rclk=1,
attraction00260,Monument for War Heroes,monument for war heroes,,"83XV+H3C, Đ. 3 Tháng 2, Phường Thắng Tam, Vũng Tàu, Bà Rịa - Vũng Tàu",Bà Rịa - Vũng Tàu,ba ria vung tau,10.3489281,107.0926448,,0,,4.5,Attraction,Attraction,https://www.google.com/maps/place/Monument+for+War+Heroes/data=!4m7!3m6!1s0x31756fe683debe43:0x73d97f258c1bee98!8m2!3d10.3489281!4d107.0926448!16s%2Fg%2F11dxdxtc19!19sChIJQ77eg-ZvdTERmO4bjCV_2XM?authuser=0&hl=en&rclk=1,
attraction00261,Chùa Khỉ Viba,khi viba,pagoda,"14 6, Phường 1, Vũng Tàu, Bà Rịa - Vũng Tàu",Bà Rịa - Vũng Tàu,ba ria vung tau,10.3552391,107.0668769,,0,,4.5,Cultural,Attraction,https://www.google.com/maps/place/Ch%C3%B9a+Kh%E1%BB%89+Viba/data=!4m7!3m6!1s0x31756fc519762f1b:0x4fb810005b0833ba!8m2!3d10.3552391!4d107.0668769!16s%2Fg%2F11q9z_x_bz!19sChIJGy92GcVvdTERujMIWwAQuE8?authuser=0&hl=en&rclk=1,
attraction00262,Minh Dam Historic Relic,minh dam historic relic,,"C746+7C8, Phước Hải, Đất Đỏ, Bà Rịa - Vũng Tàu",Bà Rịa - Vũng Tàu,ba ria vung tau,10.4056619,107.2610879,,0,,4.3,Attraction,Attraction,https://www.google.com/maps/place/Minh+Dam+Historic+Relic/data=!4m7!3m6!1s0x3175767408332a25:0x5b268e010ea3735!8m2!3d10.4056619!4d107.2610879!16s%2Fg%2F1x5f7w56!19sChIJJSozCHR2dTERNTfqEOBosgU?authuser=0&hl=en&rclk=1,
attraction00263,Front Beach Lighthouse,front lighthouse,beach,"9346+Q45, Trần Phú, Phường 5, Vũng Tàu, Bà Rịa - Vũng Tàu",Bà Rịa - Vũng Tàu,ba ria vung tau,10.3568877,107.0603728,,0,,4.6,Natural,Attraction,https://www.google.com/maps/place/Front+Beach+Lighthouse/data=!4m7!3m6!1s0x31756ff1ea4c44bf:0x9d049d469ab8efe2!8m2!3d10.3568877!4d107.0603728!16s%2Fg%2F11pdqw6nm_!19sChIJv0RM6vFvdTER4u-4mkadBJ0?authuser=0&hl=en&rclk=1,
attraction00264,Cổng Hoa Giấy Check in Vũng Tàu,cong a giay check in vung tau,lake,"Mạc Thanh Đạm, Phường 8, Vũng Tàu, Bà Rịa - Vũng Tàu 790000",Bà Rịa - Vũng Tàu,ba ria vung tau,10.3535102,107.101125,,0,,4.4,Attraction,Attraction,https://www.google.com/maps/place/C%E1%BB%95ng+Hoa+Gi%E1%BA%A5y+Check+in+V%C5%A9ng+T%C3%A0u/data=!4m7!3m6!1s0x31756f3a7048899d:0xdbcc5a7fb9aed60d!8m2!3d10.3535102!4d107.101125!16s%2Fg%2F11ll45tfyq!19sChIJnYlIcDpvdTERDdauuX9azNs?authuser=0&hl=en&rclk=1,
attraction00265,Quảng Trường Trung Tâm Bãi Sau Vũng Tàu,trung tam bai sau vung tau,square,"Thùy Vân, Phường Thắng Tam, Vũng Tàu, Bà Rịa - Vũng Tàu 78200",Bà Rịa - Vũng Tàu,ba ria vung tau,10.3455568,107.0970233,0918 033 189 ,0,,4.8,Attraction,Attraction,https://www.google.com/maps/place/Qu%E1%BA%A3ng+Tr%C6%B0%E1%BB%9Dng+Trung+T%C3%A2m+B%C3%A3i+Sau+V%C5%A9ng+T%C3%A0u/data=!4m7!3m6!1s0x31756fca35f47d97:0xf0517fe5a455581d!8m2!3d10.3455568!4d107.0970233!16s%2Fg%2F11m5jj6kpj!19sChIJl330NcpvdTERHVhVpOV_UfA?authuser=0&hl=en&rclk=1,https://www.tiktok.com/@canhobaisauvungtau?_t=ZS-8ubuPsfDtIo&_r=1
attraction00266,Old French Fort,old french fort,,"93J5+CFR, Phường 5, Vũng Tàu, Bà Rịa - Vũng Tàu",Bà Rịa - Vũng Tàu,ba ria vung tau,10.3811154,107.0586266,,0,,4.4,Attraction,Attraction,https://www.google.com/maps/place/Old+French+Fort/data=!4m7!3m6!1s0x31756e548b18e71f:0x5d6db1a7379541b9!8m2!3d10.3811154!4d107.0586266!16s%2Fg%2F1tpg_6xm!19sChIJH-cYi1RudTERuUGVN6exbV0?authuser=0&hl=en&rclk=1,
attraction00267,Nirvana Vihara,nirvana vihara,,"83JG+7P6, Phường 2, Vũng Tàu, Bà Rịa - Vũng Tàu",Bà Rịa - Vũng Tàu,ba ria vung tau,10.33067,107.07678,,0,,4.3,Attraction,Attraction,https://www.google.com/maps/place/Nirvana+Vihara/data=!4m7!3m6!1s0x31756560976d4597:0xf187fd8b18415911!8m2!3d10.33067!4d107.07678!16s%2Fg%2F1220fs2h!19sChIJl0Vtl2BldTEREVlBGIv9h_E?authuser=0&hl=en&rclk=1,
attraction00268,Suối Đá Thác Hồ 5,suoi da thac 5,lake,"Chu Hải, Tân Thành, Ba Ria - Vung Tau",Ba Ria - Vung Tau,ba ria vung tau,10.5183854,107.1202451,,0,,4.1,Attraction,Attraction,https://www.google.com/maps/place/Su%E1%BB%91i+%C4%90%C3%A1+Th%C3%A1c+H%E1%BB%93+5/data=!4m7!3m6!1s0x31750d41b11f1713:0xa0250e7fcf8b6b84!8m2!3d10.5183854!4d107.1202451!16s%2Fg%2F11tcl1trpp!19sChIJExcfsUENdTERhGuLz38OJaA?authuser=0&hl=en&rclk=1,
attraction00269,Tao Phùng Park,tao phung,park,"83 Thùy Vân, Phường 2, Vũng Tàu, Bà Rịa - Vũng Tàu",Bà Rịa - Vũng Tàu,ba ria vung tau,10.3245748,107.0855037,0888 822 622 ,0,,4.4,Natural,Attraction,https://www.google.com/maps/place/Tao+Ph%C3%B9ng+Park/data=!4m7!3m6!1s0x3175655b17dc5c27:0x47a7e1a30ec98599!8m2!3d10.3245748!4d107.0855037!16s%2Fg%2F11g__hyln!19sChIJJ1zcF1tldTERmYXJDqPhp0c?authuser=0&hl=en&rclk=1,
attraction00270,Di tích Nhà Lớn,di tich nha lon,,"F33W+WP6, Thôn 5, Vũng Tàu, Bà Rịa - Vũng Tàu",Bà Rịa - Vũng Tàu,ba ria vung tau,10.4543969,107.0961592,0254 3844 044 ,0,,4.6,Attraction,Attraction,https://www.google.com/maps/place/Di+t%C3%ADch+Nh%C3%A0+L%E1%BB%9Bn/data=!4m7!3m6!1s0x31756d866c0771c3:0x14ca8af7c8dbc5f3!8m2!3d10.4543969!4d107.0961592!16s%2Fg%2F1pzxk_fq0!19sChIJw3EHbIZtdTER88XbyPeKyhQ?authuser=0&hl=en&rclk=1,
attraction00271,Triangle Park,triangle,park,"Quang Trung, Phường 1, Vũng Tàu, Bà Rịa - Vũng Tàu",Bà Rịa - Vũng Tàu,ba ria vung tau,10.3466688,107.0735008,,0,,4.5,Natural,Attraction,https://www.google.com/maps/place/Triangle+Park/data=!4m7!3m6!1s0x31756f925b292c19:0x2e882083cf4c27fc!8m2!3d10.3466688!4d107.0735008!16s%2Fg%2F11gg70skrn!19sChIJGSwpW5JvdTER_CdMz4MgiC4?authuser=0&hl=en&rclk=1,
attraction00272,Linh Son Ancient Temple,linh son ancient,temple,"104 Hoàng Hoa Thám, Phường Thắng Tam, Vũng Tàu, Bà Rịa - Vũng Tàu",Bà Rịa - Vũng Tàu,ba ria vung tau,10.3394876,107.0838406,,0,,4.4,Cultural,Attraction,https://www.google.com/maps/place/Linh+Son+Ancient+Temple/data=!4m7!3m6!1s0x31756ff154719739:0x24302e568b62a256!8m2!3d10.3394876!4d107.0838406!16s%2Fg%2F121ln57b!19sChIJOZdxVPFvdTERVqJii1YuMCQ?authuser=0&hl=en&rclk=1,
attraction00273,Cổng phụ khu du lịch Hồ Mây Park,cong phu khu du lich may park,lake,"9358+VQV, Phường 5, Vũng Tàu, Bà Rịa - Vũng Tàu",Bà Rịa - Vũng Tàu,ba ria vung tau,10.3597418,107.0669345,,0,,3.7,Natural,Attraction,https://www.google.com/maps/place/C%E1%BB%95ng+ph%E1%BB%A5+khu+du+l%E1%BB%8Bch+H%E1%BB%93+M%C3%A2y+Park/data=!4m7!3m6!1s0x31756f2d2a15fc7b:0xea21ecdb494c4869!8m2!3d10.3597418!4d107.0669345!16s%2Fg%2F11t26zvgfm!19sChIJe_wVKi1vdTERaUhMSdvsIeo?authuser=0&hl=en&rclk=1,
attraction00274,Thich Ca Phat Dai Pagoda,thich ca phat dai,pagoda,"608 Trần Phú, Phường 5, Vũng Tàu, Bà Rịa - Vũng Tàu",Bà Rịa - Vũng Tàu,ba ria vung tau,10.3744292,107.0706677,,0,,4.5,Cultural,Attraction,https://www.google.com/maps/place/Thich+Ca+Phat+Dai+Pagoda/data=!4m7!3m6!1s0x31756fb38ba27c71:0xa395adebef3476f!8m2!3d10.3744292!4d107.0706677!16s%2Fm%2F04184wg!19sChIJcXyii7NvdTERb0fzvt5aOQo?authuser=0&hl=en&rclk=1,https://www.facebook.com/chuahophapthichcaphatdai?locale=vi_VN
attraction00275,Cap Saint-Jacques,cap saint jacques,,"1 Hạ Long, Phường 2, Vũng Tàu, Bà Rịa - Vũng Tàu 790000",Bà Rịa - Vũng Tàu,ba ria vung tau,10.3219444,107.0836111,,0,,4.6,Attraction,Attraction,https://www.google.com/maps/place/Cap+Saint-Jacques/data=!4m7!3m6!1s0x3175656edb10ccc1:0x14ce67568543774b!8m2!3d10.3219444!4d107.0836111!16s%2Fg%2F11tp2sp3bc!19sChIJwcwQ225ldTERS3dDhVZnzhQ?authuser=0&hl=en&rclk=1,
attraction00276,Lighthouse Bunker,lightuse bunker,lake,"83PF+PJH, Hải Đăng, Vũng Tàu, Bà Rịa - Vũng Tàu",Bà Rịa - Vũng Tàu,ba ria vung tau,10.3368131,107.0741044,,0,,4.3,Attraction,Attraction,https://www.google.com/maps/place/Lighthouse+Bunker/data=!4m7!3m6!1s0x31756f8a53fdce69:0xe23818221ed59f1f!8m2!3d10.3368131!4d107.0741044!16s%2Fg%2F11cnqrjs9v!19sChIJac79U4pvdTERH5_VHiIYOOI?authuser=0&hl=en&rclk=1,
attraction00277,Dinh Co Temple,dinh co,temple,"96PM+JMP, Đ. Hai Bà Trưng, TT. Long Hải, Long Điền, Bà Rịa - Vũng Tàu",Bà Rịa - Vũng Tàu,ba ria vung tau,10.3865904,107.2342173,,2027815,₫2027815,4.4,Cultural,Attraction,https://www.google.com/maps/place/Dinh+Co+Temple/data=!4m7!3m6!1s0x317576f3b563887d:0xe6a0c31b9970f296!8m2!3d10.3865904!4d107.2342173!16s%2Fg%2F12qbh7883!19sChIJfYhjtfN2dTERlvJwmRvDoOY?authuser=0&hl=en&rclk=1,
attraction00278,Làng Chài Long Hải,lang chai long hai,,"Đ. Hai Bà Trưng, TT. Long Hải, Long Điền, Bà Rịa - Vũng Tàu 790000",Bà Rịa - Vũng Tàu,ba ria vung tau,10.3891316,107.2317948,0838 678 969 ,0,,4.4,Attraction,Attraction,https://www.google.com/maps/place/L%C3%A0ng+Ch%C3%A0i+Long+H%E1%BA%A3i/data=!4m7!3m6!1s0x317577ffd2ed02d5:0x37bfda1fd35ba353!8m2!3d10.3891316!4d107.2317948!16s%2Fg%2F11pq8lrntw!19sChIJ1QLt0v93dTERU6Nb0x_avzc?authuser=0&hl=en&rclk=1,
attraction00279,Hẻm thông biển 107 Trần Phú,hem tng bien 107 tran phu,lake,"107 Trần Phú, Phường 5, Vũng Tàu, Bà Rịa - Vũng Tàu",Bà Rịa - Vũng Tàu,ba ria vung tau,10.372801,107.0568323,,0,,4.3,Natural,Attraction,https://www.google.com/maps/place/H%E1%BA%BBm+th%C3%B4ng+bi%E1%BB%83n+107+Tr%E1%BA%A7n+Ph%C3%BA/data=!4m7!3m6!1s0x31756fa3f43bf7b1:0x6d5e46179476c534!8m2!3d10.372801!4d107.0568323!16s%2Fg%2F11fv397bj8!19sChIJsfc79KNvdTERNMV2lBdGXm0?authuser=0&hl=en&rclk=1,
attraction00280,Upside Down House,upside down use,lake,"5 Trương Vĩnh Ký, Phường 1, Vũng Tàu, Bà Rịa - Vũng Tàu",Bà Rịa - Vũng Tàu,ba ria vung tau,10.349843,107.0720542,0254 3540 768 ,0,,4.0,Attraction,Attraction,https://www.google.com/maps/place/Upside+Down+House/data=!4m7!3m6!1s0x31756f95531c75a5:0x545bba012f5976d7!8m2!3d10.349843!4d107.0720542!16s%2Fg%2F11c6dxyjlm!19sChIJpXUcU5VvdTER13ZZLwG6W1Q?authuser=0&hl=en&rclk=1,http://www.nhaupnguoc.com/
attraction00281,Chơn Không Monastery,cn kng monastery,lake,"44 Vi Ba, Phường 1, Vũng Tàu, Bà Rịa - Vũng Tàu",Bà Rịa - Vũng Tàu,ba ria vung tau,10.3578021,107.0718218,,0,,4.2,Attraction,Attraction,https://www.google.com/maps/place/Ch%C6%A1n+Kh%C3%B4ng+Monastery/data=!4m7!3m6!1s0x31756fbe758f66db:0x853d0bc55bd2579c!8m2!3d10.3578021!4d107.0718218!16s%2Fg%2F1tfg9qwv!19sChIJ22aPdb5vdTERnFfSW8ULPYU?authuser=0&hl=en&rclk=1,
attraction00282,Whale statue,whale statue,,"29 Thùy Vân, Phường 2, Vũng Tàu, Bà Rịa - Vũng Tàu",Bà Rịa - Vũng Tàu,ba ria vung tau,10.3315892,107.0890799,,0,,4.2,Attraction,Attraction,https://www.google.com/maps/place/Whale+statue/data=!4m7!3m6!1s0x3175655828bc0a0b:0x57637a472e09714f!8m2!3d10.3315892!4d107.0890799!16s%2Fg%2F11c45m70rz!19sChIJCwq8KFhldTERT3EJLkd6Y1c?authuser=0&hl=en&rclk=1,
attraction00283,San Ho Hotel - Back Beach Vung Tau,san ho back beach vung tau,hotel,"02 Lê Hồng Phong ( nối dài, Vũng Tàu, Bà Rịa - Vũng Tàu 790000",Bà Rịa - Vũng Tàu,ba ria vung tau,10.3470998,107.0989964,0918 033 189 ,0,,3.9,Natural,Attraction,https://www.google.com/maps/place/San+Ho+Hotel+-+Back+Beach+Vung+Tau/data=!4m7!3m6!1s0x31756fe4693646fd:0xf0a8171d12554701!8m2!3d10.3470998!4d107.0989964!16s%2Fg%2F11f4pjyl5x!19sChIJ_UY2aeRvdTERAUdVEh0XqPA?authuser=0&hl=en&rclk=1,https://www.tiktok.com/tiktokstudio/content
attraction00284,Cây Phượng 2 Màu Vũng Tàu,cay phuong 2 mau vung tau,,"151 Thùy Vân, Phường Thắng Tam, Vũng Tàu, Bà Rịa - Vũng Tàu",Bà Rịa - Vũng Tàu,ba ria vung tau,10.3390345,107.0917681,,0,,4.3,Attraction,Attraction,https://www.google.com/maps/place/C%C3%A2y+Ph%C6%B0%E1%BB%A3ng+2+M%C3%A0u+V%C5%A9ng+T%C3%A0u/data=!4m7!3m6!1s0x31756f7a5c782533:0xd7e2a2b33a7c8319!8m2!3d10.3390345!4d107.0917681!16s%2Fg%2F11qb8672zm!19sChIJMyV4XHpvdTERGYN8OrOi4tc?authuser=0&hl=en&rclk=1,
attraction00285,Suối Tiên - Núi Dinh,suoi tien dinh,mountain,"G4FH+WGM, Tân Hoà, Tân Thành, Bà Rịa - Vũng Tàu",Bà Rịa - Vũng Tàu,ba ria vung tau,10.5245908,107.1293515,,0,,4.2,Natural,Attraction,https://www.google.com/maps/place/Su%E1%BB%91i+Ti%C3%AAn+-+N%C3%BAi+Dinh/data=!4m7!3m6!1s0x31750d002edf3b29:0x9a28b143360ec6fb!8m2!3d10.5245908!4d107.1293515!16s%2Fg%2F11y26cr04n!19sChIJKTvfLgANdTER-8YONkOxKJo?authuser=0&hl=en&rclk=1,
attraction00286,Bát Nhã,bat nha,,"H3RF+867, Đường Tôn Thất Tùng, TT. Phú Mỹ, Tân Thành, Bà Rịa - Vũng Tàu",Bà Rịa - Vũng Tàu,ba ria vung tau,10.5907956,107.0730437,0989 249 944 ,0,,4.6,Attraction,Attraction,https://www.google.com/maps/place/B%C3%A1t+Nh%C3%A3/data=!4m7!3m6!1s0x3175122123620329:0x4d23048aa4502bb!8m2!3d10.5907956!4d107.0730437!16s%2Fg%2F113g8rchs!19sChIJKQNiIyESdTERuwJFqkgw0gQ?authuser=0&hl=en&rclk=1,https://www.facebook.com/ChonTotThich?mibextid=LQQJ4d
attraction00287,Bạch Dinh,bach dinh,beach,"6 Trần Phú, Phường 1, Vũng Tàu, Bà Rịa - Vũng Tàu",Bà Rịa - Vũng Tàu,ba ria vung tau,10.3507728,107.0686458,,0,,4.7,Attraction,Attraction,https://www.google.com/maps/place/B%E1%BA%A1ch+Dinh/data=!4m7!3m6!1s0x31756f0059e18389:0x7846a65c55dcaed4!8m2!3d10.3507728!4d107.0686458!16s%2Fg%2F11wc5wdcgw!19sChIJiYPhWQBvdTER1K7cVVymRng?authuser=0&hl=en&rclk=1,
attraction00288,Thiền Tôn Phật Quang,thien ton phat quang,,"núi Dinh, thôn Chu Hải, Phú Mỹ, Bà Rịa - Vũng Tàu",Bà Rịa - Vũng Tàu,ba ria vung tau,10.5238528,107.1261198,0969 989 396 ,0,,4.7,Attraction,Attraction,https://www.google.com/maps/place/Thi%E1%BB%81n+T%C3%B4n+Ph%E1%BA%ADt+Quang/data=!4m7!3m6!1s0x31750d3a1445537d:0x76e96faffcd2e670!8m2!3d10.5238528!4d107.1261198!16s%2Fg%2F1ptvx0x9f!19sChIJfVNFFDoNdTERcObS_K9v6XY?authuser=0&hl=en&rclk=1,http://thientonphatquang.com/
attraction00289,Cánh đồng An Nhứt,canh dong an nhut,,"F7M2+QV, An Nhứt, Long Điền, Bà Rịa - Vũng Tàu",Bà Rịa - Vũng Tàu,ba ria vung tau,10.4844271,107.2522044,,0,,4.7,Attraction,Attraction,https://www.google.com/maps/place/C%C3%A1nh+%C4%91%E1%BB%93ng+An+Nh%E1%BB%A9t/data=!4m7!3m6!1s0x3175750022d76dbb:0x25f2ae65eefb8da4!8m2!3d10.4844271!4d107.2522044!16s%2Fg%2F11y9qqp6vs!19sChIJu23XIgB1dTERpI377mWu8iU?authuser=0&hl=en&rclk=1,
attraction00290,Đình Thắng Tam,dinh thang tam,,"5 Xô Viết Nghệ Tĩnh, Phường Thắng Tam, Vũng Tàu, Bà Rịa - Vũng Tàu 78210",Bà Rịa - Vũng Tàu,ba ria vung tau,10.3402136,107.0830448,,1090908,₫1090908,4.3,Attraction,Attraction,https://www.google.com/maps/place/%C4%90%C3%ACnh+Th%E1%BA%AFng+Tam/data=!4m7!3m6!1s0x31756ff3e38a7815:0x33d4cb4441b4e3b4!8m2!3d10.3402136!4d107.0830448!16s%2Fg%2F1tyytm8f!19sChIJFXiK4_NvdTERtOO0QUTL1DM?authuser=0&hl=en&rclk=1,
attraction00291,Bãi Biển Dinh Cô,dinh co,beach,"36 Đ. Hai Bà Trưng, TT. Long Hải, Long Điền, Bà Rịa - Vũng Tàu 790000",Bà Rịa - Vũng Tàu,ba ria vung tau,10.3868306,107.2330665,,0,,4.1,Natural,Attraction,https://www.google.com/maps/place/B%C3%A3i+Bi%E1%BB%83n+Dinh+C%C3%B4/data=!4m7!3m6!1s0x317577eb6a15fbe5:0xf9000871f4b8ca9e!8m2!3d10.3868306!4d107.2330665!16s%2Fg%2F11mx9zg35w!19sChIJ5fsVaut3dTERnsq49HEIAPk?authuser=0&hl=en&rclk=1,
attraction00292,Đỉnh núi Thị Vải,dinh thi vai,mountain,"H3PV+X89, TT. Phú Mỹ, Tân Thành, Bà Rịa - Vũng Tàu",Bà Rịa - Vũng Tàu,ba ria vung tau,10.5874064,107.0933664,,0,,4.8,Natural,Attraction,https://www.google.com/maps/place/%C4%90%E1%BB%89nh+n%C3%BAi+Th%E1%BB%8B+V%E1%BA%A3i/data=!4m7!3m6!1s0x317513abec1832db:0xb8ef80a6421d9c25!8m2!3d10.5874064!4d107.0933664!16s%2Fg%2F11h_vsh9fl!19sChIJ2zIY7KsTdTERJZwdQqaA77g?authuser=0&hl=en&rclk=1,
attraction00293,Biển Sông Lô Suối Ồ,bien song lo suoi o,,"HGHQ+MFM, Bình Châu, Xuyên Mộc, Bà Rịa - Vũng Tàu",Bà Rịa - Vũng Tàu,ba ria vung tau,10.5675731,107.5662211,,0,,3.5,Natural,Attraction,https://www.google.com/maps/place/Bi%E1%BB%83n+S%C3%B4ng+L%C3%B4+Su%E1%BB%91i+%E1%BB%92/data=!4m7!3m6!1s0x3175bbf8a2df16dd:0x7252e858f5f89618!8m2!3d10.5675731!4d107.5662211!16s%2Fg%2F11hbg8cfy9!19sChIJ3Rbfovi7dTERGJb49VjoUnI?authuser=0&hl=en&rclk=1,
attraction00294,Vũng Tàu,vung tau,,,,,10.4113797,107.136224,,0,,,Attraction,Attraction,https://www.google.com/maps/place/V%C5%A9ng+T%C3%A0u/data=!4m7!3m6!1s0x31756fd4554f0cf5:0xb24fd23bf641fa40!8m2!3d10.4113797!4d107.136224!16zL20vMDNxanNm!19sChIJ9QxPVdRvdTERQPpB9jvST7I?authuser=0&hl=en&rclk=1,
attraction00295,Three Jewels Pagoda,three jewels,pagoda,"9348+3V2, Phường 1, Vũng Tàu, Bà Rịa - Vũng Tàu",Bà Rịa - Vũng Tàu,ba ria vung tau,10.3551365,107.0671507,,0,,4.3,Cultural,Attraction,https://www.google.com/maps/place/Three+Jewels+Pagoda/data=!4m7!3m6!1s0x31756ffb4d523f97:0x119809f7e51f10ce!8m2!3d10.3551365!4d107.0671507!16s%2Fg%2F11g03zgs65!19sChIJlz9STftvdTERzhAf5fcJmBE?authuser=0&hl=en&rclk=1,
attraction00296,Ba Ria Green Stone Lake,ba ria green stone,lake,"G45W+FV5, Unnamed Road, Tân Thành, Bà Rịa - Vũng Tàu",Bà Rịa - Vũng Tàu,ba ria vung tau,10.5086427,107.1472241,,0,,4.1,Natural,Attraction,https://www.google.com/maps/place/Ba+Ria+Green+Stone+Lake/data=!4m7!3m6!1s0x31750d5a4a7c558b:0xb148b65dbf38d6f!8m2!3d10.5086427!4d107.1472241!16s%2Fg%2F11mqxf2xms!19sChIJi1V8SloNdTERb43z22WLFAs?authuser=0&hl=en&rclk=1,
attraction00297,Đảo Ngọc Vũng Tàu,ngoc vung tau,island,"Bãi Ngựa, Vũng Tàu, Bà Rịa - Vũng Tàu",Bà Rịa - Vũng Tàu,ba ria vung tau,10.4090881,107.1027721,0941 666 966 ,0,,3.6,Attraction,Attraction,https://www.google.com/maps/place/%C4%90%E1%BA%A3o+Ng%E1%BB%8Dc+V%C5%A9ng+T%C3%A0u/data=!4m7!3m6!1s0x31757176d52061f9:0xaf251b3e7c4496d6!8m2!3d10.4090881!4d107.1027721!16s%2Fg%2F11ghpl_88d!19sChIJ-WEg1XZxdTER1pZEfD4bJa8?authuser=0&hl=en&rclk=1,http://vungtaumarina.com/
attraction00298,Crazy House - Hang Nga Villa,crazy house hang nga,hotel,"03 Đ. Huỳnh Thúc Kháng, Phường 4, Đà Lạt, Lâm Đồng 66115",Đà Lạt,da lat,11.9347331,108.4308805,0263 3822 070 ,80000,₫80000,4.3,Attraction,Attraction,https://www.google.com/maps/place/Crazy+House+-+Hang+Nga+Villa/data=!4m7!3m6!1s0x317113331aee38a5:0x3f766cbad7773c86!8m2!3d11.9347331!4d108.4308805!16s%2Fm%2F0bbvkrv!19sChIJpTjuGjMTcTERhjx317psdj8?authuser=0&hl=en&rclk=1,http://crazyhouse.vn/
attraction00299,Dalat Eiffel Tower,dalat eiffel,tower,"8 Đ. Trần Phú, Phường 3, Đà Lạt, Lâm Đồng",Đà Lạt,da lat,11.937314,108.438459,,0,,4.3,Attraction,Attraction,https://www.google.com/maps/place/Dalat+Eiffel+Tower/data=!4m7!3m6!1s0x317113b5abedf76d:0x5ddebb9e19ca2f2c!8m2!3d11.937314!4d108.438459!16s%2Fg%2F11j0d86k9x!19sChIJbfftq7UTcTERLC_KGZ673l0?authuser=0&hl=en&rclk=1,
attraction00300,Dalat City Flower Garden,dalat city flower gar,temple,"02 Đ. Trần Nhân Tông, Phường 8, Đà Lạt, Lâm Đồng",Đà Lạt,da lat,11.9502479,108.4498289,0263 3837 771 ,100000,₫100000,4.2,Attraction,Attraction,https://www.google.com/maps/place/Dalat+City+Flower+Garden/data=!4m7!3m6!1s0x317113cc83ae4a67:0x62a76426d1126ed2!8m2!3d11.9502479!4d108.4498289!16s%2Fg%2F122vlw65!19sChIJZ0qug8wTcTER0m4S0SZkp2I?authuser=0&hl=en&rclk=1,https://vuonhoathanhphodalat.com.vn/
attraction00301,Bao Dai Palace 3,bao dai palace 3,,"1 Đường Triệu Việt Vương, Phường 4, Đà Lạt, Lâm Đồng",Đà Lạt,da lat,11.9299576,108.4296378,,0,,4.2,Attraction,Attraction,https://www.google.com/maps/place/Bao+Dai+Palace+3/data=!4m7!3m6!1s0x317113353ac6af0f:0xdaa1ac573fa04a4f!8m2!3d11.9299576!4d108.4296378!16s%2Fg%2F1229l3mq!19sChIJD6_GOjUTcTERT0qgP1esodo?authuser=0&hl=en&rclk=1,
attraction00302,High Rope Course & Zipline ( 1000m ),high rope course zipline 1000m,,"Đèo Prenn, Phường 3, Đà Lạt, Lâm Đồng",Đà Lạt,da lat,11.9036336,108.4491948,0263 3822 021 ,0,,3.9,Attraction,Attraction,https://www.google.com/maps/place/High+Rope+Course+%26+Zipline+%28+1000m+%29/data=!4m7!3m6!1s0x317115acddaf614b:0x2d95748044598813!8m2!3d11.9036336!4d108.4491948!16s%2Fg%2F11sjhf36f9!19sChIJS2Gv3awVcTERE4hZRIB0lS0?authuser=0&hl=en&rclk=1,
attraction00303,Sculpture Tunnel,sculpture tunnel,,"Phường 4, Dalat, Lam Dong 66000",Lam Dong,lam dong,11.8825052,108.4115694,0338 985 899 ,36223200,₫36223200,4.2,Attraction,Attraction,https://www.google.com/maps/place/Sculpture+Tunnel/data=!4m7!3m6!1s0x31716b38c34667bf:0x3d987ff049b1b859!8m2!3d11.8825052!4d108.4115694!16s%2Fg%2F11b60s6wct!19sChIJv2dGwzhrcTERWbixSfB_mD0?authuser=0&hl=en&rclk=1,
attraction00304,Prenn waterfall,prenn,waterfall,"VFHC+385, Phường 3, Đà Lạt, Lâm Đồng",Đà Lạt,da lat,11.8769509,108.4707101,0944 391 616 ,0,,3.7,Natural,Attraction,https://www.google.com/maps/place/Prenn+waterfall/data=!4m7!3m6!1s0x317115253d4e1fd1:0xebb00b8b120ac8c3!8m2!3d11.8769509!4d108.4707101!16s%2Fg%2F11t1g082my!19sChIJ0R9OPSUVcTERw8gKEosLsOs?authuser=0&hl=en&rclk=1,
attraction00305,Lâm Viên Square,lam vien,square,"Đ. Trần Quốc Toản, Phường 1, Đà Lạt, Lâm Đồng",Đà Lạt,da lat,11.9393622,108.445203,,8307117,₫8307117,4.5,Attraction,Attraction,https://www.google.com/maps/place/L%C3%A2m+Vi%C3%AAn+Square/data=!4m7!3m6!1s0x31711324a3fe0629:0x66eb8ed37afe5989!8m2!3d11.9393622!4d108.445203!16s%2Fg%2F11f2sw5q3l!19sChIJKQb-oyQTcTERiVn-etOO62Y?authuser=0&hl=en&rclk=1,https://hoadalattravel.vn/quang-truong-lam-vien-da-lat/
attraction00306,The Florest - Hoa Trong Rừng,the florest a trong rung,lake,"Thôn 4, Da Lat, Lam Dong",Lam Dong,lam dong,11.9039342,108.3674764,0986 757 906 ,130000,₫130000,4.4,Attraction,Attraction,https://www.google.com/maps/place/The+Florest+-+Hoa+Trong+R%E1%BB%ABng/data=!4m7!3m6!1s0x317113b05d1d5711:0xb329dc5d86cc91ad!8m2!3d11.9039342!4d108.3674764!16s%2Fg%2F11sf9shlnx!19sChIJEVcdXbATcTERrZHMhl3cKbM?authuser=0&hl=en&rclk=1,http://theflorest.com.vn/
attraction00307,Dalat Cable Car Tourist Area,dalat cable car tourist area,,"WCFV+5HC Đồi Robin, Phường 3, Đà Lạt, Lâm Đồng 66116",Đà Lạt,da lat,11.9232151,108.4437784,0966 984 212 ,970000,₫970000,4.4,Attraction,Attraction,https://www.google.com/maps/place/Dalat+Cable+Car+Tourist+Area/data=!4m7!3m6!1s0x31711347082ec713:0xbc862021c38b4507!8m2!3d11.9232151!4d108.4437784!16s%2Fg%2F1tfcw8_6!19sChIJE8cuCEcTcTERB0WLwyEghrw?authuser=0&hl=en&rclk=1,https://www.dalattourist.com.vn/
attraction00308,Cau Dat,dat,bridge,"Unnamed, Road, Đà Lạt, Lâm Đồng",Đà Lạt,da lat,11.891738,108.56541,,99000,₫99000,4.7,Attraction,Attraction,https://www.google.com/maps/place/Cau+Dat/data=!4m7!3m6!1s0x3171174abf405701:0x4056ac32d7fdab2f!8m2!3d11.891738!4d108.56541!16s%2Fg%2F11jccs_bxf!19sChIJAVdAv0oXcTERL6v91zKsVkA?authuser=0&hl=en&rclk=1,
attraction00309,Hydrangea Field,hydrangea field,,"Xã, Tp. Đà Lạt, Lâm Đồng",Đà Lạt,da lat,11.9466931,108.5135145,,0,,4.2,Attraction,Attraction,https://www.google.com/maps/place/Hydrangea+Field/data=!4m7!3m6!1s0x3171122d005ba3d5:0x6f9dbe8217c3b3e0!8m2!3d11.9466931!4d108.5135145!16s%2Fg%2F11dxqdl5_c!19sChIJ1aNbAC0ScTER4LPDF4K-nW8?authuser=0&hl=en&rclk=1,
attraction00310,KDL Sinh Thái Cao Nguyên Hoa Đà Lạt,kdl sinh thai cao nguyen a da lat,lake,"Đèo, Tiểu khu 158, Đà Lạt, Lâm Đồng",Đà Lạt,da lat,11.9266145,108.3712692,0983 855 556 ,0,,4.4,Attraction,Attraction,https://www.google.com/maps/place/KDL+Sinh+Th%C3%A1i+Cao+Nguy%C3%AAn+Hoa+%C4%90%C3%A0+L%E1%BA%A1t/data=!4m7!3m6!1s0x31716dcb980c42cb:0x1e8cb534cf573814!8m2!3d11.9266145!4d108.3712692!16s%2Fg%2F11nwb4cn0p!19sChIJy0IMmMttcTERFDhXzzS1jB4?authuser=0&hl=en&rclk=1,https://www.facebook.com/KDLSinhThaiCaoNguyenHoaDaLat/
attraction00311,Bidoup Nui Ba National Park,bidoup ba national park,mountain,"Tiểu khu 97, Lạc Dương District, Lam Dong",Lam Dong,lam dong,12.1336783,108.5335218,0918 947 792 ,2606175,₫2606175,4.6,Natural,Attraction,https://www.google.com/maps/place/Bidoup+Nui+Ba+National+Park/data=!4m7!3m6!1s0x3171098e0fb3187f:0xb6e6105c4aa122e7!8m2!3d12.1336783!4d108.5335218!16s%2Fm%2F0bm9t8w!19sChIJfxizD44JcTER5yKhSlwQ5rY?authuser=0&hl=en&rclk=1,http://bidouptour.com/
attraction00312,Cầu La Bá,la ba,bridge,"XH28+97C, Xuân Thọ, Đà Lạt, Lâm Đồng",Đà Lạt,da lat,11.9509395,108.5656476,,0,,4.7,Attraction,Attraction,https://www.google.com/maps/place/C%E1%BA%A7u+La+B%C3%A1/data=!4m7!3m6!1s0x317111ad8d0aefef:0xf03bffa3004a5c53!8m2!3d11.9509395!4d108.5656476!16s%2Fg%2F11hcj0jpgf!19sChIJ7-8Kja0RcTERU1xKAKP_O_A?authuser=0&hl=en&rclk=1,
attraction00313,Linh Sơn Pagoda,linh son,pagoda,"120 Nguyễn Văn Trỗi, Phường 2, Đà Lạt, Lâm Đồng",Đà Lạt,da lat,11.9502832,108.4368776,,0,,4.5,Cultural,Attraction,https://www.google.com/maps/place/Linh+S%C6%A1n+Pagoda/data=!4m7!3m6!1s0x317112d7ca5e07f1:0x23d4abb0941400c1!8m2!3d11.9502832!4d108.4368776!16s%2Fm%2F03qhsvf!19sChIJ8QdeytcScTERwQAUlLCr1CM?authuser=0&hl=en&rclk=1,
attraction00314,Đỉnh Pinhatt (Samson Mountain),dinh pinhatt samson,mountain,"VCHJ+R2, Phường 4, Đà Lạt, Lâm Đồng",Đà Lạt,da lat,11.879522,108.4300265,0785 098 486 ,2895750,₫2895750,4.5,Natural,Attraction,https://www.google.com/maps/place/%C4%90%E1%BB%89nh+Pinhatt+%28Samson+Mountain%29/data=!4m7!3m6!1s0x317115cc428b4b61:0xddb8a7a75578eb52!8m2!3d11.879522!4d108.4300265!16s%2Fg%2F11kbx8k9jf!19sChIJYUuLQswVcTERUut4VaenuN0?authuser=0&hl=en&rclk=1,
attraction00315,XQ Đà Lạt Sử Quán - XQ Việt Nam - XQ Dalat Historical Village - XQ Vietnam,xq da lat su quan xq viet nam xq dalat historical ge xq vietnam,hotel,"80A Đường Mai Anh Đào, Phường 8, Đà Lạt, Lâm Đồng",Đà Lạt,da lat,11.9773187,108.4477357,0263 3831 343 ,0,,4.4,Attraction,Attraction,https://www.google.com/maps/place/XQ+%C4%90%C3%A0+L%E1%BA%A1t+S%E1%BB%AD+Qu%C3%A1n+-+XQ+Vi%E1%BB%87t+Nam+-+XQ+Dalat+Historical+Village+-+XQ+Vietnam/data=!4m7!3m6!1s0x317112bc3652da5d:0xa20c32133205d72c!8m2!3d11.9773187!4d108.4477357!16s%2Fg%2F1q5blwszz!19sChIJXdpSNrwScTERLNcFMhMyDKI?authuser=0&hl=en&rclk=1,http://xqvietnam.com/
attraction00316,Domaine de Marie,domaine de marie,temple,"1 Ngô Quyền, Phường 6, Đà Lạt, Lâm Đồng",Đà Lạt,da lat,11.9496557,108.4302407,,1579500,₫1579500,4.6,Attraction,Attraction,https://www.google.com/maps/place/Domaine+de+Marie/data=!4m7!3m6!1s0x317112d563be84f7:0x92b37de0895f4fe7!8m2!3d11.9496557!4d108.4302407!16s%2Fg%2F1215vyrr!19sChIJ94S-Y9UScTER509fieB9s5I?authuser=0&hl=en&rclk=1,
attraction00317,Linh Phước Temple,linh phuoc,temple,"WFR5+57X, 120 Tự Phước, Phường 11, Đà Lạt, Lâm Đồng 550000",Đà Lạt,da lat,11.9446332,108.4993224,,601790,₫601790,4.6,Cultural,Attraction,https://www.google.com/maps/place/Linh+Ph%C6%B0%E1%BB%9Bc+Temple/data=!4m7!3m6!1s0x3171131bc5c884db:0x208932023afedf1b!8m2!3d11.9446332!4d108.4993224!16s%2Fg%2F120_98hg!19sChIJ24TIxRsTcTERG9_-OgIyiSA?authuser=0&hl=en&rclk=1,
attraction00318,Delight Park Dalat,delight dalat,park,"113 Hồ Xuân Hương, Ward 9, Đà Lạt, Lâm Đồng",Đà Lạt,da lat,11.9582632,108.4744012,,0,,4.5,Natural,Attraction,https://www.google.com/maps/place/Delight+Park+Dalat/data=!4m7!3m6!1s0x317113d56bc9cb83:0xc773b8352053e5e4!8m2!3d11.9582632!4d108.4744012!16s%2Fg%2F11lzt5jvbf!19sChIJg8vJa9UTcTER5OVTIDW4c8c?authuser=0&hl=en&rclk=1,https://delightparkdalat.com/
attraction00319,Pine Track Adventures,pine track adventures,,"109 Nguyễn Văn Trỗi, Phường 2, Đà Lạt, Lâm Đồng",Đà Lạt,da lat,11.9492985,108.4369601,0918 362 058 ,0,,4.8,Attraction,Attraction,https://www.google.com/maps/place/Pine+Track+Adventures/data=!4m7!3m6!1s0x31711329460049af:0x4c8422d5592589a0!8m2!3d11.9492985!4d108.4369601!16s%2Fg%2F11h17m81z!19sChIJr0kARikTcTERoIklWdUihEw?authuser=0&hl=en&rclk=1,http://www.pinetrackadventures.com/
attraction00320,Dalat Adventure Tours,dalat adventure tours,,"224/1 Yersin, Phường 9, Đà Lạt, Lâm Đồng",Đà Lạt,da lat,11.949451,108.4559828,0984 837 128 ,0,,4.9,Attraction,Attraction,https://www.google.com/maps/place/Dalat+Adventure+Tours/data=!4m7!3m6!1s0x3171132eb5e51efd:0x59b89558ad832888!8m2!3d11.949451!4d108.4559828!16s%2Fg%2F11c5fyxbf9!19sChIJ_R7ltS4TcTERiCiDrViVuFk?authuser=0&hl=en&rclk=1,http://adventuredalat.com/
attraction00321,Dalat Atv Tours & Dirt Bikes,dalat atv tours dirt bikes,,"250 Ankroet, Phường 7, Đà Lạt, Lâm Đồng 650000",Đà Lạt,da lat,11.9909516,108.3832458,0964 469 065 ,0,,4.9,Attraction,Attraction,https://www.google.com/maps/place/Dalat+Atv+Tours+%26+Dirt+Bikes/data=!4m7!3m6!1s0x31716d5a072c66e9:0xc4f72cc00f448d45!8m2!3d11.9909516!4d108.3832458!16s%2Fg%2F11vd3khthz!19sChIJ6WYsB1ptcTERRY1ED8As98Q?authuser=0&hl=en&rclk=1,https://dalatatvtours.com/
attraction00322,Lumiere Da Lat - Light Garden,lumiere da lat light gar,temple,"222B Đường Mai Anh Đào, Phường 8, Đà Lạt, Lâm Đồng",Đà Lạt,da lat,11.976118,108.4438341,0389 069 966 ,150000,₫150000,4.3,Attraction,Attraction,https://www.google.com/maps/place/Lumiere+Da+Lat+-+Light+Garden/data=!4m7!3m6!1s0x317113b3b984db37:0x500d19dbe9c05170!8m2!3d11.976118!4d108.4438341!16s%2Fg%2F11j07kyxxc!19sChIJN9uEubMTcTERcFHA6dsZDVA?authuser=0&hl=en&rclk=1,https://www.vuonanhsang.com/
attraction00323,Ajisai Glamping,ajisai glamping,,"VCMP+QJ, Phường 4, Đà Lạt, Lâm Đồng",Đà Lạt,da lat,11.8841933,108.4364185,0978 741 038 ,0,,4.9,Attraction,Attraction,https://www.google.com/maps/place/Ajisai+Glamping/data=!4m7!3m6!1s0x317115b828e86177:0xb0c89327c49c8d87!8m2!3d11.8841933!4d108.4364185!16s%2Fg%2F11l2043qr6!19sChIJd2HoKLgVcTERh42cxCeTyLA?authuser=0&hl=en&rclk=1,
attraction00324,Amikaje Farm - Glamping & BBQ,amikaje farm glamping bbq,,"Hẻm D41 An Sơn, Phường 4, Đà Lạt, Lâm Đồng 670000",Đà Lạt,da lat,11.9169499,108.4233643,0977 886 871 ,0,,4.8,Attraction,Attraction,https://www.google.com/maps/place/Amikaje+Farm+-+Glamping+%26+BBQ/data=!4m7!3m6!1s0x31716d9297741e0f:0x3ea09c420bbdb25b!8m2!3d11.9169499!4d108.4233643!16s%2Fg%2F11q83ytnkg!19sChIJDx50l5JtcTERW7K9C0KcoD4?authuser=0&hl=en&rclk=1,https://youtube.com/@Amikaje?si=wQqxuW0LdGZHzYO3
attraction00325,Biofresh Farm,biofresh farm,,"151B Ngô Gia Tự, Phường 12, Đà Lạt, Lâm Đồng",Đà Lạt,da lat,11.9916696,108.482073,0974 075 000 ,0,,4.2,Attraction,Attraction,https://www.google.com/maps/place/Biofresh+Farm/data=!4m7!3m6!1s0x31711352fbe0693b:0x23b5f0df3c9f0782!8m2!3d11.9916696!4d108.482073!16s%2Fg%2F11fm31ggrm!19sChIJO2ng-1ITcTERggefPN_wtSM?authuser=0&hl=en&rclk=1,http://biofresh.vn/
attraction00326,Da Phu hill,da phu hill,island,"Phường 7, Da Lat, Lam Dong 670000",Lam Dong,lam dong,11.9820625,108.4038125,,0,,4.5,Attraction,Attraction,https://www.google.com/maps/place/Da+Phu+hill/data=!4m7!3m6!1s0x31716dd936f3374d:0x273b69e7fc5479a2!8m2!3d11.9820625!4d108.4038125!16s%2Fg%2F11sgj3lp2x!19sChIJTTfzNtltcTERonlU_OdpOyc?authuser=0&hl=en&rclk=1,
attraction00327,KDL Thác Prenn,kdl prenn,waterfall,"Cầu chân đèo Prenn, Phường 3, Đà Lạt, Lâm Đồng",Đà Lạt,da lat,11.8772111,108.4705572,0949 753 587 ,0,,4.1,Attraction,Attraction,https://www.google.com/maps/place/KDL+Th%C3%A1c+Prenn/data=!4m7!3m6!1s0x317113cc92728e09:0xb0ec988d2668665!8m2!3d11.8772111!4d108.4705572!16s%2Fg%2F11fm4yr0h_!19sChIJCY5ykswTcTERZYZm0ojJDgs?authuser=0&hl=en&rclk=1,
attraction00328,Da Lat Canyoning - Viet Action Tours,da lat canyoning viet action tours,island,"55 Phan Đình Giót, Phường 6, Đà Lạt, Lâm Đồng 67000",Đà Lạt,da lat,11.9546218,108.4269943,0918 924 302 ,0,,4.8,Attraction,Attraction,https://www.google.com/maps/place/Da+Lat+Canyoning+-+Viet+Action+Tours/data=!4m7!3m6!1s0x3171132605091175:0xbe7220d8c5e42be5!8m2!3d11.9546218!4d108.4269943!16s%2Fg%2F11g6mtls17!19sChIJdREJBSYTcTER5Svkxdggcr4?authuser=0&hl=en&rclk=1,http://www.vietaction.com/
attraction00329,Vietnam Easy Rider | Da Lat Motorbike Tours | Extraordinary Journeys,vietnam easy rider da lat motorbike tours extraordinary journeys,island,"02/A1 - 12A Đường Triệu Việt Vương, Phường 3, Đà Lạt, Lâm Đồng",Đà Lạt,da lat,11.9201399,108.4364751,0772 219 890 ,0,,5.0,Attraction,Attraction,https://www.google.com/maps/place/Vietnam+Easy+Rider+%7C+Da+Lat+Motorbike+Tours+%7C+Extraordinary+Journeys/data=!4m7!3m6!1s0x3171130041c1d6b1:0xe9913d072e965342!8m2!3d11.9201399!4d108.4364751!16s%2Fg%2F11w_ghbg63!19sChIJsdbBQQATcTERQlOWLgc9kek?authuser=0&hl=en&rclk=1,https://vietnameasyrider.net/
attraction00330,Viet Challenge Tours,viet challenge tours,,"38 Đường Tăng Bạt Hổ, Phường 1, Đà Lạt, Lâm Đồng 67000",Đà Lạt,da lat,11.9443308,108.434881,0915 594 659 ,0,,4.8,Attraction,Attraction,https://www.google.com/maps/place/Viet+Challenge+Tours/data=!4m7!3m6!1s0x3171132eb48d379d:0x50e2737685751f5c!8m2!3d11.9443308!4d108.434881!16s%2Fg%2F11b67t6y__!19sChIJnTeNtC4TcTERXB91hXZz4lA?authuser=0&hl=en&rclk=1,http://vietchallenge.com/
attraction00331,Canyoning Dalat Tours,canyoning dalat tours,,"6A Đường Trần Khánh Dư, Phường 8, Đà Lạt, Lâm Đồng",Đà Lạt,da lat,11.9578048,108.4409798,0989 666 567 ,0,,4.5,Attraction,Attraction,https://www.google.com/maps/place/Canyoning+Dalat+Tours/data=!4m7!3m6!1s0x3171132eb4df7d71:0x6d6a87f6526a6ad9!8m2!3d11.9578048!4d108.4409798!16s%2Fg%2F11c1sk0782!19sChIJcX3ftC4TcTER2WpqUvaHam0?authuser=0&hl=en&rclk=1,http://dalat-canyoning.com/
attraction00332,Cam Ly Parish Church,cam ly parish,church,"11 Đường Nguyễn Khuyến, Phường 5, Đà Lạt, Lâm Đồng 66000",Đà Lạt,da lat,11.9437965,108.4220433,,368550,₫368550,4.6,Cultural,Attraction,https://www.google.com/maps/place/Cam+Ly+Parish+Church/data=!4m7!3m6!1s0x31716cd3e112cd97:0x93fee45aa30cad50!8m2!3d11.9437965!4d108.4220433!16s%2Fg%2F122qmlx1!19sChIJl80S4dNscTERUK0Mo1rk_pM?authuser=0&hl=en&rclk=1,
attraction00333,Highland Adventure Travel Da Lat Canyoning Tour,highland adventure travel da lat canyoning tour,island,"B15 Đường Nguyễn Trung Trực, Phường 3, Đà Lạt, Lâm Đồng 66000",Đà Lạt,da lat,11.9302781,108.4362176,0972 536 361 ,0,,5.0,Attraction,Attraction,https://www.google.com/maps/place/Highland+Adventure+Travel+Da+Lat+Canyoning+Tour/data=!4m7!3m6!1s0x317113c93a01dd91:0xce7d9a491dd69f3f!8m2!3d11.9302781!4d108.4362176!16s%2Fg%2F11rmn_klyk!19sChIJkd0BOskTcTERP5_WHUmafc4?authuser=0&hl=en&rclk=1,https://highlandadventuretravel.com/tour/dalat-canyoning-15.html
attraction00334,Dalat Family Hostel,dalat family,homestay,"3/4 Ngô Quyền, st, Ward 6, Lâm Đồng 670000",Lâm Đồng,lam dong,11.9528654,108.4289032,0263 3608 086 ,0,,4.3,Attraction,Attraction,https://www.google.com/maps/place/Dalat+Family+Hostel/data=!4m7!3m6!1s0x317112d7ab71d7c5:0x541d129410ecc767!8m2!3d11.9528654!4d108.4289032!16s%2Fg%2F12vsp72fy!19sChIJxddxq9cScTERZ8fsEJQSHVQ?authuser=0&hl=en&rclk=1,
attraction00335,Dalat Day Tour,dalat day tour,,"75a/2, Đ. Hùng Vương, Phường 11, Đà Lạt, Lâm Đồng 670000",Đà Lạt,da lat,11.9491572,108.474307,0944 039 091 ,0,,5.0,Attraction,Attraction,https://www.google.com/maps/place/Dalat+Day+Tour/data=!4m7!3m6!1s0x317112ff9b55d301:0x64b976f5eb2faaeb!8m2!3d11.9491572!4d108.474307!16s%2Fg%2F11gbzcf0gf!19sChIJAdNVm_8ScTER66ov6_V2uWQ?authuser=0&hl=en&rclk=1,http://dalatdaytours.com/
attraction00336,Dalat Food Tour Adventure- Taste of Dalat,dalat tour adventure taste of dalat,restaurant,"hẻm 1 Đ. Trần Phú, street, Đà Lạt, Lâm Đồng",Đà Lạt,da lat,11.9365486,108.4400443,0987 639 053 ,0,,4.9,Attraction,Attraction,https://www.google.com/maps/place/Dalat+Food+Tour+Adventure-+Taste+of+Dalat/data=!4m7!3m6!1s0x31711331f64e5bfd:0xfa697efb3fc5ff2e!8m2!3d11.9365486!4d108.4400443!16s%2Fg%2F11b9067cwz!19sChIJ_VtO9jETcTERLv_FP_t-afo?authuser=0&hl=en&rclk=1,http://tasteofdalat.com/
attraction00337,Highland Holiday Tours,highland liday tours,lake,"59 Nguyễn Hữu Cảnh, Phường 8, Đà Lạt, Lâm Đồng",Đà Lạt,da lat,11.9677325,108.4399097,0982 266 123 ,0,,5.0,Attraction,Attraction,https://www.google.com/maps/place/Highland+Holiday+Tours/data=!4m7!3m6!1s0x317113294ca0f59d:0xd16701ce278b2b92!8m2!3d11.9677325!4d108.4399097!16s%2Fg%2F1tf72_zd!19sChIJnfWgTCkTcTERkiuLJ84BZ9E?authuser=0&hl=en&rclk=1,http://www.highlandholidaytours.com.vn/
attraction00338,Groovy Gecko Tours,groovy gecko tours,,"33 Ba Tháng Tư, Phường 3, Đà Lạt, Lâm Đồng",Đà Lạt,da lat,11.9310779,108.4451807,0263 3836 521 ,0,,5.0,Attraction,Attraction,https://www.google.com/maps/place/Groovy+Gecko+Tours/data=!4m7!3m6!1s0x3171132eb4b5c823:0x4b1ed83509a14825!8m2!3d11.9310779!4d108.4451807!16s%2Fg%2F11hcshj9z0!19sChIJI8i1tC4TcTERJUihCTXYHks?authuser=0&hl=en&rclk=1,http://www.groovygeckotours.net/
attraction00339,Vietnam Motorcycle Tours | Tropic Riders,vietnam motorcycle tours tropic riders,,"28 Đ. Nam Hồ, Phường 11, Đà Lạt, Lâm Đồng 67000",Đà Lạt,da lat,11.9461828,108.4784119,0368 525 258 ,0,,5.0,Attraction,Attraction,https://www.google.com/maps/place/Vietnam+Motorcycle+Tours+%7C+Tropic+Riders/data=!4m7!3m6!1s0x3171139f30e460f9:0x52d5e1b28ff7bb3e!8m2!3d11.9461828!4d108.4784119!16s%2Fg%2F11m_c_xzq3!19sChIJ-WDkMJ8TcTERPrv3j7Lh1VI?authuser=0&hl=en&rclk=1,https://vietnam-motorcycletours.com/
attraction00340,Vietnam Easy Rider - Motorcycle Tours,vietnam easy rider motorcycle tours,,"3/62 Đ. Đào Duy Từ, Phường 3, Đà Lạt, Lâm Đồng 670000",Đà Lạt,da lat,11.9331642,108.4324678,0365 338 143 ,0,,5.0,Attraction,Attraction,https://www.google.com/maps/place/Vietnam+Easy+Rider+-+Motorcycle+Tours/data=!4m7!3m6!1s0x317113cb038db351:0xabd83369811416d2!8m2!3d11.9331642!4d108.4324678!16s%2Fg%2F11h58f139m!19sChIJUbONA8sTcTER0hYUgWkz2Ks?authuser=0&hl=en&rclk=1,http://www.vietnameasyriders.com.vn/
attraction00341,"Highland Sport Travel - Adventure Tours Dalat, Viet Nam",highland sport travel adventure tours dalat viet nam,,"W8, KQH Đường Phù Đổng Thiên Vương, Phường 8, Đà Lạt, Lâm Đồng 67000",Đà Lạt,da lat,11.9609576,108.4433238,0965 331 182 ,0,,5.0,Attraction,Attraction,"https://www.google.com/maps/place/Highland+Sport+Travel+-+Adventure+Tours+Dalat,+Viet+Nam/data=!4m7!3m6!1s0x3171132e80f458eb:0xcc7190d1c1dd136a!8m2!3d11.9609576!4d108.4433238!16s%2Fg%2F11b6d1lrty!19sChIJ61j0gC4TcTERahPdwdGQccw?authuser=0&hl=en&rclk=1",https://highlandsporttravel.com/
attraction00342,Vietnam On Two Wheels,vietnam on two wheels,,,,,15.6998752,107.1940755,0969 517 714 ,0,,5.0,Attraction,Attraction,https://www.google.com/maps/place/Vietnam+On+Two+Wheels/data=!4m7!3m6!1s0x6344df97c961b8fd:0x9486fab5089dcada!8m2!3d15.6998752!4d107.1940755!16s%2Fg%2F11ssvcs0k5!19sChIJ_bhhyZffRGMR2sqdCLX6hpQ?authuser=0&hl=en&rclk=1,https://vietnammotorbiketours.vn/
attraction00343,MrVu’s Easy Riders Vietnam,mrvu s easy riders vietnam,,"79 Hẻm 36 Triệu Việt Vương, Phường Xuân Hương, Đà Lạt, Lâm Đồng 660000",Đà Lạt,da lat,11.9244895,108.4365447,0933 272 172 ,0,,5.0,Attraction,Attraction,https://www.google.com/maps/place/MrVu%E2%80%99s+Easy+Riders+Vietnam/data=!4m7!3m6!1s0x3171133aed413bb9:0xc220b2c7de1b376b!8m2!3d11.9244895!4d108.4365447!16s%2Fg%2F11c0xd2gc_!19sChIJuTtB7ToTcTERazcb3seyIMI?authuser=0&hl=en&rclk=1,https://mrvueasyrider.com/
attraction00344,Vietnam Motorbike Tour,vietnam motorbike tour,,"1/4bis Đường Phù Đổng Thiên Vương, Phường 8, Đà Lạt, Lâm Đồng",Đà Lạt,da lat,11.9575249,108.4429733,0339 906 935 ,0,,5.0,Attraction,Attraction,https://www.google.com/maps/place/Vietnam+Motorbike+Tour/data=!4m7!3m6!1s0x3171132de6361795:0xa219baa19d78c481!8m2!3d11.9575249!4d108.4429733!16s%2Fg%2F11gdt8lxft!19sChIJlRc25i0TcTERgcR4naG6GaI?authuser=0&hl=en&rclk=1,http://tripthruvn.com/
attraction00345,ORIGINAL DALAT EASY RIDERS Since 1991 - Top Gear Vietnam Special Easy Riders,original dalat easy riders since 1991 top gear vietnam special easy riders,,"32A Khe Sanh, Phường 10, Đà Lạt, Lâm Đồng",Đà Lạt,da lat,11.9393694,108.4592912,0988 055 345 ,0,,5.0,Attraction,Attraction,https://www.google.com/maps/place/ORIGINAL+DALAT+EASY+RIDERS+Since+1991+-+Top+Gear+Vietnam+Special+Easy+Riders/data=!4m7!3m6!1s0x317113294039f8f7:0x2b2ca39a723ac66e!8m2!3d11.9393694!4d108.4592912!16s%2Fg%2F1tgby7l5!19sChIJ9_g5QCkTcTERbsY6cpqjLCs?authuser=0&hl=en&rclk=1,http://www.dalat-easyriders.com/
attraction00346,DaLat Private Tours,dalat private tours,,"29 Đ. Mai Hắc Đế, Phường 6, Đà Lạt, Lâm Đồng 670000",Đà Lạt,da lat,11.9472518,108.4296019,0868 606 979 ,0,,5.0,Attraction,Attraction,https://www.google.com/maps/place/DaLat+Private+Tours/data=!4m7!3m6!1s0x317112c4502cd2d3:0x139098eee90a870c!8m2!3d11.9472518!4d108.4296019!16s%2Fg%2F11c52k39ks!19sChIJ09IsUMQScTERDIcK6e6YkBM?authuser=0&hl=en&rclk=1,https://www.dalatprivatetours.com/
attraction00347,Vietnam Two Wheels - Easy Rider Tours,vietnam two wheels easy rider tours,,"12 Tô Vĩnh Diện, Phường 7, Đà Lạt, Lâm Đồng 670000",Đà Lạt,da lat,11.9595107,108.4241674,0982 628 882 ,0,,5.0,Attraction,Attraction,https://www.google.com/maps/place/Vietnam+Two+Wheels+-+Easy+Rider+Tours/data=!4m7!3m6!1s0x31716dba6fecd6d3:0xcb44a669cfc47e1a!8m2!3d11.9595107!4d108.4241674!16s%2Fg%2F11txfrj02r!19sChIJ09bsb7ptcTERGn7Ez2mmRMs?authuser=0&hl=en&rclk=1,https://www.vietnamtwowheels.com/
attraction00348,DaLat Easy Rider Club,dalat easy rider club,,"25/34/4, Đường Nhà Chung, Phường 3, Đà Lạt, Lâm Đồng 670000",Đà Lạt,da lat,11.9340378,108.4380163,0903 662 831 ,0,,5.0,Attraction,Attraction,https://www.google.com/maps/place/DaLat+Easy+Rider+Club/data=!4m7!3m6!1s0x317113f2af378017:0x45bd26335a424755!8m2!3d11.9340378!4d108.4380163!16s%2Fg%2F11g047849h!19sChIJF4A3r_ITcTERVUdCWjMmvUU?authuser=0&hl=en&rclk=1,https://dalat-easyrider.com.vn/
attraction00349,Dốc Garden House & coffee shop,doc garden house shop,cafe,"106 Phan Chu Trinh, Phường 9, Đà Lạt, Lâm Đồng",Đà Lạt,da lat,11.953302,108.4686923,0987 356 835 ,0,,4.2,Attraction,Attraction,https://www.google.com/maps/place/D%E1%BB%91c+Garden+House+%26+coffee+shop/data=!4m7!3m6!1s0x3171134a4f4f7287:0xdb2840661b0b889!8m2!3d11.953302!4d108.4686923!16s%2Fg%2F11h90r0fbj!19sChIJh3JPT0oTcTERibiwYQaEsg0?authuser=0&hl=en&rclk=1,
attraction00350,Wolfpack Hostel Dalat,wolfpack dalat,homestay,"118 Đường Nguyễn An Ninh, Phường 06, Đà Lạt, Lâm Đồng",Đà Lạt,da lat,11.9512747,108.4347329,0902 737 372 ,0,,4.5,Attraction,Attraction,https://www.google.com/maps/place/Wolfpack+Hostel+Dalat/data=!4m7!3m6!1s0x317112d65d52ed29:0x651faef4051909ca!8m2!3d11.9512747!4d108.4347329!16s%2Fg%2F11b6hx0zcs!19sChIJKe1SXdYScTERygkZBfSuH2U?authuser=0&hl=en&rclk=1,http://wolfpackhostel.blogspot.com/
attraction00351,Vietnam Easy Riders - Rew Rew Adventures,vietnam easy riders rew rew adventures,,"C32 Khu Quy Hoạch Hoàng Văn Thụ, Phường 4, Đà Lạt, Lâm Đồng 67000",Đà Lạt,da lat,11.9373778,108.4291741,0387 374 373 ,0,,5.0,Attraction,Attraction,https://www.google.com/maps/place/Vietnam+Easy+Riders+-+Rew+Rew+Adventures/data=!4m7!3m6!1s0x317113320b494a69:0x3fc7b606bd17fb51!8m2!3d11.9373778!4d108.4291741!16s%2Fg%2F11g6nhc7rj!19sChIJaUpJCzITcTERUfsXvQa2xz8?authuser=0&hl=en&rclk=1,http://rewrew.vn/
attraction00352,Easy Riders Vietnam,easy riders vietnam,,"Lo 181 KQH, Phan Đình Phùng, Phường 2, Đà Lạt, Lâm Đồng 670000",Đà Lạt,da lat,11.9489842,108.4345859,0909 596 580 ,0,,4.7,Attraction,Attraction,https://www.google.com/maps/place/Easy+Riders+Vietnam/data=!4m7!3m6!1s0x3171132951c07f2f:0xff3c57b544fb3803!8m2!3d11.9489842!4d108.4345859!16s%2Fg%2F1pp2tkx0f!19sChIJL3_AUSkTcTERAzj7RLVXPP8?authuser=0&hl=en&rclk=1,https://www.easy-riders.net/
attraction00353,Dreamers: home and coffee,dreamers home and,cafe,"19B Đường Đặng Thái Thân, Phường 3, Đà Lạt, Lâm Đồng 670000",Đà Lạt,da lat,11.9292741,108.4487053,0865 665 603 ,0,,4.5,Attraction,Attraction,https://www.google.com/maps/place/Dreamers:+home+and+coffee/data=!4m7!3m6!1s0x317113f8df1dda15:0xaf7c508a91ef0390!8m2!3d11.9292741!4d108.4487053!16s%2Fg%2F11h455mzct!19sChIJFdod3_gTcTERkAPvkYpQfK8?authuser=0&hl=en&rclk=1,
attraction00354,St,st,,"15 Đ. Trần Phú, Phường 3, Đà Lạt, Lâm Đồng 670000",Đà Lạt,da lat,11.9360895,108.4377113,0263 3821 421 ,0,,4.6,Attraction,Attraction,https://www.google.com/maps/place/St.+Nicholas+Cathedral+of+Da+Lat/data=!4m7!3m6!1s0x3171133190ba653b:0x3827e1006a34cc4a!8m2!3d11.9360895!4d108.4377113!16s%2Fg%2F120txk7j!19sChIJO2W6kDETcTERSsw0agDhJzg?authuser=0&hl=en&rclk=1,
attraction00355,Datanla New Alpine Coaster,datanla new alpine coaster,,"Phường 3, Da Lat, Lam Dong",Lam Dong,lam dong,11.9029656,108.447548,0989 718 223 ,250000,₫250000,4.3,Attraction,Attraction,https://www.google.com/maps/place/Datanla+New+Alpine+Coaster/data=!4m7!3m6!1s0x317115cbf7acf219:0xb10a0fabd20ab2ce!8m2!3d11.9029656!4d108.447548!16s%2Fg%2F11h6t8gp5k!19sChIJGfKs98sVcTERzrIK0qsPCrE?authuser=0&hl=en&rclk=1,https://ticket-stations.com/Datanla-New-Alpine-da-lat
attraction00356,Đen Đi Camping,di camping,temple,"4/36 Đ. Đào Duy Từ, Phường 3, Đà Lạt, Lâm Đồng 670000",Đà Lạt,da lat,11.9338232,108.4329213,0938 275 603 ,0,,5.0,Attraction,Attraction,https://www.google.com/maps/place/%C4%90en+%C4%90i+Camping/data=!4m7!3m6!1s0x317113e56607baf1:0xd54bfb5f9c0ef9c4!8m2!3d11.9338232!4d108.4329213!16s%2Fg%2F11sskzn4qf!19sChIJ8boHZuUTcTERxPkOnF_7S9U?authuser=0&hl=en&rclk=1,https://www.facebook.com/profile.php?id=100090437601737
attraction00357,Little House Coffee,little house,cafe,"32 Trạng Trình, Phường 9, Đà Lạt, Lâm Đồng",Đà Lạt,da lat,11.9520541,108.45573,0916 018 059 ,0,,4.4,Attraction,Attraction,https://www.google.com/maps/place/Little+House+Coffee/data=!4m7!3m6!1s0x31711302c1f268f7:0xd93d10cf8912125!8m2!3d11.9520541!4d108.45573!16s%2Fg%2F11j7kqj8yp!19sChIJ92jywQITcTERJSGR-AzRkw0?authuser=0&hl=en&rclk=1,
attraction00358,"Homestay ""Being Home""",being home,homestay,"hẻm kế bên quán ăn LẠ, Hẻm 2 Đ. Ngô Thì Sỹ, Phường 4, Đà Lạt, Lâm Đồng 670000",Đà Lạt,da lat,11.9336426,108.4256934,0903 650 377 ,0,,4.2,Attraction,Attraction,https://www.google.com/maps/place/Homestay+%22Being+Home%22/data=!4m7!3m6!1s0x31716cd3198b2f5f:0x535646f900dcec28!8m2!3d11.9336426!4d108.4256934!16s%2Fg%2F11g8bt_5jc!19sChIJXy-LGdNscTERKOzcAPlGVlM?authuser=0&hl=en&rclk=1,https://www.facebook.com/lanhaHomestay
attraction00359,Maze Bar,maze bar,,"57 Phan Bội Châu, Phường 1, Đà Lạt, Lâm Đồng",Đà Lạt,da lat,11.9446386,108.4375466,0903 040 202 ,0,,4.6,Attraction,Attraction,https://www.google.com/maps/place/Maze+Bar/data=!4m7!3m6!1s0x31711328c6801db3:0xcbb0a680bb459d24!8m2!3d11.9446386!4d108.4375466!16s%2Fg%2F11f03vq6v7!19sChIJsx2AxigTcTERJJ1Fu4CmsMs?authuser=0&hl=en&rclk=1,https://www.facebook.com/100roof.mazebar/
attraction00360,One More Cafe,one more,cafe,"77 Đường Hai Bà Trưng, Phường 6, Đà Lạt, Lâm Đồng 66108",Đà Lạt,da lat,11.9441878,108.4329268,0829 341 835 ,0,,4.8,Attraction,Attraction,https://www.google.com/maps/place/One+More+Cafe/data=!4m7!3m6!1s0x317112d4861043e3:0xdef7805b043f86cb!8m2!3d11.9441878!4d108.4329268!16s%2Fg%2F11dxbp8td5!19sChIJ40MQhtQScTERy4Y_BFuA994?authuser=0&hl=en&rclk=1,https://www.facebook.com/onemorecafe77
attraction00361,Maika Dalat Center,maika dalat center,,"Phan Bội Châu, Phường 2, Đà Lạt, Lâm Đồng",Đà Lạt,da lat,11.9438638,108.4380906,,0,,4.3,Attraction,Attraction,https://www.google.com/maps/place/Maika+Dalat+Center/data=!4m7!3m6!1s0x31711328ca14ddd3:0x563ed96987d4b3cf!8m2!3d11.9438638!4d108.4380906!16s%2Fg%2F11dxl76g60!19sChIJ090UyigTcTERz7PUh2nZPlY?authuser=0&hl=en&rclk=1,https://www.facebook.com/maikacondotelvietnam
attraction00362,Mooka’s Home - Dalat Backpackers Hostel,mooka s home dalat backpackers,homestay,"02 Đ. Cổ Loa, Phường 2, Đà Lạt, Lâm Đồng 670000",Đà Lạt,da lat,11.9549846,108.4354765,0932 579 752 ,0,,4.8,Attraction,Attraction,https://www.google.com/maps/place/Mooka%E2%80%99s+Home+-+Dalat+Backpackers+Hostel/data=!4m7!3m6!1s0x317112d69814ac65:0xc4e885dd08677dcb!8m2!3d11.9549846!4d108.4354765!16s%2Fg%2F11c1s7qqxw!19sChIJZawUmNYScTERy31nCN2F6MQ?authuser=0&hl=en&rclk=1,https://mookahome.com/
attraction00363,Ban Cacao - Vietnamese Chocolate maker,ban cacao vietnamese ccolate maker,lake,"Dốc Nhà Làng, Hẻm 35 Trương Công Định, Phường 1, Đà Lạt, Lâm Đồng 670000",Đà Lạt,da lat,11.9434971,108.4348725,0901 455 978 ,0,,5.0,Attraction,Attraction,https://www.google.com/maps/place/Ban+Cacao+-+Vietnamese+Chocolate+maker/data=!4m7!3m6!1s0x3171133da8e7026b:0x9ed7bca1a409fa74!8m2!3d11.9434971!4d108.4348725!16s%2Fg%2F11vzcd5g8f!19sChIJawLnqD0TcTERdPoJpKG8154?authuser=0&hl=en&rclk=1,https://villagecacao.com/
attraction00364,Easy Rider Mr,easy rider mr,,"1/5/14, Nguyễn Hữu Cảnh, Phường 8, Đà Lạt, Lâm Đồng 670000",Đà Lạt,da lat,11.9656469,108.4411548,0916 524 750 ,0,,5.0,Attraction,Attraction,https://www.google.com/maps/place/Easy+Rider+Mr.Viet/data=!4m7!3m6!1s0x3171132a21976277:0x2fb983e6941ed9c9!8m2!3d11.9656469!4d108.4411548!16s%2Fg%2F11t_jy1_l8!19sChIJd2KXISoTcTERydkelOaDuS8?authuser=0&hl=en&rclk=1,https://easyridermrviet.com/
attraction00365,100 Roof Bar,100 roof bar,,"57 Phan Bội Châu, Phường 1, Đà Lạt, Lâm Đồng",Đà Lạt,da lat,11.9446386,108.4375466,0898 084 117 ,0,,4.6,Attraction,Attraction,https://www.google.com/maps/place/100+Roof+Bar/data=!4m7!3m6!1s0x31711328ba16f285:0x554ac0e758d29cf2!8m2!3d11.9446386!4d108.4375466!16s%2Fg%2F11bxjjs699!19sChIJhfIWuigTcTER8pzSWOfASlU?authuser=0&hl=en&rclk=1,
attraction00366,Anna's Coffee House,anna s house,cafe,"9B Dong Da Street Ward 3 (di len Doi Ro Bin: Cap Treo), Phường 3, Đà Lạt, Lâm Đồng",Đà Lạt,da lat,11.9233329,108.4445704,0975 033 773 ,0,,4.7,Attraction,Attraction,https://www.google.com/maps/place/Anna%27s+Coffee+House/data=!4m7!3m6!1s0x31711346c4d19011:0x86c0269a01c7db88!8m2!3d11.9233329!4d108.4445704!16s%2Fg%2F11bxg2mf52!19sChIJEZDRxEYTcTERiNvHAZomwIY?authuser=0&hl=en&rclk=1,
attraction00367,Nhà thờ Giáo xứ Thánh Mẫu Đà Lạt,nha t giao xu thanh mau da lat,lake,"117 Đường Thánh Mẫu, Phường 7, Đà Lạt, Lâm Đồng",Đà Lạt,da lat,11.9748047,108.4327525,,0,,4.7,Attraction,Attraction,https://www.google.com/maps/place/Nh%C3%A0+th%E1%BB%9D+Gi%C3%A1o+x%E1%BB%A9+Th%C3%A1nh+M%E1%BA%ABu+%C4%90%C3%A0+L%E1%BA%A1t/data=!4m7!3m6!1s0x317112b43a90b5c3:0x6375b465dbd926b8!8m2!3d11.9748047!4d108.4327525!16s%2Fg%2F1td__z88!19sChIJw7WQOrQScTERuCbZ22W0dWM?authuser=0&hl=en&rclk=1,https://giothanhle.net/gio-le/nha-tho-thanh-mau-da-lat/
attraction00368,Cam Ly Homestay,cam ly,homestay,"3/62 Đ. Đào Duy Từ, Phường 3, Đà Lạt, Lâm Đồng 760000",Đà Lạt,da lat,11.9331614,108.4324675,0397 354 503 ,0,,4.7,Attraction,Attraction,https://www.google.com/maps/place/Cam+Ly+Homestay/data=!4m7!3m6!1s0x31716cd23fb63901:0xbf6df122f6e8df9c!8m2!3d11.9331614!4d108.4324675!16s%2Fg%2F11b73lsc1y!19sChIJATm2P9JscTERnN_o9iLxbb8?authuser=0&hl=en&rclk=1,http://www.vietnameasyriders.com.vn/
attraction00369,Note Dalat Hostel,note dalat,homestay,"33 Đường Bà Triệu, Phường Xuân Hương, Đà Lạt, Lâm Đồng 670000",Đà Lạt,da lat,11.9372418,108.4342717,0976 453 953 ,0,,4.7,Attraction,Attraction,https://www.google.com/maps/place/Note+Dalat+Hostel/data=!4m7!3m6!1s0x317112d7ab72225d:0xa3d91690945de3d7!8m2!3d11.9372418!4d108.4342717!16s%2Fg%2F11bwfltfsl!19sChIJXSJyq9cScTER1-NdlJAW2aM?authuser=0&hl=en&rclk=1,https://www.facebook.com/dalatnotehostel/
attraction00370,Dalat Backpacker's Alley Hostel,dalat backpacker s alley,homestay,"23/23 Hải Thượng, Phường 5, Đà Lạt, Lâm Đồng",Đà Lạt,da lat,11.9430492,108.4298033,0919 928 612 ,0,,4.5,Attraction,Attraction,https://www.google.com/maps/place/Dalat+Backpacker%27s+Alley+Hostel/data=!4m7!3m6!1s0x31711327ad59bdf9:0xde0f06b9ae0765cf!8m2!3d11.9430492!4d108.4298033!16s%2Fg%2F11gjhgjz0w!19sChIJ-b1ZrScTcTERz2UHrrkGD94?authuser=0&hl=en&rclk=1,
attraction00371,La Chocotea,la ccotea,lake,"116 Xô Viết Nghệ Tĩnh, Phường 7, Đà Lạt, Lâm Đồng",Đà Lạt,da lat,11.971491,108.421871,0833 031 503 ,0,,4.4,Attraction,Attraction,https://www.google.com/maps/place/La+Chocotea/data=!4m7!3m6!1s0x31716dc6109124bd:0xadef37c29b235c4!8m2!3d11.971491!4d108.421871!16s%2Fg%2F11j8mnv0gq!19sChIJvSSREMZtcTERxDWyKXzz3go?authuser=0&hl=en&rclk=1,https://facebook.com/lachocotea.chocolate.shop
attraction00372,Bicycle up Specialty coffee & Antique store,bicycle up specialty antique store,cafe,"82 Đường Trương Công Định, Phường 1, Đà Lạt, Lâm Đồng",Đà Lạt,da lat,11.9446492,108.4349821,0263 3700 177 ,0,,4.6,Attraction,Attraction,https://www.google.com/maps/place/Bicycle+up+Specialty+coffee+%26+Antique+store/data=!4m7!3m6!1s0x3171132946349a3f:0xc89894a0c73139b8!8m2!3d11.9446492!4d108.4349821!16s%2Fg%2F1hm57qkmq!19sChIJP5o0RikTcTERuDkxx6CUmMg?authuser=0&hl=en&rclk=1,
attraction00373,THE SEEN HOUSE,the seen use,lake,"KDL HỒ TUYỀN LÂM, TỔ 18, P.3, Đà Lạt, Lâm Đồng 67000",Đà Lạt,da lat,11.9009431,108.4334992,0919 795 785 ,0,,4.6,Attraction,Attraction,https://www.google.com/maps/place/THE+SEEN+HOUSE/data=!4m7!3m6!1s0x3171155093fd91ab:0x909f87dd382d2228!8m2!3d11.9009431!4d108.4334992!16s%2Fg%2F11pkdn1vz_!19sChIJq5H9k1AVcTERKCItON2Hn5A?authuser=0&hl=en&rclk=1,https://www.facebook.com/theseenhouse/
attraction00374,Dalat Edensee Lake Resort & Spa,dalat edensee lake spa,hotel,"Tuyen Lam Lake, Zone VII.2, Phường 4, Ward 4, Lâm Đồng 670000",Lâm Đồng,lam dong,11.8868268,108.4235015,0263 3831 515 ,0,,4.4,Natural,Attraction,https://www.google.com/maps/place/Dalat+Edensee+Lake+Resort+%26+Spa/data=!4m7!3m6!1s0x317114aee92a8cad:0x19268f2b3bc7cec9!8m2!3d11.8868268!4d108.4235015!16s%2Fg%2F1tkl0tm2!19sChIJrYwq6a4UcTERyc7HOyuPJhk?authuser=0&hl=en&rclk=1,http://www.dalatedensee.com/
attraction00375,GiaoChi Legend Spa & Wellness,giaochi legend spa wellness,,"51/1 Đ. Yết Kiêu, Phường 5, Đà Lạt, Lâm Đồng 66000",Đà Lạt,da lat,11.9491613,108.4254835,0933 010 021 ,0,,4.9,Attraction,Attraction,https://www.google.com/maps/place/GiaoChi+Legend+Spa+%26+Wellness/data=!4m7!3m6!1s0x31716d640dce1291:0x4a327c5e805dc0f9!8m2!3d11.9491613!4d108.4254835!16s%2Fg%2F11ldl_2q5y!19sChIJkRLODWRtcTER-cBdgF58Mko?authuser=0&hl=en&rclk=1,https://giaochilegend.vn/
attraction00376,Swiss-BelResort Tuyền Lâm,swiss bel tuyen lam,hotel,"số 7 và 8, KDL Hồ Tuyền Lâm, Phường 3, Đà Lạt, Lâm Đồng 061000",Đà Lạt,da lat,11.8824243,108.4518585,0263 3800 800 ,0,,4.4,Attraction,Attraction,https://www.google.com/maps/place/Swiss-BelResort+Tuy%E1%BB%81n+L%C3%A2m/data=!4m7!3m6!1s0x3171149554dcf44f:0xe83e1508f92bd940!8m2!3d11.8824243!4d108.4518585!16s%2Fg%2F11b6s8dz8t!19sChIJT_TcVJUUcTERQNkr-QgVPug?authuser=0&hl=en&rclk=1,https://samtuyenlamhotel.com.vn/
attraction00377,TIGON DALAT HOSTEL,tigon dalat,homestay,"13 Đường Khởi Nghĩa Bắc Sơn, Phường 10, Đà Lạt, Lâm Đồng 670000",Đà Lạt,da lat,11.9359846,108.4507598,0834 814 981 ,0,,4.4,Attraction,Attraction,https://www.google.com/maps/place/TIGON+DALAT+HOSTEL/data=!4m7!3m6!1s0x3171133d5ce25757:0xd8ab161e0765091a!8m2!3d11.9359846!4d108.4507598!16s%2Fg%2F11f4pc3gtf!19sChIJV1fiXD0TcTERGgllBx4Wq9g?authuser=0&hl=en&rclk=1,https://www.facebook.com/tigondalat86/?ref=bookmarks
attraction00378,FULL MOON FARMS,full moon farms,,"251 Ankroet, Phường 7, Đà Lạt, Lâm Đồng",Đà Lạt,da lat,11.9909688,108.3832025,0343 591 700 ,0,,4.6,Attraction,Attraction,https://www.google.com/maps/place/FULL+MOON+FARMS/data=!4m7!3m6!1s0x31716d27348ac863:0xfda834bf19372dc6!8m2!3d11.9909688!4d108.3832025!16s%2Fg%2F11s4wvcx3r!19sChIJY8iKNCdtcTERxi03Gb80qP0?authuser=0&hl=en&rclk=1,http://www.fmfdalat.com/
attraction00379,Phat Tire Ventures Vietnam,phat tire ventures vietnam,,"109 Nguyễn Văn Trỗi, Phường 2, Đà Lạt, Lâm Đồng",Đà Lạt,da lat,11.9494153,108.4369656,0927 798 937 ,0,,4.9,Attraction,Attraction,https://www.google.com/maps/place/Phat+Tire+Ventures+Vietnam/data=!4m7!3m6!1s0x317112d7d668e47b:0xcdf5be3f790e2d20!8m2!3d11.9494153!4d108.4369656!16s%2Fg%2F11cn2k7whn!19sChIJe-Ro1tcScTERIC0OeT--9c0?authuser=0&hl=en&rclk=1,http://www.ptv-vietnam.com/
attraction00380,DALAT STREAM HOTEL-KHÁCH SẠN ĐẸP ĐÀ LẠT,dalat stream dep da lat,hotel,"Yên Bình/07 Đặng Thùy Trâm, Phường 4, Đà Lạt, Lâm Đồng 67000",Đà Lạt,da lat,11.940028,108.4253098,0989 392 999 ,0,,4.9,Attraction,Attraction,https://www.google.com/maps/place/DALAT+STREAM+HOTEL-KH%C3%81CH+S%E1%BA%A0N+%C4%90%E1%BA%B8P+%C4%90%C3%80+L%E1%BA%A0T/data=!4m7!3m6!1s0x31716d9231ba89fd:0xe1028333503c868e!8m2!3d11.940028!4d108.4253098!16s%2Fg%2F11llswk524!19sChIJ_Ym6MZJtcTERjoY8UDODAuE?authuser=0&hl=en&rclk=1,https://dalatstreamhotel.com/
attraction00381,The Aratana Villa,the aratana,hotel,"Phường 4, Da Lat, Lam Dong",Lam Dong,lam dong,11.9287272,108.435079,0388 579 975 ,0,,4.8,Attraction,Attraction,https://www.google.com/maps/place/The+Aratana+Villa/data=!4m7!3m6!1s0x31711341adc85ebb:0xbd4c9eefb39cc801!8m2!3d11.9287272!4d108.435079!16s%2Fg%2F11lgjr7lzl!19sChIJu17IrUETcTERAcics--eTL0?authuser=0&hl=en&rclk=1,https://www.facebook.com/the.aratana.dalat
attraction00382,Lá Garden,la gar,temple,"Lá Garden Villa, Hẻm 47 Đ. Trịnh Hoài Đức, Phường 11, Đà Lạt, Lâm Đồng 670000",Đà Lạt,da lat,11.9455318,108.4812678,0357 337 740 ,0,,4.9,Attraction,Attraction,https://www.google.com/maps/place/L%C3%A1+Garden/data=!4m7!3m6!1s0x3171130037043507:0xa4725d987bac753d!8m2!3d11.9455318!4d108.4812678!16s%2Fg%2F11vs9t1w8p!19sChIJBzUENwATcTERPXWse5hdcqQ?authuser=0&hl=en&rclk=1,https://www.facebook.com/Villa.LaGarden/
attraction00383,Zen Valley Dalat,zen valley dalat,,"38 Khe Sanh, Phường 10, Đà Lạt, Lâm Đồng",Đà Lạt,da lat,11.929509,108.459361,0263 3577 277 ,0,,4.5,Attraction,Attraction,https://www.google.com/maps/place/Zen+Valley+Dalat/data=!4m7!3m6!1s0x3171131a6a174c41:0x861f65b3946919f4!8m2!3d11.929509!4d108.459361!16s%2Fg%2F11b73n52_k!19sChIJQUwXahoTcTER9BlplLNlH4Y?authuser=0&hl=en&rclk=1,
attraction00384,Zanya Coffee,zanya,cafe,"24/19, Van Xuan, Bon Dong 2, Thị trấn lạc dương , huyện Lạc Dương Lac Duong, Lâm Đồng 670000",Lâm Đồng,lam dong,12.0162927,108.4265925,0837 031 614 ,0,,5.0,Attraction,Attraction,https://www.google.com/maps/place/Zanya+Coffee/data=!4m7!3m6!1s0x3171731ce3435ef5:0xb4d3897c0327d6ca!8m2!3d12.0162927!4d108.4265925!16s%2Fg%2F11hdq8225d!19sChIJ9V5D4xxzcTERytYnA3yJ07Q?authuser=0&hl=en&rclk=1,http://zanyacoffee.com/
attraction00385,Tiny Tigers Hostel,tiny tigers,homestay,"C32 Khu Quy Hoạch Hoàng Văn Thụ, Phường 4, Đà Lạt, Lâm Đồng 67000",Đà Lạt,da lat,11.9373771,108.4291655,0979 180 902 ,0,,4.7,Attraction,Attraction,https://www.google.com/maps/place/Tiny+Tigers+Hostel/data=!4m7!3m6!1s0x31716d8650b4d3ed:0x3eb6eeb6e6f6c700!8m2!3d11.9373771!4d108.4291655!16s%2Fg%2F11v3y_1flm!19sChIJ7dO0UIZtcTERAMf25rbutj4?authuser=0&hl=en&rclk=1,https://www.facebook.com/tinytigershome/
attraction00386,Labata handmade shop,labata handmade sp,lake,"20 Đường Trương Công Định, Phường 1, Đà Lạt, Lâm Đồng",Đà Lạt,da lat,11.9435711,108.4351795,0918 361 890 ,0,,4.9,Attraction,Attraction,https://www.google.com/maps/place/Labata+handmade+shop/data=!4m7!3m6!1s0x31711329a6b5c34f:0x85459c039dc5c86a!8m2!3d11.9435711!4d108.4351795!16s%2Fg%2F11f0020zgc!19sChIJT8O1pikTcTERasjFnQOcRYU?authuser=0&hl=en&rclk=1,http://www.facebook.com/labatahandmadeshop
attraction00387,Laundry Cherry,laundry cherry,,"14/61 Đ. Đào Duy Từ, Phường 4, Đà Lạt, Lâm Đồng 66000",Đà Lạt,da lat,11.93252,108.4339504,0843 222 000 ,0,,4.9,Attraction,Attraction,https://www.google.com/maps/place/Laundry+Cherry/data=!4m7!3m6!1s0x3171131cb367062f:0x20f3f8f24d6f3b63!8m2!3d11.93252!4d108.4339504!16s%2Fg%2F11hzxfs0fr!19sChIJLwZnsxwTcTERYztvTfL48yA?authuser=0&hl=en&rclk=1,https://www.facebook.com/share/1AVAEGyQ7n/?mibextid=wwXIfr
attraction00388,Thơm House,tm use,lake,"97 Đường Trần Khánh Dư, Phường 8, Đà Lạt, Lâm Đồng",Đà Lạt,da lat,11.9624731,108.4420229,0961 207 249 ,0,,4.9,Attraction,Attraction,https://www.google.com/maps/place/Th%C6%A1m+House/data=!4m7!3m6!1s0x317113ef2459b041:0xfdff649233e468c9!8m2!3d11.9624731!4d108.4420229!16s%2Fg%2F11pkvdfgs4!19sChIJQbBZJO8TcTERyWjkM5Jk__0?authuser=0&hl=en&rclk=1,https://www.facebook.com/Thomhousedalat
attraction00389,Mr,mr,,"37/10/17 Hẻm Hoàng Diệu, Phường 3, Đà Lạt, Lâm Đồng 670000",Đà Lạt,da lat,11.9417996,108.4276553,0792 968 979 ,0,,4.0,Attraction,Attraction,https://www.google.com/maps/place/Mr.+Peace+backpacker%27s+House+Dalat/data=!4m7!3m6!1s0x3171135a87c4eb1f:0x3e79762ceba0cf2d!8m2!3d11.9417996!4d108.4276553!16s%2Fg%2F11vk_qcgkk!19sChIJH-vEh1oTcTERLc-g6yx2eT4?authuser=0&hl=en&rclk=1,
attraction00390,May House - Home Hostel DALAT,may house home dalat,homestay,"36/50, 50 Đường Nguyễn Lương Bằng, Tp. Đà Lạt, Lâm Đồng 67000",Đà Lạt,da lat,11.9538963,108.4366147,0834 618 861 ,0,,4.5,Attraction,Attraction,https://www.google.com/maps/place/May+House+-+Home+Hostel+DALAT/data=!4m7!3m6!1s0x3171131a174a537d:0xdfb68c9ccd1d3571!8m2!3d11.9538963!4d108.4366147!16s%2Fg%2F11wtwtfhzt!19sChIJfVNKFxoTcTERcTUdzZyMtt8?authuser=0&hl=en&rclk=1,https://bighomedalat.com/
attraction00391,Charm Spa - Best Spa Massage in Dalat,charm spa best spa massage in dalat,,"37 Đường Hai Bà Trưng, Phường 6, Đà Lạt, Lâm Đồng 67000",Đà Lạt,da lat,11.9432714,108.4324821,0362 489 189 ,0,,4.9,Attraction,Attraction,https://www.google.com/maps/place/Charm+Spa+-+Best+Spa+Massage+in+Dalat/data=!4m7!3m6!1s0x317113156fa85dcb:0xd017e36ae9f76b0c!8m2!3d11.9432714!4d108.4324821!16s%2Fg%2F11t_vlvkjf!19sChIJy12obxUTcTERDGv36WrjF9A?authuser=0&hl=en&rclk=1,https://charmspadalat.com/
attraction00392,Dalat Friendly Fun Hostel,dalat friendly fun,homestay,"F18 Đ. Mạc Đĩnh Chi, Phường 5, Đà Lạt, Lâm Đồng",Đà Lạt,da lat,11.9401599,108.4275417,0919 124 137 ,0,,4.7,Attraction,Attraction,https://www.google.com/maps/place/Dalat+Friendly+Fun+Hostel/data=!4m7!3m6!1s0x31711329f9338c69:0x10dab575dd0d26c6!8m2!3d11.9401599!4d108.4275417!16s%2Fg%2F11b6wmxwkg!19sChIJaYwz-SkTcTERxiYN3XW12hA?authuser=0&hl=en&rclk=1,
attraction00393,Dalat Central Stay,dalat central stay,,"City, 65 Đ. Thủ Khoa Huân, Phường 1, Đà Lạt, Lâm Đồng 66000",Đà Lạt,da lat,11.9403417,108.4332337,0961 680 392 ,0,,4.4,Attraction,Attraction,https://www.google.com/maps/place/Dalat+Central+Stay/data=!4m7!3m6!1s0x317113002f3f461b:0x82b8a59656a856ea!8m2!3d11.9403417!4d108.4332337!16s%2Fg%2F11wjnv9k2y!19sChIJG0Y_LwATcTER6laoVpaluII?authuser=0&hl=en&rclk=1,
attraction00394,Nhà Hoa Nắng Homestay Cầu Đất Đà Lạt,nha hoa nang cau dat da lat,homestay,"Tổ 2 Đường Đất Làng, Xuân Trường, Cầu Đất, Lâm Đồng",Lâm Đồng,lam dong,11.8953778,108.5471365,0908 496 361 ,0,,4.9,Attraction,Attraction,https://www.google.com/maps/place/Nh%C3%A0+Hoa+N%E1%BA%AFng+Homestay+C%E1%BA%A7u+%C4%90%E1%BA%A5t+%C4%90%C3%A0+L%E1%BA%A1t/data=!4m7!3m6!1s0x317117bd56e0d3d1:0x57f92e7f7ec62b04!8m2!3d11.8953778!4d108.5471365!16s%2Fg%2F11l72lfzq0!19sChIJ0dPgVr0XcTERBCvGfn8u-Vc?authuser=0&hl=en&rclk=1,https://www.facebook.com/nhahoanang.caudat?mibextid=YMEMSu
attraction00395,Midori Heritage Coffee Farm,midori heritage farm,cafe,"Thon 3, Lâm Hà District, Lam Dong 111111",Lam Dong,lam dong,11.8982793,108.3348325,0389 292 411 ,0,,4.7,Attraction,Attraction,https://www.google.com/maps/place/Midori+Heritage+Coffee+Farm/data=!4m7!3m6!1s0x317169fe80c7c5f1:0xf42975c38e99aaeb!8m2!3d11.8982793!4d108.3348325!16s%2Fg%2F11mdgpshsv!19sChIJ8cXHgP5pcTER66qZjsN1KfQ?authuser=0&hl=en&rclk=1,http://midorifarmvn.com/
attraction00396,BRICS Boutique Dalat,brics boutique dalat,,"64 Đường Phù Đổng Thiên Vương, Phường 8, Đà Lạt, Lâm Đồng 670000",Đà Lạt,da lat,11.9598332,108.4427093,0263 3525 678 ,0,,4.9,Attraction,Attraction,https://www.google.com/maps/place/BRICS+Boutique+Dalat/data=!4m7!3m6!1s0x3171130d4a2219d7:0x321cdb95ea24a68d!8m2!3d11.9598332!4d108.4427093!16s%2Fg%2F11y4zfsmpq!19sChIJ1xkiSg0TcTERjaYk6pXbHDI?authuser=0&hl=en&rclk=1,http://bricshotel.vn/
attraction00397,Da Lat Mr,da lat mr,island,"4 Hoàng Diệu, Phường 5, Đà Lạt, Lâm Đồng 670000",Đà Lạt,da lat,11.9427861,108.4304576,0865 966 279 ,0,,4.7,Attraction,Attraction,https://www.google.com/maps/place/Da+Lat+Mr.Happy+Homestay./data=!4m7!3m6!1s0x31711338ec614307:0x636c50b929255b65!8m2!3d11.9427861!4d108.4304576!16s%2Fg%2F11c7t45sqk!19sChIJB0Nh7DgTcTERZVslKblQbGM?authuser=0&hl=en&rclk=1,https://mrhappyhomestay.wixsite.com/dalat
attraction00398,Villa Pink House Dalat,pink house dalat,hotel,"67/6 Hải Thượng, Phường Cam Ly, Đà Lạt, Lâm Đồng 67000",Đà Lạt,da lat,11.9441152,108.4301052,0867 624 671 ,0,,4.5,Attraction,Attraction,https://www.google.com/maps/place/Villa+Pink+House+Dalat/data=!4m7!3m6!1s0x3171132c7c2c1fa3:0x2107986857f334ce!8m2!3d11.9441152!4d108.4301052!16s%2Fg%2F1tyzwg_r!19sChIJox8sfCwTcTERzjTzV2iYByE?authuser=0&hl=en&rclk=1,https://www.facebook.com/VillaPinkHouseDaLat/
attraction00399,Feliz Dalat Homestay,feliz dalat,homestay,"Phan Đình Phùng, Xuân Hương, Đà Lạt, Lâm Đồng",Đà Lạt,da lat,11.943606,108.4344565,0858 033 549 ,0,,4.9,Attraction,Attraction,https://www.google.com/maps/place/Feliz+Dalat+Homestay/data=!4m7!3m6!1s0x3171132e6b287a45:0x34827cef3d0ddb35!8m2!3d11.943606!4d108.4344565!16s%2Fg%2F11rk8yqyth!19sChIJRXooay4TcTERNdsNPe98gjQ?authuser=0&hl=en&rclk=1,https://www.felizdalathomestay.com/
attraction00400,The GrandView Villa,the grandview,hotel,"3B Đ. Trịnh Hoài Đức, Phường 11, Đà Lạt, Lâm Đồng 670000",Đà Lạt,da lat,11.9446434,108.4792209,0355 888 066 ,0,,4.8,Attraction,Attraction,https://www.google.com/maps/place/The+GrandView+Villa/data=!4m7!3m6!1s0x31711379fc053ce9:0x3b5074690dd4fa1d!8m2!3d11.9446434!4d108.4792209!16s%2Fg%2F11vdb534lg!19sChIJ6TwF_HkTcTERHfrUDWl0UDs?authuser=0&hl=en&rclk=1,https://www.facebook.com/gvvillada/
attraction00401,THEJ Hidden Arcade Cocktail Bar,thej hid arcade cocktail bar,temple,"91D Nguyễn Văn Trỗi, Phường 2, Đà Lạt, Lâm Đồng 670000",Đà Lạt,da lat,11.9487941,108.4375533,0822 141 330 ,0,,5.0,Attraction,Attraction,https://www.google.com/maps/place/THEJ+Hidden+Arcade+Cocktail+Bar/data=!4m7!3m6!1s0x317113162a6599b5:0x4adf38462778a16a!8m2!3d11.9487941!4d108.4375533!16s%2Fg%2F11vs11dxm8!19sChIJtZllKhYTcTERaqF4J0Y430o?authuser=0&hl=en&rclk=1,https://www.facebook.com/profile.php?id=61556110794186
attraction00402,GO! Da Lat,go da lat,island,"Lâm Viên Square, Đ. Trần Quốc Toản, Phường 10, Đà Lạt, Lâm Đồng",Đà Lạt,da lat,11.9381646,108.4448027,0263 3545 088 ,0,,4.2,Attraction,Attraction,https://www.google.com/maps/place/GO!+Da+Lat/data=!4m7!3m6!1s0x31711324cc1c7593:0xf5f9cd223eca9770!8m2!3d11.9381646!4d108.4448027!16s%2Fg%2F1ptyc_5nf!19sChIJk3UczCQTcTERcJfKPiLN-fU?authuser=0&hl=en&rclk=1,https://go-vietnam.vn/
attraction00403,California Hotel,california,hotel,"A28 Nguyễn Hữu Cảnh, Phường 8, Đà Lạt, Lâm Đồng",Đà Lạt,da lat,11.9688616,108.4416162,0263 2200 899 ,0,,4.9,Attraction,Attraction,https://www.google.com/maps/place/California+Hotel/data=!4m7!3m6!1s0x317113d478effe8f:0xb265f7debb580e02!8m2!3d11.9688616!4d108.4416162!16s%2Fg%2F11tfwrgp6g!19sChIJj_7veNQTcTERAg5Yu973ZbI?authuser=0&hl=en&rclk=1,https://www.facebook.com/profile.php?id=100087078666591
attraction00404,The Balcony Cocktail Bar DaLat,the balcony cocktail bar dalat,,"2a Quang Trung, Phường 10, Đà Lạt, Lâm Đồng",Đà Lạt,da lat,11.9433773,108.4560212,0778 638 961 ,0,,4.9,Attraction,Attraction,https://www.google.com/maps/place/The+Balcony+Cocktail+Bar+DaLat/data=!4m7!3m6!1s0x3171136d3a44a14b:0x528718c83a1d1a1f!8m2!3d11.9433773!4d108.4560212!16s%2Fg%2F11j085ydx5!19sChIJS6FEOm0TcTERHxodOsgYh1I?authuser=0&hl=en&rclk=1,https://www.facebook.com/thebalcony.speakeasybar/
attraction00405,Gemination Eatery & Bar Da Lat,gemination bar da lat,restaurant,"24 Đường Trương Công Định, Phường 1, Đà Lạt, Lâm Đồng",Đà Lạt,da lat,11.9436277,108.4350645,0868 879 499 ,0,,4.9,Attraction,Attraction,https://www.google.com/maps/place/Gemination+Eatery+%26+Bar+Da+Lat/data=!4m7!3m6!1s0x317113ab467883d1:0x96698c1013dff24c!8m2!3d11.9436277!4d108.4350645!16s%2Fg%2F11kjlk3_sf!19sChIJ0YN4RqsTcTERTPLfExCMaZY?authuser=0&hl=en&rclk=1,http://gemination.vn/
attraction00406,Bao Dai Palace 1,bao dai palace 1,,"Palace I, Trần Quang Diệu, Phường 10, Đà Lạt, Lâm Đồng",Đà Lạt,da lat,11.9443357,108.4697101,,0,,4.3,Attraction,Attraction,https://www.google.com/maps/place/Bao+Dai+Palace+1/data=!4m7!3m6!1s0x31711301835b2d11:0x8774cdd7f796e29a!8m2!3d11.9443357!4d108.4697101!16s%2Fg%2F1w4f5lr4!19sChIJES1bgwETcTERmuKW99fNdIc?authuser=0&hl=en&rclk=1,http://dinhbaodai.com/
attraction00407,Thác hang cọp,hang cop,waterfall,"ấp Túy Sơn, Da Lat, Lam Dong",Lam Dong,lam dong,11.949305,108.5479467,,0,,3.9,Attraction,Attraction,https://www.google.com/maps/place/Th%C3%A1c+hang+c%E1%BB%8Dp/data=!4m7!3m6!1s0x317111a2889c1d17:0x6e09c4233a4297b2!8m2!3d11.949305!4d108.5479467!16s%2Fg%2F121jnq2d!19sChIJFx2ciKIRcTERspdCOiPECW4?authuser=0&hl=en&rclk=1,
attraction00408,Ho Chi Minh Museum,chi minh museum,lake,"19 P. Ngọc Hà, Đội Cấn, Ba Đình, Hà Nội 100000",Hà Nội,ha noi,21.0356409,105.8326631,024 3845 5435 ,40000,₫40000,4.2,Historical,Attraction,https://www.google.com/maps/place/Ho+Chi+Minh+Museum/data=!4m7!3m6!1s0x3135aba02e1deb6f:0x949d893f040b49d1!8m2!3d21.0356409!4d105.8326631!16s%2Fm%2F03m5z77!19sChIJb-sdLqCrNTER0UkLBD-JnZQ?authuser=0&hl=en&rclk=1,https://baotanghochiminh.vn/
attraction00409,Ho Chi Minh’s Stilt House,chi minh s stilt use,lake,"1 Đ. Hoàng Hoa Thám, Đội Cấn, Ba Đình, Hà Nội",Hà Nội,ha noi,21.0381582,105.8331705,080 44287 ,0,,4.5,Historical,Attraction,https://www.google.com/maps/place/Ho+Chi+Minh%E2%80%99s+Stilt+House/data=!4m7!3m6!1s0x3135aba6cb40909b:0x15d0fe7c07f55c3b!8m2!3d21.0381582!4d105.8331705!16s%2Fg%2F12xq69yv7!19sChIJm5BAy6arNTERO1z1B3z-0BU?authuser=0&hl=en&rclk=1,
attraction00410,Ho Chi Minh's Mausoleum,chi minh s mausoleum,lake,"1 Hùng Vương, Điện Biên, Ba Đình, Hà Nội",Hà Nội,ha noi,21.0368973,105.8346667,,0,,4.5,Historical,Attraction,https://www.google.com/maps/place/Ho+Chi+Minh%27s+Mausoleum/data=!4m7!3m6!1s0x3135aba15ec15d17:0x620e85c2cfe14d4c!8m2!3d21.0368973!4d105.8346667!16s%2Fm%2F02xbhg7!19sChIJF13BXqGrNTERTE3hz8KFDmI?authuser=0&hl=en&rclk=1,https://www.bqllang.gov.vn/
attraction00411,Quảng trường Ba Đình,ba dinh,square,"2RPM+3WH, Hùng Vương, Điện Biên, Ba Đình, Hà Nội",Hà Nội,ha noi,21.0351851,105.8348459,,0,,4.7,Historical,Attraction,https://www.google.com/maps/place/Qu%E1%BA%A3ng+tr%C6%B0%E1%BB%9Dng+Ba+%C4%90%C3%ACnh/data=!4m7!3m6!1s0x3135ab0078b06349:0xb95635c3691034f0!8m2!3d21.0351851!4d105.8348459!16s%2Fg%2F11xsk63rqx!19sChIJSWOweACrNTER8DQQacM1Vrk?authuser=0&hl=en&rclk=1,
attraction00412,Hồ B52,b52,lake,"2RQG+5Q9, Hồ B52, Ngọc Hồ, Ba Đình, Hà Nội",Hà Nội,ha noi,21.037924,105.8269902,,0,,4.0,Historical,Attraction,https://www.google.com/maps/place/H%E1%BB%93+B52/data=!4m7!3m6!1s0x3135ab00546ef5b1:0xf7c8e860b7e98c2a!8m2!3d21.037924!4d105.8269902!16s%2Fg%2F11xz3s2shb!19sChIJsfVuVACrNTERKozpt2DoyPc?authuser=0&hl=en&rclk=1,
attraction00413,Revolutionary Relic D67 Building and Bunker,revolutionary relic d67 building and bunker,,"2RPR+W5H, Quán Thánh, Ba Đình, Hà Nội",Hà Nội,ha noi,21.037315,105.8404741,,0,,4.8,Historical,Attraction,https://www.google.com/maps/place/Revolutionary+Relic+D67+Building+and+Bunker/data=!4m7!3m6!1s0x3135ab0058cc7b29:0xedec256c896dda57!8m2!3d21.037315!4d105.8404741!16s%2Fg%2F11y2c4yff6!19sChIJKXvMWACrNTERV9ptiWwl7O0?authuser=0&hl=en&rclk=1,http://www.baotangvietnam.com/
attraction00414,Imperial Citadel of Thang Long,imperial citadel of thang long,,"19c Hoàng Diệu, Điện Biên, Ba Đình, Hà Nội 100000",Hà Nội,ha noi,21.0352231,105.8402594,024 3734 5427 ,100000,₫100000,4.4,Historical,Attraction,https://www.google.com/maps/place/Imperial+Citadel+of+Thang+Long/data=!4m7!3m6!1s0x3135aba3381d7c49:0xb521a7d98f582937!8m2!3d21.0352231!4d105.8402594!16s%2Fm%2F05zw9vk!19sChIJSXwdOKOrNTERNylYj9mnIbU?authuser=0&hl=en&rclk=1,https://hoangthanhthanglong.vn/
attraction00415,Bãi đỗ xe lăng bác,bai do xe lang bac,island,"14/31/108 P. Ngọc Hà, Tổ 3B, Ba Đình, Hà Nội",Hà Nội,ha noi,21.035708,105.831484,,0,,4.8,Historical,Attraction,https://www.google.com/maps/place/B%C3%A3i+%C4%91%E1%BB%97+xe+l%C4%83ng+b%C3%A1c/data=!4m7!3m6!1s0x3135ab0006861a7b:0x1a2e0bb4c3f89d0e!8m2!3d21.035708!4d105.831484!16s%2Fg%2F11x8hn2vy3!19sChIJexqGBgCrNTERDp34w7QLLho?authuser=0&hl=en&rclk=1,
attraction00416,Hanoi Flagtower,hanoi flag,tower,"28A Điện Biên Phủ, Điện Biên, Ba Đình, Hà Nội",Hà Nội,ha noi,21.0325556,105.8398039,024 3734 5427 ,1269008,₫1269008,4.5,Historical,Attraction,https://www.google.com/maps/place/Hanoi+Flagtower/data=!4m7!3m6!1s0x3135aba2ba5b95c5:0xb86cf11749978de0!8m2!3d21.0325556!4d105.8398039!16zL20vMGY0cXQ4!19sChIJxZVbuqKrNTER4I2XSRfxbLg?authuser=0&hl=en&rclk=1,http://hoangthanhthanglong.com/
attraction00417,Phố Hàng Quạt,p hang quat,lake,"2 P. Tố Tịch, Hàng Gai, Hoàn Kiếm, Hà Nội",Hà Nội,ha noi,21.032938,105.8500103,,0,,4.7,Historical,Attraction,https://www.google.com/maps/place/Ph%E1%BB%91+H%C3%A0ng+Qu%E1%BA%A1t/data=!4m7!3m6!1s0x3135ab9eff1bb1cf:0xe09393cd963791e!8m2!3d21.032938!4d105.8500103!16s%2Fg%2F11r2jc756j!19sChIJz7Eb_56rNTERHnlj2Tw5CQ4?authuser=0&hl=en&rclk=1,
attraction00418,Văn Phòng Trung Ương Đảng,van png trung uong dang,lake,"18 Bà Huyện Thanh Quan, Điện Biên, Ba Đình, Hà Nội",Hà Nội,ha noi,21.0344062,105.8354606,,0,,5.0,Historical,Attraction,https://www.google.com/maps/place/V%C4%83n+Ph%C3%B2ng+Trung+%C6%AF%C6%A1ng+%C4%90%E1%BA%A3ng/data=!4m7!3m6!1s0x3135ab5940fc25c5:0xc2d4f69173108207!8m2!3d21.0344062!4d105.8354606!16s%2Fg%2F11v4_5kct_!19sChIJxSX8QFmrNTERB4IQc5H21MI?authuser=0&hl=en&rclk=1,
attraction00419,Hung Vuong – Tran Phu Intersection,hung vuong tran phu intersection,,"W2JR+3W, Yên Thổ, Yên Mỹ, Hưng Yên",Hưng Yên,hung yen,21.0320697,105.8343951,,0,,4.8,Historical,Attraction,https://www.google.com/maps/place/Hung+Vuong+%E2%80%93+Tran+Phu+Intersection/data=!4m7!3m6!1s0x3135ab001f81a765:0xfffb1ad7a067bc0c!8m2!3d21.0320697!4d105.8343951!16s%2Fg%2F11xt4s79xs!19sChIJZaeBHwCrNTERDLxnoNca-_8?authuser=0&hl=en&rclk=1,
attraction00420,Di tích Cửa Bắc-Hà Nội,di tich cua bac ha noi,pagoda,"Cửa Bắc, 46 P. Phan Đình Phùng, Quán Thánh, Ba Đình, Hà Nội",Hà Nội,ha noi,21.0405472,105.8410016,,0,,4.5,Historical,Attraction,https://www.google.com/maps/place/Di+t%C3%ADch+C%E1%BB%ADa+B%E1%BA%AFc-H%C3%A0+N%E1%BB%99i/data=!4m7!3m6!1s0x3135abbad46fffff:0xc82ebac0a5dda0c3!8m2!3d21.0405472!4d105.8410016!16s%2Fg%2F1222zn1w!19sChIJ__9v1LqrNTERw6DdpcC6Lsg?authuser=0&hl=en&rclk=1,
attraction00421,Di sản xanh,di san xanh,,"Mỹ Đình, Ba Đình, Hanoi 100000",Hanoi,ha noi,21.0328276,105.8307561,0818 331 264 ,0,,,Historical,Attraction,https://www.google.com/maps/place/Di+s%E1%BA%A3n+xanh/data=!4m7!3m6!1s0x3135ab09e979db17:0x9a1ec76ff8435037!8m2!3d21.0328276!4d105.8307561!16s%2Fg%2F11v0gcqc3b!19sChIJF9t56QmrNTERN1BD-G_HHpo?authuser=0&hl=en&rclk=1,
attraction00422,Constellation of Literature Pavilion,constellation of literature pavilion,,"2RHP+4FP, P.Tôn Đức Thắng, Văn Miếu – Quốc Tử Giám, Đống Đa, Hà Nội",Hà Nội,ha noi,21.0286002,105.8358472,,0,,,Historical,Attraction,https://www.google.com/maps/place/Constellation+of+Literature+Pavilion/data=!4m7!3m6!1s0x3135ab1eb8237511:0xd2fdb84e0698d4be!8m2!3d21.0286002!4d105.8358472!16s%2Fg%2F11vt1vw_f6!19sChIJEXUjuB6rNTERvtSYBk64_dI?authuser=0&hl=en&rclk=1,
attraction00423,Ô Quan Chưởng,o quan chuong,,"4 P. Hàng Chiếu, Đồng Xuân, Hoàn Kiếm, Hà Nội",Hà Nội,ha noi,21.0373115,105.8521155,,0,,,Historical,Attraction,https://www.google.com/maps/place/%C3%94+Quan+Ch%C6%B0%E1%BB%9Fng/data=!4m7!3m6!1s0x3135abd9b9d9be6f:0x3ba2056f9853dbf0!8m2!3d21.0373115!4d105.8521155!16s%2Fg%2F11t5x6hgng!19sChIJb77ZudmrNTER8NtTmG8Fojs?authuser=0&hl=en&rclk=1,
attraction00424,Khu Khảo Cổ Hoàng Thành Thăng Long,khu khao co ang thanh thang long,lake,"18 Hoàng Diệu, Quán Thánh, Ba Đình, Hà Nội",Hà Nội,ha noi,21.0366236,105.83929,024 3734 5427 ,0,,,Historical,Attraction,https://www.google.com/maps/place/Khu+Kh%E1%BA%A3o+C%E1%BB%95+Ho%C3%A0ng+Th%C3%A0nh+Th%C4%83ng+Long/data=!4m7!3m6!1s0x3135ab83c83d3565:0x457ecb7931c6f9bc!8m2!3d21.0366236!4d105.83929!16s%2Fg%2F11mvm9qs9h!19sChIJZTU9yIOrNTERvPnGMXnLfkU?authuser=0&hl=en&rclk=1,https://hoangthanhthanglong.com/gioi-thieu/
attraction00425,General Command Headquarters Bunker,general command headquarters bunker,,"4c30b ngõ 82 hoàng đạo thành, kim giang, Ba Đình",Ba Đình,ba dinh,21.0361233,105.8400495,,0,,,Historical,Attraction,https://www.google.com/maps/place/General+Command+Headquarters+Bunker/data=!4m7!3m6!1s0x3135ab4def21523b:0x6f7832e5e212f262!8m2!3d21.0361233!4d105.8400495!16s%2Fg%2F11flb__1ss!19sChIJO1Ih702rNTERYvIS4uUyeG8?authuser=0&hl=en&rclk=1,
attraction00426,Tháp Nước Hàng Đậu,nuoc hang dau,tower,"Bốt Hàng Đậu, Quán Thánh, Ba Đình, Hà Nội",Hà Nội,ha noi,21.0401167,105.8474541,,0,,,Historical,Attraction,https://www.google.com/maps/place/Tha%CC%81p+N%C6%B0%C6%A1%CC%81c+Ha%CC%80ng+%C4%90%C3%A2%CC%A3u/data=!4m7!3m6!1s0x3135ab0015881f5d:0xde25d7433add5d3c!8m2!3d21.0401167!4d105.8474541!16s%2Fg%2F11x5cz_d1y!19sChIJXR-IFQCrNTERPF3dOkPXJd4?authuser=0&hl=en&rclk=1,
attraction00427,Di tích cổng trại Bảo an binh,di tich cong trai bao an binh,,"40a P. Hàng Bài, Hàng Bài, Hoàn Kiếm, Hà Nội",Hà Nội,ha noi,21.0218158,105.8523337,,0,,4.7,Historical,Attraction,https://www.google.com/maps/place/Di+t%C3%ADch+c%E1%BB%95ng+tr%E1%BA%A1i+B%E1%BA%A3o+an+binh/data=!4m7!3m6!1s0x3135abc8e028789b:0x9df343fe1e3644bf!8m2!3d21.0218158!4d105.8523337!16s%2Fg%2F11v5f0_nlp!19sChIJm3go4MirNTERv0Q2Hv5D850?authuser=0&hl=en&rclk=1,
attraction00428,Kinh Thien Palace,kinh thien palace,,"9 Hoàng Diệu, Quán Thánh, Ba Đình, Hà Nội",Hà Nội,ha noi,21.0367807,105.8403694,024 3734 5427 ,0,,4.4,Historical,Attraction,https://www.google.com/maps/place/Kinh+Thien+Palace/data=!4m7!3m6!1s0x3135aba3541f3db9:0x41a629af5eb60451!8m2!3d21.0367807!4d105.8403694!16s%2Fg%2F1q67mjsm2!19sChIJuT0fVKOrNTERUQS2Xq8ppkE?authuser=0&hl=en&rclk=1,
attraction00429,John McCain Memorial,john mccain memorial,,"7 Thanh Niên, Trúc Bạch, Ba Đình, Hà Nội",Hà Nội,ha noi,21.0469148,105.8369125,,1711060,₫1711060,4.3,Historical,Attraction,https://www.google.com/maps/place/John+McCain+Memorial/data=!4m7!3m6!1s0x3135abaee4578d97:0x98e7d1e72aa62aa4!8m2!3d21.0469148!4d105.8369125!16s%2Fg%2F11c1r2kdj8!19sChIJl41X5K6rNTERpCqmKufR55g?authuser=0&hl=en&rclk=1,http://www.vietnammustsee.com/
attraction00430,Cột cờ Bộ Quốc phòng,cot co bo quoc png,lake,"2RPV+Q5F, Quán Thánh, Ba Đình, Hà Nội",Hà Nội,ha noi,21.0369465,105.8429263,,0,,4.5,Historical,Attraction,https://www.google.com/maps/place/C%E1%BB%99t+c%E1%BB%9D+B%E1%BB%99+Qu%E1%BB%91c+ph%C3%B2ng/data=!4m7!3m6!1s0x3135ab000f3d4c81:0x16630318c39cf3d5!8m2!3d21.0369465!4d105.8429263!16s%2Fg%2F11lv8fjq4k!19sChIJgUw9DwCrNTER1fOcwxgDYxY?authuser=0&hl=en&rclk=1,http://www.boquocphong.com/
attraction00431,The People Square,the people,square,"12 P. Lê Thái Tổ, Hàng Trống, Hoàn Kiếm, Hà Nội 100000",Hà Nội,ha noi,21.029694,105.851178,,0,,4.0,Historical,Attraction,https://www.google.com/maps/place/The+People+Square/data=!4m7!3m6!1s0x3135ab0014afbccd:0xd15a348e001eba6c!8m2!3d21.029694!4d105.851178!16s%2Fg%2F11mcf8pj2c!19sChIJzbyvFACrNTERbLoeAI40WtE?authuser=0&hl=en&rclk=1,
attraction00432,Khu Thái Học - Thai Hoc Building,khu thai c thai c building,lake,"2RJP+2H7, 58 P. Văn Miếu, Văn Miếu – Quốc Tử Giám, Đống Đa, Hà Nội",Hà Nội,ha noi,21.0299908,105.8364262,,0,,5.0,Historical,Attraction,https://www.google.com/maps/place/Khu+Th%C3%A1i+H%E1%BB%8Dc+-+Thai+Hoc+Building/data=!4m7!3m6!1s0x3135ab00475819af:0x6148054ddfc7ee93!8m2!3d21.0299908!4d105.8364262!16s%2Fg%2F11x0pl75sh!19sChIJrxlYRwCrNTERk-7H300FSGE?authuser=0&hl=en&rclk=1,
attraction00433,Cổng làng Cốm Vòng,cong lang com vong,,"2QMQ+WJV, Ngh. 44/47 Trần Thái Tông, Dịch Vọng Hậu, Cầu Giấy, Hà Nội",Hà Nội,ha noi,21.0348664,105.789049,,0,,4.5,Historical,Attraction,https://www.google.com/maps/place/C%E1%BB%95ng+l%C3%A0ng+C%E1%BB%91m+V%C3%B2ng/data=!4m7!3m6!1s0x3135ab66b9ab1593:0x6fdf1d25b8992314!8m2!3d21.0348664!4d105.789049!16s%2Fg%2F11f9_s7k50!19sChIJkxWruWarNTERFCOZuCUd328?authuser=0&hl=en&rclk=1,
attraction00434,Di tích Bắc Bộ phủ,di tich bac bo phu,,"2 P. Lê Thạch, Tràng Tiền, Hoàn Kiếm, Hà Nội",Hà Nội,ha noi,21.0266692,105.8553173,,0,,4.5,Historical,Attraction,https://www.google.com/maps/place/Di+t%C3%ADch+B%E1%BA%AFc+B%E1%BB%99+ph%E1%BB%A7/data=!4m7!3m6!1s0x3135ab006b0bdd01:0x656585d93e625433!8m2!3d21.0266692!4d105.8553173!16s%2Fg%2F11lc_z2k1b!19sChIJAd0LawCrNTERM1RiPtmFZWU?authuser=0&hl=en&rclk=1,
attraction00435,Statue of Lenin,statue of lenin,,"28A Điện Biên Phủ, Điện Biên, Ba Đình, Hà Nội 100000",Hà Nội,ha noi,21.0316838,105.8394108,,0,,4.5,Historical,Attraction,https://www.google.com/maps/place/Statue+of+Lenin/data=!4m7!3m6!1s0x3135aba2a076d347:0x27126a0324bc8a34!8m2!3d21.0316838!4d105.8394108!16s%2Fg%2F1pxyq7s39!19sChIJR9N2oKKrNTERNIq8JANqEic?authuser=0&hl=en&rclk=1,
attraction00436,"Văn Miếu, Quốc Tử Giám",van mieu quoc tu giam,,"58 Quốc Tử Giám, Văn Miếu – Quốc Tử Giám, Đống Đa, Hà Nội",Hà Nội,ha noi,21.0272253,105.8361164,,0,,,Historical,Attraction,"https://www.google.com/maps/place/V%C4%83n+Mi%E1%BA%BFu,+Qu%E1%BB%91c+T%E1%BB%AD+Gi%C3%A1m/data=!4m7!3m6!1s0x3135ab000c09e8d3:0x89f358f7e2ab0e6f!8m2!3d21.0272253!4d105.8361164!16s%2Fg%2F11yjzvvlq2!19sChIJ0-gJDACrNTERbw6r4vdY84k?authuser=0&hl=en&rclk=1",
attraction00437,Thọ Quạt cổ,t quat co,lake,"32-36 P. Bát Đàn, Hàng Bồ, Hoàn Kiếm, Hà Nội 10000",Hà Nội,ha noi,21.0336757,105.8469334,,0,,5.0,Historical,Attraction,https://www.google.com/maps/place/Th%E1%BB%8D+Qua%CC%A3t+c%E1%BB%95/data=!4m7!3m6!1s0x3135ab005232ebb7:0x776a4f028271475e!8m2!3d21.0336757!4d105.8469334!16s%2Fg%2F11xl8fh6cj!19sChIJt-syUgCrNTERXkdxggJPanc?authuser=0&hl=en&rclk=1,
attraction00438,King Le Thai To's Temple,king le thai to s,temple,"16 P. Lê Thái Tổ, Hàng Trống, Hoàn Kiếm, Hà Nội",Hà Nội,ha noi,21.0290707,105.8511209,,0,,4.6,Cultural,Attraction,https://www.google.com/maps/place/King+Le+Thai+To%27s+Temple/data=!4m7!3m6!1s0x3135ab95411e1cb5:0xd80559c71b13f374!8m2!3d21.0290707!4d105.8511209!16s%2Fg%2F11btrqr8j4!19sChIJtRweQZWrNTERdPMTG8dZBdg?authuser=0&hl=en&rclk=1,https://www.facebook.com/VuaLeThaiTo
attraction00439,Đình Làng Thổ Quan,dinh lang t quan,lake,"2R8M+FV8, Ng. Quan Thổ 1, phố. tỉnh, Đống Đa, Hà Nội",Hà Nội,ha noi,21.016154,105.8346961,,0,,4.3,Historical,Attraction,https://www.google.com/maps/place/%C4%90%C3%ACnh+L%C3%A0ng+Th%E1%BB%95+Quan/data=!4m7!3m6!1s0x3135ab838b2d54a7:0x6100df49d22941e5!8m2!3d21.016154!4d105.8346961!16s%2Fg%2F1jkwghttq!19sChIJp1Qti4OrNTER5UEp0knfAGE?authuser=0&hl=en&rclk=1,
attraction00440,Martyrs’ Monument,martyrs monument,,"87 P. Lò Sũ, Lý Thái Tổ, Hoàn Kiếm, Hà Nội",Hà Nội,ha noi,21.0310407,105.8537523,,0,,4.3,Historical,Attraction,https://www.google.com/maps/place/Martyrs%E2%80%99+Monument/data=!4m7!3m6!1s0x3135ab0053f99b77:0x8af4e697ab982a6c!8m2!3d21.0310407!4d105.8537523!16s%2Fg%2F11ydg6r19r!19sChIJd5v5UwCrNTERbCqYq5fm9Io?authuser=0&hl=en&rclk=1,
attraction00441,Hanoi Historic Point - Ancient gate of hôpital vétérinaire de l'Indochine,hanoi historic point ancient gate of pital veterinaire de l indochine,lake,"2V74+PWP, Nguyễn Công Trứ, Phạm Đình Hổ, Hai Bà Trưng, Hà Nội",Hà Nội,ha noi,21.0143371,105.8573206,,0,,5.0,Historical,Attraction,https://www.google.com/maps/place/Hanoi+Historic+Point+-+Ancient+gate+of+h%C3%B4pital+v%C3%A9t%C3%A9rinaire+de+l%27Indochine/data=!4m7!3m6!1s0x3135abbbfef7aa77:0xd1b7ec2fa30a1453!8m2!3d21.0143371!4d105.8573206!16s%2Fg%2F11mqvm0qd2!19sChIJd6r3_rurNTERUxQKoy_st9E?authuser=0&hl=en&rclk=1,
attraction00442,Villa Đội Cấn,doi can,hotel,"ngách 101 Ng. 285 P. Đội Cấn, Liễu Giai, Ba Đình, Hà Nội 100000",Hà Nội,ha noi,21.037665,105.818538,,0,,3.0,Historical,Attraction,https://www.google.com/maps/place/Villa+%C4%90%E1%BB%99i+C%E1%BA%A5n/data=!4m7!3m6!1s0x3135ab905e4b47fd:0xee8c4de3ce75c237!8m2!3d21.037665!4d105.818538!16s%2Fg%2F11r60kdbmf!19sChIJ_UdLXpCrNTERN8J1zuNNjO4?authuser=0&hl=en&rclk=1,
attraction00443,Hanoi Old Quarter,hanoi old quarter,,"P. Hàng Ngang, Hàng Đào, Hoàn Kiếm, Hà Nội 100000",Hà Nội,ha noi,21.034059,105.8506368,,499893,₫499893,4.6,Historical,Attraction,https://www.google.com/maps/place/Hanoi+Old+Quarter/data=!4m7!3m6!1s0x3135abbe12384aa7:0x595317f27fe2548e!8m2!3d21.034059!4d105.8506368!16s%2Fg%2F11b8tc18h5!19sChIJp0o4Er6rNTERjlTif_IXU1k?authuser=0&hl=en&rclk=1,
attraction00444,Bac Son Monument,bac son monument,,"2RPQ+CF5, Hoàng Diệu, Điện Biên, Ba Đình, Hà Nội",Hà Nội,ha noi,21.0360142,105.8387309,,0,,4.6,Historical,Attraction,https://www.google.com/maps/place/Bac+Son+Monument/data=!4m7!3m6!1s0x3135aba312d96263:0x3707546d28eeff5c!8m2!3d21.0360142!4d105.8387309!16s%2Fg%2F11c6vvrmpl!19sChIJY2LZEqOrNTERXP_uKG1UBzc?authuser=0&hl=en&rclk=1,
attraction00445,Tháp Hoà Phong,thap a png,lake,"33 Đinh Tiên Hoàng, Hàng Trống, Hoàn Kiếm, Hà Nội",Hà Nội,ha noi,21.0265556,105.8533333,,0,,5.0,Cultural,Attraction,https://www.google.com/maps/place/Th%C3%A1p+Ho%C3%A0+Phong/data=!4m7!3m6!1s0x3135ab00489f56ef:0x891c2a2f1419f1c2!8m2!3d21.0265556!4d105.8533333!16s%2Fg%2F11ykvvtzp4!19sChIJ71afSACrNTERwvEZFC8qHIk?authuser=0&hl=en&rclk=1,
attraction00446,Nhà Tưởng Niệm Liệt Sỹ Phường Quán Thánh,nha tuong niem liet sy phuong quan thanh,,"196 P. Quán Thánh, Quán Thánh, Ba Đình, Hà Nội",Hà Nội,ha noi,21.042913,105.837011,,0,,4.4,Historical,Attraction,https://www.google.com/maps/place/Nh%C3%A0+T%C6%B0%E1%BB%9Fng+Ni%E1%BB%87m+Li%E1%BB%87t+S%E1%BB%B9+Ph%C6%B0%E1%BB%9Dng+Qu%C3%A1n+Th%C3%A1nh/data=!4m7!3m6!1s0x3135aba5ed2b0a63:0x8b2ef716cd75c85e!8m2!3d21.042913!4d105.837011!16s%2Fg%2F1jkwm2hgg!19sChIJYwor7aWrNTERXsh1zRb3Los?authuser=0&hl=en&rclk=1,
attraction00447,Ô Đống Mác,o dong mac,,"2V56+P93, Đồng Nhân, Hai Bà Trưng, Hà Nội",Hà Nội,ha noi,21.0092552,105.8609319,,0,,4.2,Historical,Attraction,https://www.google.com/maps/place/%C3%94+%C4%90%E1%BB%91ng+M%C3%A1c/data=!4m7!3m6!1s0x3135abf656c1742f:0xb4340279353dce7f!8m2!3d21.0092552!4d105.8609319!16s%2Fg%2F1q5bnhz5x!19sChIJL3TBVvarNTERf849NXkCNLQ?authuser=0&hl=en&rclk=1,
attraction00448,Cổng Làng Mễ Trì Thượng,cong lang me tri thuong,,"2Q3H+CQP, Mễ Trì Thượng, Mễ Trì, Nam Từ Liêm, Hà Nội",Hà Nội,ha noi,21.00359,105.7794658,,0,,4.7,Historical,Attraction,https://www.google.com/maps/place/C%E1%BB%95ng+L%C3%A0ng+M%E1%BB%85+Tr%C3%AC+Th%C6%B0%E1%BB%A3ng/data=!4m7!3m6!1s0x313453007b97d997:0x374dc5686b69e448!8m2!3d21.00359!4d105.7794658!16s%2Fg%2F11wqb4s73v!19sChIJl9mXewBTNDERSORpa2jFTTc?authuser=0&hl=en&rclk=1,
attraction00449,Statue of Dinh Van Thang,statue of dinh van thang,,"1 P. Triệu Quốc Đạt, Hàng Bông, Hoàn Kiếm, Hà Nội",Hà Nội,ha noi,21.0267353,105.8471927,,0,,,Historical,Attraction,https://www.google.com/maps/place/Statue+of+Dinh+Van+Thang/data=!4m7!3m6!1s0x3135ab943be2ad2f:0x18ae4ab58643b412!8m2!3d21.0267353!4d105.8471927!16s%2Fg%2F11c4mcthmh!19sChIJL63iO5SrNTERErRDhrVKrhg?authuser=0&hl=en&rclk=1,
attraction00450,Cây đa đền Bà Kiệu,cay da ba kieu,temple,"87 P. Lò Sũ, Lý Thái Tổ, Hoàn Kiếm, Hà Nội",Hà Nội,ha noi,21.0310448,105.8535739,,0,,4.8,Cultural,Attraction,https://www.google.com/maps/place/C%C3%A2y+%C4%91a+%C4%91%E1%BB%81n+B%C3%A0+Ki%E1%BB%87u/data=!4m7!3m6!1s0x3135ab001e9d63c1:0xe7e92b3b870e4c00!8m2!3d21.0310448!4d105.8535739!16s%2Fg%2F11wjkshsgf!19sChIJwWOdHgCrNTERAEwOhzsr6ec?authuser=0&hl=en&rclk=1,
attraction00451,LĂNG PHÙNG HƯNG,lang phung hung,,"Đền thờ Phùng Hưng, P. Giảng Võ, Kim Mã, Đống Đa, Hà Nội",Hà Nội,ha noi,21.0312839,105.8289344,0359 013 687 ,0,,4.7,Historical,Attraction,https://www.google.com/maps/place/L%C4%82NG+PH%C3%99NG+H%C6%AFNG/data=!4m7!3m6!1s0x3135ab755f1243fb:0xaf8929b8b26f993a!8m2!3d21.0312839!4d105.8289344!16s%2Fg%2F12vr8l5kt!19sChIJ-0MSX3WrNTEROplvsrgpia8?authuser=0&hl=en&rclk=1,
attraction00452,Di tích Pháo đài Láng,di tich phao dai lang,,"Ngõ 14 P. Pháo Đài Láng, Láng Thượng, Đống Đa, Hà Nội",Hà Nội,ha noi,21.0208537,105.8062755,,0,,4.7,Historical,Attraction,https://www.google.com/maps/place/Di+t%C3%ADch+Ph%C3%A1o+%C4%91%C3%A0i+L%C3%A1ng/data=!4m7!3m6!1s0x3135abb9981dd3a3:0x577fcc0098d12594!8m2!3d21.0208537!4d105.8062755!16s%2Fg%2F11h90xmv6y!19sChIJo9MdmLmrNTERlCXRmADMf1c?authuser=0&hl=en&rclk=1,
attraction00453,Old Supreme Court,old supreme court,,"Vườn hoa Công lý, 43 P. Hai Bà Trưng, Trần Hưng Đạo, Hoàn Kiếm, Hà Nội",Hà Nội,ha noi,21.0249776,105.8471339,,0,,4.0,Historical,Attraction,https://www.google.com/maps/place/Old+Supreme+Court/data=!4m7!3m6!1s0x3135abc7d7c13ac9:0x581302f410eb16f0!8m2!3d21.0249776!4d105.8471339!16s%2Fg%2F11kpj2jbf4!19sChIJyTrB18erNTER8BbrEPQCE1g?authuser=0&hl=en&rclk=1,
attraction00454,Cây đa Bác Hồ,cay da bac,lake,"117 Đ. Đại Cồ Việt, Bách Khoa, Hai Bà Trưng, Hà Nội",Hà Nội,ha noi,21.0081369,105.8423696,,0,,5.0,Historical,Attraction,https://www.google.com/maps/place/C%C3%A2y+%C4%91a+B%C3%A1c+H%E1%BB%93/data=!4m7!3m6!1s0x3135ad00406a1bc3:0x65861132147ff1c2!8m2!3d21.0081369!4d105.8423696!16s%2Fg%2F11yccg70cv!19sChIJwxtqQACtNTERwvF_FDIRhmU?authuser=0&hl=en&rclk=1,
attraction00455,Sân bay Bạch Mai (cũ),san bay bach mai cu,beach,"XRWJ+MX8, Khương Mai, Thanh Xuân, Hà Nội",Hà Nội,ha noi,20.9966541,105.8324555,,0,,,Historical,Attraction,https://www.google.com/maps/place/S%C3%A2n+bay+B%E1%BA%A1ch+Mai+%28c%C5%A9%29/data=!4m7!3m6!1s0x3135ad006426a8f3:0x63c10ace6f2b462d!8m2!3d20.9966541!4d105.8324555!16s%2Fg%2F11xw2cyjjh!19sChIJ86gmZACtNTERLUYrb84KwWM?authuser=0&hl=en&rclk=1,
attraction00456,Tượng đài Cảm Tử,tuong dai cam tu,,"2VJ3+CC, French Quarter, Hoàn Kiếm, Hà Nội",Hà Nội,ha noi,21.0310382,105.8537546,0934 224 310 ,0,,,Historical,Attraction,https://www.google.com/maps/place/T%C6%B0%E1%BB%A3ng+%C4%91%C3%A0i+C%E1%BA%A3m+T%E1%BB%AD/data=!4m7!3m6!1s0x3135adb6714362f1:0x3d7d13e4ce61180a!8m2!3d21.0310382!4d105.8537546!16s%2Fg%2F11xgt3s67d!19sChIJ8WJDcbatNTERChhhzuQTfT0?authuser=0&hl=en&rclk=1,https://baoancontainer.vn/
attraction00457,Ô Kim Hoa,o kim a,lake,"2R5R+G52, P. Xã Đàn, Phương Liên, Đống Đa, Hà Nội",Hà Nội,ha noi,21.0087593,105.8403895,,0,,4.0,Historical,Attraction,https://www.google.com/maps/place/%C3%94+Kim+Hoa/data=!4m7!3m6!1s0x3135adc4f9cb1d93:0xf3fff69b6aae596e!8m2!3d21.0087593!4d105.8403895!16s%2Fg%2F11h04x4hqs!19sChIJkx3L-cStNTERblmuapv2__M?authuser=0&hl=en&rclk=1,
attraction00458,Hồ Tân Thụy,tan thuy,lake,"2VVX+P78, Hồ Phúc Đồng, Phúc Đồng, Long Biên, Hà Nội",Hà Nội,ha noi,21.0442798,105.8982038,,0,,,Historical,Attraction,https://www.google.com/maps/place/H%E1%BB%93+T%C3%A2n+Th%E1%BB%A5y/data=!4m7!3m6!1s0x3135a90037f1d057:0x41a3ce0be562e3b8!8m2!3d21.0442798!4d105.8982038!16s%2Fg%2F11mld81p55!19sChIJV9DxNwCpNTERuONi5QvOo0E?authuser=0&hl=en&rclk=1,
attraction00459,Tượng Vua Lý Thái Tổ,tuong vua ly thai to,,"12 P. Lê Lai, Lý Thái Tổ, Hoàn Kiếm, Hà Nội 100000",Hà Nội,ha noi,21.02746,105.8544999,,0,,4.8,Historical,Attraction,https://www.google.com/maps/place/T%C6%B0%E1%BB%A3ng+Vua+L%C3%BD+Th%C3%A1i+T%E1%BB%95/data=!4m7!3m6!1s0x3135ab004a93f99b:0x21f943bff53cf763!8m2!3d21.02746!4d105.8544999!16s%2Fg%2F11yhlh27n6!19sChIJm_mTSgCrNTERY_c89b9D-SE?authuser=0&hl=en&rclk=1,
attraction00460,Trich Sai temple,trich sai,temple,"187 P. Trích Sài, Bưởi, Tây Hồ, Hà Nội",Hà Nội,ha noi,21.0532558,105.8124744,,0,,4.6,Cultural,Attraction,https://www.google.com/maps/place/Trich+Sai+temple/data=!4m7!3m6!1s0x3135ab006d05285f:0xf9359c4b8f9ae613!8m2!3d21.0532558!4d105.8124744!16s%2Fg%2F11w1c64shg!19sChIJXygFbQCrNTERE-aaj0ucNfk?authuser=0&hl=en&rclk=1,
attraction00461,Hội trường Nguỵ Như Kon Tum,i truong nguy nhu kon tum,lake,"19 P. Lê Thánh Tông, Phan Chu Trinh, Hoàn Kiếm, Hà Nội",Hà Nội,ha noi,21.021168,105.8583442,,0,,4.5,Historical,Attraction,https://www.google.com/maps/place/H%E1%BB%99i+tr%C6%B0%E1%BB%9Dng+Ngu%E1%BB%B5+Nh%C6%B0+Kon+Tum/data=!4m7!3m6!1s0x3135ab002732cdc9:0xc778b620a31954e1!8m2!3d21.021168!4d105.8583442!16s%2Fg%2F11x8glxz93!19sChIJyc0yJwCrNTER4VQZoyC2eMc?authuser=0&hl=en&rclk=1,
attraction00462,Bach Ma Temple,bach ma,temple,"76 P. Hàng Buồm, Hàng Buồm, Hoàn Kiếm, Hà Nội",Hà Nội,ha noi,21.0357826,105.8510084,,921340,₫921340,4.5,Cultural,Attraction,https://www.google.com/maps/place/Bach+Ma+Temple/data=!4m7!3m6!1s0x3135abbf47ca8df5:0xe66fe1153b046b!8m2!3d21.0357826!4d105.8510084!16s%2Fg%2F120w8hg8!19sChIJ9Y3KR7-rNTERawQ7FeFv5gA?authuser=0&hl=en&rclk=1,
attraction00463,Cổng gồm làng Phú Mỹ,cong gom lang phu my,,"Đ. Lê Đức Thọ, Tdp Số 5, Nam Từ Liêm, Hà Nội",Hà Nội,ha noi,21.0332125,105.7702927,0949 358 840 ,0,,4.9,Historical,Attraction,https://www.google.com/maps/place/C%E1%BB%95ng+g%E1%BB%93m+l%C3%A0ng+Ph%C3%BA+M%E1%BB%B9/data=!4m7!3m6!1s0x313455fe30c3320b:0xc3799d3eb558c935!8m2!3d21.0332125!4d105.7702927!16s%2Fg%2F11vhcyz43c!19sChIJCzLDMP5VNDERNclYtT6decM?authuser=0&hl=en&rclk=1,
attraction00464,Khu tưởng niệm Nhà thơ Tú Mỡ,khu tuong niem nha t tu mo,lake,"1232 Đ. Láng, Láng Thượng, Đống Đa, Hà Nội",Hà Nội,ha noi,21.0284933,105.8008055,,0,,4.7,Historical,Attraction,https://www.google.com/maps/place/Khu+t%C6%B0%E1%BB%9Fng+ni%E1%BB%87m+Nh%C3%A0+th%C6%A1+T%C3%BA+M%E1%BB%A1/data=!4m7!3m6!1s0x3135ab9a6462c2cd:0x6c62d1978bfaa445!8m2!3d21.0284933!4d105.8008055!16s%2Fg%2F11stv5y09q!19sChIJzcJiZJqrNTERRaT6i5fRYmw?authuser=0&hl=en&rclk=1,
attraction00465,Tượng Danh Y Lê Hữu Trác,tuong danh y le huu trac,,"2V86+QG5, Bạch Đằng, Hai Bà Trưng, Hà Nội",Hà Nội,ha noi,21.0168934,105.8613504,,0,,5.0,Historical,Attraction,https://www.google.com/maps/place/T%C6%B0%E1%BB%A3ng+Danh+Y+L%C3%AA+H%E1%BB%AFu+Tr%C3%A1c/data=!4m7!3m6!1s0x3135ab0043e39031:0xccc71c7f5fed895a!8m2!3d21.0168934!4d105.8613504!16s%2Fg%2F11wvglfwl7!19sChIJMZDjQwCrNTERWontX38cx8w?authuser=0&hl=en&rclk=1,
attraction00466,Cổng làng Nghĩa Đô,cong lang nghia do,island,"83 Hoàng Quốc Việt, Cổ Nhuế, Cầu Giấy, Hà Nội",Hà Nội,ha noi,21.0460621,105.7862625,,0,,5.0,Historical,Attraction,https://www.google.com/maps/place/C%E1%BB%95ng+l%C3%A0ng+Ngh%C4%A9a+%C4%90%C3%B4/data=!4m7!3m6!1s0x3135abe542a8e537:0x18efce0349489c8d!8m2!3d21.0460621!4d105.7862625!16s%2Fg%2F11sy_30ghf!19sChIJN-WoQuWrNTERjZxISQPO7xg?authuser=0&hl=en&rclk=1,
attraction00467,Dốc tập lái,doc tap lai,tower,"469 Đội Cấn, Vĩnh Phú, Ba Đình, Hà Nội",Hà Nội,ha noi,21.0377714,105.8073614,,0,,5.0,Historical,Attraction,https://www.google.com/maps/place/D%E1%BB%91c+t%E1%BA%ADp+l%C3%A1i/data=!4m7!3m6!1s0x3135abbd11f895d3:0xfb93b94b8a78c2a6!8m2!3d21.0377714!4d105.8073614!16s%2Fg%2F11mw6lsdwt!19sChIJ05X4Eb2rNTERpsJ4iku5k_s?authuser=0&hl=en&rclk=1,
attraction00468,A401 Trường THPT Kim Liên,a401 truong thpt kim lien,,"1 Ng. 4C P. Đặng Văn Ngữ, Trung Tự, Đống Đa, Hà Nội 100000",Hà Nội,ha noi,21.0108959,105.831847,,0,,5.0,Historical,Attraction,https://www.google.com/maps/place/A401+Tr%C6%B0%E1%BB%9Dng+THPT+Kim+Li%C3%AAn/data=!4m7!3m6!1s0x3135ab006478e171:0xf5667e40d8ecf363!8m2!3d21.0108959!4d105.831847!16s%2Fg%2F11xflwjctg!19sChIJceF4ZACrNTERY_Ps2EB-ZvU?authuser=0&hl=en&rclk=1,https://www.instagram.com/mesmerizing.a12?igsh=YnB0Z2ZvejVyZWl4
attraction00469,Co Loa Citadel,co loa citadel,market,"XRX3+XP, Thanh Xuân Trung, Thanh Xuân, Hà Nội 100000",Hà Nội,ha noi,20.9999375,105.8043125,024 3961 1354 ,30000,₫30000,4.6,Historical,Attraction,https://www.google.com/maps/place/Co+Loa+Citadel/data=!4m7!3m6!1s0x313500b2ffacb0a3:0x952a436b3aab36de!8m2!3d20.9999375!4d105.8043125!16s%2Fm%2F026wy2x!19sChIJo7Cs_7IANTER3jarOmtDKpU?authuser=0&hl=en&rclk=1,https://thanhcoloa.vn/
attraction00470,Bến nước đình làng Phú Xá,ben nuoc dinh lang phu xa,,"3RR6+9VH, Phú Thượng, Tây Hồ, Hà Nội",Hà Nội,ha noi,21.0909414,105.8122246,,0,,5.0,Historical,Attraction,https://www.google.com/maps/place/B%E1%BA%BFn+n%C6%B0%E1%BB%9Bc+%C4%91%C3%ACnh+l%C3%A0ng+Ph%C3%BA+X%C3%A1/data=!4m7!3m6!1s0x3135ab0049828a09:0x73a9ae70e4f3e79c!8m2!3d21.0909414!4d105.8122246!16s%2Fg%2F11xrdvl1dj!19sChIJCYqCSQCrNTERnOfz5HCuqXM?authuser=0&hl=en&rclk=1,
attraction00471,Cổng làng Đông Xã,cong lang dong xa,,"2RX6+369, Ng. 444 Đ. Thụy Khuê, Bưởi, Tây Hồ, Hà Nội",Hà Nội,ha noi,21.0476589,105.8106069,,0,,,Historical,Attraction,https://www.google.com/maps/place/C%E1%BB%95ng+l%C3%A0ng+%C4%90%C3%B4ng+X%C3%A3/data=!4m7!3m6!1s0x3135ab005e373d9b:0x218166cfd42fc206!8m2!3d21.0476589!4d105.8106069!16s%2Fg%2F11mf4_n91v!19sChIJmz03XgCrNTERBsIv1M9mgSE?authuser=0&hl=en&rclk=1,
attraction00472,Bến đò Phú Xá,ben do phu xa,island,"2 An Dương Vương, Phú Xá, Tây Hồ, Hà Nội",Hà Nội,ha noi,21.090547,105.8119339,,0,,4.7,Historical,Attraction,https://www.google.com/maps/place/B%E1%BA%BFn+%C4%91%C3%B2+Ph%C3%BA+X%C3%A1/data=!4m7!3m6!1s0x3135abda341c8fc3:0xa377af61aeb65d41!8m2!3d21.090547!4d105.8119339!16s%2Fg%2F11vhgkshmt!19sChIJw48cNNqrNTERQV22rmGvd6M?authuser=0&hl=en&rclk=1,
attraction00473,Hồ Đôla,dola,lake,"123 P. Lê Văn Hiến, Đông Ngạc, Bắc Từ Liêm, Hà Nội",Hà Nội,ha noi,21.0749566,105.7728558,0706 361 993 ,0,,5.0,Historical,Attraction,https://www.google.com/maps/place/H%E1%BB%93+%C4%90%C3%B4la/data=!4m7!3m6!1s0x313455001e95cf41:0x47fb6ad0ca695507!8m2!3d21.0749566!4d105.7728558!16s%2Fg%2F11wxsfp5l0!19sChIJQc-VHgBVNDERB1VpytBq-0c?authuser=0&hl=en&rclk=1,
attraction00474,Bia tưởng niệm liệt sĩ,bia tuong niem liet si,,"3V47+GW2, Ngọc Thụy, Long Biên, Hà Nội",Hà Nội,ha noi,21.0562636,105.8647788,,0,,4.3,Historical,Attraction,https://www.google.com/maps/place/Bia+t%C6%B0%E1%BB%9Fng+ni%E1%BB%87m+li%E1%BB%87t+s%C4%A9/data=!4m7!3m6!1s0x3135aa2d8efdbd1b:0xc99ccb7f701252de!8m2!3d21.0562636!4d105.8647788!16s%2Fg%2F11cs2b_zc1!19sChIJG739ji2qNTER3lIScH_LnMk?authuser=0&hl=en&rclk=1,
attraction00475,Đền Sơn Hải,son hai,temple,"14/256/16 Đ. Bạch Đằng, Tổ 57+Tổ, Hoàn Kiếm, Hà Nội",Hà Nội,ha noi,21.0269308,105.8607843,,0,,,Cultural,Attraction,https://www.google.com/maps/place/%C4%90%E1%BB%81n+S%C6%A1n+H%E1%BA%A3i/data=!4m7!3m6!1s0x3135ab42438d85a3:0xe1dae2d199572165!8m2!3d21.0269308!4d105.8607843!16s%2Fg%2F11kq4qc7wz!19sChIJo4WNQ0KrNTERZSFXmdHi2uE?authuser=0&hl=en&rclk=1,
attraction00476,Temple Of Literature,of literature,temple,"58 Quốc Tử Giám, Văn Miếu – Quốc Tử Giám, Đống Đa, Hà Nội",Hà Nội,ha noi,21.0281175,105.8356692,024 3845 2917 ,70000,₫70000,4.6,Cultural,Attraction,https://www.google.com/maps/place/Temple+Of+Literature/data=!4m7!3m6!1s0x3135ab9926e7bd67:0x580e078874d5df1e!8m2!3d21.0281175!4d105.8356692!16zL20vMGI5aGp6!19sChIJZ73nJpmrNTERHt_VdIgHDlg?authuser=0&hl=en&rclk=1,http://vanmieu.gov.vn/
attraction00477,Cổng Hầu làng An Thọ,cong hau lang an t,lake,"2RX5+8CR, Ng. 530 Đ. Thụy Khuê, Bưởi, Tây Hồ, Hà Nội",Hà Nội,ha noi,21.0483527,105.808526,,0,,,Historical,Attraction,https://www.google.com/maps/place/C%E1%BB%95ng+H%E1%BA%A7u+l%C3%A0ng+An+Th%E1%BB%8D/data=!4m7!3m6!1s0x3135ab007bab59bd:0xf08d2bd00d8891ce!8m2!3d21.0483527!4d105.808526!16s%2Fg%2F11zj3_2kmt!19sChIJvVmrewCrNTERzpGIDdArjfA?authuser=0&hl=en&rclk=1,
attraction00478,Ngoc Son Temple,ngoc son,temple,"Đinh Tiên Hoàng, Hàng Trống, Hoàn Kiếm, Hà Nội",Hà Nội,ha noi,21.0306883,105.8523861,024 3942 2377 ,665280,₫665280,4.4,Cultural,Attraction,https://www.google.com/maps/place/Ngoc+Son+Temple/data=!4m7!3m6!1s0x3135abc000809ea7:0xbb2716ec0282371d!8m2!3d21.0306883!4d105.8523861!16s%2Fm%2F0gtxhmt!19sChIJp56AAMCrNTERHTeCAuwWJ7s?authuser=0&hl=en&rclk=1,
attraction00479,Khu di tích tưởng niệm Chủ tịch Hồ Chí Minh,khu di tich tuong niem chu tich chi minh,lake,"2R5P+9G6, P. Hoàng Tích Trí, Kim Liên, Đống Đa, Hà Nội",Hà Nội,ha noi,21.0084002,105.8362682,,0,,,Historical,Attraction,https://www.google.com/maps/place/Khu+di+t%C3%ADch+t%C6%B0%E1%BB%9Fng+ni%E1%BB%87m+Ch%E1%BB%A7+t%E1%BB%8Bch+H%E1%BB%93+Ch%C3%AD+Minh/data=!4m7!3m6!1s0x3135ad004f8bd42d:0xe3624579fcdbd58f!8m2!3d21.0084002!4d105.8362682!16s%2Fg%2F11xm6xjg2h!19sChIJLdSLTwCtNTERj9Xb_HlFYuM?authuser=0&hl=en&rclk=1,
attraction00480,Gò Thất Tinh,go that tinh,,"XRV3+J6X, Thanh Xuân Trung, Thanh Xuân, Hà Nội",Hà Nội,ha noi,20.9939002,105.8031926,,0,,5.0,Historical,Attraction,https://www.google.com/maps/place/G%C3%B2+Th%E1%BA%A5t+Tinh/data=!4m7!3m6!1s0x3135ad5afb738d1f:0xc7abd4ae2ffe96b3!8m2!3d20.9939002!4d105.8031926!16s%2Fg%2F11sp94vgby!19sChIJH41z-1qtNTERs5b-L67Uq8c?authuser=0&hl=en&rclk=1,
attraction00481,"Cầu Nhật Tân , Hà Nội , Việt Nam",nhat tan ha noi viet nam,bridge,"3RVC+27, Phú Thượng, Tây Hồ, Hà Nội",Hà Nội,ha noi,21.0926037,105.8207158,,0,,4.8,Historical,Attraction,"https://www.google.com/maps/place/C%E1%BA%A7u+Nh%E1%BA%ADt+T%C3%A2n+,+H%C3%A0+N%E1%BB%99i+,+Vi%E1%BB%87t+Nam/data=!4m7!3m6!1s0x3135ab00094f6825:0x1c7a84ff1e9e2f83!8m2!3d21.0926037!4d105.8207158!16s%2Fg%2F11xs3yn6fq!19sChIJJWhPCQCrNTERgy-eHv-Eehw?authuser=0&hl=en&rclk=1",
attraction00482,Bia đá Gò Đống Đa,bia da go dong da,island,"276 P. Đặng Tiến Đông, Chợ Dừa, Đống Đa, Hà Nội",Hà Nội,ha noi,21.0118837,105.8248407,,0,,5.0,Historical,Attraction,https://www.google.com/maps/place/Bia+%C4%91%C3%A1+G%C3%B2+%C4%90%E1%BB%91ng+%C4%90a/data=!4m7!3m6!1s0x3135ab007e256281:0xbf0972846506fe76!8m2!3d21.0118837!4d105.8248407!16s%2Fg%2F11vqrlgj21!19sChIJgWIlfgCrNTERdv4GZYRyCb8?authuser=0&hl=en&rclk=1,
attraction00483,Giếng làng Trạm,gieng lang tram,,"2VCR+WW5, Giéng, Làng Trạm, Long Biên, Hà Nội",Hà Nội,ha noi,21.0222564,105.892367,,0,,5.0,Historical,Attraction,https://www.google.com/maps/place/Gi%E1%BA%BFng+l%C3%A0ng+Tr%E1%BA%A1m/data=!4m7!3m6!1s0x3135a900486a7e1f:0xe9dd0027cc8d49db!8m2!3d21.0222564!4d105.892367!16s%2Fg%2F11y8cb6ys_!19sChIJH35qSACpNTER20mNzCcA3ek?authuser=0&hl=en&rclk=1,
attraction00484,Cổng làng Văn Phú,cong lang van phu,,"XQ69+6P5, P. Văn Phú, Khu đô thị Văn Phú, Hà Đông, Hà Nội",Hà Nội,ha noi,20.9605063,105.7693502,,0,,4.7,Historical,Attraction,https://www.google.com/maps/place/C%E1%BB%95ng+l%C3%A0ng+V%C4%83n+Ph%C3%BA/data=!4m7!3m6!1s0x31345344a58f32a7:0x25786a39876cf5f4!8m2!3d20.9605063!4d105.7693502!16s%2Fg%2F11y1j82v75!19sChIJpzKPpURTNDER9PVshzlqeCU?authuser=0&hl=en&rclk=1,
attraction00485,Cổng Xanh làng An Thọ,cong xanh lang an t,lake,"2RX5+8J3, Ng. 514 Đ. Thụy Khuê, Bưởi, Tây Hồ, Hà Nội",Hà Nội,ha noi,21.0482602,105.8090588,,0,,,Historical,Attraction,https://www.google.com/maps/place/C%E1%BB%95ng+Xanh+l%C3%A0ng+An+Th%E1%BB%8D/data=!4m7!3m6!1s0x3135ab002a63c037:0xf3b7ed7b453eeb37!8m2!3d21.0482602!4d105.8090588!16s%2Fg%2F11y058hpvk!19sChIJN8BjKgCrNTERN-s-RXvtt_M?authuser=0&hl=en&rclk=1,
attraction00486,Di tích Loa Khẩu - Loa Khau Relic,di tich loa khau loa khau relic,,"12, Cổ Loa, Đông Anh, Hà Nội",Hà Nội,ha noi,21.1108061,105.8770768,,0,,5.0,Historical,Attraction,https://www.google.com/maps/place/Di+t%C3%ADch+Loa+Kh%E1%BA%A9u+-+Loa+Khau+Relic/data=!4m7!3m6!1s0x3135070052cb7411:0x547c221e354b20b8!8m2!3d21.1108061!4d105.8770768!16s%2Fg%2F11m6n8cmzz!19sChIJEXTLUgAHNTERuCBLNR4ifFQ?authuser=0&hl=en&rclk=1,
attraction00487,Đền Mẫu,mau,temple,"1/Đ. Bưởi/11 32, Tổ 1, Ba Đình, Hà Nội",Hà Nội,ha noi,21.0306221,105.8040222,,0,,,Cultural,Attraction,https://www.google.com/maps/place/%C4%90%E1%BB%81n+M%E1%BA%ABu/data=!4m7!3m6!1s0x3135ab006394bbfd:0xbf7f14de133193c4!8m2!3d21.0306221!4d105.8040222!16s%2Fg%2F11ybwkn_g6!19sChIJ_buUYwCrNTERxJMxE94Uf78?authuser=0&hl=en&rclk=1,
attraction00488,Biểu tượng Chim Lạc,bieu tuong chim lac,,"3Q9P+389, Xuân Đỉnh, Bắc Từ Liêm, Hà Nội",Hà Nội,ha noi,21.0676711,105.7858545,,0,,4.2,Historical,Attraction,https://www.google.com/maps/place/Bi%E1%BB%83u+t%C6%B0%E1%BB%A3ng+Chim+L%E1%BA%A1c/data=!4m7!3m6!1s0x3135abd13789f3cb:0x9b21e7382d68314c!8m2!3d21.0676711!4d105.7858545!16s%2Fg%2F11fjnbbxk5!19sChIJy_OJN9GrNTERTDFoLTjnIZs?authuser=0&hl=en&rclk=1,
attraction00489,Uncle Ho's Banyan,uncle s banyan,lake,"Tiên Hội, Đông Hội, Đông Anh, Hà Nội",Hà Nội,ha noi,21.1029588,105.8655306,,0,,4.5,Historical,Attraction,https://www.google.com/maps/place/Uncle+Ho%27s+Banyan/data=!4m7!3m6!1s0x313500edff16f8d7:0x8870ae483c09feb9!8m2!3d21.1029588!4d105.8655306!16s%2Fg%2F11c55w8yrt!19sChIJ1_gW_-0ANTERuf4JPEiucIg?authuser=0&hl=en&rclk=1,
attraction00490,Cây Bồ Đề - ngõ Gốc Đề,cay bo de ngo goc de,temple,"Ngã tư, Ng. Gốc Đề, Hoàng Văn Thụ, Hoàng Mai, Hà Nội",Hà Nội,ha noi,20.9928181,105.8542699,,0,,5.0,Historical,Attraction,https://www.google.com/maps/place/C%C3%A2y+B%E1%BB%93+%C4%90%E1%BB%81+-+ng%C3%B5+G%E1%BB%91c+%C4%90%E1%BB%81/data=!4m7!3m6!1s0x3135ad0040b06d59:0xd1eaa1d99370331f!8m2!3d20.9928181!4d105.8542699!16s%2Fg%2F11vzlr6khb!19sChIJWW2wQACtNTERHzNwk9mh6tE?authuser=0&hl=en&rclk=1,
attraction00491,Bảo tàng kỹ thuật,ky thuat,museum,"22 Ngõ 157 Đức Giang, Thượng Thanh, Long Biên, Hà Nội",Hà Nội,ha noi,21.067861,105.881,,0,,4.5,Historical,Attraction,https://www.google.com/maps/place/B%E1%BA%A3o+t%C3%A0ng+k%E1%BB%B9+thu%E1%BA%ADt/data=!4m7!3m6!1s0x3135a90027f1934d:0x9233b5d4d318b3a4!8m2!3d21.067861!4d105.881!16s%2Fg%2F11lv0nj00y!19sChIJTZPxJwCpNTERpLMY09S1M5I?authuser=0&hl=en&rclk=1,
attraction00492,Cung Cấm,cung cam,,"360 Ngõ 405, Tổ 38, Long Biên, Hà Nội",Hà Nội,ha noi,21.058655,105.8615511,,0,,,Historical,Attraction,https://www.google.com/maps/place/Cung+C%E1%BA%A5m+.+%C4%90%E1%BB%81n+R%E1%BB%ABng/data=!4m7!3m6!1s0x3135ab005eb9ada1:0xe517891c3898e175!8m2!3d21.058655!4d105.8615511!16s%2Fg%2F11x_zgjvq4!19sChIJoa25XgCrNTERdeGYOByJF-U?authuser=0&hl=en&rclk=1,
attraction00493,Hải Lê Complex,hai le complex,,"P. Thọ Tháp, Dịch Vọng, Cầu Giấy, Hà Nội 10000",Hà Nội,ha noi,21.0307992,105.7918772,,0,,,Historical,Attraction,https://www.google.com/maps/place/H%E1%BA%A3i+L%C3%AA+Complex/data=!4m7!3m6!1s0x3135abdacc397341:0xed75f897be62e2ef!8m2!3d21.0307992!4d105.7918772!16s%2Fg%2F11x5qpqpmr!19sChIJQXM5zNqrNTER7-Jivpf4de0?authuser=0&hl=en&rclk=1,
attraction00494,Di sản xanh,di san xanh,,"Dịch Vọng, Cầu Giấy, Hanoi",Hanoi,ha noi,21.0347067,105.7923394,0867 500 460 ,0,,,Historical,Attraction,https://www.google.com/maps/place/Di+s%E1%BA%A3n+xanh/data=!4m7!3m6!1s0x3135ab3da6142b8d:0xf1b7f4fa775140d2!8m2!3d21.0347067!4d105.7923394!16s%2Fg%2F11ydhmc8wn!19sChIJjSsUpj2rNTER0kBRd_r0t_E?authuser=0&hl=en&rclk=1,
attraction00495,Tượng đài Juan Bosch Gaviño,tuong dai juan bosch gavino,,"3Q8Q+C3Q, Xuân Đỉnh, Bắc Từ Liêm, Hà Nội",Hà Nội,ha noi,21.0660777,105.7877408,,0,,4.6,Historical,Attraction,https://www.google.com/maps/place/T%C6%B0%E1%BB%A3ng+%C4%91%C3%A0i+Juan+Bosch+Gavi%C3%B1o/data=!4m7!3m6!1s0x3135ab9c60d6334f:0x386c858a4355f746!8m2!3d21.0660777!4d105.7877408!16s%2Fg%2F11gy4q48fq!19sChIJTzPWYJyrNTERRvdVQ4qFbDg?authuser=0&hl=en&rclk=1,
attraction00496,CỔNG ĐÌNH LÀNG LỆ MẬT,cong dinh lang le mat,,"10 Ng. 58 P. Việt Hưng, Việt Hưng, Long Biên, Hà Nội",Hà Nội,ha noi,21.053209,105.900242,,0,,2.3,Historical,Attraction,https://www.google.com/maps/place/C%E1%BB%94NG+%C4%90%C3%8CNH+L%C3%80NG+L%E1%BB%86+M%E1%BA%ACT/data=!4m7!3m6!1s0x3135a90043b5f9a5:0xb0595cf53f97a015!8m2!3d21.053209!4d105.900242!16s%2Fg%2F11vpgw65fr!19sChIJpfm1QwCpNTERFaCXP_VcWbA?authuser=0&hl=en&rclk=1,
attraction00497,Nhà Lưu Niệm Bác Hồ,nha luu niem bac,lake,"Số 6 Ngõ, 319 Đường An Dương Vương, Phú Thượng, Tây Hồ, Hà Nội",Hà Nội,ha noi,21.0892733,105.8032658,024 3838 6307 ,0,,4.5,Historical,Attraction,https://www.google.com/maps/place/Nh%C3%A0+L%C6%B0u+Ni%E1%BB%87m+B%C3%A1c+H%E1%BB%93/data=!4m7!3m6!1s0x3135ab3cae1a5095:0x98b4212252becf96!8m2!3d21.0892733!4d105.8032658!16s%2Fg%2F11g4cqnczb!19sChIJlVAarjyrNTERls--UiIhtJg?authuser=0&hl=en&rclk=1,
attraction00498,Nhà Truyền Thống Làng Lệ Mật,nha truyen tng lang le mat,lake,"3W32+J33, Phố Lệ Mật, Long Biên, Hà Nội",Hà Nội,ha noi,21.0540055,105.9001628,,0,,5.0,Historical,Attraction,https://www.google.com/maps/place/Nh%C3%A0+Truy%E1%BB%81n+Th%E1%BB%91ng+L%C3%A0ng+L%E1%BB%87+M%E1%BA%ADt/data=!4m7!3m6!1s0x3135a9952e89cbb9:0xd348d651dbe815c8!8m2!3d21.0540055!4d105.9001628!16s%2Fg%2F11s3r0cr9g!19sChIJucuJLpWpNTERyBXo21HWSNM?authuser=0&hl=en&rclk=1,
attraction00499,Cây Bồ Đề-Cây Di Tích Lịch Sử Văn Hoá Việt Nam,cay bo de cay di tich lich su van a viet nam,lake,"XRJ3+3R2, Đ. Tân Triều, Tân Triều, Thanh Trì, Hà Nội",Hà Nội,ha noi,20.9801533,105.804527,,0,,5.0,Historical,Attraction,https://www.google.com/maps/place/C%C3%A2y+B%E1%BB%93+%C4%90%E1%BB%81-C%C3%A2y+Di+T%C3%ADch+L%E1%BB%8Bch+S%E1%BB%AD+V%C4%83n+Ho%C3%A1+Vi%E1%BB%87t+Nam/data=!4m7!3m6!1s0x3135ad6ff8d688eb:0x897a370a3421afd4!8m2!3d20.9801533!4d105.804527!16s%2Fg%2F11vbzfc82k!19sChIJ64jW-G-tNTER1K8hNAo3eok?authuser=0&hl=en&rclk=1,
attraction00500,An Bang Beach,an bang,beach,"W87R+C7R, Đ. Hai Bà Trưng, Hội An, Quảng Nam",Hội An,hoi an,15.9136072,108.3406489,,1974188,₫1974188,4.3,Natural,Attraction,https://www.google.com/maps/place/An+Bang+Beach/data=!4m7!3m6!1s0x31420df96d5396ab:0xed0d9e973a32b1ef!8m2!3d15.9136072!4d108.3406489!16s%2Fg%2F1pp2vlmtm!19sChIJq5ZTbfkNQjER77EyOpeeDe0?authuser=0&hl=en&rclk=1,
attraction00501,Thu Bồn River,thu bon river,,"Mr Johnny, Huỳnh Phúc Khánh/Cầu 18 Tháng 8, Phường Minh An, Hội An, Quảng Nam",Hội An,hoi an,15.8761378,108.320572,,789720,₫789720,4.7,Natural,Attraction,https://www.google.com/maps/place/Thu+B%E1%BB%93n+River/data=!4m7!3m6!1s0x31420f17d826f39d:0x8b6d0ed1859ccf8c!8m2!3d15.8761378!4d108.320572!16s%2Fg%2F11r4937cmh!19sChIJnfMm2BcPQjERjM-chdEObYs?authuser=0&hl=en&rclk=1,
attraction00502,Silk Village Hoi An - The Tourist,silk ge hoi an the tourist,hotel,"28 Nguyễn Tất Thành, Tân An, Hội An, Quảng Nam",Hội An,hoi an,15.8871571,108.3195603,0235 3921 144 ,263240,₫263240,4.3,Attraction,Attraction,https://www.google.com/maps/place/Silk+Village+Hoi+An+-+The+Tourist/data=!4m7!3m6!1s0x31420e6fedc51059:0xd3cb9c178ef079c7!8m2!3d15.8871571!4d108.3195603!16s%2Fg%2F11_v54ddg!19sChIJWRDF7W8OQjERx3nwjhecy9M?authuser=0&hl=en&rclk=1,http://www.hoiansilkvillage.com/
attraction00503,Precious Heritage Art Gallery Museum,precious heritage art gallery,museum,"26 Đường Phan Bội Châu, Cẩm Châu, Hội An, Quảng Nam 560000",Hội An,hoi an,15.8771322,108.3342679,0949 820 698 ,0,,4.9,Historical,Attraction,https://www.google.com/maps/place/Precious+Heritage+Art+Gallery+Museum/data=!4m7!3m6!1s0x31420dd5b5b29c61:0xf09543eb25ba142f!8m2!3d15.8771322!4d108.3342679!16s%2Fg%2F11g6_80x3r!19sChIJYZyytdUNQjERLxS6JetDlfA?authuser=0&hl=en&rclk=1,https://www.rehahnphotographer.com/precious-heritage-museum/
attraction00504,Cam Kim Island,cam kim,island,"Chậu Cây Cảnh Phân Đất Vi Sinh, thôn 1, Hội An, Quảng Nam",Hội An,hoi an,15.8623813,108.3234697,,743528,₫743528,4.6,Natural,Attraction,https://www.google.com/maps/place/Cam+Kim+Island/data=!4m7!3m6!1s0x31420fd831760f7b:0xc6914fe86d461bff!8m2!3d15.8623813!4d108.3234697!16s%2Fg%2F11nwb5cfwp!19sChIJew92MdgPQjER_xtGbehPkcY?authuser=0&hl=en&rclk=1,
attraction00505,Cam Nam Island,cam nam,island,"35-27 Nguyễn Tri Phương, Cẩm Nam, Hội An, Quảng Nam",Hội An,hoi an,15.8730756,108.3328651,,1816356,₫1816356,4.5,Natural,Attraction,https://www.google.com/maps/place/Cam+Nam+Island/data=!4m7!3m6!1s0x31420df13853d1cb:0x5f15dbcd030b7946!8m2!3d15.8730756!4d108.3328651!16s%2Fg%2F11nwb597v4!19sChIJy9FTOPENQjERRnkLA83bFV8?authuser=0&hl=en&rclk=1,https://ticket-stations.com/dao-ky-uc-hoi-an
attraction00506,Old House of Tan Ky,old use of tan ky,lake,"101 Nguyễn Thái Học, Phường Minh An, Hội An, Quảng Nam",Hội An,hoi an,15.8764821,108.3277659,0235 3861 474 ,1605764,₫1605764,4.2,Attraction,Attraction,https://www.google.com/maps/place/Old+House+of+Tan+Ky/data=!4m7!3m6!1s0x31420e7e612c6eb5:0x2a1a73e0741e1d9b!8m2!3d15.8764821!4d108.3277659!16s%2Fm%2F0k6dzbn!19sChIJtW4sYX4OQjERmx0edOBzGio?authuser=0&hl=en&rclk=1,http://www.hoianworldheritage.org.vn/en/news/Monument/Old-House-of-Tan-Ky-11.hwh
attraction00507,The Old House of Phung Hung,the old use of phung hung,lake,"4 Nguyễn Thị Minh Khai, Phường Minh An, Hội An, Quảng Nam",Hội An,hoi an,15.8771915,108.3258009,,1237228,₫1237228,3.7,Attraction,Attraction,https://www.google.com/maps/place/The+Old+House+of+Phung+Hung/data=!4m7!3m6!1s0x31420e7c34901635:0x912cff1c7268dc3e!8m2!3d15.8771915!4d108.3258009!16s%2Fm%2F0k6dzc2!19sChIJNRaQNHwOQjERPtxochz_LJE?authuser=0&hl=en&rclk=1,
attraction00508,Hoi An Village Experience,hoi an ge experience,hotel,"Cẩm Thanh, Hội An, Quảng Nam",Hội An,hoi an,15.8793771,108.3626103,0914 740 292 ,1843803,₫1843803,4.9,Attraction,Attraction,https://www.google.com/maps/place/Hoi+An+Village+Experience/data=!4m7!3m6!1s0x31420df52e49dc49:0xc9acaa00468dd9f!8m2!3d15.8793771!4d108.3626103!16s%2Fg%2F11thh7w8z4!19sChIJSdxJLvUNQjERn91oBKDKmgw?authuser=0&hl=en&rclk=1,http://www.hoianvillageexperience.com/
attraction00509,Quan Thang Ancient House,quan thang ancient use,lake,"77 Trần Phú, Phường Minh An, Hội An, Quảng Nam 560000",Hội An,hoi an,15.8771093,108.3292184,,560000,₫560000,4.3,Attraction,Attraction,https://www.google.com/maps/place/Quan+Thang+Ancient+House/data=!4m7!3m6!1s0x31420e7ef73c9e57:0xf5138fb1702dd577!8m2!3d15.8771093!4d108.3292184!16s%2Fg%2F11cjkq2fxs!19sChIJV548934OQjERd9UtcLGPE_U?authuser=0&hl=en&rclk=1,https://vietnamnet.vn/chiem-nguong-nha-go-lim-tinh-xao-cua-dai-gia-giau-co-bac-nhat-hoi-an-xua-2391568.html?fbclid=IwdGRleANBpDJleHRuA2FlbQIxMQABHuEiN92Y0GNg9t4PKqbZ3tm9LxydsV52nRX6OzwCj4chshcRq0XKuEmK7nrg_aem_m6cW01Lj4kAw2ZGW274SIg
attraction00510,Fujian Assembly Hall,fujian assembly hall,,"46 Trần Phú, Cẩm Châu, Hội An, Quảng Nam",Hội An,hoi an,15.8774847,108.3306281,,789720,₫789720,4.4,Attraction,Attraction,https://www.google.com/maps/place/Fujian+Assembly+Hall/data=!4m7!3m6!1s0x31420e7f12e29ded:0xeb30287015a0138b!8m2!3d15.8774847!4d108.3306281!16s%2Fg%2F11c1r681sf!19sChIJ7Z3iEn8OQjERixOgFXAoMOs?authuser=0&hl=en&rclk=1,
attraction00511,Ninh Lê,ninh le,,"V9GF+9PM, Cẩm Thanh, Hội An, Quảng Nam",Hội An,hoi an,15.8758416,108.3742432,0905 541 696 ,0,,5.0,Attraction,Attraction,https://www.google.com/maps/place/Ninh+L%C3%AA/data=!4m7!3m6!1s0x31420d03c1029fcf:0xf366ff743f3ec11e!8m2!3d15.8758416!4d108.3742432!16s%2Fg%2F11t5y1xrk5!19sChIJz58CwQMNQjERHsE-P3T_ZvM?authuser=0&hl=en&rclk=1,
attraction00512,Hoi An sculpture promenade,i an sculpture promenade,lake,"V8GF+HMQ, An Hội, Hội An, Quảng Nam",Hội An,hoi an,15.876474,108.3242311,,0,,4.0,Attraction,Attraction,https://www.google.com/maps/place/Hoi+An+sculpture+promenade/data=!4m7!3m6!1s0x31420f383de08981:0x2ce20eb7f6d22585!8m2!3d15.876474!4d108.3242311!16s%2Fg%2F11g__5bfhd!19sChIJgYngPTgPQjERhSXS9rcO4iw?authuser=0&hl=en&rclk=1,
attraction00513,Làng mộc Kim Bồng,lang moc kim bong,,"V88F+4Q2, Cẩm Kim, Tp. Hội An, Quảng Nam",Hội An,hoi an,15.865156,108.32423,,0,,4.6,Attraction,Attraction,https://www.google.com/maps/place/L%C3%A0ng+m%E1%BB%99c+Kim+B%E1%BB%93ng/data=!4m7!3m6!1s0x31420f8ac65ddd09:0xdd301bcd3fa4019f!8m2!3d15.865156!4d108.32423!16s%2Fg%2F11v0v8fp64!19sChIJCd1dxooPQjERnwGkP80bMN0?authuser=0&hl=en&rclk=1,
attraction00514,Ancient House,ancient use,lake,"104 Thái Phiên, Phường Minh An, Hội An, Quảng Nam 550000",Hội An,hoi an,15.8819272,108.3264144,,0,,4.4,Attraction,Attraction,https://www.google.com/maps/place/Ancient+House/data=!4m7!3m6!1s0x31420e7bd9e354cf:0xba63079e649aab81!8m2!3d15.8819272!4d108.3264144!16s%2Fg%2F11b67qjf8y!19sChIJz1Tj2XsOQjERgauaZJ4HY7o?authuser=0&hl=en&rclk=1,
attraction00515,Lantern Making Class,lantern making class,,"100 Nguyễn Phúc Tần, Phường Minh An, Hội An, Quảng Nam",Hội An,hoi an,15.8749819,108.3229,0768 516 156 ,0,,5.0,Attraction,Attraction,https://www.google.com/maps/place/Lantern+Making+Class/data=!4m7!3m6!1s0x31420f5a3b9b9a9d:0x6c55f4428ae6a541!8m2!3d15.8749819!4d108.3229!16s%2Fg%2F11srxvr_03!19sChIJnZqbO1oPQjERQaXmikL0VWw?authuser=0&hl=en&rclk=1,
attraction00516,Làng Dừa Xanh Coconut Basket Boat Tour,lang dua xanh coconut basket boat tour,,"thôn Vạn Lăng, Cẩm Thanh, Hội An, Quảng Nam 563800",Hội An,hoi an,15.8776011,108.3730249,0905 936 985 ,131620,₫131620,4.8,Attraction,Attraction,https://www.google.com/maps/place/L%C3%A0ng+D%E1%BB%ABa+Xanh+Coconut+Basket+Boat+Tour/data=!4m7!3m6!1s0x31420d30976462b5:0x7fa1fe0559942d2b!8m2!3d15.8776011!4d108.3730249!16s%2Fg%2F11flc6br9p!19sChIJtWJklzANQjERKy2UWQX-oX8?authuser=0&hl=en&rclk=1,http://basketboathoian.com/
attraction00517,"Thanh Ha Pottery Village, Hoi An",thanh ha pottery ge hoi an,hotel,"Phạm Phán, Thanh Hà, Hội An, Quảng Nam",Hội An,hoi an,15.8781302,108.3005058,,1202665,₫1202665,4.3,Attraction,Attraction,"https://www.google.com/maps/place/Thanh+Ha+Pottery+Village,+Hoi+An/data=!4m7!3m6!1s0x31420e587421d439:0x73a31b4ddd945e16!8m2!3d15.8781302!4d108.3005058!16s%2Fg%2F11g6cwm0lv!19sChIJOdQhdFgOQjERFl6U3U0bo3M?authuser=0&hl=en&rclk=1",http://hoiangov.vn/thanhha
attraction00518,Đảo Cá Heo - Hội An,dao ca heo i an,lake,"VCG6+XJJ, Hội An - Cù Lao Chàm, Tp. Hội An, Quảng Nam",Hội An,hoi an,15.8774615,108.4115008,0235 3818 333 ,0,,4.8,Attraction,Attraction,https://www.google.com/maps/place/%C4%90%E1%BA%A3o+C%C3%A1+Heo+-+H%E1%BB%99i+An/data=!4m7!3m6!1s0x31420d46df1f16f3:0xe9dc8e58240846b6!8m2!3d15.8774615!4d108.4115008!16s%2Fg%2F11h1dcrn0z!19sChIJ8xYf30YNQjERtkYIJFiO3Ok?authuser=0&hl=en&rclk=1,http://www.quangnam.gov.vn/
attraction00519,Museum of Trade Ceramics,of trade ceramics,museum,"80 Trần Phú, Phường Minh An, Hội An, Quảng Nam",Hội An,hoi an,15.8772894,108.3295509,,2802980,₫2802980,4.2,Historical,Attraction,https://www.google.com/maps/place/Museum+of+Trade+Ceramics/data=!4m7!3m6!1s0x31420e7efb9ee7eb:0xcb737d31aba2e61e!8m2!3d15.8772894!4d108.3295509!16s%2Fm%2F03m6075!19sChIJ6-ee-34OQjERHuaiqzF9c8s?authuser=0&hl=en&rclk=1,
attraction00520,Coconut Boat Hoi An,coconut boat i an,lake,"Cam thanh village, Hội An, Quảng Nam",Hội An,hoi an,15.8838923,108.3699329,0782 329 836 ,100000,₫100000,4.4,Attraction,Attraction,https://www.google.com/maps/place/Coconut+Boat+Hoi+An/data=!4m7!3m6!1s0x31420dd6b048b553:0xba20ec1e12fbdb52!8m2!3d15.8838923!4d108.3699329!16s%2Fg%2F11nwb5j9f5!19sChIJU7VIsNYNQjERUtv7Eh7sILo?authuser=0&hl=en&rclk=1,https://hoianlaundryfreedelivery.com/hoi-an-coconut-boat-tour/
attraction00521,coconut Basket Boat Tour With Tom,coconut basket boat tour with tom,,"V9Q5+4G5, Cẩm Sơn, Hội An, Quảng Nam",Hội An,hoi an,15.8798934,108.3285955,0778 503 777 ,100000,₫100000,5.0,Attraction,Attraction,https://www.google.com/maps/place/coconut+Basket+Boat+Tour+With+Tom/data=!4m7!3m6!1s0x31420d00072157b5:0x9ca9c8dc26084075!8m2!3d15.8798934!4d108.3285955!16s%2Fg%2F11m5s9fpc6!19sChIJtVchBwANQjERdUAIJtzIqZw?authuser=0&hl=en&rclk=1,https://hoianlaundryfreedelivery.com/hoi-an-coconut-boat-tour/
attraction00522,Diep Dong Nguyen House,diep dong nguyen use,lake,"58 Nguyễn Thái Học, Phường Minh An, Hội An, Quảng Nam",Hội An,hoi an,15.8765885,108.3285692,,0,,4.1,Attraction,Attraction,https://www.google.com/maps/place/Diep+Dong+Nguyen+House/data=!4m7!3m6!1s0x31420e7e590fdf5d:0xfc6c83a1a1f9441d!8m2!3d15.8765885!4d108.3285692!16s%2Fg%2F11b6mmb8rx!19sChIJXd8PWX4OQjERHUT5oaGDbPw?authuser=0&hl=en&rclk=1,
attraction00523,Làng gốm Thanh Hà - Thanh Ha Pottery Village,lang gom thanh ha thanh ha pottery ge,hotel,"V7GX+WQ6, làng gốm, khối Nam Diêu, Hội An, Quảng Nam",Hội An,hoi an,15.8772925,108.2993814,,0,,4.4,Attraction,Attraction,https://www.google.com/maps/place/L%C3%A0ng+g%E1%BB%91m+Thanh+H%C3%A0+-+Thanh+Ha+Pottery+Village/data=!4m7!3m6!1s0x31420f004e63987f:0x5e28b9a47b73f86e!8m2!3d15.8772925!4d108.2993814!16s%2Fg%2F11w9kl2m1_!19sChIJf5hjTgAPQjERbvhze6S5KF4?authuser=0&hl=en&rclk=1,
attraction00524,hangcoconut Basket Boat Ride,hangcoconut basket boat ride,bridge,"thôn vạn lăng, Tổ 3, Hội An, Quảng Nam",Hội An,hoi an,15.8777406,108.3727706,0706 233 340 ,90000,₫90000,5.0,Attraction,Attraction,https://www.google.com/maps/place/hangcoconut+Basket+Boat+Ride/data=!4m7!3m6!1s0x31420d71bf5a8b37:0x9f544c682d035ac9!8m2!3d15.8777406!4d108.3727706!16s%2Fg%2F11l2hh6dj3!19sChIJN4tav3ENQjERyVoDLWhMVJ8?authuser=0&hl=en&rclk=1,http://hangcoconut.com/
attraction00525,Chùa Chúc Thánh,chuc thanh,pagoda,"V8QG+CJF, Khu Vực 7, Hội An, Quảng Nam",Hội An,hoi an,15.8885569,108.3265506,,0,,4.6,Cultural,Attraction,https://www.google.com/maps/place/Ch%C3%B9a+Ch%C3%BAc+Th%C3%A1nh/data=!4m7!3m6!1s0x31420e71c0000001:0xb5473eca740cd713!8m2!3d15.8885569!4d108.3265506!16s%2Fg%2F1thq7btm!19sChIJAQAAwHEOQjERE9cMdMo-R7U?authuser=0&hl=en&rclk=1,
attraction00526,Chùa Pháp Bảo,phap bao,pagoda,"V8HG+CPQ, Đ. Phan Chu Trinh, Phường Minh An, Hội An, Quảng Nam",Hội An,hoi an,15.8785894,108.3268736,,0,,4.5,Cultural,Attraction,https://www.google.com/maps/place/Ch%C3%B9a+Ph%C3%A1p+B%E1%BA%A3o/data=!4m7!3m6!1s0x31420e7ea0b1433b:0xedb478983519f3d6!8m2!3d15.8785894!4d108.3268736!16s%2Fg%2F1tfqnfgn!19sChIJO0OxoH4OQjER1vMZNZh4tO0?authuser=0&hl=en&rclk=1,
attraction00527,Laughing Roo Travel,laughing roo travel,,"554 Cửa Đại, St, Hội An, Quảng Nam 510000",Hội An,hoi an,15.87996,108.3376219,,0,,5.0,Attraction,Attraction,https://www.google.com/maps/place/Laughing+Roo+Travel/data=!4m7!3m6!1s0x31420d023e90f9b5:0xa99834979aca08a9!8m2!3d15.87996!4d108.3376219!16s%2Fg%2F11gwmdpyxz!19sChIJtfmQPgINQjERqQjKmpc0mKk?authuser=0&hl=en&rclk=1,http://laughingrootravel.com/
attraction00528,Cocochill Hoi An – Coconut Village & Basket Boat,cocochill hoi an coconut ge basket boat,hotel,"Tổ 7 - Thôn Vạn lăng, Cẩm Thanh, Hội An, Quảng Nam 51000",Hội An,hoi an,15.8817848,108.3699939,0905 958 630 ,0,,5.0,Attraction,Attraction,https://www.google.com/maps/place/Cocochill+Hoi+An+%E2%80%93+Coconut+Village+%26+Basket+Boat/data=!4m7!3m6!1s0x31420d653c27a959:0x11d8d1249280efd5!8m2!3d15.8817848!4d108.3699939!16s%2Fg%2F11g0hzv_km!19sChIJWaknPGUNQjER1e-AkiTR2BE?authuser=0&hl=en&rclk=1,https://www.cocochillhoian.com/
attraction00529,Rehahn Gallery,rehahn gallery,,"7 Nguyễn Huệ, Sơn Phong, Hội An, Quảng Nam 563890",Hội An,hoi an,15.8779694,108.3313562,0949 820 698 ,1107977,₫1107977,4.9,Attraction,Attraction,https://www.google.com/maps/place/Rehahn+Gallery/data=!4m7!3m6!1s0x31420e7f41d2edc9:0x2e2d3b23596a3a54!8m2!3d15.8779694!4d108.3313562!16s%2Fg%2F11b6_cyw2s!19sChIJye3SQX8OQjERVDpqWSM7LS4?authuser=0&hl=en&rclk=1,https://www.rehahnphotographer.com/
attraction00530,Hacoconut Coconut Basket Boat,hacoconut coconut basket boat,,"Tổ 4/Thôn Vạn Lăng, Cẩm Thanh, Hội An, Quảng Nam 560000",Hội An,hoi an,15.8764198,108.3735708,0915 658 297 ,0,,4.9,Attraction,Attraction,https://www.google.com/maps/place/Hacoconut+Coconut+Basket+Boat/data=!4m7!3m6!1s0x31420de36ea14dbb:0xc412dca7ef236a15!8m2!3d15.8764198!4d108.3735708!16s%2Fg%2F11fjyvkdsx!19sChIJu02hbuMNQjERFWoj76fcEsQ?authuser=0&hl=en&rclk=1,https://www.hacoconut.com/
attraction00531,Rừng Dừa Sơn Đông,rung dua son dong,,"Tổ 9 Thôn Thanh Tam, Cẩm Thanh, Hội An, Quảng Nam 563800",Hội An,hoi an,15.8739327,108.3748477,0902 819 589 ,0,,4.5,Attraction,Attraction,https://www.google.com/maps/place/R%E1%BB%ABng+D%E1%BB%ABa+S%C6%A1n+%C4%90%C3%B4ng/data=!4m7!3m6!1s0x31420d4d393d24af:0x606305d59f5f5919!8m2!3d15.8739327!4d108.3748477!16s%2Fg%2F11vx4d9ttx!19sChIJryQ9OU0NQjERGVlfn9UFY2A?authuser=0&hl=en&rclk=1,https://hoiantravelook.vn/
attraction00532,Basket Boat Hoi An,basket boat i an,lake,"Cửa Đại, Cẩm Sơn, Hội An, Quảng Nam 560000",Hội An,hoi an,15.8838444,108.3697691,0899 205 352 ,0,,5.0,Attraction,Attraction,https://www.google.com/maps/place/Basket+Boat+Hoi+An/data=!4m7!3m6!1s0x31420e7bdb42d68f:0x78e99a70f1ee14d4!8m2!3d15.8838444!4d108.3697691!16s%2Fg%2F11j00t1g4h!19sChIJj9ZC23sOQjER1BTu8XCa6Xg?authuser=0&hl=en&rclk=1,https://hoianlaundryfreedelivery.com/hoi-an-coconut-boat-tour/
attraction00533,Quan Cong Temple,quan cong,temple,"24 Trần Phú, Cẩm Châu, Hội An, Quảng Nam",Hội An,hoi an,15.8775421,108.3313724,0971 198 995 ,821923,₫821923,4.3,Cultural,Attraction,https://www.google.com/maps/place/Quan+Cong+Temple/data=!4m7!3m6!1s0x31420e7f6c511f01:0xf1fb397be3ac0e2a!8m2!3d15.8775421!4d108.3313724!16s%2Fg%2F11gjw0b9k1!19sChIJAR9RbH8OQjERKg6s43s5-_E?authuser=0&hl=en&rclk=1,
attraction00534,Biển Tân Thành,bien tan thanh,,"Nguyễn Phan Vinh, Cẩm An, Tp. Hội An, Quảng Nam",Hội An,hoi an,15.9078772,108.3489037,,0,,4.4,Natural,Attraction,https://www.google.com/maps/place/Bi%E1%BB%83n+T%C3%A2n+Th%C3%A0nh/data=!4m7!3m6!1s0x31420df19803a0c7:0x5623486d18cbd37b!8m2!3d15.9078772!4d108.3489037!16s%2Fg%2F11f32_8jfj!19sChIJx6ADmPENQjERe9PLGG1II1Y?authuser=0&hl=en&rclk=1,http://tanthanhbeach.com/
attraction00535,Sunny rừng dừa - bamboo basket boat,sunny rung dua bamboo basket boat,,"Kiệt 210/6 Trần Nhân Tông, phường hội an đông, Hội An, Đà Nẵng 51300",Đà Nẵng,da nang,15.8754198,108.3477821,0705 294 614 ,0,,5.0,Attraction,Attraction,https://www.google.com/maps/place/Sunny+r%E1%BB%ABng+d%E1%BB%ABa+-+bamboo+basket+boat/data=!4m7!3m6!1s0x31420d47356e646f:0x5ca265553cec7a2e!8m2!3d15.8754198!4d108.3477821!16s%2Fg%2F11md0kpy6f!19sChIJb2RuNUcNQjERLnrsPFVlolw?authuser=0&hl=en&rclk=1,
attraction00536,Hoi An Traditional Art Performance House,i an traditional art performance use,lake,"66 Đ. Bạch Đằng, Old Town, Hội An, Quảng Nam",Hội An,hoi an,15.8760971,108.3297841,0235 3861 159 ,0,,4.5,Attraction,Attraction,https://www.google.com/maps/place/Hoi+An+Traditional+Art+Performance+House/data=!4m7!3m6!1s0x31420e7e55a5baa9:0xd9d555d9b927d774!8m2!3d15.8760971!4d108.3297841!16s%2Fg%2F11c5b12hz_!19sChIJqbqlVX4OQjERdNcnudlV1dk?authuser=0&hl=en&rclk=1,
attraction00537,Memories of Hoi An,memories of i an,lake,"94 Huyền Trân Công Chúa, Cẩm Châu, Hội An, Quảng Nam 51000",Hội An,hoi an,15.8749751,108.3411487,,540000,₫540000,4.6,Attraction,Attraction,https://www.google.com/maps/place/Memories+of+Hoi+An/data=!4m7!3m6!1s0x31420db8f92188b3:0xb28f14b7a1296953!8m2!3d15.8749751!4d108.3411487!16s%2Fg%2F1tjmb4jc!19sChIJs4gh-bgNQjERU2kpobcUj7I?authuser=0&hl=en&rclk=1,http://ticketdulich.com/hoian-memories
attraction00538,Hoi An Museum,i an museum,lake,"10b Trần Hưng Đạo, Phường Minh An, Hội An, Quảng Nam",Hội An,hoi an,15.8802686,108.3294629,0235 3862 367 ,2211216,₫2211216,4.2,Historical,Attraction,https://www.google.com/maps/place/Hoi+An+Museum/data=!4m7!3m6!1s0x31420fbb67c19af9:0xd8d0dcae34aa403d!8m2!3d15.8802686!4d108.3294629!16s%2Fg%2F11fk3l6932!19sChIJ-ZrBZ7sPQjERPUCqNK7c0Ng?authuser=0&hl=en&rclk=1,http://hoianmuseum.com/
attraction00539,Woodart Vietnam,woodart vietnam,,"Điện Phong, Điện Bàn, Quảng Nam 560000",Quảng Nam,quang nam,15.8498209,108.2365204,0911 300 815 ,0,,5.0,Attraction,Attraction,https://www.google.com/maps/place/Woodart+Vietnam/data=!4m7!3m6!1s0x31420f3c2e73e8ad:0xb46f7b432dffa989!8m2!3d15.8498209!4d108.2365204!16s%2Fg%2F11vrjmnj65!19sChIJrehzLjwPQjERian_LUN7b7Q?authuser=0&hl=en&rclk=1,https://woodartvietnam.com/blogs/news/hoi-an-3-hour-wood-carving-class-with-local-artist-in-a-hidden-pieceful-village
attraction00540,Củi Lũ Art Space - Coco Casa Art Gallery,cui lu art space coco casa art gallery,,"Đường Trường Sa, Thịnh Mỹ, Hội An, Quảng Nam 56000",Hội An,hoi an,15.9038695,108.3475684,0899 225 969 ,0,,4.9,Attraction,Attraction,https://www.google.com/maps/place/C%E1%BB%A7i+L%C5%A9+Art+Space+-+Coco+Casa+Art+Gallery/data=!4m7!3m6!1s0x31420ddc5eb74229:0xe3b7fa21d8be1f39!8m2!3d15.9038695!4d108.3475684!16s%2Fg%2F11wr3wbkcd!19sChIJKUK3XtwNQjEROR--2CH6t-M?authuser=0&hl=en&rclk=1,https://cuiluartspace.com/
attraction00541,Triem Tay Gardens,triem tay gars,temple,"Thôn Triêm Tây, Điện Bàn, Quảng Nam",Quảng Nam,quang nam,15.8721462,108.3054825,0935 618 391 ,0,,4.2,Attraction,Attraction,https://www.google.com/maps/place/Triem+Tay+Gardens/data=!4m7!3m6!1s0x31420ef4b5dcb475:0x5a13abaf824a31e!8m2!3d15.8721462!4d108.3054825!16s%2Fg%2F12hkr2014!19sChIJdbTctfQOQjERHqMk-Lo6oQU?authuser=0&hl=en&rclk=1,http://www.facebook.com/triemtaygardens
attraction00542,Núi Hòn Bằng,nui n bang,lake,"R6FF+4P2, Duy Sơn, Duy Xuyên, Quảng Nam",Quảng Nam,quang nam,15.8227528,108.2242581,,0,,4.1,Natural,Attraction,https://www.google.com/maps/place/N%C3%BAi+H%C3%B2n+B%E1%BA%B1ng/data=!4m7!3m6!1s0x314207bd18bac8b1:0xa8d1bb362c65840e!8m2!3d15.8227528!4d108.2242581!16s%2Fg%2F11gj73_r29!19sChIJsci6GL0HQjERDoRlLDa70ag?authuser=0&hl=en&rclk=1,
attraction00543,Cua Dai Beach,cua dai,beach,"V9X5+W4C, 81 Lạc Long Quân, Cẩm An, Hội An, Quảng Nam",Hội An,hoi an,15.9018073,108.3600396,,384594,₫384594,4.1,Natural,Attraction,https://www.google.com/maps/place/Cua+Dai+Beach/data=!4m7!3m6!1s0x31420d93ae161d09:0xdc008df0a8f90b4e!8m2!3d15.9018073!4d108.3600396!16s%2Fg%2F11gb3t8tsy!19sChIJCR0WrpMNQjERTgv5qPCNANw?authuser=0&hl=en&rclk=1,
attraction00544,CSO Gallery Hoi An,cso gallery i an,lake,"229 Cửa Đại, Hội An Đông, Hội An, Đà Nẵng",Đà Nẵng,da nang,15.8855605,108.3505433,0562 226 688 ,0,,5.0,Attraction,Attraction,https://www.google.com/maps/place/CSO+Gallery+Hoi+An/data=!4m7!3m6!1s0x31420d0859a722c3:0x87e1dc3e0b6f8d5a!8m2!3d15.8855605!4d108.3505433!16s%2Fg%2F11sczqs9fx!19sChIJwyKnWQgNQjERWo1vCz7c4Yc?authuser=0&hl=en&rclk=1,https://www.facebook.com/csogallery
attraction00545,Museum of Traditional Medicine,of traditional medicine,museum,"34 Nguyễn Thái Học, Phường Minh An, Hội An, Quảng Nam",Hội An,hoi an,15.8766736,108.329857,,0,,3.7,Historical,Attraction,https://www.google.com/maps/place/Museum+of+Traditional+Medicine/data=!4m7!3m6!1s0x31420fcf0740a2b9:0x749f820a56bb0e9c!8m2!3d15.8766736!4d108.329857!16s%2Fg%2F11h9g8bg4t!19sChIJuaJAB88PQjERnA67VgqCn3Q?authuser=0&hl=en&rclk=1,
attraction00546,Hoi An Lantern Boat Tour ( 호이안 랜턴 보트 투어 ),i an lantern boat tour ian raenteon boteu tueo,lake,"24 Lưu Qúy Kỳ, Phường Minh An, Hội An, Quảng Nam",Hội An,hoi an,15.875072,108.3273525,0792 602 287 ,0,,4.7,Attraction,Attraction,https://www.google.com/maps/place/Hoi+An+Lantern+Boat+Tour+%28+%ED%98%B8%EC%9D%B4%EC%95%88+%EB%9E%9C%ED%84%B4+%EB%B3%B4%ED%8A%B8+%ED%88%AC%EC%96%B4+%29/data=!4m7!3m6!1s0x31420fb5a60d6687:0xb0df90cb15e1b7e1!8m2!3d15.875072!4d108.3273525!16s%2Fg%2F11q45bndnv!19sChIJh2YNprUPQjER4bfhFcuQ37A?authuser=0&hl=en&rclk=1,https://hoianlanternboat.com/
attraction00547,Khu Dệt Chiếu Kim Bồng - KIM BONG TRADITIONAL MAT WEAVING,khu det chieu kim bong kim bong traditional mat weaving,,"Đông Hà 1, Cẩm Kim, Hội An, Quảng Nam",Hội An,hoi an,15.8624374,108.3327616,0903 534 199 ,0,,4.8,Attraction,Attraction,https://www.google.com/maps/place/Khu+D%E1%BB%87t+Chi%E1%BA%BFu+Kim+B%E1%BB%93ng+-+KIM+BONG+TRADITIONAL+MAT+WEAVING/data=!4m7!3m6!1s0x31420fe2545affaf:0xedbe2487a28c5b99!8m2!3d15.8624374!4d108.3327616!16s%2Fg%2F11h6sg6b3g!19sChIJr_9aVOIPQjERmVuMoockvu0?authuser=0&hl=en&rclk=1,
attraction00548,Thanh Dong Organic Farm,thanh dong organic farm,,"Tổ 5 thôn Thanh Đông, Cẩm Thanh, Hội An, Quảng Nam",Hội An,hoi an,15.8876499,108.3545654,0905 775 864 ,0,,4.8,Attraction,Attraction,https://www.google.com/maps/place/Thanh+Dong+Organic+Farm/data=!4m7!3m6!1s0x31420dc73da7fecf:0x18c89ea19d8eebef!8m2!3d15.8876499!4d108.3545654!16s%2Fg%2F11c58sh9bf!19sChIJz_6nPccNQjER7-uOnaGeyBg?authuser=0&hl=en&rclk=1,https://www.thanhdongorganicfarm.com/
attraction00549,Vanda Tailors,vanda tailors,,"88 Nguyễn Thái Học, Phường Minh An, Hội An, Quảng Nam",Hội An,hoi an,15.8765805,108.3282608,0984 488 811 ,0,,4.8,Attraction,Attraction,https://www.google.com/maps/place/Vanda+Tailors/data=!4m7!3m6!1s0x31420e7ea63886e3:0xb35728b12caae6f9!8m2!3d15.8765805!4d108.3282608!16s%2Fg%2F11bwkdsx65!19sChIJ44Y4pn4OQjER-eaqLLEoV7M?authuser=0&hl=en&rclk=1,https://vandatailors.com/
attraction00550,Bài Chòi Hội An,bai ci i an,lake,"V8GG+JQ5, Old Town, Hội An, Quảng Nam",Hội An,hoi an,15.8765062,108.3269713,,0,,4.8,Attraction,Attraction,https://www.google.com/maps/place/B%C3%A0i+Ch%C3%B2i+H%E1%BB%99i+An/data=!4m7!3m6!1s0x31420f1bee87f5a9:0x27925699af78e1b!8m2!3d15.8765062!4d108.3269713!16s%2Fg%2F11g22yml9n!19sChIJqfWH7hsPQjERG473mmkleQI?authuser=0&hl=en&rclk=1,
attraction00551,Hoa Lo Prison,a lo prison,lake,"1 P. Hoả Lò, Trần Hưng Đạo, Hoàn Kiếm, Hà Nội",Hà Nội,ha noi,21.0253297,105.8464781,0825 112 668 ,50000,₫50000,4.5,Attraction,Attraction,https://www.google.com/maps/place/Hoa+Lo+Prison/data=!4m7!3m6!1s0x3135ab96aa51de95:0x9701e10bee31af54!8m2!3d21.0253297!4d105.8464781!16zL20vMG45d3A!19sChIJld5RqparNTERVK8x7gvhAZc?authuser=0&hl=en&rclk=1,https://hoalo.vn/
attraction00552,Thang Long Water Puppet Theatre,thang long water puppet theatre,,"57B Đinh Tiên Hoàng, Hàng Bạc, Hoàn Kiếm, Hà Nội",Hà Nội,ha noi,21.0316826,105.8533466,024 3824 9494 ,100000,₫100000,4.3,Attraction,Attraction,https://www.google.com/maps/place/Thang+Long+Water+Puppet+Theatre/data=!4m7!3m6!1s0x3135abc013454289:0x4e5ea7a5d23aad1c!8m2!3d21.0316826!4d105.8533466!16s%2Fg%2F1tdp2j4q!19sChIJiUJFE8CrNTERHK060qWnXk4?authuser=0&hl=en&rclk=1,https://thanglongwaterpuppet.com/
attraction00553,Vietnam National Museum of History,vietnam national of history,museum,"1 Tràng Tiền, Phan Chu Trinh, Hoàn Kiếm, Hà Nội",Hà Nội,ha noi,21.0245045,105.8593698,024 3825 2853 ,40000,₫40000,4.3,Historical,Attraction,https://www.google.com/maps/place/Vietnam+National+Museum+of+History/data=!4m7!3m6!1s0x3135abe9661234d7:0x7d497bffb5ce2892!8m2!3d21.0245045!4d105.8593698!16s%2Fm%2F03m5zhh!19sChIJ1zQSZumrNTERkijOtf97SX0?authuser=0&hl=en&rclk=1,http://www.baotanglichsu.vn/
attraction00554,Weekend Walking Street,weekend walking street,,"5 Đinh Tiên Hoàng, Hàng Trống, Hoàn Kiếm, Hà Nội",Hà Nội,ha noi,21.0315956,105.8530717,,0,,4.5,Attraction,Attraction,https://www.google.com/maps/place/Weekend+Walking+Street/data=!4m7!3m6!1s0x3135ab6ad059b3f3:0x94da406031625c16!8m2!3d21.0315956!4d105.8530717!16s%2Fg%2F11scnm7gq4!19sChIJ87NZ0GqrNTERFlxiMWBA2pQ?authuser=0&hl=en&rclk=1,
attraction00555,One Pillar Pagoda,one pillar,pagoda,"P. Chùa Một Cột, Đội Cấn, Ba Đình, Hà Nội 100000",Hà Nội,ha noi,21.0358277,105.8336206,,1684640,₫1684640,4.4,Cultural,Attraction,https://www.google.com/maps/place/One+Pillar+Pagoda/data=!4m7!3m6!1s0x3135aba1728475ed:0xdbe7366fe9dfc2ae!8m2!3d21.0358277!4d105.8336206!16s%2Fm%2F03mdcwc!19sChIJ7XWEcqGrNTERrsLf6W8259s?authuser=0&hl=en&rclk=1,http://www.chuamotcot.vn/
attraction00556,Hanoi Train Street,hanoi train street,,"P. Trần Phú, Hàng Bông, Hoàn Kiếm, Hà Nội 100000",Hà Nội,ha noi,21.0307239,105.8441362,,0,,4.4,Attraction,Attraction,https://www.google.com/maps/place/Hanoi+Train+Street/data=!4m7!3m6!1s0x3135abb85e1fd885:0x6fc790a6864444f8!8m2!3d21.0307239!4d105.8441362!16s%2Fg%2F11kbx9prh0!19sChIJhdgfXrirNTER-EREhqaQx28?authuser=0&hl=en&rclk=1,https://shippedaway.com/hanoi-train-street
attraction00557,Vietnam Museum of Ethnology,vietnam of ethnology,museum,"Đ. Nguyễn Văn Huyên, Quan Hoa, Cầu Giấy, Hà Nội 100000",Hà Nội,ha noi,21.0403422,105.7987354,024 3756 2193 ,40000,₫40000,4.6,Historical,Attraction,https://www.google.com/maps/place/Vietnam+Museum+of+Ethnology/data=!4m7!3m6!1s0x3135ab394353b821:0x47c950bb0f081a1c!8m2!3d21.0403422!4d105.7987354!16s%2Fm%2F03c23m3!19sChIJIbhTQzmrNTERHBoID7tQyUc?authuser=0&hl=en&rclk=1,http://www.vme.org.vn/
attraction00558,Hanoi Opera House,hanoi opera use,lake,"1 Tràng Tiền, Phan Chu Trinh, Hoàn Kiếm, Hà Nội",Hà Nội,ha noi,21.0242438,105.8576254,024 3933 0113 ,500000,₫500000,4.6,Attraction,Attraction,https://www.google.com/maps/place/Hanoi+Opera+House/data=!4m7!3m6!1s0x3135abebf87e0011:0x647af200da508d2b!8m2!3d21.0242438!4d105.8576254!16s%2Fm%2F02pxggv!19sChIJEQB--OurNTERK41Q2gDyemQ?authuser=0&hl=en&rclk=1,http://hanoioperahouse.org.vn/
attraction00559,Vietnam National Fine Arts Museum,vietnam national fine arts,museum,"66 P. Nguyễn Thái Học, Điện Biên, Ba Đình, Hà Nội",Hà Nội,ha noi,21.0307844,105.837084,024 3823 3084 ,40000,₫40000,4.5,Historical,Attraction,https://www.google.com/maps/place/Vietnam+National+Fine+Arts+Museum/data=!4m7!3m6!1s0x3135ab98947bdbf5:0xfd421f83a4c0ac4e!8m2!3d21.0307844!4d105.837084!16s%2Fm%2F04drtc2!19sChIJ9dt7lJirNTERTqzApIMfQv0?authuser=0&hl=en&rclk=1,https://vnfam.vn/
attraction00560,Xe 2 tầng Hà Nội - Hop on hop off bus Vietnam Sightseeing,xe 2 tang ha noi p on p off bus vietnam sightseeing,lake,"1 Tràng Tiền, Phan Chu Trinh, Hoàn Kiếm, Hà Nội",Hà Nội,ha noi,21.0237437,105.8571392,0828 605 096 ,342193,₫342193,4.9,Attraction,Attraction,https://www.google.com/maps/place/Xe+2+t%E1%BA%A7ng+H%C3%A0+N%E1%BB%99i+-+Hop+on+hop+off+bus+Vietnam+Sightseeing/data=!4m7!3m6!1s0x3135ab006cd54b55:0xa700db1515d98fcd!8m2!3d21.0237437!4d105.8571392!16s%2Fg%2F11ty77vsr9!19sChIJVUvVbACrNTERzY_ZFRXbAKc?authuser=0&hl=en&rclk=1,https://vn-sightseeing.com/
attraction00561,Heritage House,heritage use,lake,"87 Mã Mây, Hàng Buồm, Hoàn Kiếm, Hà Nội",Hà Nội,ha noi,21.034401,105.8535518,,0,,3.7,Attraction,Attraction,https://www.google.com/maps/place/Heritage+House/data=!4m7!3m6!1s0x3135abc090a35731:0xf7e02c17391c077f!8m2!3d21.034401!4d105.8535518!16s%2Fg%2F11c5h2mkwx!19sChIJMVejkMCrNTERfwccORcs4Pc?authuser=0&hl=en&rclk=1,
attraction00562,Vietnamese Women's Museum,vietnamese women s,museum,"36 P. Lý Thường Kiệt, Trần Hưng Đạo, Hoàn Kiếm, Hà Nội",Hà Nội,ha noi,21.0235876,105.8516497,024 3936 5973 ,2290275,₫2290275,4.4,Historical,Attraction,https://www.google.com/maps/place/Vietnamese+Women%27s+Museum/data=!4m7!3m6!1s0x3135ab0015696227:0x3826297573752daa!8m2!3d21.0235876!4d105.8516497!16s%2Fm%2F01084q02!19sChIJJ2JpFQCrNTERqi11c3UpJjg?authuser=0&hl=en&rclk=1,https://baotangphunu.org.vn/
attraction00563,Viewpoint Đầm sen Hang múa,viewpoint dam sen hang mua,,"244 Đ. Võ Chí Công, Xuân La, Tây Hồ, Hà Nội 11200",Hà Nội,ha noi,21.0637675,105.8056261,0812 539 999 ,0,,4.3,Attraction,Attraction,https://www.google.com/maps/place/Viewpoint+%C4%90%E1%BA%A7m+sen+Hang+m%C3%BAa/data=!4m7!3m6!1s0x31367bed7d2b1965:0x8dcba35af8dbdccb!8m2!3d21.0637675!4d105.8056261!16s%2Fg%2F11t9cc_yyb!19sChIJZRkrfe17NjERy9zb-Fqjy40?authuser=0&hl=en&rclk=1,
attraction00564,Sword Lake Octagon House,sword octagon use,lake,"P. Lê Thạch, Tràng Tiền, Hoàn Kiếm, Hà Nội",Hà Nội,ha noi,21.0274259,105.8548704,,0,,4.6,Natural,Attraction,https://www.google.com/maps/place/Sword+Lake+Octagon+House/data=!4m7!3m6!1s0x3135abeafd12769b:0xc7f2ecceefbb6c51!8m2!3d21.0274259!4d105.8548704!16s%2Fg%2F1jkvl8slf!19sChIJm3YS_eqrNTERUWy7787s8sc?authuser=0&hl=en&rclk=1,
attraction00565,International Intersection,international intersection,,"20 P. Tạ Hiện, Hàng Buồm, Hoàn Kiếm, Hà Nội",Hà Nội,ha noi,21.0346767,105.8521574,,0,,4.2,Attraction,Attraction,https://www.google.com/maps/place/International+Intersection/data=!4m7!3m6!1s0x3135abd5bdc5eb59:0x3f9edf8eed8b9684!8m2!3d21.0346767!4d105.8521574!16s%2Fg%2F11k0m_5c1l!19sChIJWevFvdWrNTERhJaL7Y7fnj8?authuser=0&hl=en&rclk=1,
attraction00566,Ceramic mosaic mural road,ceramic mosaic mural road,,"11 P. Hàng Vôi, Lý Thái Tổ, Hoàn Kiếm, Hà Nội",Hà Nội,ha noi,21.0300768,105.8574661,,0,,4.2,Attraction,Attraction,https://www.google.com/maps/place/Ceramic+mosaic+mural+road/data=!4m7!3m6!1s0x3135abc1db7e4323:0x663e821278615f8f!8m2!3d21.0300768!4d105.8574661!16s%2Fm%2F0dd8sy6!19sChIJI0N-28GrNTERj19heBKCPmY?authuser=0&hl=en&rclk=1,
attraction00567,Indira Gandhi Park,indira gandhi,park,"2R98+66C, 16 P. Láng Hạ, Thành Công, Ba Đình, Hà Nội",Hà Nội,ha noi,21.0180994,105.8154581,,0,,4.2,Natural,Attraction,https://www.google.com/maps/place/Indira+Gandhi+Park/data=!4m7!3m6!1s0x3135ab6459e32dc7:0x2b42ba7dd421ae69!8m2!3d21.0180994!4d105.8154581!16s%2Fg%2F15dp5221!19sChIJxy3jWWSrNTERaa4h1H26Qis?authuser=0&hl=en&rclk=1,https://viettravel.info/
attraction00568,"Hanoi Tour Guide - Hanoi Tours, Activities & Things to Do",hanoi tour guide hanoi tours activities things to do,island,"41 P. Vũ Phạm Hàm, Yên Hoà, Cầu Giấy, Hà Nội 10000",Hà Nội,ha noi,21.0196489,105.8001835,0936 199 495 ,0,,5.0,Attraction,Attraction,"https://www.google.com/maps/place/Hanoi+Tour+Guide+-+Hanoi+Tours,+Activities+%26+Things+to+Do/data=!4m7!3m6!1s0x3135ab38ac313383:0x18565b56d04b1bd7!8m2!3d21.0196489!4d105.8001835!16s%2Fg%2F11r3s9dr40!19sChIJgzMxrDirNTER1xtL0FZbVhg?authuser=0&hl=en&rclk=1",
attraction00569,기찻길 카페,gicasgil kape,,"8d Điện Biên Phủ, Cửa Nam, Hoàn Kiếm, Hà Nội",Hà Nội,ha noi,21.0303425,105.8443106,,0,,3.8,Attraction,Attraction,https://www.google.com/maps/place/%EA%B8%B0%EC%B0%BB%EA%B8%B8+%EC%B9%B4%ED%8E%98/data=!4m7!3m6!1s0x3135ab18bb2496d3:0xd6587ae564792537!8m2!3d21.0303425!4d105.8443106!16s%2Fg%2F11sk9k31mc!19sChIJ05YkuxirNTERNyV5ZOV6WNY?authuser=0&hl=en&rclk=1,
attraction00570,Train street coffee,train street,cafe,"1 P. Khâm Thiên, Khâm Thiên, Hai Bà Trưng, Hà Nội",Hà Nội,ha noi,21.0187187,105.840816,,0,,4.6,Attraction,Attraction,https://www.google.com/maps/place/Train+street+coffee/data=!4m7!3m6!1s0x3135ab3223bf135d:0xdfb7769115eddbab!8m2!3d21.0187187!4d105.840816!16s%2Fg%2F11kqnwgtpg!19sChIJXRO_IzKrNTERq9vtFZF2t98?authuser=0&hl=en&rclk=1,
attraction00571,Sky Lotte Observation Deck,sky lotte observation deck,,"54 P. Liễu Giai, Ngọc Khánh, Ba Đình, Hà Nội 100000",Hà Nội,ha noi,21.0321022,105.8126712,024 3333 6000 ,210000,₫210000,4.4,Attraction,Attraction,https://www.google.com/maps/place/Sky+Lotte+Observation+Deck/data=!4m7!3m6!1s0x3135ab6c92399987:0xa35f66ba8443e5b3!8m2!3d21.0321022!4d105.8126712!16s%2Fg%2F11f_1k6vfw!19sChIJh5k5kmyrNTERs-VDhLpmX6M?authuser=0&hl=en&rclk=1,https://ticket-stations.com/lotte-view-ha-noi
attraction00572,things to do in vietnam,things to do in vietnam,island,,,,15.7939252,105.9102332,0866 879 738 ,0,,,Attraction,Attraction,https://www.google.com/maps/place/things+to+do+in+vietnam/data=!4m7!3m6!1s0xa2f402935eb4fcf:0x7badd17f27db22d2!8m2!3d15.7939252!4d105.9102332!16s%2Fg%2F11k483vvrl!19sChIJz0_rNSlALwoR0iLbJ3_RrXs?authuser=0&hl=en&rclk=1,
attraction00573,Presidential Palace,presitial palace,temple,"2 Hùng Vương, Ngọc Hồ, Ba Đình, Hà Nội 118708",Hà Nội,ha noi,21.0393042,105.834477,,0,,4.3,Attraction,Attraction,https://www.google.com/maps/place/Presidential+Palace/data=!4m7!3m6!1s0x3135aba6a048dfc1:0x353a1ec306bb704f!8m2!3d21.0393042!4d105.834477!16zL20vMGI0OHpt!19sChIJwd9IoKarNTERT3C7BsMeOjU?authuser=0&hl=en&rclk=1,http://vpctn.gov.vn/
attraction00574,Cultural Exchange Center,cultural exchange center,,"50 P. Đào Duy Từ, Hàng Buồm, Hoàn Kiếm, Hà Nội",Hà Nội,ha noi,21.035588,105.85279,,394875,₫394875,4.4,Attraction,Attraction,https://www.google.com/maps/place/Cultural+Exchange+Center/data=!4m7!3m6!1s0x3135abc754952f7f:0x79a5229a38d0387f!8m2!3d21.035588!4d105.85279!16s%2Fg%2F11bx1zg8j5!19sChIJfy-VVMerNTERfzjQOJoipXk?authuser=0&hl=en&rclk=1,
attraction00575,하노이 북스트리트,hanoi bugseuteuriteu,,"Hà Nội, Hoàn Kiếm, Trần Hưng Đạo, Chợ 19-12",Hà Nội,ha noi,21.0248362,105.847773,,0,,4.2,Attraction,Attraction,https://www.google.com/maps/place/%ED%95%98%EB%85%B8%EC%9D%B4+%EB%B6%81%EC%8A%A4%ED%8A%B8%EB%A6%AC%ED%8A%B8/data=!4m7!3m6!1s0x3135abe7e522fc13:0xb3dd0c603b8e47c0!8m2!3d21.0248362!4d105.847773!16s%2Fg%2F11sstpwf7w!19sChIJE_wi5eerNTERwEeOO2AM3bM?authuser=0&hl=en&rclk=1,
attraction00576,Ta Hien Beer Street,ta hien beer street,,"41-36 P. Lương Ngọc Quyến, Hàng Buồm, Hoàn Kiếm, Hà Nội",Hà Nội,ha noi,21.034621,105.85234,,763425,₫763425,4.3,Attraction,Attraction,https://www.google.com/maps/place/Ta+Hien+Beer+Street/data=!4m7!3m6!1s0x3135abc0c715ae77:0x18dc10a721595cba!8m2!3d21.034621!4d105.85234!16s%2Fg%2F11h7s4jlnz!19sChIJd64Vx8CrNTERulxZIacQ3Bg?authuser=0&hl=en&rclk=1,http://ticketdulich.com/old-quarter-food-tour-hanoi
attraction00577,The Memorial House of Ho Chi Minh,the memorial use of chi minh,lake,"48 P. Hàng Ngang, Hàng Đào, Hoàn Kiếm, Hà Nội",Hà Nội,ha noi,21.034384,105.850446,,0,,,Attraction,Attraction,https://www.google.com/maps/place/The+Memorial+House+of+Ho+Chi+Minh/data=!4m7!3m6!1s0x3135abbf104598fb:0xf8ddf7bf496f742e!8m2!3d21.034384!4d105.850446!16s%2Fg%2F11c2l1l_gx!19sChIJ-5hFEL-rNTERLnRvSb_33fg?authuser=0&hl=en&rclk=1,
attraction00578,VinKE & Thủy cung Times City,vinke thuy cung times city,,"458 P. Minh Khai, Thanh Lương, Hai Bà Trưng, Hà Nội 100000",Hà Nội,ha noi,20.996341,105.8680046,,0,,,Attraction,Attraction,https://www.google.com/maps/place/VinKE+%26+Th%E1%BB%A7y+cung+Times+City/data=!4m7!3m6!1s0x3135ac04d73a728b:0x860684496d96f110!8m2!3d20.996341!4d105.8680046!16s%2Fg%2F11btrshq6x!19sChIJi3I61wSsNTEREPGWbUmEBoY?authuser=0&hl=en&rclk=1,https://booking.vinwonders.com/vi-VND/search?code=HNVKA&adultQuantity=1?utm_source=GG_Business_SEO&utm_medium=&utm_campaign=Vi__VW_Hanoi____&utm_id=&utm_content=
attraction00579,VietClimb,vietclimb,,"2 Ng. 76 An Dương, Yên Phụ, Tây Hồ, Hà Nội 100000",Hà Nội,ha noi,21.0549222,105.8399222,024 6662 4352 ,0,,,Attraction,Attraction,https://www.google.com/maps/place/VietClimb/data=!4m7!3m6!1s0x3135aa4d44cc8725:0x7586ea6c73c21483!8m2!3d21.0549222!4d105.8399222!16s%2Fg%2F12m99cdrt!19sChIJJYfMRE2qNTERgxTCc2zqhnU?authuser=0&hl=en&rclk=1,https://vietclimb.vn/
attraction00580,Ho Tay Water Park,tay water park,lake,"614 Đ. Lạc Long Quân, Nhật Tân, Tây Hồ, Hà Nội 100000",Hà Nội,ha noi,21.0729824,105.8172732,024 3718 4222 ,0,,,Natural,Attraction,https://www.google.com/maps/place/Ho+Tay+Water+Park/data=!4m7!3m6!1s0x3135ab18d7dc24f3:0x34eeb08f44fdabfb!8m2!3d21.0729824!4d105.8172732!16s%2Fg%2F1tk88lqb!19sChIJ8yTc1xirNTER-6v9RI-w7jQ?authuser=0&hl=en&rclk=1,https://www.congvienhotay.vn/
attraction00581,Thung lũng hoa hồ Tây,thung lung a tay,lake,"Ngã 3 P. Nhật Chiêu, Nhật Tân, Tây Hồ, Hà Nội",Hà Nội,ha noi,21.0742133,105.8197456,0839 968 968 ,0,,4.3,Attraction,Attraction,https://www.google.com/maps/place/Thung+lu%CC%83ng+hoa+h%C3%B4%CC%80+T%C3%A2y/data=!4m7!3m6!1s0x3135aaf187a14047:0x668363dae64c6eda!8m2!3d21.0742133!4d105.8197456!16s%2Fg%2F11cm3y51s8!19sChIJR0Chh_GqNTER2m5M5tpjg2Y?authuser=0&hl=en&rclk=1,
attraction00582,Đền Hai Bà Trưng,hai ba trung,temple,"12 Hương Viên, Đồng Nhân, Hai Bà Trưng, Hà Nội",Hà Nội,ha noi,21.0120671,105.8551715,,1447738,₫1447738,4.4,Cultural,Attraction,https://www.google.com/maps/place/%C4%90%E1%BB%81n+Hai+B%C3%A0+Tr%C6%B0ng/data=!4m7!3m6!1s0x3135abf47da4a69f:0xd0449601b489b7ff!8m2!3d21.0120671!4d105.8551715!16s%2Fm%2F0pl22cm!19sChIJn6akffSrNTER_7eJtAGWRNA?authuser=0&hl=en&rclk=1,
attraction00583,Bảo Tàng I-Museum,i,museum,"24 P. Hai Bà Trưng, Tràng Tiền, Hoàn Kiếm, Hà Nội",Hà Nội,ha noi,21.0251125,105.8534719,,0,,4.0,Historical,Attraction,https://www.google.com/maps/place/B%E1%BA%A3o+T%C3%A0ng+I-Museum/data=!4m7!3m6!1s0x3135ab006f73ca01:0x34c0116b8812c24a!8m2!3d21.0251125!4d105.8534719!16s%2Fg%2F11vycvbpmk!19sChIJAcpzbwCrNTERSsISiGsRwDQ?authuser=0&hl=en&rclk=1,https://ticket-stations.com/bao-tang-I-Museum-ha-noi
attraction00584,Cau Giay Park,cau giay,park,"Duy Tân, Dịch Vọng, Cầu Giấy, Hà Nội 10000",Hà Nội,ha noi,21.0281979,105.7908333,,0,,4.4,Natural,Attraction,https://www.google.com/maps/place/Cau+Giay+Park/data=!4m7!3m6!1s0x3135ab4ee3d2b0f7:0x5ae05f0cc5533cd8!8m2!3d21.0281979!4d105.7908333!16s%2Fg%2F11c0rhsmdh!19sChIJ97DS406rNTER2DxTxQxf4Fo?authuser=0&hl=en&rclk=1,
attraction00585,Bãi Đá Sông Hồng,bai da song ng,lake,"Ngõ 264 Âu Cơ, Nhật Tân, Tây Hồ, Hà Nội 100000",Hà Nội,ha noi,21.078522,105.8352668,0902 558 899 ,0,,4.3,Attraction,Attraction,https://www.google.com/maps/place/B%C3%A3i+%C4%90%C3%A1+S%C3%B4ng+H%C3%B4%CC%80ng/data=!4m7!3m6!1s0x3135aa6755e18ac1:0xc76a4044f61ea958!8m2!3d21.078522!4d105.8352668!16s%2Fg%2F11c2lqx4zp!19sChIJwYrhVWeqNTERWKke9kRAasc?authuser=0&hl=en&rclk=1,https://baidasonghong.com/
attraction00586,Apricot Gallery,apricot gallery,,"40b P. Hàng Bông, Hàng Gai, Hoàn Kiếm, Hà Nội",Hà Nội,ha noi,21.0308501,105.8479863,024 3828 8965 ,0,,4.3,Attraction,Attraction,https://www.google.com/maps/place/Apricot+Gallery/data=!4m7!3m6!1s0x3135ab9651b63b6f:0x5fcf14017e3f5a34!8m2!3d21.0308501!4d105.8479863!16s%2Fg%2F1tsr0p4l!19sChIJbzu2UZarNTERNFo_fgEUz18?authuser=0&hl=en&rclk=1,http://www.apricotgallery.com.vn/
attraction00587,Van Nien pagoda,van nien,pagoda,"364 Đ. Lạc Long Quân, Xuân La, Tây Hồ, Hà Nội",Hà Nội,ha noi,21.0662416,105.8108955,024 3836 3055 ,0,,4.7,Cultural,Attraction,https://www.google.com/maps/place/Van+Nien+pagoda/data=!4m7!3m6!1s0x3135aae6874e6cfd:0x318ce140bb637a53!8m2!3d21.0662416!4d105.8108955!16s%2Fg%2F122wnfm2!19sChIJ_WxOh-aqNTERU3pju0DhjDE?authuser=0&hl=en&rclk=1,https://chuavannien.vn/
attraction00588,Hoàn Kiếm Lake,an kiem,lake,"Hang Trong, Hoàn Kiếm, Hanoi",Hanoi,ha noi,21.0286669,105.8521484,,0,,4.7,Natural,Attraction,https://www.google.com/maps/place/Ho%C3%A0n+Ki%E1%BA%BFm+Lake/data=!4m7!3m6!1s0x3135ab953357c995:0x1babf6bb4f9a20e!8m2!3d21.0286669!4d105.8521484!16zL20vMGdwNjV3!19sChIJlclXM5WrNTERDqL5tGu_ugE?authuser=0&hl=en&rclk=1,
attraction00589,Vietnam National Museum of Nature,vietnam national of nature,museum,"Cổng số 2 Viện Hàn Lâm Khoa học và Công nghệ Việt Nam, 18 Hoàng Quốc Việt, Nghĩa Đô, Cầu Giấy, Hà Nội 100000",Hà Nội,ha noi,21.0479802,105.8005853,024 6686 9034 ,0,,4.4,Historical,Attraction,https://www.google.com/maps/place/Vietnam+National+Museum+of+Nature/data=!4m7!3m6!1s0x3135abe2e461cdf9:0x1117704c594907a9!8m2!3d21.0479802!4d105.8005853!16s%2Fg%2F122840vy!19sChIJ-c1h5OKrNTERqQdJWUxwFxE?authuser=0&hl=en&rclk=1,http://vnmn.ac.vn/
attraction00590,The Sinh Tourist Formerly Well - Known As SinhCafe Since 1993,the sinh tourist formerly well known as sinh since 1993,cafe,"52 P. Lương Ngọc Quyến, Hàng Buồm, Hoàn Kiếm, Hà Nội",Hà Nội,ha noi,21.0348154,105.8513888,024 3926 1568 ,0,,4.6,Attraction,Attraction,https://www.google.com/maps/place/The+Sinh+Tourist+Formerly+Well+-+Known+As+SinhCafe+Since+1993/data=!4m7!3m6!1s0x4500399edec6dc69:0xe90d8f01a7201dab!8m2!3d21.0348154!4d105.8513888!16s%2Fg%2F11kb115wwy!19sChIJadzG3p45AEURqx0gpwGPDek?authuser=0&hl=en&rclk=1,https://www.thesinhtourist.vn/office
attraction00591,Chùa Quán Sứ,quan su,pagoda,"73 P. Quán Sứ, Trần Hưng Đạo, Hoàn Kiếm, Hà Nội",Hà Nội,ha noi,21.0244934,105.8453387,024 3942 2427 ,1210950,₫1210950,4.7,Cultural,Attraction,https://www.google.com/maps/place/Ch%C3%B9a+Qu%C3%A1n+S%E1%BB%A9/data=!4m7!3m6!1s0x3135ab914657567d:0x3d48871a5753466e!8m2!3d21.0244934!4d105.8453387!16s%2Fm%2F05m_5gq!19sChIJfVZXRpGrNTERbkZTVxqHSD0?authuser=0&hl=en&rclk=1,https://m.facebook.com/chuaquansu.73quansu/
attraction00592,Quan Thanh Temple,quan thanh,temple,"190 P. Quán Thánh, Quán Thánh, Ba Đình, Hà Nội 118810",Hà Nội,ha noi,21.0430175,105.8365462,,1711125,₫1711125,4.5,Cultural,Attraction,https://www.google.com/maps/place/Quan+Thanh+Temple/data=!4m7!3m6!1s0x3135aba58b5921c3:0x31329cb3632aabef!8m2!3d21.0430175!4d105.8365462!16s%2Fm%2F09gnzj1!19sChIJwyFZi6WrNTER76sqY7OcMjE?authuser=0&hl=en&rclk=1,https://www.facebook.com/p/%C4%90%E1%BB%81n-Qu%C3%A1n-Th%C3%A1nh-Ba-%C4%90%C3%ACnh-H%C3%A0-N%E1%BB%99i-100080846146473/
attraction00593,Asia Pioneer Travel & DMC,asia pioneer travel dmc,,"18 P. Yên Ninh, Street, Ba Đình, Hà Nội 100000",Hà Nội,ha noi,21.0433853,105.8443685,0983 145 799 ,0,,5.0,Attraction,Attraction,https://www.google.com/maps/place/Asia+Pioneer+Travel+%26+DMC/data=!4m7!3m6!1s0x3135abc95a550cc3:0xfd8925e41be949bd!8m2!3d21.0433853!4d105.8443685!16s%2Fg%2F11vwjv9yqh!19sChIJwwxVWsmrNTERvUnpG-Qlif0?authuser=0&hl=en&rclk=1,https://asiapioneertravel.com/
attraction00594,Chùa Kim Liên,kim lien,pagoda,"P. Từ Hoa Đ. Nghi Tàm, làng, Tây Hồ, Hà Nội 100000",Hà Nội,ha noi,21.0585474,105.8330295,,0,,4.6,Cultural,Attraction,https://www.google.com/maps/place/Ch%C3%B9a+Kim+Li%C3%AAn/data=!4m7!3m6!1s0x3135aa54589a7855:0xdbe7f5ed9ef07f79!8m2!3d21.0585474!4d105.8330295!16s%2Fm%2F0tkg4zl!19sChIJVXiaWFSqNTEReX_wnu3159s?authuser=0&hl=en&rclk=1,
attraction00595,HLC Starry Sky Art Museum,hlc starry sky art,museum,"B2-R1, 27, Khu đô thị Royal City, Thanh Xuân, Hà Nội",Hà Nội,ha noi,21.0032321,105.8138941,024 6666 3306 ,0,,4.7,Historical,Attraction,https://www.google.com/maps/place/HLC+Starry+Sky+Art+Museum/data=!4m7!3m6!1s0x3135ad00361b40b3:0x68c219629fa7290c!8m2!3d21.0032321!4d105.8138941!16s%2Fg%2F11wmmrrhsw!19sChIJs0AbNgCtNTERDCmnn2IZwmg?authuser=0&hl=en&rclk=1,https://www.facebook.com/share/19vkbGrN7e/
attraction00596,Hanoi Police Museum,hanoi police,museum,"67 P. Lý Thường Kiệt, Trần Hưng Đạo, Hoàn Kiếm, Hà Nội",Hà Nội,ha noi,21.0242944,105.8458167,,0,,4.2,Historical,Attraction,https://www.google.com/maps/place/Hanoi+Police+Museum/data=!4m7!3m6!1s0x3135ab915034a1e3:0x7b2340a794969259!8m2!3d21.0242944!4d105.8458167!16s%2Fg%2F1td02j6m!19sChIJ46E0UJGrNTERWZKWlKdAI3s?authuser=0&hl=en&rclk=1,http://facebook.com/hanoipm
attraction00597,Ly Trieu Quoc Su Pagoda,ly trieu quoc su,pagoda,"50 P. Lý Quốc Sư, Hàng Trống, Hoàn Kiếm, Hà Nội",Hà Nội,ha noi,21.0295603,105.8491086,,0,,4.4,Cultural,Attraction,https://www.google.com/maps/place/Ly+Trieu+Quoc+Su+Pagoda/data=!4m7!3m6!1s0x3135ab959ecdc06d:0xe70f7d76df0aa935!8m2!3d21.0295603!4d105.8491086!16s%2Fg%2F12291bhc!19sChIJbcDNnpWrNTERNakK33Z9D-c?authuser=0&hl=en&rclk=1,
attraction00598,Travel Sense Asia | Trusted Tour Operator in Asia,travel sense asia trusted tour operator in asia,,"Lô 8 Ng.25A Đ. Lê Văn Lương, Trung Hoà, Cầu Giấy, Hà Nội 11358",Hà Nội,ha noi,21.0090516,105.8103905,024 3665 6656 ,0,,4.9,Attraction,Attraction,https://www.google.com/maps/place/Travel+Sense+Asia+%7C+Trusted+Tour+Operator+in+Asia/data=!4m7!3m6!1s0x3135ab632f852559:0x554472ecfe090ebd!8m2!3d21.0090516!4d105.8103905!16s%2Fg%2F11gzs3y4vk!19sChIJWSWFL2OrNTERvQ4J_uxyRFU?authuser=0&hl=en&rclk=1,https://travelsense.asia/
attraction00599,Toptour - Vietnam Tour Booking,toptour vietnam tour booking,,"50 Ng. Huyện, Hàng Trống, Hoàn Kiếm, Hà Nội 15000",Hà Nội,ha noi,21.0294483,105.8482421,0982 449 966 ,0,,4.3,Attraction,Attraction,https://www.google.com/maps/place/Toptour+-+Vietnam+Tour+Booking/data=!4m7!3m6!1s0x3135abb37adda45f:0x3bc4a72732f4d9dd!8m2!3d21.0294483!4d105.8482421!16s%2Fg%2F11t4dsw3fs!19sChIJX6TderOrNTER3dn0MienxDs?authuser=0&hl=en&rclk=1,https://vietnamshop.com.vn/
attraction00600,Bat Trang Pottery Museum,bat trang pottery,museum,"Trung tâm tinh hoa làng nghề Việt, thôn 5 Đ. Bát Tràng, Xuân Quan, Gia Lâm, Hà Nội",Hà Nội,ha noi,20.972973,105.916164,0866 959 288 ,60000,₫60000,4.3,Historical,Attraction,https://www.google.com/maps/place/Bat+Trang+Pottery+Museum/data=!4m7!3m6!1s0x3135af9437b105d1:0x6260fe4cbbdaac04!8m2!3d20.972973!4d105.916164!16s%2Fg%2F11pwwt3yh9!19sChIJ0QWxN5SvNTERBKzau0z-YGI?authuser=0&hl=en&rclk=1,http://ceramuseum.com/
attraction00601,Shop Craft Link,sp craft link,lake,"51 P. Văn Miếu, Văn Miếu – Quốc Tử Giám, Đống Đa, Hà Nội",Hà Nội,ha noi,21.0278139,105.8361659,024 3733 6101 ,0,,4.4,Attraction,Attraction,https://www.google.com/maps/place/Shop+Craft+Link/data=!4m7!3m6!1s0x3135ab991827f177:0x7b21fb6cc9dca4c5!8m2!3d21.0278139!4d105.8361659!16s%2Fg%2F1tsygp03!19sChIJd_EnGJmrNTERxaTcyWz7IXs?authuser=0&hl=en&rclk=1,http://www.craftlink.com.vn/vn/about-craftlink/Gioi-thieu-Craft-Link.html
attraction00602,Hanoi Train Street,hanoi train street,,"161 P. Phùng Hưng, Cửa Đông, Hoàn Kiếm, Hà Nội 10000",Hà Nội,ha noi,21.031191,105.8448755,,0,,4.4,Attraction,Attraction,https://www.google.com/maps/place/Hanoi+Train+Street/data=!4m7!3m6!1s0x3135ab4346bb20b7:0xf8b7aefbc13789ef!8m2!3d21.031191!4d105.8448755!16s%2Fg%2F11y2hvlh5s!19sChIJtyC7RkOrNTER74k3wfuut_g?authuser=0&hl=en&rclk=1,
attraction00603,Maison Centrale,maison centrale,,"49 P. Hai Bà Trưng, Trần Hưng Đạo, Hoàn Kiếm, Hà Nội",Hà Nội,ha noi,21.0257363,105.8460596,,0,,4.6,Attraction,Attraction,https://www.google.com/maps/place/Maison+Centrale/data=!4m7!3m6!1s0x3135ab81cc203c89:0xac7edada70d837bf!8m2!3d21.0257363!4d105.8460596!16s%2Fg%2F11styzfbzt!19sChIJiTwgzIGrNTERvzfYcNrafqw?authuser=0&hl=en&rclk=1,
attraction00604,Free Walking Tours Hanoi,free walking tours hanoi,,"P. Cảm Hội/8B5 P. Lò Đúc, Đồng Nhân, Hai Bà Trưng, Hà Nội 100000",Hà Nội,ha noi,21.011398,105.8617128,0971 986 466 ,0,,4.8,Attraction,Attraction,https://www.google.com/maps/place/Free+Walking+Tours+Hanoi/data=!4m7!3m6!1s0x3135abf0d1c25eef:0x598d26f378d1abff!8m2!3d21.011398!4d105.8617128!16s%2Fg%2F11gcbjtbgv!19sChIJ717C0fCrNTER_6vRePMmjVk?authuser=0&hl=en&rclk=1,http://freewalkingtourshanoi.com/
attraction00605,Voi Phuc Temple,voi phuc,temple,"362 P. Kim Mã, Ngọc Khánh, Ba Đình, Hà Nội",Hà Nội,ha noi,21.0306606,105.8042492,,0,,4.7,Cultural,Attraction,https://www.google.com/maps/place/Voi+Phuc+Temple/data=!4m7!3m6!1s0x3135ab69f884c831:0xd13cf06c842c397e!8m2!3d21.0306606!4d105.8042492!16s%2Fg%2F121rcvmk!19sChIJMciE-GmrNTERfjkshGzwPNE?authuser=0&hl=en&rclk=1,
attraction00606,Hanoi Street Food Tour,hanoi street tour,restaurant,"78a Đ. Trần Nhật Duật, Đồng Xuân, Hoàn Kiếm, Hà Nội",Hà Nội,ha noi,21.0376372,105.8525438,0966 960 188 ,0,,4.8,Attraction,Attraction,https://www.google.com/maps/place/Hanoi+Street+Food+Tour/data=!4m7!3m6!1s0x3135abbf7b08fe7f:0x10cad5c153143fa8!8m2!3d21.0376372!4d105.8525438!16s%2Fg%2F11bccm35wn!19sChIJf_4Ie7-rNTERqD8UU8HVyhA?authuser=0&hl=en&rclk=1,https://www.hanoistreetfoodtour.com/
attraction00607,Nusmile Homestay & Travel Agent,nusmile travel agent,homestay,"6 Ngõ 19 P. Nhà Chung, Hàng Trống, Hoàn Kiếm, Hà Nội",Hà Nội,ha noi,21.0284054,105.8500917,0834 732 691 ,0,,4.6,Attraction,Attraction,https://www.google.com/maps/place/Nusmile+Homestay+%26+Travel+Agent/data=!4m10!3m9!1s0x3135abed0bb2dc29:0x671f02f3287c3189!5m2!4m1!1i2!8m2!3d21.0284054!4d105.8500917!16s%2Fg%2F11tfh_zbdn!19sChIJKdyyC-2rNTERiTF8KPMCH2c?authuser=0&hl=en&rclk=1,
attraction00608,Chùa Linh Ứng,linh ung,pagoda,"290 P. Khâm Thiên, Thổ Quan, Đống Đa, Hà Nội",Hà Nội,ha noi,21.0195465,105.833658,,0,,4.5,Cultural,Attraction,https://www.google.com/maps/place/Ch%C3%B9a+Linh+%E1%BB%A8ng/data=!4m7!3m6!1s0x3135ab832215395f:0x3c34a040cd66c937!8m2!3d21.0195465!4d105.833658!16s%2Fg%2F1vnnfvyw!19sChIJXzkVIoOrNTERN8lmzUCgNDw?authuser=0&hl=en&rclk=1,
attraction00609,Hồng Phúc Tự - Hòe Nhai Pagoda,ng phuc tu e nhai pagoda,lake,"19 Hàng Than, Trúc Bạch, Ba Đình, Hà Nội 100000",Hà Nội,ha noi,21.042421,105.8473468,,0,,4.5,Cultural,Attraction,https://www.google.com/maps/place/H%E1%BB%93ng+Ph%C3%BAc+T%E1%BB%B1+-+H%C3%B2e+Nhai+Pagoda/data=!4m7!3m6!1s0x3135abb7588c265f:0x84c79838ecafab38!8m2!3d21.042421!4d105.8473468!16s%2Fg%2F121rpy09!19sChIJXyaMWLerNTEROKuv7DiYx4Q?authuser=0&hl=en&rclk=1,
attraction00610,Pu Luong Excursions,pu luong excursions,,"No. 13 P. Hàng Muối, Lý Thái Tổ, Hoàn Kiếm, Hà Nội 100000",Hà Nội,ha noi,21.0342448,105.854766,0975 432 588 ,0,,4.9,Attraction,Attraction,https://www.google.com/maps/place/Pu+Luong+Excursions/data=!4m7!3m6!1s0x3135abbd80d684cd:0x30ea313098be9148!8m2!3d21.0342448!4d105.854766!16s%2Fg%2F11tjl826zq!19sChIJzYTWgL2rNTERSJG-mDAx6jA?authuser=0&hl=en&rclk=1,https://puluongexcursions.com/
attraction00611,Motorbike City Tours - Hanoi Motorbike Tours Led By Women,motorbike city tours hanoi motorbike tours led by women,,"91 P. Thợ Nhuộm, Trần Hưng Đạo, Hoàn Kiếm, Hà Nội",Hà Nội,ha noi,21.0220927,105.8499201,0988 402 008 ,0,,5.0,Attraction,Attraction,https://www.google.com/maps/place/Motorbike+City+Tours+-+Hanoi+Motorbike+Tours+Led+By+Women/data=!4m7!3m6!1s0x3135ab6447baa701:0x65a1f865c0b96c7b!8m2!3d21.0220927!4d105.8499201!16s%2Fg%2F11gm6qhsgk!19sChIJAae6R2SrNTERe2y5wGX4oWU?authuser=0&hl=en&rclk=1,http://motorbikecitytours.com/
attraction00612,Halong Hideaway Cruise,halong hideaway cruise,,"14 P. Thanh Hà, st, Hoàn Kiếm, Hà Nội 100000",Hà Nội,ha noi,21.0376192,105.8521546,0965 651 133 ,0,,4.9,Attraction,Attraction,https://www.google.com/maps/place/Halong+Hideaway+Cruise/data=!4m7!3m6!1s0x3135abb8a291b045:0x645b42fe51c109c1!8m2!3d21.0376192!4d105.8521546!16s%2Fg%2F11c1nlm3x6!19sChIJRbCRorirNTERwQnBUf5CW2Q?authuser=0&hl=en&rclk=1,http://halonghideaway.com/
attraction00613,Hanoi Backstreet Tours - Hanoi Jeep Tours - Hanoi Vespa Tours - Hanoi Motorbike Tours,hanoi backstreet tours hanoi jeep tours hanoi vespa tours hanoi motorbike tours,,"3b P. Hàng Tre, Phố cổ Hà Nội, Hoàn Kiếm, Hà Nội",Hà Nội,ha noi,21.033617,105.8550014,0972 158 383 ,0,,5.0,Attraction,Attraction,https://www.google.com/maps/place/Hanoi+Backstreet+Tours+-+Hanoi+Jeep+Tours+-+Hanoi+Vespa+Tours+-+Hanoi+Motorbike+Tours/data=!4m7!3m6!1s0x3135abc07f452b17:0x88323178a31e0abb!8m2!3d21.033617!4d105.8550014!16s%2Fg%2F11c2md97zx!19sChIJFytFf8CrNTERuwoeo3gxMog?authuser=0&hl=en&rclk=1,http://hanoibackstreettours.com/
attraction00614,Nhà hàng Thai Opera,thai opera,restaurant,"33 Tràng Tiền, Hoàn Kiếm, Hà Nội",Hà Nội,ha noi,21.0248321,105.854907,0707 565 566 ,0,,4.9,Attraction,Attraction,https://www.google.com/maps/place/Nh%C3%A0+h%C3%A0ng+Thai+Opera/data=!4m7!3m6!1s0x3135ab32a635caeb:0x578b89a43b8edd61!8m2!3d21.0248321!4d105.854907!16s%2Fg%2F11l245zb7d!19sChIJ68o1pjKrNTERYd2OO6SJi1c?authuser=0&hl=en&rclk=1,http://www.thaiopera.vn/
attraction00615,Crossing Vietnam Tour,crossing vietnam tour,,"12 P. Hàng Vải, Hàng Bồ, Hoàn Kiếm, Hà Nội",Hà Nội,ha noi,21.0354879,105.8480191,0387 665 555 ,0,,5.0,Attraction,Attraction,https://www.google.com/maps/place/Crossing+Vietnam+Tour/data=!4m7!3m6!1s0x3135ab9d16610fcd:0xf1dc9c8006f7a0e2!8m2!3d21.0354879!4d105.8480191!16s%2Fg%2F11h64p031b!19sChIJzQ9hFp2rNTER4qD3BoCc3PE?authuser=0&hl=en&rclk=1,http://www.crossingvietnamtour.com/
attraction00616,North Vietnam Tours,north vietnam tours,,"316 Đ. Nguyễn Trãi, Street, Đống Đa, Hà Nội",Hà Nội,ha noi,21.0031002,105.8200269,0912 965 545 ,0,,5.0,Attraction,Attraction,https://www.google.com/maps/place/North+Vietnam+Tours/data=!4m7!3m6!1s0x3135ab9d1e7eee27:0xcda59d1efeea4d7f!8m2!3d21.0031002!4d105.8200269!16s%2Fg%2F11c3q50bsb!19sChIJJ-5-Hp2rNTERf03q_h6dpc0?authuser=0&hl=en&rclk=1,https://travelnorthvietnam.com/
attraction00617,MR LINH’S ADVENTURES - Offbeat Tour Operator,mr linh s adventures offbeat tour operator,,"16 P. Tố Tịch, Hàng Trống, Hoàn Kiếm, Hà Nội 100000",Hà Nội,ha noi,21.0325985,105.8501297,0936 489 068 ,0,,4.3,Attraction,Attraction,https://www.google.com/maps/place/MR+LINH%E2%80%99S+ADVENTURES+-+Offbeat+Tour+Operator/data=!4m7!3m6!1s0x3135abeeb82e6e49:0xf308ae33e166043a!8m2!3d21.0325985!4d105.8501297!16s%2Fg%2F1233pfldr!19sChIJSW4uuO6rNTEROgRm4TOuCPM?authuser=0&hl=en&rclk=1,http://www.mrlinhadventure.com/
attraction00618,Hagiang Buffalo Tour,hagiang buffalo tour,,"44P P. Hàng Giầy, st, Hoàn Kiếm, Hà Nội 100000",Hà Nội,ha noi,21.0346573,105.8514099,0865 805 759 ,0,,4.9,Attraction,Attraction,https://www.google.com/maps/place/Hagiang+Buffalo+Tour/data=!4m7!3m6!1s0x3135aba42f2fcc43:0x50458bfb1c964367!8m2!3d21.0346573!4d105.8514099!16s%2Fg%2F11svmnnn2p!19sChIJQ8wvL6SrNTERZ0OWHPuLRVA?authuser=0&hl=en&rclk=1,http://www.hagiangbuffalotour.com/
attraction00619,Hanoi Local Tour - Hanoi Tours & Day Trips from Hanoi,hanoi local tour hanoi tours day trips from hanoi,,"31a P. Văn Miếu, Văn Miếu – Quốc Tử Giám, Đống Đa, Hà Nội 100000",Hà Nội,ha noi,21.0286321,105.8365654,0822 366 968 ,0,,5.0,Attraction,Attraction,https://www.google.com/maps/place/Hanoi+Local+Tour+-+Hanoi+Tours+%26+Day+Trips+from+Hanoi/data=!4m7!3m6!1s0x3135abdf418b2387:0x5425c9b0e4805be1!8m2!3d21.0286321!4d105.8365654!16s%2Fg%2F11fhzg9z7s!19sChIJhyOLQd-rNTER4VuA5LDJJVQ?authuser=0&hl=en&rclk=1,https://www.hanoilocaltour.com/
attraction00620,Vietnam Motorcycle Tours | VietnamBikers,vietnam motorcycle tours vietnambikers,,"Hanoi University, 290 Đ. Nguyễn Trãi, P. Văn Quán, Thanh Xuân, Hà Nội",Hà Nội,ha noi,20.987035,105.7963062,0985 333 066 ,0,,5.0,Attraction,Attraction,https://www.google.com/maps/place/Vietnam+Motorcycle+Tours+%7C+VietnamBikers/data=!4m7!3m6!1s0x3135ad94ab218b83:0xc551b29e7755c4ab!8m2!3d20.987035!4d105.7963062!16s%2Fg%2F11fs5cvz7g!19sChIJg4shq5StNTERq8RVd56yUcU?authuser=0&hl=en&rclk=1,https://vietnammotorcycletours.com/
attraction00621,"Hanoi Backpacker Booking Office - Tour, Open Bus",hanoi backpacker booking office tour open bus,,"34 Xóm Hạ Hồi Hà Nội, Hanoi City, 100000",Hà Nội,ha noi,21.0211549,105.8466778,0915 245 362 ,0,,5.0,Attraction,Attraction,"https://www.google.com/maps/place/Hanoi+Backpacker+Booking+Office+-+Tour,+Open+Bus/data=!4m7!3m6!1s0x3135ab314b57c7ab:0x1d259f72adf77ce7!8m2!3d21.0211549!4d105.8466778!16s%2Fg%2F11v_5lm69p!19sChIJq8dXSzGrNTER53z3rXKfJR0?authuser=0&hl=en&rclk=1",https://www.instagram.com/backpacker.com.vn
attraction00622,Threeland Travel | Trusted Vietnam Tour Operator,threeland travel trusted vietnam tour operator,,"15bis P. Lý Nam Đế, Hàng Mã, Hoàn Kiếm, Hà Nội 10000",Hà Nội,ha noi,21.0388335,105.8458942,024 3926 2056 ,0,,4.3,Attraction,Attraction,https://www.google.com/maps/place/Threeland+Travel+%7C+Trusted+Vietnam+Tour+Operator/data=!4m7!3m6!1s0x3135abc0516d0c6d:0xa6bbb194951d127!8m2!3d21.0388335!4d105.8458942!16s%2Fg%2F1hf1x44jh!19sChIJbQxtUcCrNTERJ9FRSRm7awo?authuser=0&hl=en&rclk=1,https://threeland.com/
attraction00623,Nông trại hữu cơ Tuệ Viên,nong trai huu co tue vien,market,"Kim Mã, Long Biên, Hanoi 100000",Hanoi,ha noi,21.0054864,105.9036897,0972 340 568 ,0,,4.4,Attraction,Attraction,https://www.google.com/maps/place/N%C3%B4ng+tr%E1%BA%A1i+h%E1%BB%AFu+c%C6%A1+Tu%E1%BB%87+Vi%C3%AAn/data=!4m7!3m6!1s0x3135a934f5b533e3:0x7435262258df1b4d!8m2!3d21.0054864!4d105.9036897!16s%2Fg%2F11b60039_2!19sChIJ4zO19TSpNTERTRvfWCImNXQ?authuser=0&hl=en&rclk=1,
attraction00624,Indochina Motorbike Tours - Best Motorcycle Tour Operator in Vietnam Laos Cambodia,indochina motorbike tours best motorcycle tour operator in vietnam laos cambodia,,"32 Ng. 106 Đ. Hoàng Quốc Việt, Cổ Nhuế, Bắc Từ Liêm, Hà Nội 100000",Hà Nội,ha noi,21.0469102,105.7943346,0904 223 923 ,0,,5.0,Attraction,Attraction,https://www.google.com/maps/place/Indochina+Motorbike+Tours+-+Best+Motorcycle+Tour+Operator+in+Vietnam+Laos+Cambodia/data=!4m7!3m6!1s0x3135ab3ab7ec8897:0x42706ef476b7358d!8m2!3d21.0469102!4d105.7943346!16s%2Fg%2F11f_2hj5zj!19sChIJl4jstzqrNTERjTW3dvRucEI?authuser=0&hl=en&rclk=1,https://indochinamotorbiketours.com/homepage.html
attraction00625,Vietnam Discovery Travel JSC,vietnam discovery travel jsc,,"Tòa TASCO BUILDING HH2, 2 Đ. Phạm Hùng, Mễ Trì Hạ, Nam Từ Liêm, Hà Nội 100000",Hà Nội,ha noi,21.015564,105.782896,0989 383 767 ,0,,4.7,Attraction,Attraction,https://www.google.com/maps/place/Vietnam+Discovery+Travel+JSC/data=!4m7!3m6!1s0x3135ab5a3582380b:0x114732ccb136bb08!8m2!3d21.015564!4d105.782896!16s%2Fg%2F11hzymw2h1!19sChIJCziCNVqrNTERCLs2scwyRxE?authuser=0&hl=en&rclk=1,https://vietnamdiscovery.com/
attraction00626,Explore Real Asia Co,explore real asia co,market,"Lot 7 Đền Lừ 1, Hoàng Văn Thụ, ward, Hà Nội 100000",Hà Nội,ha noi,20.9855351,105.8605613,0903 411 916 ,0,,5.0,Attraction,Attraction,"https://www.google.com/maps/place/Explore+Real+Asia+Co.,+Ltd+%28ERA+Tour+Vietnam%29/data=!4m7!3m6!1s0x3135ac1651d6969d:0x2e79fd0678324688!8m2!3d20.9855351!4d105.8605613!16s%2Fg%2F11gfhdk__2!19sChIJnZbWURasNTERiEYyeAb9eS4?authuser=0&hl=en&rclk=1",https://explorerealasia.com/
attraction00627,"Offroad Vietnam, Hanoi Office - Vietnam Motorbike Tours & Rentals",offroad vietnam hanoi office vietnam motorbike tours rentals,,"34 P. Nguyễn Hữu Huân, Lý Thái Tổ, Hoàn Kiếm, Hà Nội 100000",Hà Nội,ha noi,21.0342042,105.8542841,0913 047 509 ,0,,4.7,Attraction,Attraction,"https://www.google.com/maps/place/Offroad+Vietnam,+Hanoi+Office+-+Vietnam+Motorbike+Tours+%26+Rentals/data=!4m7!3m6!1s0x3135abd6bf9bb4f1:0xb99a7879f3c9f746!8m2!3d21.0342042!4d105.8542841!16s%2Fg%2F11gdkpvtxs!19sChIJ8bSbv9arNTERRvfJ83l4mrk?authuser=0&hl=en&rclk=1",https://offroadvietnam.com/
attraction00628,VIETNAM BACKSTREET TOURS,vietnam backstreet tours,,"ATS HOTEL, 33B Phạm Ngũ Lão, Phan Chu Trinh, Hoàn Kiếm, Hà Nội 100000",Hà Nội,ha noi,21.0223852,105.8596261,0976 788 488 ,0,,5.0,Attraction,Attraction,https://www.google.com/maps/place/VIETNAM+BACKSTREET+TOURS/data=!4m7!3m6!1s0x3135ab4ada1675c9:0x7232528da714c6b9!8m2!3d21.0223852!4d105.8596261!16s%2Fg%2F11t_gtqbfj!19sChIJyXUW2kqrNTERucYUp41SMnI?authuser=0&hl=en&rclk=1,http://vietnambackstreettours.com/
attraction00629,Cuong's Motorbike Adventure,cuong s motorbike adventure,,"XVQV+3FC, Ng. 122 Phố Vĩnh Tuy, Vĩnh Phú, Hai Bà Trưng, Hà Nội",Hà Nội,ha noi,20.9876851,105.893639,8491876515,0,,4.8,Attraction,Attraction,https://www.google.com/maps/place/Cuong%27s+Motorbike+Adventure/data=!4m7!3m6!1s0x3135ac02722a1981:0xd28f5b0b9c8955b!8m2!3d20.9876851!4d105.893639!16s%2Fg%2F11gbfbnrm1!19sChIJgRkqcgKsNTERW5XIubD1KA0?authuser=0&hl=en&rclk=1,http://www.cuongs-motorbike-adventure.com/
attraction00630,Rentabike Vietnam West Lake - Motorbike Rental + Tours,rentabike vietnam west motorbike rental tours,lake,"29 Ngõ 35 - Đặng Thai Mai, Quảng An, Tây Hồ, Hà Nội 100000",Hà Nội,ha noi,21.0621399,105.8255668,0904 392 423 ,0,,4.7,Natural,Attraction,https://www.google.com/maps/place/Rentabike+Vietnam+West+Lake+-+Motorbike+Rental+%2B+Tours/data=!4m7!3m6!1s0x3135abbe16958a57:0xfb2c4fc4858b9728!8m2!3d21.0621399!4d105.8255668!16s%2Fg%2F1thnl7md!19sChIJV4qVFr6rNTERKJeLhcRPLPs?authuser=0&hl=en&rclk=1,http://www.rentabikevn.com/
attraction00631,Lily’s Travel Agency,lily s travel agency,,"20 Ng. Huyện, Hàng Trống, Hoàn Kiếm, Hà Nội 100000",Hà Nội,ha noi,21.0297933,105.8485808,0964 378 689 ,0,,4.8,Attraction,Attraction,https://www.google.com/maps/place/Lily%E2%80%99s+Travel+Agency/data=!4m7!3m6!1s0x3135ab95be370687:0xf6a0adefb7ff01c!8m2!3d21.0297933!4d105.8485808!16s%2Fg%2F11b75jyw29!19sChIJhwY3vpWrNTERHPB_-94Kag8?authuser=0&hl=en&rclk=1,http://lilystravelagency.com/
attraction00632,La Belle Vie Spa,la belle vie spa,,"48 P. Lương Văn Can, Hàng Gai, Hoàn Kiếm, Hà Nội 100000",Hà Nội,ha noi,21.0327469,105.8504278,024 6686 9163 ,990000,₫990000,4.9,Attraction,Attraction,https://www.google.com/maps/place/La+Belle+Vie+Spa/data=!4m7!3m6!1s0x3135abc06ea2c327:0x42f5590945d75a1c!8m2!3d21.0327469!4d105.8504278!16s%2Fg%2F11hd5bckln!19sChIJJ8OibsCrNTERHFrXRQlZ9UI?authuser=0&hl=en&rclk=1,http://hanoilabelleviespa.vn/
attraction00633,Elite of the Seas - Best Luxury Cruise in Halong bay,elite of the s best luxury cruise in halong bay,beach,"3rd Floor, PaxSky Building 70 Hoa Ma Str.., Hai Ba Trung Dis.., Hanoi, Vietnam hà nội, Hanoi City, 10000",,,21.0154407,105.85341,024 3933 5419 ,0,,5.0,Attraction,Attraction,https://www.google.com/maps/place/Elite+of+the+Seas+-+Best+Luxury+Cruise+in+Halong+bay/data=!4m7!3m6!1s0x3135abe86ecdbec9:0xfd271f22787fe1d7!8m2!3d21.0154407!4d105.85341!16s%2Fg%2F11jg0v6px_!19sChIJyb7NbuirNTER1-F_eCIfJ_0?authuser=0&hl=en&rclk=1,http://eliteoftheseas.com/
attraction00634,Lifted Coffee & Brunch,lifted brunch,cafe,"101 P. Hàng Gà, Hàng Bồ, Hoàn Kiếm, Hà Nội",Hà Nội,ha noi,21.0339917,105.8470682,0906 262 107 ,0,,4.3,Attraction,Attraction,https://www.google.com/maps/place/Lifted+Coffee+%26+Brunch/data=!4m7!3m6!1s0x3135abbe7df09e6d:0x3bb757f187f26072!8m2!3d21.0339917!4d105.8470682!16s%2Fg%2F11g7_bz74h!19sChIJbZ7wfb6rNTERcmDyh_FXtzs?authuser=0&hl=en&rclk=1,https://www.facebook.com/liftedcoffeehn/
attraction00635,Lalina Kids Cafe & Restaurant,lalina kids cafe,restaurant,"9 Đ. Tây Hồ, Quảng An, Tây Hồ, Hà Nội 10000",Hà Nội,ha noi,21.0660537,105.8260158,0936 285 660 ,0,,4.6,Attraction,Attraction,https://www.google.com/maps/place/Lalina+Kids+Cafe+%26+Restaurant/data=!4m7!3m6!1s0x3135ab6fc7784379:0xc53f31ecef6fe32b!8m2!3d21.0660537!4d105.8260158!16s%2Fg%2F11m9l69yjs!19sChIJeUN4x2-rNTERK-Nv7-wxP8U?authuser=0&hl=en&rclk=1,https://www.facebook.com/lalinakidscafe
attraction00636,Nola Cafe & Bar,nola bar,cafe,"in the alley, 89 Mã Mây, Hàng Buồm, Hoàn Kiếm, Hà Nội 100000",Hà Nội,ha noi,21.0343596,105.8534812,0865 596 190 ,0,,4.7,Attraction,Attraction,https://www.google.com/maps/place/Nola+Cafe+%26+Bar/data=!4m7!3m6!1s0x3135ab3d56e72d0f:0xda7783c8c1783743!8m2!3d21.0343596!4d105.8534812!16s%2Fg%2F11s4cdx8tw!19sChIJDy3nVj2rNTERQzd4wciDd9o?authuser=0&hl=en&rclk=1,https://www.facebook.com/Nola.in.hanoi
attraction00637,Vietnamtour,vietnamtour,,"Tran Phu Building, P. Dương Đình Nghệ, Yên Hoà, Cầu Giấy, Hà Nội 100000",Hà Nội,ha noi,21.0241969,105.7920069,0948 333 087 ,0,,5.0,Attraction,Attraction,https://www.google.com/maps/place/Vietnamtour.in+-+No.1+Vietnam+Tour+Operator+for+Indians/data=!4m7!3m6!1s0x313501113aef2299:0x301117633f8d1ebe!8m2!3d21.0241969!4d105.7920069!16s%2Fg%2F11kpn6q897!19sChIJmSLvOhEBNTERvh6NP2MXETA?authuser=0&hl=en&rclk=1,https://vietnamtour.in/
attraction00638,An handmade - Hemp fabric gift shop,an handmade hemp fabric gift sp,lake,"17 P. Lý Quốc Sư, Hàng Trống, Hoàn Kiếm, Hà Nội",Hà Nội,ha noi,21.030519,105.8489661,0945 081 539 ,0,,4.9,Attraction,Attraction,https://www.google.com/maps/place/An+handmade+-+Hemp+fabric+gift+shop/data=!4m7!3m6!1s0x3135abda55f15b73:0xf1eb49faeb3c1e90!8m2!3d21.030519!4d105.8489661!16s%2Fg%2F11rtvnstf0!19sChIJc1vxVdqrNTERkB486_pJ6_E?authuser=0&hl=en&rclk=1,http://vietnamhempfabric.com/
attraction00639,Mon Chéri Cruises Head Office,mon cheri cruises head office,,"16 P. Thi Sách, Phạm Đình Hổ, Hai Bà Trưng, Hà Nội 100000",Hà Nội,ha noi,21.0174856,105.8542815,0984 749 958 ,0,,4.8,Attraction,Attraction,https://www.google.com/maps/place/Mon+Ch%C3%A9ri+Cruises+Head+Office/data=!4m7!3m6!1s0x3135abee9a7d4285:0x9bc2c5b839a45331!8m2!3d21.0174856!4d105.8542815!16s%2Fg%2F11gcqwjp49!19sChIJhUJ9mu6rNTERMVOkObjFwps?authuser=0&hl=en&rclk=1,https://www.monchericruises.com/
attraction00640,Vietnam Exclusive Travel,vietnam exclusive travel,,"18/296 Bac Cau/1A Ward, street, Long Biên, Hà Nội 130000",Hà Nội,ha noi,21.0731639,105.8528058,0986 560 345 ,0,,5.0,Attraction,Attraction,https://www.google.com/maps/place/Vietnam+Exclusive+Travel/data=!4m7!3m6!1s0x3135ab00736a924f:0x3215042fae937750!8m2!3d21.0731639!4d105.8528058!16s%2Fg%2F11wfqsczd1!19sChIJT5JqcwCrNTERUHeTri8EFTI?authuser=0&hl=en&rclk=1,https://www.vietnamexclusivetravel.com/
attraction00641,Friends Travel Vietnam,friends travel vietnam,,"15 P. Lý Nam Đế, Hàng Mã, Hoàn Kiếm, Hà Nội",Hà Nội,ha noi,21.038516,105.8458146,0904 329 289 ,0,,4.9,Attraction,Attraction,https://www.google.com/maps/place/Friends+Travel+Vietnam/data=!4m7!3m6!1s0x3135abbf4eeb00cf:0xf391613fe329bd87!8m2!3d21.038516!4d105.8458146!16s%2Fg%2F11gb3rk2tx!19sChIJzwDrTr-rNTERh70p4z9hkfM?authuser=0&hl=en&rclk=1,https://www.friendstravelvietnam.com/
attraction00642,Zó Project,zo project,,"189 P. Trích Sài, Bưởi, Tây Hồ, Hà Nội 100000",Hà Nội,ha noi,21.0534554,105.8123061,0366 602 928 ,0,,4.3,Attraction,Attraction,https://www.google.com/maps/place/Z%C3%B3+Project/data=!4m7!3m6!1s0x3135ab97b438f8d5:0x51b697960da41b2e!8m2!3d21.0534554!4d105.8123061!16s%2Fg%2F11cnczb0sk!19sChIJ1fg4tJerNTERLhukDZaXtlE?authuser=0&hl=en&rclk=1,
attraction00643,TiredCity 54 Bát Sứ,tiredcity 54 bat su,,"54 P. Bát Sứ, Hàng Bồ, Hoàn Kiếm, Hà Nội 100000",Hà Nội,ha noi,21.0344603,105.8472944,0973 081 661 ,0,,5.0,Attraction,Attraction,https://www.google.com/maps/place/TiredCity+54+B%C3%A1t+S%E1%BB%A9/data=!4m7!3m6!1s0x3135ab7b5fc984cb:0x695992ac85e8fd4e!8m2!3d21.0344603!4d105.8472944!16s%2Fg%2F11xs8b238c!19sChIJy4TJX3urNTERTv3ohaySWWk?authuser=0&hl=en&rclk=1,https://tiredcity.com/
attraction00644,BestPrice Travel,bestprice travel,,"57 P. Trần Quốc Toản, Trần Hưng Đạo, Hoàn Kiếm, Hà Nội",Hà Nội,ha noi,21.02016,105.8472878,0904 699 428 ,0,,4.8,Attraction,Attraction,https://www.google.com/maps/place/BestPrice+Travel/data=!4m7!3m6!1s0x3135ac6c2cc7ac69:0x5ce29006574d093d!8m2!3d21.02016!4d105.8472878!16s%2Fg%2F1hm27fhwv!19sChIJaazHLGysNTERPQlNVwaQ4lw?authuser=0&hl=en&rclk=1,https://www.bestpricetravel.com/
attraction00645,Dream Beans Coffee Roastery,dream beans roastery,cafe,"79 P. Lý Nam Đế, Cửa Đông, Ward, Hà Nội 100000",Hà Nội,ha noi,21.0335694,105.8447462,0934 683 020 ,0,,4.9,Attraction,Attraction,https://www.google.com/maps/place/Dream+Beans+Coffee+Roastery/data=!4m7!3m6!1s0x3135ab4a0a68e905:0x13684b07b5af0ad!8m2!3d21.0335694!4d105.8447462!16s%2Fg%2F11g0g4sk9z!19sChIJBeloCkqrNTERrfBae7CENgE?authuser=0&hl=en&rclk=1,http://facebook.com/hanoidreambeans
attraction00646,Lotus Train Service,lotus train service,,"40 Ngõ 56 Ngô Sỹ Liên, Văn Miếu – Quốc Tử Giám, Đống Đa, Hà Nội",Hà Nội,ha noi,21.0271074,105.8386043,0984 492 618 ,0,,3.9,Attraction,Attraction,https://www.google.com/maps/place/Lotus+Train+Service/data=!4m7!3m6!1s0x3135ab321f001625:0xb9224932f1579bf9!8m2!3d21.0271074!4d105.8386043!16s%2Fg%2F11f6240xrq!19sChIJJRYAHzKrNTER-ZtX8TJJIrk?authuser=0&hl=en&rclk=1,https://lotustrain.com/
attraction00647,Style Motorbikes Hanoi - Helmet and Bike Shop,style motorbikes hanoi helmet and bike sp,lake,"21 P. Hàng Chĩnh, Hàng Buồm, Hoàn Kiếm, Hà Nội",Hà Nội,ha noi,21.0354648,105.853488,0766 101 086 ,0,,4.8,Attraction,Attraction,https://www.google.com/maps/place/Style+Motorbikes+Hanoi+-+Helmet+and+Bike+Shop/data=!4m7!3m6!1s0x3135abc0aebf215d:0x6986ee86364760aa!8m2!3d21.0354648!4d105.853488!16s%2Fg%2F11bxgnhs34!19sChIJXSG_rsCrNTERqmBHNobuhmk?authuser=0&hl=en&rclk=1,http://www.stylemotorbikes.com/
attraction00648,Vietnam Visa Services,vietnam visa services,,"rd Vinaconex 9/23 Đ. Phạm Hùng, Mễ Trì, Nam Từ Liêm, Hà Nội 10000",Hà Nội,ha noi,21.0154564,105.783066,0946 583 583 ,0,,4.9,Attraction,Attraction,https://www.google.com/maps/place/Vietnam+Visa+Services/data=!4m7!3m6!1s0x3135ab7b5f3d7c5d:0x831df887c3f705e0!8m2!3d21.0154564!4d105.783066!16s%2Fg%2F11lgl_h4s8!19sChIJXXw9X3urNTER4AX3w4f4HYM?authuser=0&hl=en&rclk=1,https://www.vietnam-visa.com/
attraction00649,Golden Footstep Travel,gol footstep travel,temple,"348 91/21, Đông Hội, Đông Anh, Hà Nội 100000",Hà Nội,ha noi,21.0789585,105.8690842,0973 353 257 ,0,,5.0,Attraction,Attraction,https://www.google.com/maps/place/Golden+Footstep+Travel/data=!4m7!3m6!1s0x3135ab5db7df89d9:0xf250add69ad87286!8m2!3d21.0789585!4d105.8690842!16s%2Fg%2F11kbb2lk8h!19sChIJ2Ynft12rNTERhnLYmtatUPI?authuser=0&hl=en&rclk=1,https://goldenfootstep.com/
attraction00650,The One Hostel Hanoi,the one hanoi,homestay,"70 P. Hàng Mã, Phố cổ Hà Nội, Hoàn Kiếm, Hà Nội 100000",Hà Nội,ha noi,21.0366786,105.8474313,024 3932 0991 ,0,,4.8,Attraction,Attraction,https://www.google.com/maps/place/The+One+Hostel+Hanoi/data=!4m7!3m6!1s0x3135ab59a7970da5:0xf0cec38c506899bf!8m2!3d21.0366786!4d105.8474313!16s%2Fg%2F11sjlnj5sd!19sChIJpQ2Xp1mrNTERv5loUIzDzvA?authuser=0&hl=en&rclk=1,https://onehostels.com/
attraction00651,Peony garden spa,peony gar spa,temple,"13 P. Lương Ngọc Quyến, Hàng Buồm, Hoàn Kiếm, Hà Nội",Hà Nội,ha noi,21.0349132,105.8530043,0916 400 858 ,0,,4.8,Attraction,Attraction,https://www.google.com/maps/place/Peony+garden+spa/data=!4m7!3m6!1s0x3135ab860ecf6449:0x56f3e888aa9e5047!8m2!3d21.0349132!4d105.8530043!16s%2Fg%2F11stpnfj1c!19sChIJSWTPDoarNTERR1Ceqojo81Y?authuser=0&hl=en&rclk=1,http://peonygardenspahanoi.com/
attraction00652,Lotus Water Puppet Theater,lotus water puppet theater,,"16 P. Lê Thái Tổ, Hàng Trống, Hoàn Kiếm, Hà Nội 100000",Hà Nội,ha noi,21.0285657,105.8510704,024 3938 1173 ,0,,4.2,Attraction,Attraction,https://www.google.com/maps/place/Lotus+Water+Puppet+Theater/data=!4m7!3m6!1s0x3135ab953d432e65:0xf6a90cd0dc603723!8m2!3d21.0285657!4d105.8510704!16s%2Fg%2F11c3kllgl6!19sChIJZS5DPZWrNTERIzdg3NAMqfY?authuser=0&hl=en&rclk=1,https://ticket-stations.com/M%C3%BAa%20r%E1%BB%91i%20n%C6%B0%E1%BB%9Bc%20b%C3%B4ng%20sen%20H%C3%A0%20N%E1%BB%99i
attraction00653,ONETRIP WITH LOCAL TRAVEL CO,onetrip with local travel co,market,"264 P. Chùa Quỳnh, Bạch Mai, Hai Bà Trưng, Hà Nội 100000",Hà Nội,ha noi,21.0005669,105.8546855,0978 999 270 ,0,,5.0,Attraction,Attraction,"https://www.google.com/maps/place/ONETRIP+WITH+LOCAL+TRAVEL+CO.,+LTD/data=!4m7!3m6!1s0x3135ab8c07a7344f:0x46ea45461dadd284!8m2!3d21.0005669!4d105.8546855!16s%2Fg%2F11fmvd7mz4!19sChIJTzSnB4yrNTERhNKtHUZF6kY?authuser=0&hl=en&rclk=1",https://onetripwithlocal.com/
attraction00654,Mad Monkey Hanoi,mad monkey hanoi,,"11 Mã Mây, Hàng Buồm, Hoàn Kiếm, Hà Nội 111000",Hà Nội,ha noi,21.0360416,105.8531875,024 3233 3039 ,0,,4.7,Attraction,Attraction,https://www.google.com/maps/place/Mad+Monkey+Hanoi/data=!4m7!3m6!1s0x3135aba082fb6bed:0xc9b6bb7730944657!8m2!3d21.0360416!4d105.8531875!16s%2Fg%2F11scznmc9c!19sChIJ7Wv7gqCrNTERV0aUMHe7tsk?authuser=0&hl=en&rclk=1,http://www.madmonkeyhostels.com/hanoi
attraction00655,The Hangout Tattoo Studio - Ha Noi,the hangout tattoo studio ha noi,,"10 P. Chương Dương Độ, Chương Dương Độ, Hoàn Kiếm, Hà Nội",Hà Nội,ha noi,21.0283489,105.859306,0862 629 692 ,0,,5.0,Attraction,Attraction,https://www.google.com/maps/place/The+Hangout+Tattoo+Studio+-+Ha+Noi/data=!4m7!3m6!1s0x3135ab4cb11003e3:0x745e44fbb063dfbb!8m2!3d21.0283489!4d105.859306!16s%2Fg%2F11tfxtfxwx!19sChIJ4wMQsUyrNTERu99jsPtEXnQ?authuser=0&hl=en&rclk=1,https://thehangouttattoo.com/hanoi/
attraction00656,Hanoian Central Hotel & Spa,hanoian central spa,hotel,"42 Hàng Cót, Hàng Mã, Hoàn Kiếm, Hà Nội 100000",Hà Nội,ha noi,21.0376129,105.8469619,024 3933 1166 ,0,,4.8,Attraction,Attraction,https://www.google.com/maps/place/Hanoian+Central+Hotel+%26+Spa/data=!4m7!3m6!1s0x3135ab56be763667:0x9cbff0125f2f4fdf!8m2!3d21.0376129!4d105.8469619!16s%2Fg%2F11nn5677b2!19sChIJZzZ2vlarNTER308vXxLwv5w?authuser=0&hl=en&rclk=1,http://hanoiancentralhotel.com/
attraction00657,Aquatics Hub,aquatics hub,,"98 Đ. Tô Ngọc Vân, Street, Tây Hồ, Hà Nội 100000",Hà Nội,ha noi,21.067517,105.8212244,0969 685 445 ,0,,4.9,Attraction,Attraction,https://www.google.com/maps/place/Aquatics+Hub/data=!4m7!3m6!1s0x3135ab00070724df:0xe595a4f40c85035a!8m2!3d21.067517!4d105.8212244!16s%2Fg%2F11vzdr1zq9!19sChIJ3yQHBwCrNTERWgOFDPSkleU?authuser=0&hl=en&rclk=1,http://aquaticshub.com/
attraction00658,La Siesta Classic Ma May,la siesta classic ma may,,"94 Mã Mây, Hàng Buồm, Hoàn Kiếm, Hà Nội",Hà Nội,ha noi,21.0342503,105.8532333,024 3926 3641 ,0,,4.8,Attraction,Attraction,https://www.google.com/maps/place/La+Siesta+Classic+Ma+May/data=!4m7!3m6!1s0x3135abc090f166ef:0xc47de571ccee8f97!8m2!3d21.0342503!4d105.8532333!16s%2Fg%2F11b6ml3q14!19sChIJ72bxkMCrNTERl4_uzHHlfcQ?authuser=0&hl=en&rclk=1,https://lasiestahotels.vn/mamay/
attraction00659,Peridot Spa (Grand),peridot spa grand,,"33 P. Đường Thành, Phố cổ Hà Nội, Hoàn Kiếm, Hà Nội 100000",Hà Nội,ha noi,21.0333031,105.8464439,024 3828 0099 ,0,,5.0,Attraction,Attraction,https://www.google.com/maps/place/Peridot+Spa+%28Grand%29/data=!4m7!3m6!1s0x3135ab3997c9f865:0xed6bbc5b808b3b49!8m2!3d21.0333031!4d105.8464439!16s%2Fg%2F11k3dmt6w1!19sChIJZfjJlzmrNTERSTuLgFu8a-0?authuser=0&hl=en&rclk=1,https://peridotgrandhotel.com/service/peridot-spa/
attraction00660,Indigo Store,indigo store,,"33A P. Văn Miếu, Văn Miếu – Quốc Tử Giám, Đống Đa, Hà Nội",Hà Nội,ha noi,21.0285574,105.8364338,024 3719 3090 ,0,,4.8,Attraction,Attraction,https://www.google.com/maps/place/Indigo+Store/data=!4m7!3m6!1s0x3135abbfb80454b5:0x1d025a6dc79025d7!8m2!3d21.0285574!4d105.8364338!16s%2Fg%2F12mjyh5xv!19sChIJtVQEuL-rNTER1yWQx21aAh0?authuser=0&hl=en&rclk=1,https://www.facebook.com/IndigoStoreHanoi
attraction00661,Little Hanoi Deluxe Hotel,little hanoi deluxe,hotel,"P. Yên Thái/1 P. Hàng Mành, Hàng Gai, Hoàn Kiếm, Hà Nội 100000",Hà Nội,ha noi,21.0320742,105.848136,0989 014 721 ,0,,4.7,Attraction,Attraction,https://www.google.com/maps/place/Little+Hanoi+Deluxe+Hotel/data=!4m7!3m6!1s0x3135abbe3e3d1edf:0x90f9e13f990be4cc!8m2!3d21.0320742!4d105.848136!16s%2Fg%2F11dym5r23v!19sChIJ3x49Pr6rNTERzOQLmT_h-ZA?authuser=0&hl=en&rclk=1,http://www.littlehanoideluxehotel.com/
attraction00662,Nai Nam Dam Waterfall,nai nam dam,waterfall,"Dam Village, Nam, Quản Bạ, Hà Giang",Hà Giang,ha giang,23.0342908,105.025403,,0,,4.2,Natural,Attraction,https://www.google.com/maps/place/Nai+Nam+Dam+Waterfall/data=!4m7!3m6!1s0x36cc7553715d3363:0x6bd0c21a1426e356!8m2!3d23.0342908!4d105.025403!16s%2Fg%2F11hbqky9mt!19sChIJYzNdcVN1zDYRVuMmFBrC0Gs?authuser=0&hl=en&rclk=1,
attraction00663,Viewpoint - Thung lũng Lùng Tám,viewpoint thung lung lung tam,,"23G5+V6G, ĐT181, Lùng Tám, Quản Bạ, Hà Giang",Hà Giang,ha giang,23.027182,105.058064,,0,,4.9,Attraction,Attraction,https://www.google.com/maps/place/Viewpoint+-+Thung+l%C5%A9ng+L%C3%B9ng+T%C3%A1m/data=!4m7!3m6!1s0x36cb8b685d1b978f:0xeed22a9886929662!8m2!3d23.027182!4d105.058064!16s%2Fg%2F11j2r5wvd7!19sChIJj5cbXWiLyzYRYpaShpgq0u4?authuser=0&hl=en&rclk=1,
attraction00664,Thung lũng Lùng Tám,thung lung lung tam,,"22MX+R23, Lùng Tám, Quản Bạ, Hà Giang",Hà Giang,ha giang,23.0345058,105.0475623,,0,,4.7,Attraction,Attraction,https://www.google.com/maps/place/Thung+l%C5%A9ng+L%C3%B9ng+T%C3%A1m/data=!4m7!3m6!1s0x36cbf54e088fa36b:0xba4b4dc429356e59!8m2!3d23.0345058!4d105.0475623!16s%2Fg%2F11qh20s8m_!19sChIJa6OPCE71yzYRWW41KcRNS7o?authuser=0&hl=en&rclk=1,
attraction00665,Village Viewpoint,ge viewpoint,hotel,"R45P+GF4, Yên Dịnh, Bắc Mê, Hà Giang",Hà Giang,ha giang,22.8087552,105.136212,,0,,3.0,Attraction,Attraction,https://www.google.com/maps/place/Village+Viewpoint/data=!4m7!3m6!1s0x36cb85803155b4a9:0x84f7d7d58597f2b2!8m2!3d22.8087552!4d105.136212!16s%2Fg%2F11vd6pq0qz!19sChIJqbRVMYCFyzYRsvKXhdXX94Q?authuser=0&hl=en&rclk=1,
attraction00666,Xiav Waterfall,xiav,waterfall,"W36G+F5M, Unnamed Road, Tùng Bá, Vị Xuyên, Hà Giang",Hà Giang,ha giang,22.9112086,105.0754362,,0,,4.8,Natural,Attraction,https://www.google.com/maps/place/Xiav+Waterfall/data=!4m7!3m6!1s0x36cb897d006f932b:0x3f392c70690c9b30!8m2!3d22.9112086!4d105.0754362!16s%2Fg%2F11jmxbv9z5!19sChIJK5NvAH2JyzYRMJsMaXAsOT8?authuser=0&hl=en&rclk=1,
attraction00667,Ha Giang Motorbike Tours,ha giang motorbike tours,,"city, 415 20 Tháng 8, Phương Độ, Hà Giang",Hà Giang,ha giang,22.8286494,104.9573511,0936 616 633 ,0,,5.0,Attraction,Attraction,https://www.google.com/maps/place/Ha+Giang+Motorbike+Tours/data=!4m7!3m6!1s0x36cc790075d832d5:0x396aaf2838bea329!8m2!3d22.8286494!4d104.9573511!16s%2Fg%2F11y03ctrq7!19sChIJ1TLYdQB5zDYRKaO-OCivajk?authuser=0&hl=en&rclk=1,
attraction00668,Quan Ba ​​Heaven Gate,quan ba heaven gate,,"QL4C, Quản Bạ, Hà Giang",Hà Giang,ha giang,23.0492816,104.9926772,,1881000,₫1881000,4.5,Attraction,Attraction,https://www.google.com/maps/place/Quan+Ba+%E2%80%8B%E2%80%8BHeaven+Gate/data=!4m7!3m6!1s0x36cc0ad0bf6c067b:0x67d865ad9b9da91d!8m2!3d23.0492816!4d104.9926772!16s%2Fg%2F11b8_64k5z!19sChIJewZsv9AKzDYRHamdm61l2Gc?authuser=0&hl=en&rclk=1,
attraction00669,Thach Son Than Buckwheat Flowers Fields,h son than buckwheat flowers fields,waterfall,"Quyết Tiến, Quản Bạ District, Hà Giang",Hà Giang,ha giang,23.0265916,104.9702126,,0,,4.1,Attraction,Attraction,https://www.google.com/maps/place/Thach+Son+Than+Buckwheat+Flowers+Fields/data=!4m7!3m6!1s0x36cc74c45fdf670f:0xb9b20816c7237cdf!8m2!3d23.0265916!4d104.9702126!16s%2Fg%2F11fy2gls2m!19sChIJD2ffX8R0zDYR33wjxxYIsrk?authuser=0&hl=en&rclk=1,
attraction00670,Little Ma Pi Leng canyon,little ma pi leng canyon,,"WX2V+FVH, Unnamed Road, Thuận Hoà, Vị Xuyên, Hà Giang",Hà Giang,ha giang,22.9011828,104.994742,,0,,4.3,Attraction,Attraction,https://www.google.com/maps/place/Little+Ma+Pi+Leng+canyon/data=!4m7!3m6!1s0x36cc7729e4410c39:0xbcc47935bf26c32c!8m2!3d22.9011828!4d104.994742!16s%2Fg%2F11fwc99nry!19sChIJOQxB5Cl3zDYRLMMmvzV5xLw?authuser=0&hl=en&rclk=1,
attraction00671,Ha Giang City Viewpoint,ha giang city viewpoint,,"RXFH+88W, Đường lên đỉnh Cấm, P. Nguyễn Trãi, Hà Giang",Hà Giang,ha giang,22.8233677,104.9783376,,0,,4.8,Attraction,Attraction,https://www.google.com/maps/place/Ha+Giang+City+Viewpoint/data=!4m7!3m6!1s0x36cc79e7a8974679:0xfe1a56c72657ae0e!8m2!3d22.8233677!4d104.9783376!16s%2Fg%2F11h_9lg3b4!19sChIJeUaXqOd5zDYRDq5XJsdWGv4?authuser=0&hl=en&rclk=1,
attraction00672,Tham Luong Cave (Hang Tham Luồng),tham luong cave hang tham luong,,"XWWC+33, Minh Tân, Vị Xuyên, Hà Giang",Hà Giang,ha giang,22.9952348,104.9201672,0867 231 123 ,0,,4.6,Natural,Attraction,https://www.google.com/maps/place/Tham+Luong+Cave+%28Hang+Tham+Lu%E1%BB%93ng%29/data=!4m7!3m6!1s0x36cc73dfd0b2c6f3:0x744b02b0997d7e85!8m2!3d22.9952348!4d104.9201672!16s%2Fg%2F11s4hml82p!19sChIJ88ay0N9zzDYRhX59mbACS3Q?authuser=0&hl=en&rclk=1,
attraction00673,Nà Thác Palms,na palms,waterfall,"Thôn Nà Thác, Phương Độ, Hà Giang, 310000",,,22.8172782,104.9327688,0911 783 679 ,0,,4.5,Attraction,Attraction,https://www.google.com/maps/place/N%C3%A0+Th%C3%A1c+Palms/data=!4m7!3m6!1s0x36cc7a2ad7af9d7f:0xbe942335edf8fd43!8m2!3d22.8172782!4d104.9327688!16s%2Fg%2F11bw4w3kbr!19sChIJf52v1yp6zDYRQ_347TUjlL4?authuser=0&hl=en&rclk=1,https://www.facebook.com/palm.nathac.1
attraction00674,Ha Giang Trip Rest Stop - Stone God Mountain,ha giang trip rest stop stone god,mountain,"Thôn Lùng Thàng, Quản Bạ District, Hà Giang 310000",Hà Giang,ha giang,23.0266642,104.9707146,0355 533 666 ,0,,5.0,Natural,Attraction,https://www.google.com/maps/place/Ha+Giang+Trip+Rest+Stop+-+Stone+God+Mountain/data=!4m7!3m6!1s0x36cc7584a0eca26d:0x422a82ecd4ad5fd1!8m2!3d23.0266642!4d104.9707146!16s%2Fg%2F11vj3xcnvn!19sChIJbaLsoIR1zDYR0V-t1OyCKkI?authuser=0&hl=en&rclk=1,
attraction00675,Hồng Thiệp Hà Giang ( Ha Giang Loop Tour ),ng thiep ha giang ha giang loop tour,lake,"Phương Độ, Ha Giang, Hà Giang",Hà Giang,ha giang,22.816149,104.9349991,0352 020 200 ,0,,4.7,Attraction,Attraction,https://www.google.com/maps/place/H%E1%BB%93ng+Thi%E1%BB%87p+H%C3%A0+Giang+%28+Ha+Giang+Loop+Tour+%29/data=!4m7!3m6!1s0x36cc7bfe386c4a8d:0x86906ad79bd1b8e!8m2!3d22.816149!4d104.9349991!16s%2Fg%2F11g0_qwgvh!19sChIJjUpsOP57zDYRjhu9ea0GaQg?authuser=0&hl=en&rclk=1,
attraction00676,Ruộng Bậc Thang Hoa Tam Giác Mạch,ruong bac thang a tam giac mach,lake,"W2VF+VP2, Thuận Hoà, Vị Xuyên, Hà Giang",Hà Giang,ha giang,22.9446355,105.0242805,0868 394 597 ,0,,4.8,Attraction,Attraction,https://www.google.com/maps/place/Ru%E1%BB%99ng+B%E1%BA%ADc+Thang+Hoa+Tam+Gi%C3%A1c+M%E1%BA%A1ch/data=!4m7!3m6!1s0x36cc77004f41a68f:0x2da73628adb472d2!8m2!3d22.9446355!4d105.0242805!16s%2Fg%2F11y9slh9d6!19sChIJj6ZBTwB3zDYR0nK0rSg2py0?authuser=0&hl=en&rclk=1,
attraction00677,Hang Bó Ly - Tùng Bá,hang bo ly tung ba,,"V38C+HMF, Nậm Rịa, Vị Xuyên, Hà Giang",Hà Giang,ha giang,22.8664298,105.0716758,0357 132 550 ,0,,4.2,Attraction,Attraction,https://www.google.com/maps/place/Hang+B%C3%B3+Ly+-+T%C3%B9ng+B%C3%A1/data=!4m7!3m6!1s0x36cb892a5f485a75:0x984a283074f75c57!8m2!3d22.8664298!4d105.0716758!16s%2Fg%2F11sstm29n6!19sChIJdVpIXyqJyzYRV1z3dDAoSpg?authuser=0&hl=en&rclk=1,
attraction00678,Thach Lam Vien - Ha Giang,h lam vien ha giang,waterfall,"RXW7+J9G, Pho Quang, Vị Xuyên, Hà Giang",Hà Giang,ha giang,22.8465652,104.9634389,0989 441 888 ,0,,3.8,Attraction,Attraction,https://www.google.com/maps/place/Thach+Lam+Vien+-+Ha+Giang/data=!4m7!3m6!1s0x36cc79dd41bd656d:0xd6aff18a2867f2bf!8m2!3d22.8465652!4d104.9634389!16s%2Fg%2F11c6v6cgw0!19sChIJbWW9Qd15zDYRv_JnKIrxr9Y?authuser=0&hl=en&rclk=1,
attraction00679,Hà Giang cột mốc số 0,ha giang cot moc so 0,,"39/6 An Cư, Tổ Dân Phố Số 6, Hà Giang",Hà Giang,ha giang,22.8274375,104.9841875,,0,,4.7,Attraction,Attraction,https://www.google.com/maps/place/H%C3%A0+Giang+c%E1%BB%99t+m%E1%BB%91c+s%E1%BB%91+0/data=!4m7!3m6!1s0x36cc7924a35684b7:0xe447e169aee981b6!8m2!3d22.8274375!4d104.9841875!16s%2Fg%2F11fhwkvv37!19sChIJt4RWoyR5zDYRtoHprmnhR-Q?authuser=0&hl=en&rclk=1,http://facebook.com/km0.hagiang
attraction00680,Đặng văn hỵ -Tour Tây Côn Lĩnh 2428m,dang van hy tour tay con linh 2428m,,"Thôn, Lùng Tao, Vị Xuyên, Hà Giang",Hà Giang,ha giang,22.7633109,104.8592223,0366 178 677 ,0,,4.0,Attraction,Attraction,https://www.google.com/maps/place/%C4%90%E1%BA%B7ng+v%C4%83n+h%E1%BB%B5+-Tour+T%C3%A2y+C%C3%B4n+L%C4%A9nh+2428m/data=!4m7!3m6!1s0x36cc7dbeff9d43f7:0xe9e7c73d28515bc8!8m2!3d22.7633109!4d104.8592223!16s%2Fg%2F11t_qlgg50!19sChIJ90Od_759zDYRyFtRKD3H5-k?authuser=0&hl=en&rclk=1,https://www.facebook.com/profile.php?id=100041140608247&mibextid=LQQJ4d
attraction00681,Hải Đăng Travel,hai dang travel,,"477 Nguyễn Trãi, P. Nguyễn Trãi, Hà Giang",Hà Giang,ha giang,22.8251833,104.9838458,,0,,,Attraction,Attraction,https://www.google.com/maps/place/H%E1%BA%A3i+%C4%90%C4%83ng+Travel/data=!4m7!3m6!1s0x36cc79000e4db5d1:0x23e9d48c8518177!8m2!3d22.8251833!4d104.9838458!16s%2Fg%2F11ldw2hwbr!19sChIJ0bVNDgB5zDYRd4FRyEidPgI?authuser=0&hl=en&rclk=1,
attraction00682,sunwin,sunwin,,"70 Nguyễn Thái Học, P. Minh Khai, Hà Giang",Hà Giang,ha giang,22.8216226,104.9850609,0866 544 029 ,0,,,Attraction,Attraction,https://www.google.com/maps/place/sunwin/data=!4m7!3m6!1s0x36cc794c14d417f5:0x52812473f586ea9a!8m2!3d22.8216226!4d104.9850609!16s%2Fg%2F11wr3t5_lw!19sChIJ9RfUFEx5zDYRmuqG9XMkgVI?authuser=0&hl=en&rclk=1,
attraction00683,Thái Sơn du lịch Hà Giang,thai son du lich ha giang,,"RXRJ+72X, P. Quang Trung, Hà Giang",Hà Giang,ha giang,22.8407422,104.9801035,0387 641 679 ,0,,5.0,Attraction,Attraction,https://www.google.com/maps/place/Th%C3%A1i+S%C6%A1n+du+l%E1%BB%8Bch+H%C3%A0+Giang/data=!4m7!3m6!1s0x36cc79eae9635a19:0x65fecff7cb24a6fe!8m2!3d22.8407422!4d104.9801035!16s%2Fg%2F11vbtt7tyd!19sChIJGVpj6ep5zDYR_qYky_fP_mU?authuser=0&hl=en&rclk=1,https://www.facebook.com/profile.php?id=61552061062371&mibextid=2JQ9oc
attraction00684,Phong quang quán,png quang quan,lake,"VX28+XJ, Pho Quang, Vị Xuyên, Hà Giang",Hà Giang,ha giang,22.8523589,104.9665841,0988 843 884 ,0,,5.0,Attraction,Attraction,https://www.google.com/maps/place/Phong+quang+qu%C3%A1n/data=!4m7!3m6!1s0x36cc79000efa7d47:0x89d56689f86d28be!8m2!3d22.8523589!4d104.9665841!16s%2Fg%2F11w1l_jl2j!19sChIJR336DgB5zDYRviht-Ilm1Yk?authuser=0&hl=en&rclk=1,
attraction00685,Tour Tây côn lĩnh Cu đậu,tour tay con linh cu dau,bridge,"Thôn, Lùng Tao, Vị Xuyên, Hà Giang 310000",Hà Giang,ha giang,22.7626476,104.8591811,0339 955 238 ,0,,,Attraction,Attraction,https://www.google.com/maps/place/Tour+T%C3%A2y+c%C3%B4n+l%C4%A9nh+Cu+%C4%91%E1%BA%ADu/data=!4m7!3m6!1s0x36cc7dbaeb5535af:0x58ca5a50d5a68d6b!8m2!3d22.7626476!4d104.8591811!16s%2Fg%2F11v9vbl21m!19sChIJrzVV67p9zDYRa42m1VBaylg?authuser=0&hl=en&rclk=1,
attraction00686,United Triangle Circuits,united triangle circuits,,"2XF8+FWG, Quyết Tiến, Quản Bạ, Hà Giang 310000",Hà Giang,ha giang,23.0236914,104.9673187,,0,,4.4,Attraction,Attraction,https://www.google.com/maps/place/United+Triangle+Circuits/data=!4m7!3m6!1s0x36cc74c142c88441:0x97429f70656974b8!8m2!3d23.0236914!4d104.9673187!16s%2Fg%2F11g6qtrfwr!19sChIJQYTIQsF0zDYRuHRpZXCfQpc?authuser=0&hl=en&rclk=1,http://caonguyenhotel.vn/
attraction00687,Định Đặng Tour - Trekking Tây Côn Lĩnh 2428m,dinh dang tour trekking tay con linh 2428m,,"Lùng Tao, Vị Xuyên District, Hà Giang",Hà Giang,ha giang,22.7688005,104.8619109,0964 237 080 ,0,,4.6,Attraction,Attraction,https://www.google.com/maps/place/%C4%90%E1%BB%8Bnh+%C4%90%E1%BA%B7ng+Tour+-+Trekking+T%C3%A2y+C%C3%B4n+L%C4%A9nh+2428m/data=!4m7!3m6!1s0x36cc7dda06c89bff:0x59f0ea670448204c!8m2!3d22.7688005!4d104.8619109!16s%2Fg%2F11ssq7xmpw!19sChIJ_5vIBtp9zDYRTCBIBGfq8Fk?authuser=0&hl=en&rclk=1,https://www.facebook.com/Team-3-TV-102598317764671/?tepa=SEARCH_BOX
attraction00688,LIEN LOTUS,lien lotus,,"QXHR+WF, Đạo Đức, Vị Xuyên, Hà Giang",Hà Giang,ha giang,22.7797977,104.9911539,,0,,,Attraction,Attraction,https://www.google.com/maps/place/LIEN+LOTUS/data=!4m7!3m6!1s0x36cc7900369bbfad:0x492d24207efb5c07!8m2!3d22.7797977!4d104.9911539!16s%2Fg%2F11ldqh9m3r!19sChIJrb-bNgB5zDYRB1z7fiAkLUk?authuser=0&hl=en&rclk=1,
attraction00689,Núi Gió Lùng Tám,gio lung tam,mountain,"23G5+V6G, ĐT181, Lùng Tám, Quản Bạ, Hà Giang",Hà Giang,ha giang,23.027394,105.05662,,0,,5.0,Natural,Attraction,https://www.google.com/maps/place/N%C3%BAi+Gi%C3%B3+L%C3%B9ng+T%C3%A1m/data=!4m7!3m6!1s0x36cb8b007bb98117:0xa5bbcab9055e1b8a!8m2!3d23.027394!4d105.05662!16s%2Fg%2F11ldsl1b8g!19sChIJF4G5ewCLyzYRihteBbnKu6U?authuser=0&hl=en&rclk=1,
attraction00690,"Local Ha Giang Loop Tours, Hotel & Rentals",local ha giang loop tours rentals,hotel,"city, 92Q Nguyễn Trãi, St, Hà Giang, 310000",,,22.8102762,104.9791846,0387 540 762 ,0,,5.0,Attraction,Attraction,"https://www.google.com/maps/place/Local+Ha+Giang+Loop+Tours,+Hotel+%26+Rentals/data=!4m7!3m6!1s0x36cc7935a065806d:0xf3c09f2e8aa35a8b!8m2!3d22.8102762!4d104.9791846!16s%2Fg%2F11w1mbbspc!19sChIJbYBloDV5zDYRi1qjii6fwPM?authuser=0&hl=en&rclk=1",http://www.localhagiangtours.com/
attraction00691,Điểm Dừng Nghỉ - Checkin Bắc Sum Pass,diem dung nghi checkin bac sum pass,,"Minh Tân, Vị Xuyên District, Hà Giang 310000",Hà Giang,ha giang,22.9922668,104.9303356,0826 162 323 ,0,,4.3,Attraction,Attraction,https://www.google.com/maps/place/%C4%90i%E1%BB%83m+D%E1%BB%ABng+Ngh%E1%BB%89+-+Checkin+B%E1%BA%AFc+Sum+Pass/data=!4m7!3m6!1s0x36cc73454cee607f:0x6c2bf4f201bc0914!8m2!3d22.9922668!4d104.9303356!16s%2Fg%2F11lf8lb33f!19sChIJf2DuTEVzzDYRFAm8AfL0K2w?authuser=0&hl=en&rclk=1,
attraction00692,Ruộng bậc thang thôn Xà Phìn,ruong bac thang tn xa phin,lake,"RVMC+FQ, Phương Tiến, Vị Xuyên, Hà Giang",Hà Giang,ha giang,22.8340163,104.871819,,0,,4.6,Attraction,Attraction,https://www.google.com/maps/place/Ru%E1%BB%99ng+b%E1%BA%ADc+thang+th%C3%B4n+X%C3%A0+Ph%C3%ACn/data=!4m7!3m6!1s0x36cc7bab7b868d0d:0x5e4bd27267258c2b!8m2!3d22.8340163!4d104.871819!16s%2Fg%2F11l5nc6lbn!19sChIJDY2Ge6t7zDYRK4wlZ3LSS14?authuser=0&hl=en&rclk=1,
attraction00693,Ẩm Thực Cô Lan,am thuc co lan,market,"03 Nguyễn Du, P. Nguyễn Trãi, Hà Giang, 20000",,,22.8129511,104.9811384,0839 949 686 ,0,,5.0,Attraction,Attraction,https://www.google.com/maps/place/%E1%BA%A8m+Th%E1%BB%B1c+C%C3%B4+Lan/data=!4m7!3m6!1s0x36cc79826bcad581:0x9076f8b1fd8ceb20!8m2!3d22.8129511!4d104.9811384!16s%2Fg%2F11jzh7kq2h!19sChIJgdXKa4J5zDYRIOuM_bH4dpA?authuser=0&hl=en&rclk=1,
attraction00694,HA GIANG LOOP VIEW,ha giang loop view,,"XWVV+PWC, Minh Tân, Vị Xuyên, Hà Giang",Hà Giang,ha giang,22.9943173,104.9447676,,0,,,Attraction,Attraction,https://www.google.com/maps/place/HA+GIANG+LOOP+VIEW/data=!4m7!3m6!1s0x36cc7500103b087f:0xb5daff407cc8ff!8m2!3d22.9943173!4d104.9447676!16s%2Fg%2F11ml4s47ww!19sChIJfwg7EAB1zDYR_8h8QP_atQA?authuser=0&hl=en&rclk=1,
attraction00695,Suối Châng,suoi chang,,"QXP8+WMC, Phương Thiện, Hà Giang",Hà Giang,ha giang,22.7875361,104.9654181,,0,,5.0,Attraction,Attraction,https://www.google.com/maps/place/Su%E1%BB%91i+Ch%C3%A2ng/data=!4m7!3m6!1s0x36cc790049b06669:0xaa7329b86a82451b!8m2!3d22.7875361!4d104.9654181!16s%2Fg%2F11xzskkh28!19sChIJaWawSQB5zDYRG0WCargpc6o?authuser=0&hl=en&rclk=1,
attraction00696,Bai tắm Spring,bai tam spring,,"Dam Village, Nam, Quản Bạ, Hà Giang 310000",Hà Giang,ha giang,23.0353016,105.016796,0986 847 423 ,0,,4.9,Attraction,Attraction,https://www.google.com/maps/place/Bai+t%E1%BA%AFm+Spring/data=!4m7!3m6!1s0x36cc0b4ed3a62d7f:0xf8c1d52bf80d8a0c!8m2!3d23.0353016!4d105.016796!16s%2Fg%2F11fv7s08nb!19sChIJfy2m004LzDYRDIoN-CvVwfg?authuser=0&hl=en&rclk=1,
attraction00697,Primitive skills,primitive skills,,"MXX7+X2H, Đạo Đức, Vị Xuyên, Hà Giang",Hà Giang,ha giang,22.699942,104.9626242,,0,,,Attraction,Attraction,https://www.google.com/maps/place/Primitive+skills/data=!4m7!3m6!1s0x36cc7f0065ec1da9:0xbbb0de289279d6a6!8m2!3d22.699942!4d104.9626242!16s%2Fg%2F11vpy22gbc!19sChIJqR3sZQB_zDYRptZ5kijesLs?authuser=0&hl=en&rclk=1,
attraction00698,Hang hoàng lan,hang ang lan,lake,"2X4J+RP, Quyết Tiến, Quản Bạ, Hà Giang",Hà Giang,ha giang,23.0070633,104.9818181,,0,,4.9,Attraction,Attraction,https://www.google.com/maps/place/Hang+ho%C3%A0ng+lan/data=!4m7!3m6!1s0x36cc75003fade245:0xc666f1d243bb9a1a!8m2!3d23.0070633!4d104.9818181!16s%2Fg%2F11x6s286rm!19sChIJReKtPwB1zDYRGpq7Q9LxZsY?authuser=0&hl=en&rclk=1,
attraction00699,泰安峽谷,ai n ia u,,"X4M8+GMJ, ĐT181, Thái An, Quản Bạ, Hà Giang",Hà Giang,ha giang,22.9838466,105.1166376,,0,,5.0,Attraction,Attraction,https://www.google.com/maps/place/%E6%B3%B0%E5%AE%89%E5%B3%BD%E8%B0%B7/data=!4m7!3m6!1s0x36cb8b8df9f9ac65:0x214cf064b4e7ffc0!8m2!3d22.9838466!4d105.1166376!16s%2Fg%2F11pq4ypqb0!19sChIJZaz5-Y2LyzYRwP_ntGTwTCE?authuser=0&hl=en&rclk=1,
attraction00700,Cồng Thôn Lùng Giàng B,cong tn lung giang b,lake,"VWV7+6J, Pho Quang, Vị Xuyên, Hà Giang",Hà Giang,ha giang,22.8931121,104.9141148,,0,,5.0,Attraction,Attraction,https://www.google.com/maps/place/C%E1%BB%93ng+Th%C3%B4n+L%C3%B9ng+Gi%C3%A0ng+B/data=!4m7!3m6!1s0x36cc710026a1ce2b:0xc5c70f74c3bd0f09!8m2!3d22.8931121!4d104.9141148!16s%2Fg%2F11y83ln7xv!19sChIJK86hJgBxzDYRCQ-9w3QPx8U?authuser=0&hl=en&rclk=1,
attraction00701,Ruộng Bậc Thang - Lùng Vài,ruong bac thang lung vai,,"RWH3+CF, Phương Độ, Hà Giang",Hà Giang,ha giang,22.8286201,104.9037145,,0,,4.8,Attraction,Attraction,https://www.google.com/maps/place/Ru%E1%BB%99ng+B%E1%BA%ADc+Thang+-+L%C3%B9ng+V%C3%A0i/data=!4m7!3m6!1s0x36cc7bf11b57a669:0x72fb7c0e78470521!8m2!3d22.8286201!4d104.9037145!16s%2Fg%2F11qbj47l83!19sChIJaaZXG_F7zDYRIQVHeA58-3I?authuser=0&hl=en&rclk=1,
attraction00702,Climbing Nặm Đăm,climbing nam dam,,"Đông Hà, Quản Bạ District, Hà Giang",Hà Giang,ha giang,23.0398306,105.0287899,0354 502 065 ,0,,,Attraction,Attraction,https://www.google.com/maps/place/Climbing+N%E1%BA%B7m+%C4%90%C4%83m/data=!4m7!3m6!1s0x36cc0b071d062671:0x3f04548eef7a4337!8m2!3d23.0398306!4d105.0287899!16s%2Fg%2F11qq2g2836!19sChIJcSYGHQcLzDYRN0N6745UBD8?authuser=0&hl=en&rclk=1,
attraction00703,Quán tạp hoá- điểm ngắm cảnh,quan tap a diem ngam canh,lake,"XWVH+3JX, QL4C, Minh Tân, Vị Xuyên, Hà Giang",Hà Giang,ha giang,22.9927499,104.9291164,,0,,4.6,Attraction,Attraction,https://www.google.com/maps/place/Qu%C3%A1n+t%E1%BA%A1p+ho%C3%A1-+%C4%91i%E1%BB%83m+ng%E1%BA%AFm+c%E1%BA%A3nh/data=!4m7!3m6!1s0x36cc73d83fe517dd:0xcb29ae90c945e0a0!8m2!3d22.9927499!4d104.9291164!16s%2Fg%2F11pbhb_vfp!19sChIJ3RflP9hzzDYRoOBFyZCuKcs?authuser=0&hl=en&rclk=1,
attraction00704,Vườn hoa hồng nhà Thuyên,vuon a ng nha thuyen,lake,"2X84+8Q, Quyết Tiến, Quản Bạ, Hà Giang",Hà Giang,ha giang,23.015766,104.956959,,0,,5.0,Attraction,Attraction,https://www.google.com/maps/place/V%C6%B0%E1%BB%9Dn+hoa+h%E1%BB%93ng+nh%C3%A0+Thuy%C3%AAn/data=!4m7!3m6!1s0x36cc75001038ce17:0x7ed7e823830fd785!8m2!3d23.015766!4d104.956959!16s%2Fg%2F11w49qp6qn!19sChIJF844EAB1zDYRhdcPgyPo134?authuser=0&hl=en&rclk=1,
attraction00705,Sân khấu chính,san khau chinh,,"RWQM+H93, Lùng Vài - Hạ Thành, Vị Xuyên, Hà Giang",Hà Giang,ha giang,22.8388848,104.9334069,,0,,5.0,Attraction,Attraction,https://www.google.com/maps/place/S%C3%A2n+kh%E1%BA%A5u+ch%C3%ADnh/data=!4m7!3m6!1s0x36cc7bc5c27d053f:0xf933c1857987146f!8m2!3d22.8388848!4d104.9334069!16s%2Fg%2F11r8dlcxjt!19sChIJPwV9wsV7zDYRbxSHeYXBM_k?authuser=0&hl=en&rclk=1,
attraction00706,Vườn trà cổ thụ Lùng Vài,vuon tra co thu lung vai,market,"RVHR+8H, Phương Độ, Hà Giang",Hà Giang,ha giang,22.8283315,104.8914974,0367 299 638 ,0,,5.0,Attraction,Attraction,https://www.google.com/maps/place/V%C6%B0%E1%BB%9Dn+tr%C3%A0+c%E1%BB%95+th%E1%BB%A5+L%C3%B9ng+V%C3%A0i/data=!4m7!3m6!1s0x36cc7b62c459faaf:0x4c88fbc1a65f64fc!8m2!3d22.8283315!4d104.8914974!16s%2Fg%2F11y1wj8pdh!19sChIJr_pZxGJ7zDYR_GRfpsH7iEw?authuser=0&hl=en&rclk=1,
attraction00707,Hoa hồng Thuyên Em,a ng thuyen em,lake,"2X52+XP, Quyết Tiến, Quản Bạ, Hà Giang",Hà Giang,ha giang,23.009929,104.951792,,0,,,Attraction,Attraction,https://www.google.com/maps/place/Hoa+h%E1%BB%93ng+Thuy%C3%AAn+Em/data=!4m7!3m6!1s0x36cc75007e37e7e1:0xbbba0c246f27aa15!8m2!3d23.009929!4d104.951792!16s%2Fg%2F11w21bylfd!19sChIJ4ec3fgB1zDYRFaonbyQMurs?authuser=0&hl=en&rclk=1,
attraction00708,Suối Minh Tân,suoi minh tan,,"XW5X+JV9, Minh Tân, Vị Xuyên, Hà Giang",Hà Giang,ha giang,22.9590407,104.9497214,,0,,4.4,Attraction,Attraction,https://www.google.com/maps/place/Su%E1%BB%91i+Minh+T%C3%A2n/data=!4m7!3m6!1s0x36cc75f2e996c28d:0x54387a024a6c839e!8m2!3d22.9590407!4d104.9497214!16s%2Fg%2F11h3l36r9j!19sChIJjcKW6fJ1zDYRnoNsSgJ6OFQ?authuser=0&hl=en&rclk=1,
attraction00709,My project,my project,,"V25C+69, Ngọc đường, Hà Giang",Hà Giang,ha giang,22.858082,105.020917,,0,,,Attraction,Attraction,https://www.google.com/maps/place/My+project/data=!4m7!3m6!1s0x36cc7700680a6265:0x6b8110497235757c!8m2!3d22.858082!4d105.020917!16s%2Fg%2F11mlc7hb0_!19sChIJZWIKaAB3zDYRfHU1ckkQgWs?authuser=0&hl=en&rclk=1,
attraction00710,Săn mây vờn núi,san may von,mountain,"RX3H+29G, Phương Thiện, Tp. Hà Giang, Hà Giang",Hà Giang,ha giang,22.8025588,104.9784494,,0,,,Natural,Attraction,https://www.google.com/maps/place/S%C4%83n+m%C3%A2y+v%E1%BB%9Dn+n%C3%BAi/data=!4m7!3m6!1s0x36cc793adbe15355:0x5d64bb08ef5c8219!8m2!3d22.8025588!4d104.9784494!16s%2Fg%2F11kc5w011y!19sChIJVVPh2zp5zDYRGYJc7wi7ZF0?authuser=0&hl=en&rclk=1,
attraction00711,Kít Đa nghề,kit da nghe,island,"PWR2+F2H, Thác Tăng, Cao Bồ, Vị Xuyên, Hà Giang",Hà Giang,ha giang,22.741199,104.9001224,0363 831 875 ,0,,,Attraction,Attraction,https://www.google.com/maps/place/K%C3%ADt+%C4%90a+ngh%E1%BB%81/data=!4m7!3m6!1s0x36cc7d005c8f306f:0xd547bae0313bef5a!8m2!3d22.741199!4d104.9001224!16s%2Fg%2F11yb372km8!19sChIJbzCPXAB9zDYRWu87MeC6R9U?authuser=0&hl=en&rclk=1,
attraction00712,"Thôn Lùng Tao, xã Cao Bồ, huyện Vị Xuyên",tn lung tao xa cao bo huyen vi xuyen,lake,"QV79+96W, Thôn, Lùng Tao, Vị Xuyên, Hà Giang",Hà Giang,ha giang,22.7634818,104.8680829,,0,,4.0,Attraction,Attraction,"https://www.google.com/maps/place/Th%C3%B4n+L%C3%B9ng+Tao,+x%C3%A3+Cao+B%E1%BB%93,+huy%E1%BB%87n+V%E1%BB%8B+Xuy%C3%AAn/data=!4m7!3m6!1s0x36cc7d6d45228d21:0x5b7289386ff07eea!8m2!3d22.7634818!4d104.8680829!16s%2Fg%2F11vd41lhxs!19sChIJIY0iRW19zDYR6n7wbziJcls?authuser=0&hl=en&rclk=1",
attraction00713,Navieng coffee,navieng,cafe,"THÔN MỊCH A XÃ THUẬN HOÀ HUYỆN VỊ XUYÊN, thủy điện, sông miện 5, Hà Giang 310000",Hà Giang,ha giang,22.9377687,105.0256263,0988 137 816 ,0,,5.0,Attraction,Attraction,https://www.google.com/maps/place/Navieng+coffee/data=!4m7!3m6!1s0x36cc7752252fac19:0x88cc818809b598d5!8m2!3d22.9377687!4d105.0256263!16s%2Fg%2F11w2gs0kg5!19sChIJGawvJVJ3zDYR1Zi1CYiBzIg?authuser=0&hl=en&rclk=1,
attraction00714,Khu du lịch sinh thái Trọng Doanh,khu du lich sinh thai trong doanh,,"P3RR+288, Kim Linh, Tp. Hà Giang, Hà Giang",Hà Giang,ha giang,22.7400477,105.0908147,,0,,5.0,Attraction,Attraction,https://www.google.com/maps/place/Khu+du+l%E1%BB%8Bch+sinh+th%C3%A1i+Tr%E1%BB%8Dng+Doanh/data=!4m7!3m6!1s0x36cb8186d94d1d19:0x65460a82f87b09d4!8m2!3d22.7400477!4d105.0908147!16s%2Fg%2F11svm3wksg!19sChIJGR1N2YaByzYR1Al7-IIKRmU?authuser=0&hl=en&rclk=1,
attraction00715,Nhà cô Sen-chú Trung,nha co sen chu trung,pagoda,"383 QL34, Ngọc Hà, Hà Giang",Hà Giang,ha giang,22.838129,105.006588,,0,,,Attraction,Attraction,https://www.google.com/maps/place/Nh%C3%A0+c%C3%B4+Sen-ch%C3%BA+Trung/data=!4m7!3m6!1s0x36cc790004d0d191:0xc42602f0923f7f67!8m2!3d22.838129!4d105.006588!16s%2Fg%2F11w_lc1nq0!19sChIJkdHQBAB5zDYRZ38_kvACJsQ?authuser=0&hl=en&rclk=1,
attraction00716,Cát Lý Camping,cat ly camping,,"Thuận Hòa, Vị Xuyên District, Hà Giang",Hà Giang,ha giang,22.9070737,104.9986083,0974 484 291 ,0,,4.6,Attraction,Attraction,https://www.google.com/maps/place/C%C3%A1t+L%C3%BD+Camping/data=!4m7!3m6!1s0x36cc77b014bb6099:0xaed47e9b4b8c5d8!8m2!3d22.9070737!4d104.9986083!16s%2Fg%2F11l5h93wzw!19sChIJmWC7FLB3zDYR2MW4tOlH7Qo?authuser=0&hl=en&rclk=1,https://www.booking.com/Pulse-0X2hTj
attraction00717,Cao Bành,cao banh,,"QXW4+WV9, Phương Thiện, Hà Giang",Hà Giang,ha giang,22.797285,104.9572356,,0,,4.9,Attraction,Attraction,https://www.google.com/maps/place/Cao+B%C3%A0nh/data=!4m7!3m6!1s0x36cc79934d9c67d3:0x8534b5232dd5ef8f!8m2!3d22.797285!4d104.9572356!16s%2Fg%2F11rjmsdy39!19sChIJ02ecTZN5zDYRj-_VLSO1NIU?authuser=0&hl=en&rclk=1,
attraction00718,Đập tràn hồ Noong,dap tran noong,lake,"P252+F7W, Phú Linh, Vị Xuyên, Hà Giang",Hà Giang,ha giang,22.7087479,105.000702,,0,,,Attraction,Attraction,https://www.google.com/maps/place/%C4%90%E1%BA%ADp+tr%C3%A0n+h%E1%BB%93+Noong/data=!4m7!3m6!1s0x36cc7f007472977f:0xf9408410e96a5068!8m2!3d22.7087479!4d105.000702!16s%2Fg%2F11x_lh1w9r!19sChIJf5dydAB_zDYRaFBq6RCEQPk?authuser=0&hl=en&rclk=1,
attraction00719,A Boong Waterfall,a boong,waterfall,"W2XR+P3, Thuận Hoà, Vị Xuyên, Hà Giang",Hà Giang,ha giang,22.9492994,105.0401374,,0,,4.3,Natural,Attraction,https://www.google.com/maps/place/A+Boong+Waterfall/data=!4m7!3m6!1s0x36cb8b37f48ad1c5:0xf9bdb5de1695c9e8!8m2!3d22.9492994!4d105.0401374!16s%2Fg%2F11rvcyhl4x!19sChIJxdGK9DeLyzYR6MmVFt61vfk?authuser=0&hl=en&rclk=1,
attraction00720,Vườn Hoa Hồng Quyết Tiến,vuon a ng quyet tien,lake,"2W5X+RRC, Quyết Tiến, Quản Bạ, Hà Giang",Hà Giang,ha giang,23.0095583,104.9495142,,0,,3.3,Attraction,Attraction,https://www.google.com/maps/place/V%C6%B0%E1%BB%9Dn+Hoa+H%E1%BB%93ng+Quy%E1%BA%BFt+Ti%E1%BA%BFn/data=!4m7!3m6!1s0x36cc7503a2a03615:0x777af9458fcb65fb!8m2!3d23.0095583!4d104.9495142!16s%2Fg%2F11rbx62lxp!19sChIJFTagogN1zDYR-2XLj0X5enc?authuser=0&hl=en&rclk=1,
attraction00721,Bảo tàng Hà Giang - Ha Giang Museum,ha giang ha giang,museum,"RXJM+9H3, Trần Hưng Đạo, P. Nguyễn Trãi, Hà Giang",Hà Giang,ha giang,22.8306283,104.9837868,0327 868 869 ,30,₫30,4.6,Historical,Attraction,https://www.google.com/maps/place/B%E1%BA%A3o+t%C3%A0ng+H%C3%A0+Giang+-+Ha+Giang+Museum/data=!4m7!3m6!1s0x36cc79b5695338c7:0xbba286a2ef64e365!8m2!3d22.8306283!4d104.9837868!16s%2Fg%2F11cpbxz37v!19sChIJxzhTabV5zDYRZeNk76KGors?authuser=0&hl=en&rclk=1,http://facebook.com/BaotangtinhHaGiang
attraction00722,Viettel Post Hub Quản Bạ - Hà Giang,viettel post hub quan ba ha giang,,"SỐ 176, TỔ 4, THỊ TRẤN TAM SƠN, Hà Giang",Hà Giang,ha giang,22.8210489,104.9877771,1900 8095 ,0,,,Attraction,Attraction,https://www.google.com/maps/place/Viettel+Post+Hub+Qu%E1%BA%A3n+B%E1%BA%A1+-+H%C3%A0+Giang/data=!4m7!3m6!1s0x36cc796f70279d77:0x8549c3256255a5af!8m2!3d22.8210489!4d104.9877771!16s%2Fg%2F11t99msfcg!19sChIJd50ncG95zDYRr6VVYiXDSYU?authuser=0&hl=en&rclk=1,https://viettelpost.com.vn/#one3
attraction00723,Thôn Gia Vài Chill,tn gia vai chill,lake,"QXF4+FWH, Phương Thiện, Hà Giang",Hà Giang,ha giang,22.7736784,104.9573594,0389 080 044 ,0,,4.7,Attraction,Attraction,https://www.google.com/maps/place/Th%C3%B4n+Gia+V%C3%A0i+Chill/data=!4m7!3m6!1s0x36cc7934a1944185:0x3f26b437241bab97!8m2!3d22.7736784!4d104.9573594!16s%2Fg%2F11sjd93z2w!19sChIJhUGUoTR5zDYRl6sbJDe0Jj8?authuser=0&hl=en&rclk=1,
attraction00724,Nhà hàng Homsstay,homsstay,restaurant,"MX79+R6W, Cao Bồ, Vị Xuyên, Hà Giang",Hà Giang,ha giang,22.6646052,104.9680914,,0,,,Attraction,Attraction,https://www.google.com/maps/place/Nh%C3%A0+h%C3%A0ng+Homsstay/data=!4m7!3m6!1s0x36cc8100411abec5:0x472f470ac57b30e5!8m2!3d22.6646052!4d104.9680914!16s%2Fg%2F11zhs3wxcg!19sChIJxb4aQQCBzDYR5TB7xQpHL0c?authuser=0&hl=en&rclk=1,
attraction00725,Long ancient tea,long ancient tea,,"Thôn Nà Thác, Ha Giang, Hà Giang",Hà Giang,ha giang,22.8152233,104.9346149,0388 892 108 ,0,,5.0,Attraction,Attraction,https://www.google.com/maps/place/Long+ancient+tea/data=!4m7!3m6!1s0x36cc7badc07c48dd:0x18d535c6a8186548!8m2!3d22.8152233!4d104.9346149!16s%2Fg%2F11sx3qph8w!19sChIJ3Uh8wK17zDYRSGUYqMY11Rg?authuser=0&hl=en&rclk=1,https://www.facebook.com/long.trashantuyet
attraction00726,Vương Quốc Hoa Hồng Mê Linh,vuong quoc a ng me linh,lake,"2X83+HM, Quyết Tiến, Quản Bạ, Hà Giang",Hà Giang,ha giang,23.016488,104.95421,,0,,,Attraction,Attraction,https://www.google.com/maps/place/V%C6%B0%C6%A1ng+Qu%E1%BB%91c+Hoa+H%E1%BB%93ng+M%C3%AA+Linh/data=!4m7!3m6!1s0x36cc75005cf9fe6b:0xc3e777f4e8c5a648!8m2!3d23.016488!4d104.95421!16s%2Fg%2F11mcmjjb1f!19sChIJa_75XAB1zDYRSKbF6PR358M?authuser=0&hl=en&rclk=1,
attraction00727,Con đường thác đổ (thác nước tự nhiên),con duong do nuoc tu nhien,waterfall,"271-269, QL4C, P. Quang Trung, Hà Giang",Hà Giang,ha giang,22.8463313,104.9843055,,0,,4.3,Attraction,Attraction,https://www.google.com/maps/place/Con+%C4%91%C6%B0%E1%BB%9Dng+th%C3%A1c+%C4%91%E1%BB%95+%28th%C3%A1c+n%C6%B0%E1%BB%9Bc+t%E1%BB%B1+nhi%C3%AAn%29/data=!4m7!3m6!1s0x36cc79c25089ac25:0x8d122ee6ac6ccf75!8m2!3d22.8463313!4d104.9843055!16s%2Fg%2F11fn8g1mg4!19sChIJJayJUMJ5zDYRdc9srOYuEo0?authuser=0&hl=en&rclk=1,
attraction00728,Gội đầu dưỡng sinh Minh Châu,goi dau duong sinh minh chau,bridge,"209 Nguyễn Trãi, P. Nguyễn Trãi, Hà Giang",Hà Giang,ha giang,22.8165845,104.9810472,,0,,5.0,Attraction,Attraction,https://www.google.com/maps/place/G%E1%BB%99i+%C4%91%E1%BA%A7u+d%C6%B0%E1%BB%A1ng+sinh+Minh+Ch%C3%A2u/data=!4m7!3m6!1s0x36cc795c7db7d6e7:0xbd2d6a7695aa7929!8m2!3d22.8165845!4d104.9810472!16s%2Fg%2F11kb98td_6!19sChIJ59a3fVx5zDYRKXmqlXZqLb0?authuser=0&hl=en&rclk=1,
attraction00729,Massage food body xông hơi tắm lá thuốc dao đỏ,massage body xong hoi tam la thuoc dao do,restaurant,"55b Nguyễn Thái Học, P. Minh Khai, Hà Giang",Hà Giang,ha giang,22.8212564,104.9847122,0853 528 222 ,0,,5.0,Attraction,Attraction,https://www.google.com/maps/place/Massage+food+body+x%C3%B4ng+h%C6%A1i+t%E1%BA%AFm+l%C3%A1+thu%E1%BB%91c+dao+%C4%91%E1%BB%8F/data=!4m7!3m6!1s0x36cc79be672081af:0x6f19f53994552071!8m2!3d22.8212564!4d104.9847122!16s%2Fg%2F11qnkz01ql!19sChIJr4EgZ755zDYRcSBVlDn1GW8?authuser=0&hl=en&rclk=1,
attraction00730,Hướng dẫn du lịch leo núi ba tiên,huong dan du lich leo ba tien,mountain,"ĐT181, Thái An, Quản Bạ, Hà Giang",Hà Giang,ha giang,22.9778365,105.1362376,0382 069 118 ,0,,4.3,Natural,Attraction,https://www.google.com/maps/place/H%C6%B0%E1%BB%9Bng+d%E1%BA%ABn+du+l%E1%BB%8Bch+leo+n%C3%BAi+ba+ti%C3%AAn/data=!4m7!3m6!1s0x36cb8dc8eedc4223:0xb778c83f0cce4382!8m2!3d22.9778365!4d105.1362376!16s%2Fg%2F11sk3mvhj_!19sChIJI0Lc7siNyzYRgkPODD_IeLc?authuser=0&hl=en&rclk=1,
attraction00731,3 Phương,3 phuong,,"VW5C+M5, Phương Tiến, Vị Xuyên, Hà Giang",Hà Giang,ha giang,22.8591778,104.9204046,,0,,,Attraction,Attraction,https://www.google.com/maps/place/3+Ph%C6%B0%C6%A1ng/data=!4m7!3m6!1s0x36cc7b005a131bcd:0x20541ec2faa911fe!8m2!3d22.8591778!4d104.9204046!16s%2Fg%2F11ymly1bzl!19sChIJzRsTWgB7zDYR_hGp-sIeVCA?authuser=0&hl=en&rclk=1,
attraction00732,Dốc đỏ Hồng Minh,doc do ng minh,lake,"V3FW+QP, Tùng Bá, Vị Xuyên, Hà Giang",Hà Giang,ha giang,22.8743857,105.096794,,0,,,Attraction,Attraction,https://www.google.com/maps/place/D%E1%BB%91c+%C4%91%E1%BB%8F+H%E1%BB%93ng+Minh/data=!4m7!3m6!1s0x36cb89001fd7c02d:0xdeba852db4cae25d!8m2!3d22.8743857!4d105.096794!16s%2Fg%2F11yn7b2sg1!19sChIJLcDXHwCJyzYRXeLKtC2Fut4?authuser=0&hl=en&rclk=1,
attraction00733,Cloud Bar Ha Giang,cloud bar ha giang,,"Khuoi My, Ha Giang, Hà Giang 310000",Hà Giang,ha giang,22.820944,104.9247953,0366 885 955 ,0,,4.0,Attraction,Attraction,https://www.google.com/maps/place/Cloud+Bar+Ha+Giang/data=!4m7!3m6!1s0x36cc7ba6b1f15fdb:0xcf7d4d48a685502a!8m2!3d22.820944!4d104.9247953!16s%2Fg%2F11wmwb28cx!19sChIJ21_xsaZ7zDYRKlCFpkhNfc8?authuser=0&hl=en&rclk=1,https://tvpalm.com/
attraction00734,Bia Tươi - Lẩu - Nướng Cầu Mới,bia tuoi lau nuong moi,bridge,"ngõ 205 Nguyễn Thái Học, P. Trần Phú, Hà Giang, 20000",,,22.8286897,104.9857157,0839 949 686 ,0,,,Attraction,Attraction,https://www.google.com/maps/place/Bia+T%C6%B0%C6%A1i+-+L%E1%BA%A9u+-+N%C6%B0%E1%BB%9Bng+C%E1%BA%A7u+M%E1%BB%9Bi/data=!4m7!3m6!1s0x36cc79018770e661:0xf0a1423ac08fbf29!8m2!3d22.8286897!4d104.9857157!16s%2Fg%2F11y79ypxkp!19sChIJYeZwhwF5zDYRKb-PwDpCofA?authuser=0&hl=en&rclk=1,
attraction00735,Con Sẻ Tre Tourist Village,con se tre tourist ge,hotel,"Vĩnh Nguyên, Nha Trang, Khánh Hòa",Nha Trang,nha trang,12.213404,109.2411157,,1237158,₫1237158,4.1,Attraction,Attraction,https://www.google.com/maps/place/Con+S%E1%BA%BB+Tre+Tourist+Village/data=!4m7!3m6!1s0x3170671ea4683ed5:0xa164c8c1e59be92e!8m2!3d12.213404!4d109.2411157!16s%2Fg%2F1tflcq_7!19sChIJ1T5opB5ncDERLumb5cHIZKE?authuser=0&hl=en&rclk=1,https://ticket-stations.com/nha-trang-vinpearl-harbour
attraction00736,Beach Nha Trang,nha trang,beach,"76Q4+88H, Phạm Văn Đồng, Ba Làng, Nha Trang, Khánh Hòa 650000",Nha Trang,nha trang,12.2883043,109.2058634,,0,,4.8,Natural,Attraction,https://www.google.com/maps/place/Beach+Nha+Trang/data=!4m7!3m6!1s0x31706736d868cf47:0x3d1a40a7b5d8c60b!8m2!3d12.2883043!4d109.2058634!16s%2Fg%2F11f5vfbypk!19sChIJR89o2DZncDERC8bYtadAGj0?authuser=0&hl=en&rclk=1,
attraction00737,Po Nagar Temple,po nagar,temple,"61 Hai Tháng Tư, Vĩnh Phước, Nha Trang, Khánh Hòa 650000",Nha Trang,nha trang,12.2653665,109.1953678,,120000,₫120000,4.5,Cultural,Attraction,https://www.google.com/maps/place/Po+Nagar+Temple/data=!4m7!3m6!1s0x3170678c61b8f251:0x115f6f97f1af1d7c!8m2!3d12.2653665!4d109.1953678!16s%2Fm%2F02x5pgr!19sChIJUfK4YYxncDERfB2v8ZdvXxE?authuser=0&hl=en&rclk=1,https://ticketdulich.com/thap-ba-mud-bath
attraction00738,Đèo Lương Sơn,deo luong son,,"865M+FCJ, Phạm Văn Đồng, Vĩnh Lương, Nha Trang, Khánh Hòa",Nha Trang,nha trang,12.3087182,109.2335133,,0,,4.7,Attraction,Attraction,https://www.google.com/maps/place/%C4%90%C3%A8o+L%C6%B0%C6%A1ng+S%C6%A1n/data=!4m7!3m6!1s0x31706924d07d5499:0xdbcb169b124df950!8m2!3d12.3087182!4d109.2335133!16s%2Fg%2F11nx18skc_!19sChIJmVR90CRpcDERUPlNEpsWy9s?authuser=0&hl=en&rclk=1,
attraction00739,Hon Chong,n cng,lake,"Vĩnh Phước, Nha Trang, Khánh Hòa 650000",Nha Trang,nha trang,12.27292,109.2064934,,1052900,₫1052900,4.3,Attraction,Attraction,https://www.google.com/maps/place/Hon+Chong/data=!4m7!3m6!1s0x317067ebf764f3e1:0x669216540dfca111!8m2!3d12.27292!4d109.2064934!16s%2Fg%2F11b6nt3f42!19sChIJ4fNk9-tncDEREaH8DVQWkmY?authuser=0&hl=en&rclk=1,https://ticket-stations.com/tour-1-day-nha-trang
attraction00740,Эко Вояж Тур - Eco Voyage Tourism,eko voiazh tur eco voyage tourism,,"02 Nguyễn Thị Minh Khai, Lộc Thọ, Nha Trang, Khánh Hòa 650000",Nha Trang,nha trang,12.2387251,109.1960177,0965 059 688 ,0,,5.0,Attraction,Attraction,https://www.google.com/maps/place/%D0%AD%D0%BA%D0%BE+%D0%92%D0%BE%D1%8F%D0%B6+%D0%A2%D1%83%D1%80+-+Eco+Voyage+Tourism/data=!4m7!3m6!1s0x317067002ceed8c9:0x3c764774f051c97b!8m2!3d12.2387251!4d109.1960177!16s%2Fg%2F11xdq7gx84!19sChIJydjuLABncDERe8lR8HRHdjw?authuser=0&hl=en&rclk=1,https://ecovoyage-vietnam.ru/
attraction00741,The Fairy Forest,the fairy forest,,"Phước Trung, Nha Trang, Khánh Hòa",Nha Trang,nha trang,12.1812258,109.1654693,0914 485 538 ,0,,4.5,Attraction,Attraction,https://www.google.com/maps/place/The+Fairy+Forest/data=!4m7!3m6!1s0x31705f269a6c1fa1:0xb70aaec84f905b25!8m2!3d12.1812258!4d109.1654693!16s%2Fg%2F11sv7bw05j!19sChIJoR9smiZfcDERJVuQT8iuCrc?authuser=0&hl=en&rclk=1,
attraction00742,Double Rocks,double rocks,,"7688+9XC, Phạm Văn Đồng, Vĩnh Thọ, Nha Trang, Khánh Hòa 650000",Nha Trang,nha trang,12.2659491,109.2173962,,0,,5.0,Attraction,Attraction,https://www.google.com/maps/place/Double+Rocks/data=!4m7!3m6!1s0x3170677ef92e007b:0x92c6e546af80dc81!8m2!3d12.2659491!4d109.2173962!16s%2Fg%2F11mw767jc1!19sChIJewAu-X5ncDERgdyAr0blxpI?authuser=0&hl=en&rclk=1,
attraction00743,Hang Heo,hang heo,lake,"86H6+W24, Phạm Văn Đồng, Vĩnh Lương, Nha Trang, Khánh Hòa",Nha Trang,nha trang,12.3297624,109.2100849,,0,,4.0,Attraction,Attraction,https://www.google.com/maps/place/Hang+Heo/data=!4m7!3m6!1s0x317068359f85bd3f:0xdf408b0e3825838a!8m2!3d12.3297624!4d109.2100849!16s%2Fg%2F11c1tt87sz!19sChIJP72FnzVocDERioMlOA6LQN8?authuser=0&hl=en&rclk=1,
attraction00744,Tour Hòn Tằm Nha Trang,tour n tam nha trang,lake,"56HR+79, Vĩnh Nguyên, Nha Trang, Khánh Hòa",Nha Trang,nha trang,12.178223,109.2409796,,600000,₫600000,3.8,Attraction,Attraction,https://www.google.com/maps/place/Tour+H%C3%B2n+T%E1%BA%B1m+Nha+Trang/data=!4m7!3m6!1s0x317061cb18aefb71:0x77a3aef933641665!8m2!3d12.178223!4d109.2409796!16s%2Fg%2F11kc8f_5nt!19sChIJcfuuGMthcDERZRZkM_muo3c?authuser=0&hl=en&rclk=1,
attraction00745,Đảo Hòn Tằm,dao n tam,lake,"Đảo Hòn Tằm, Vĩnh Nguyên, Nha Trang, Khánh Hòa 650000",Nha Trang,nha trang,12.1789019,109.245158,0384 181 805 ,430000,₫430000,4.3,Attraction,Attraction,https://www.google.com/maps/place/%C4%90%E1%BA%A3o+H%C3%B2n+T%E1%BA%B1m/data=!4m7!3m6!1s0x31706103cb7fbff9:0x73727b09b1e0f7aa!8m2!3d12.1789019!4d109.245158!16s%2Fg%2F11kwrwrffs!19sChIJ-b9_ywNhcDERqvfgsQl7cnM?authuser=0&hl=en&rclk=1,https://nhatrangholiday.vn/hon-tam-nha-trang/
attraction00746,Vinh San Ho 2,vinh san 2,lake,"56PF+R5F, Vĩnh Nguyên, Nha Trang, Khánh Hòa",Nha Trang,nha trang,12.1862041,109.2233903,0946 857 766 ,0,,4.0,Attraction,Attraction,https://www.google.com/maps/place/Vinh+San+Ho+2/data=!4m7!3m6!1s0x317061002f6d5035:0x21ad1e38cbb1cdf5!8m2!3d12.1862041!4d109.2233903!16s%2Fg%2F11vrh48wpr!19sChIJNVBtLwBhcDER9c2xyzgerSE?authuser=0&hl=en&rclk=1,https://vinhsanhonhatrang.com/
attraction00747,Journeys Your Way Co,journeys your way co,market,"A204, Khu dân cư du lịch và sinh thái, Ô LK, Phú Quý, Nha Trang, Khánh Hòa 650000",Nha Trang,nha trang,12.1977903,109.2093606,0378 760 445 ,0,,,Attraction,Attraction,"https://www.google.com/maps/place/Journeys+Your+Way+Co.,Ltd/data=!4m7!3m6!1s0x3170611aaf83b565:0xe70bc45661ded4ea!8m2!3d12.1977903!4d109.2093606!16s%2Fg%2F11w1d5j_qv!19sChIJZbWDrxphcDER6tTeYVbEC-c?authuser=0&hl=en&rclk=1",
attraction00748,The Woodhouse Campsite,the wooduse campsite,lake,"Cuối hẻm 007, tổ 13, Cồn Ngọc Thảo, Nha Trang, Khánh Hòa 650000",Nha Trang,nha trang,12.2648668,109.1875681,0338 461 425 ,0,,5.0,Attraction,Attraction,https://www.google.com/maps/place/The+Woodhouse+Campsite/data=!4m7!3m6!1s0x31705d9751a5ba03:0x653849ac7f9b5f4a!8m2!3d12.2648668!4d109.1875681!16s%2Fg%2F11wxrhqlj5!19sChIJA7qlUZddcDERSl-bf6xJOGU?authuser=0&hl=en&rclk=1,https://web.facebook.com/profile.php?id=61569924314216
attraction00749,Nha Trang International Food Alley,nha trang international alley,restaurant,"Alley 53 Nguyễn Thiện Thuật, Lộc Thọ, Nha Trang, Khánh Hòa 650000",Nha Trang,nha trang,12.239498,109.1938696,,0,,4.7,Attraction,Attraction,https://www.google.com/maps/place/Nha+Trang+International+Food+Alley/data=!4m7!3m6!1s0x31706700696dd105:0x1963a0033db5aeb3!8m2!3d12.239498!4d109.1938696!16s%2Fg%2F11y2r6cy0n!19sChIJBdFtaQBncDERs661PQOgYxk?authuser=0&hl=en&rclk=1,
attraction00750,Biển Bãi Tiên Nha Trang,bien bai tien nha trang,,"76XP+RPH, Vĩnh Hải, Nha Trang, Khánh Hòa",Nha Trang,nha trang,12.2990475,109.2367903,,0,,4.4,Natural,Attraction,https://www.google.com/maps/place/Bi%E1%BB%83n+B%C3%A3i+Ti%C3%AAn+Nha+Trang/data=!4m7!3m6!1s0x317069006850fcc5:0xeb1fe675d8d60627!8m2!3d12.2990475!4d109.2367903!16s%2Fg%2F11wfm06ggb!19sChIJxfxQaABpcDERJwbW2HXmH-s?authuser=0&hl=en&rclk=1,
attraction00751,Tram Huong Tower,tram huong,tower,"Trần Phú Quảng trường, Hai tháng Tư, Lộc Thọ, Nha Trang, Khánh Hòa 650000",Nha Trang,nha trang,12.240404,109.1969225,,1447738,₫1447738,4.4,Attraction,Attraction,https://www.google.com/maps/place/Tram+Huong+Tower/data=!4m7!3m6!1s0x3170677bd4d40413:0x7643676250775d06!8m2!3d12.240404!4d109.1969225!16s%2Fg%2F1vnrn2yy!19sChIJEwTU1HtncDERBl13UGJnQ3Y?authuser=0&hl=en&rclk=1,https://ticket-stations.com/tour-1-day-nha-trang
attraction00752,Flyboard Nha Trang,flyboard nha trang,,"Ana Marina, Đường Nguyễn Cơ Thạch, Nha Trang, Khánh Hòa",Nha Trang,nha trang,12.2943976,109.2214253,0359 796 989 ,0,,4.6,Attraction,Attraction,https://www.google.com/maps/place/Flyboard+Nha+Trang/data=!4m7!3m6!1s0x3170678c797317b1:0x85b99df8f113d19b!8m2!3d12.2943976!4d109.2214253!16s%2Fg%2F11b88q5222!19sChIJsRdzeYxncDERm9ET8fiduYU?authuser=0&hl=en&rclk=1,
attraction00753,Khu Du Lịch Trăm Trứng -100 Egg Theme Park,khu du lich tram trung 100 egg theme,park,"Đại lộ, Nguyễn Tất Thành, Phước Trung, Nha Trang, Khánh Hòa 650000",Nha Trang,nha trang,12.1852992,109.1614966,0963 046 363 ,10000,₫10000,4.7,Natural,Attraction,https://www.google.com/maps/place/Khu+Du+L%E1%BB%8Bch+Tr%C4%83m+Tr%E1%BB%A9ng+-100+Egg+Theme+Park/data=!4m7!3m6!1s0x31705f012ba93507:0x6a8a170ebf23662a!8m2!3d12.1852992!4d109.1614966!16s%2Fg%2F11fns4zw60!19sChIJBzWpKwFfcDERKmYjvw4Ximo?authuser=0&hl=en&rclk=1,http://tramtrung.vn/
attraction00754,Luong Son Mountain Pass Sightseeing,luong son pass sightseeing,mountain,"868G+2M7, Lương Sơn, Nha Trang, Khánh Hòa",Nha Trang,nha trang,12.3150261,109.2266623,,0,,,Natural,Attraction,https://www.google.com/maps/place/Luong+Son+Mountain+Pass+Sightseeing/data=!4m7!3m6!1s0x317069004a4b86f3:0x8180192cf33273dc!8m2!3d12.3150261!4d109.2266623!16s%2Fg%2F11yjfk7tkz!19sChIJ84ZLSgBpcDER3HMy8ywZgIE?authuser=0&hl=en&rclk=1,
attraction00755,KID WORLD NHA TRANG,kid world nha trang,,"44 Trần Phú, Lộc Thọ, Nha Trang, Khánh Hòa 650000",Nha Trang,nha trang,12.2408433,109.19619,028 6658 6863 ,0,,4.1,Attraction,Attraction,https://www.google.com/maps/place/KID+WORLD+NHA+TRANG/data=!4m7!3m6!1s0x317067007cb571b1:0x536551b0d99292ba!8m2!3d12.2408433!4d109.19619!16s%2Fg%2F11w2gsp6w6!19sChIJsXG1fABncDERupKS2bBRZVM?authuser=0&hl=en&rclk=1,https://thegioibaby.vn/
attraction00756,Văn phòng du lịch Trương Tour,van png du lich truong tour,lake,"Võ Thị Sáu, Vĩnh Trường, Nha Trang, Khánh Hòa",Nha Trang,nha trang,12.1988469,109.2028101,0905 075 768 ,0,,5.0,Attraction,Attraction,https://www.google.com/maps/place/V%C4%83n+ph%C3%B2ng+du+l%E1%BB%8Bch+Tr%C6%B0%C6%A1ng+Tour/data=!4m7!3m6!1s0x317061001ae1a63d:0x2210511a2846c059!8m2!3d12.1988469!4d109.2028101!16s%2Fg%2F11wpns0ywg!19sChIJPabhGgBhcDERWcBGKBpRECI?authuser=0&hl=en&rclk=1,
attraction00757,Aurélie Eiffel Tower Viêtnam,aurelie eiffel vietnam,tower,"7546+JW4, Vĩnh Ngọc, Nha Trang, Khánh Hòa",Nha Trang,nha trang,12.2566319,109.1623771,,0,,2.8,Attraction,Attraction,https://www.google.com/maps/place/Aur%C3%A9lie+Eiffel+Tower+Vi%C3%AAtnam/data=!4m7!3m6!1s0x31705d007845001f:0xc8535eba066aaf5d!8m2!3d12.2566319!4d109.1623771!16s%2Fg%2F11y2kwpnm_!19sChIJHwBFeABdcDERXa9qBrpeU8g?authuser=0&hl=en&rclk=1,
attraction00758,Thanh Giong Statue,thanh giong statue,,"65HX+WP2, Lộc Thọ, Nha Trang, Khánh Hòa 650000",Nha Trang,nha trang,12.2297576,109.1992635,,0,,4.2,Attraction,Attraction,https://www.google.com/maps/place/Thanh+Giong+Statue/data=!4m7!3m6!1s0x317067fd1c4b4f79:0x998e7ea392c9671b!8m2!3d12.2297576!4d109.1992635!16s%2Fg%2F11tt5dxfcc!19sChIJeU9LHP1ncDERG2fJkqN-jpk?authuser=0&hl=en&rclk=1,
attraction00759,Inflatable,inflatable,,"40b Trần Phú, Lộc Thọ, Nha Trang, Khánh Hòa 650000",Nha Trang,nha trang,12.2350661,109.1984689,,0,,3.8,Attraction,Attraction,https://www.google.com/maps/place/Inflatable/data=!4m7!3m6!1s0x317067007e5c96ff:0x792c02fd87d7077c!8m2!3d12.2350661!4d109.1984689!16s%2Fg%2F11vzb3dqfc!19sChIJ_5ZcfgBncDERfAfXh_0CLHk?authuser=0&hl=en&rclk=1,
attraction00760,Flagpole of Nha Trang Beach,flagpole of nha trang,beach,"2 Trần Phú, P, Nha Trang, Khánh Hòa 650000",Nha Trang,nha trang,12.2393617,109.1973461,,0,,4.6,Natural,Attraction,https://www.google.com/maps/place/Flagpole+of+Nha+Trang+Beach/data=!4m7!3m6!1s0x317067002c21d22b:0x972a4a739e633ac8!8m2!3d12.2393617!4d109.1973461!16s%2Fg%2F11wwfry3hq!19sChIJK9IhLABncDERyDpjnnNKKpc?authuser=0&hl=en&rclk=1,
attraction00761,Champa Private Beach,champa private,beach,"65XW+WMR, 16 Trần Phú, Vạn Thạnh, Nha Trang, Khánh Hòa 650000",Nha Trang,nha trang,12.2494251,109.1968526,,0,,4.6,Natural,Attraction,https://www.google.com/maps/place/Champa+Private+Beach/data=!4m7!3m6!1s0x3170678e8b6f8d3f:0x412c6bb0f831d598!8m2!3d12.2494251!4d109.1968526!16s%2Fg%2F11v418rghk!19sChIJP41vi45ncDERmNUx-LBrLEE?authuser=0&hl=en&rclk=1,
attraction00762,Vinpearl Harbour,vinpearl harbour,,vịnh,vịnh,vinh,12.2150436,109.2391242,,0,,4.8,Attraction,Attraction,https://www.google.com/maps/place/Vinpearl+Harbour/data=!4m7!3m6!1s0x317067dd892c2b21:0x595c8af8eeaab57c!8m2!3d12.2150436!4d109.2391242!16s%2Fg%2F11f9zz7sl4!19sChIJISssid1ncDERfLWq7viKXFk?authuser=0&hl=en&rclk=1,
attraction00763,Stand Up Paddle Station - Sunset Watching Tour,stand up paddle station sunset watching tour,,"84 Xuân Lạc, Vĩnh Ngọc, Nha Trang, Khánh Hòa",Nha Trang,nha trang,12.275765,109.1605183,0902 999 621 ,0,,4.9,Attraction,Attraction,https://www.google.com/maps/place/Stand+Up+Paddle+Station+-+Sunset+Watching+Tour/data=!4m7!3m6!1s0x31705d003ab665f1:0x737adde7165f9265!8m2!3d12.275765!4d109.1605183!16s%2Fg%2F11x0_7720c!19sChIJ8WW2OgBdcDERZZJfFufdenM?authuser=0&hl=en&rclk=1,https://vitaminseatravel.vn/
attraction00764,mountain of angels,of angels,mountain,"75XX+HM, Vĩnh Hải, Nha Trang, Khánh Hòa",Nha Trang,nha trang,12.2989001,109.1992106,,0,,4.7,Natural,Attraction,https://www.google.com/maps/place/mountain+of+angels/data=!4m7!3m6!1s0x317069007222dab9:0xdd9abdbef7f69147!8m2!3d12.2989001!4d109.1992106!16s%2Fg%2F11ld66mhfn!19sChIJudoicgBpcDERR5H29769mt0?authuser=0&hl=en&rclk=1,
attraction00765,Paradise Beach on Soi Island,paradise on soi island,beach,"Hòn Miễu, Nha Trang, Khánh Hòa",Nha Trang,nha trang,12.1943501,109.2290438,0943 571 616 ,190000,₫190000,4.3,Natural,Attraction,https://www.google.com/maps/place/Paradise+Beach+on+Soi+Island/data=!4m7!3m6!1s0x317061004a9fd63b:0x6a4a212b678fc8ef!8m2!3d12.1943501!4d109.2290438!16s%2Fg%2F11vwmnrkhw!19sChIJO9afSgBhcDER78iPZyshSmo?authuser=0&hl=en&rclk=1,http://honsoi.vn/
attraction00766,Bai Tranh Beach,bai tranh,beach,"Vĩnh Nguyên, Nha Trang, Khánh Hòa",Nha Trang,nha trang,12.1878273,109.2264791,0905 279 979 ,615420,₫615420,4.1,Natural,Attraction,https://www.google.com/maps/place/Bai+Tranh+Beach/data=!4m7!3m6!1s0x317060daf9eb50b3:0x77904f5f6ae684a6!8m2!3d12.1878273!4d109.2264791!16s%2Fg%2F1hm4b8h4w!19sChIJs1Dr-dpgcDERpoTmal9PkHc?authuser=0&hl=en&rclk=1,https://www.facebook.com/baitranhnhatrang
attraction00767,MV Rainbow Minion,mv rainbow minion,,"57H8+94, Nha Trang, Khánh Hòa",Nha Trang,nha trang,12.178408,109.26531,,0,,5.0,Attraction,Attraction,https://www.google.com/maps/place/MV+Rainbow+Minion/data=!4m7!3m6!1s0x317061000036acd7:0x685a3b36d235f5be!8m2!3d12.178408!4d109.26531!16s%2Fg%2F11x_5t0480!19sChIJ16w2AABhcDERvvU10jY7Wmg?authuser=0&hl=en&rclk=1,http://divevietnam.com/
attraction00768,시티투어버스,sititueobeoseu,,"29 Trần Phú, Lộc Thọ, Nha Trang, Khánh Hòa 650000",Nha Trang,nha trang,12.230567,109.1986255,,0,,4.2,Attraction,Attraction,https://www.google.com/maps/place/%EC%8B%9C%ED%8B%B0%ED%88%AC%EC%96%B4%EB%B2%84%EC%8A%A4/data=!4m7!3m6!1s0x317067004ddc8499:0xc888cfd6ce50b2d6!8m2!3d12.230567!4d109.1986255!16s%2Fg%2F11x77nmcz0!19sChIJmYTcTQBncDER1rJQztbPiMg?authuser=0&hl=en&rclk=1,
attraction00769,Cai River,cai river,,"Thôn Xuân Lạc, Vĩnh Ngọc, Nha Trang, Khánh Hòa",Nha Trang,nha trang,12.2724477,109.1647409,,1600934,₫1600934,4.7,Natural,Attraction,https://www.google.com/maps/place/Cai+River/data=!4m7!3m6!1s0x31705db28b41e4d9:0xc357147f73c2a976!8m2!3d12.2724477!4d109.1647409!16s%2Fg%2F11lh5557zv!19sChIJ2eRBi7JdcDERdqnCc38UV8M?authuser=0&hl=en&rclk=1,
attraction00770,Làng dân tộc,lang dan toc,,"66CV+7M, Vĩnh Nguyên, Nha Trang, Khánh Hòa",Nha Trang,nha trang,12.2206509,109.2442469,,0,,4.9,Attraction,Attraction,https://www.google.com/maps/place/L%C3%A0ng+d%C3%A2n+t%E1%BB%99c/data=!4m7!3m6!1s0x3170672c11885b03:0xc0ae1edb6730c6db!8m2!3d12.2206509!4d109.2442469!16s%2Fg%2F11s5vj95t1!19sChIJA1uIESxncDER28YwZ9sersA?authuser=0&hl=en&rclk=1,
attraction00771,Hồ cá Trí Nguyên,ca tri nguyen,lake,"56WG+86P, Trí Nguyên, Nha Trang, Khánh Hòa",Nha Trang,nha trang,12.1950344,109.2256954,0943 571 616 ,0,,4.4,Attraction,Attraction,https://www.google.com/maps/place/H%E1%BB%93+c%C3%A1+Tr%C3%AD+Nguy%C3%AAn/data=!4m7!3m6!1s0x3170610044f1811d:0xdb6805891d85e53a!8m2!3d12.1950344!4d109.2256954!16s%2Fg%2F11w40yf79n!19sChIJHYHxRABhcDEROuWFHYkFaNs?authuser=0&hl=en&rclk=1,https://honsoi.vn/vi/trang-chu
attraction00772,Point Nemo,point nemo,,"56HW+JP, Nha Trang, Khánh Hòa",Nha Trang,nha trang,12.1790102,109.2467675,,0,,4.5,Attraction,Attraction,https://www.google.com/maps/place/Point+Nemo/data=!4m7!3m6!1s0x317061000f71d6f3:0x4170deb051b692f2!8m2!3d12.1790102!4d109.2467675!16s%2Fg%2F11xkj8mgrb!19sChIJ89ZxDwBhcDER8pK2UbDecEE?authuser=0&hl=en&rclk=1,
attraction00773,Xích lô du lịch Nha Trang,xich lo du lich nha trang,,"98 Trần Nhật Duật, Phước Hoà, Nha Trang, Khánh Hòa 650000",Nha Trang,nha trang,12.2339432,109.1864657,0327 655 556 ,0,,4.6,Attraction,Attraction,https://www.google.com/maps/place/X%C3%ADch+l%C3%B4+du+l%E1%BB%8Bch+Nha+Trang/data=!4m7!3m6!1s0x31705d00442c8adf:0xd8a9d8ae87228cfd!8m2!3d12.2339432!4d109.1864657!16s%2Fg%2F11x1pjl4gk!19sChIJ34osRABdcDER_Ywih67Yqdg?authuser=0&hl=en&rclk=1,
attraction00774,Cổng vào Vinwonder (trung tâm),cong vao vinwonder trung tam,,"668Q+JP7, Vĩnh Nguyên, Nha Trang, Khánh Hòa",Nha Trang,nha trang,12.2165251,109.2393116,,0,,4.5,Attraction,Attraction,https://www.google.com/maps/place/C%E1%BB%95ng+v%C3%A0o+Vinwonder+%28trung+t%C3%A2m%29/data=!4m7!3m6!1s0x31706700297fbaad:0x68bcd83a50895d26!8m2!3d12.2165251!4d109.2393116!16s%2Fg%2F11v_0c12z5!19sChIJrbp_KQBncDERJl2JUDrYvGg?authuser=0&hl=en&rclk=1,
attraction00775,Vườn vẽ chân đất,vuon ve chan dat,,"Đồng bé 3, Vĩnh Lương, Nha Trang, Khánh Hòa 65000",Nha Trang,nha trang,12.2737598,109.2026479,0913 147 387 ,0,,,Attraction,Attraction,https://www.google.com/maps/place/V%C6%B0%E1%BB%9Dn+v%E1%BA%BD+ch%C3%A2n+%C4%91%E1%BA%A5t/data=!4m7!3m6!1s0x3170695ee426d5cb:0x5b7e2e530343fb43!8m2!3d12.2737598!4d109.2026479!16s%2Fg%2F11yj760ycf!19sChIJy9Um5F5pcDERQ_tDA1Mufls?authuser=0&hl=en&rclk=1,https://web.facebook.com/profile.php?id=100088167708215
attraction00776,Cây tra cổ thụ,cay tra co thu,market,"66H2+C25, Trần Phú, Lộc Thọ, Nha Trang, Khánh Hòa",Nha Trang,nha trang,12.228502,109.2001208,,0,,,Attraction,Attraction,https://www.google.com/maps/place/C%C3%A2y+tra+c%E1%BB%95+th%E1%BB%A5/data=!4m7!3m6!1s0x317067002f4376d9:0x59b0fe45ee2319b2!8m2!3d12.228502!4d109.2001208!16s%2Fg%2F11x_lscmfp!19sChIJ2XZDLwBncDERshkj7kX-sFk?authuser=0&hl=en&rclk=1,
attraction00777,QuangKhai Travel,quangkhai travel,,"212 Trần Quý Cáp, Phương Sài, Nha Trang, Khánh Hòa 650000",Nha Trang,nha trang,12.251084,109.1852161,0962 818 174 ,0,,,Attraction,Attraction,https://www.google.com/maps/place/QuangKhai+Travel/data=!4m7!3m6!1s0x31705d0041490541:0xf8a685bd23084c93!8m2!3d12.251084!4d109.1852161!16s%2Fg%2F11wxxzkmtx!19sChIJQQVJQQBdcDERk0wII72Fpvg?authuser=0&hl=en&rclk=1,
attraction00778,Beach Jam,jam,beach,"10b Phạm Văn Đồng, Vĩnh Hải, Nha Trang, Khánh Hòa 650000",Nha Trang,nha trang,12.2751944,109.2023611,,0,,,Natural,Attraction,https://www.google.com/maps/place/Beach+Jam/data=!4m7!3m6!1s0x317067000260a159:0x567281537d5d2c38!8m2!3d12.2751944!4d109.2023611!16s%2Fg%2F11ycyx0n1_!19sChIJWaFgAgBncDEROCxdfVOBclY?authuser=0&hl=en&rclk=1,
attraction00779,MerPerle Hòn Tằm Pier - Cảng Hòn Tằm,merperle n tam pier cang n tam,lake,"Đảo, Nha Trang - Hòn Tằm, Vĩnh Nguyên, Nha Trang, Khánh Hòa 650000",Nha Trang,nha trang,12.2025559,109.2174144,,0,,4.5,Attraction,Attraction,https://www.google.com/maps/place/MerPerle+H%C3%B2n+T%E1%BA%B1m+Pier+-+C%E1%BA%A3ng+H%C3%B2n+T%E1%BA%B1m/data=!4m7!3m6!1s0x31706734de3838ab:0x7196d8dffc8c7fea!8m2!3d12.2025559!4d109.2174144!16s%2Fg%2F11f126js0_!19sChIJqzg43jRncDER6n-M_N_YlnE?authuser=0&hl=en&rclk=1,https://ticket-stations.com/vinwonders-nha-trang-ticket
attraction00780,Night Wonder,night wonder,,"667Q+GR7, Nha Trang - Vinpearl Land, Cầu Đá, Nha Trang, Khánh Hòa",Nha Trang,nha trang,12.2137968,109.2395567,,0,,4.7,Attraction,Attraction,https://www.google.com/maps/place/Night+Wonder/data=!4m7!3m6!1s0x31706700106cec23:0xc7cb91ca590e15da!8m2!3d12.2137968!4d109.2395567!16s%2Fg%2F11m6m13dfw!19sChIJI-xsEABncDER2hUOWcqRy8c?authuser=0&hl=en&rclk=1,
attraction00781,Vinpearl Harbour Nha Trang,vinpearl harbour nha trang,,"Vĩnh Nguyên, Nha Trang, Khánh Hòa",Nha Trang,nha trang,12.2173198,109.2405176,,0,,4.4,Attraction,Attraction,https://www.google.com/maps/place/Vinpearl+Harbour+Nha+Trang/data=!4m7!3m6!1s0x317067000f57d675:0x63bb4c9c4ac20fc3!8m2!3d12.2173198!4d109.2405176!16s%2Fg%2F11vqp1ghkf!19sChIJddZXDwBncDERww_CSpxMu2M?authuser=0&hl=en&rclk=1,https://vinwonders.com/vn/vinpearl-harbour/
attraction00782,Bãi biển,,beach,"100 Trần Phú, Lộc Thọ, Nha Trang, Khánh Hòa",Nha Trang,nha trang,12.225895,109.200234,,0,,4.7,Natural,Attraction,https://www.google.com/maps/place/B%C3%A3i+bi%E1%BB%83n/data=!4m7!3m6!1s0x317067001efc621d:0xf3f77be6ede11773!8m2!3d12.225895!4d109.200234!16s%2Fg%2F11x6sm3ygs!19sChIJHWL8HgBncDERcxfh7eZ79_M?authuser=0&hl=en&rclk=1,
attraction00783,Khu du lịch đảo yến Đông Tằm,khu du lich yen dong tam,island,"56FW+4J7, Hòn Tằm, Vĩnh Nguyên, Nha Trang, Khánh Hòa",Nha Trang,nha trang,12.1727981,109.2465355,,0,,4.5,Attraction,Attraction,https://www.google.com/maps/place/Khu+du+l%E1%BB%8Bch+%C4%91%E1%BA%A3o+y%E1%BA%BFn+%C4%90%C3%B4ng+T%E1%BA%B1m/data=!4m7!3m6!1s0x317061be68583715:0x770cf834cf328549!8m2!3d12.1727981!4d109.2465355!16s%2Fg%2F11tgdvpn_0!19sChIJFTdYaL5hcDERSYUyzzT4DHc?authuser=0&hl=en&rclk=1,
attraction00784,Bach Dang Park,bach dang,park,"Trần Phú, Vĩnh Nguyên, Nha Trang, Khánh Hòa",Nha Trang,nha trang,12.2175666,109.2071443,,0,,4.3,Natural,Attraction,https://www.google.com/maps/place/Bach+Dang+Park/data=!4m7!3m6!1s0x31706746b8393b07:0x8d87d2200e30f753!8m2!3d12.2175666!4d109.2071443!16s%2Fg%2F1w97rx1t!19sChIJBzs5uEZncDERU_cwDiDSh40?authuser=0&hl=en&rclk=1,https://thodianhatrang.vn/cong-vien-bach-dang-nha-trang
attraction00785,FNBMaps,fnbmaps,,"02 Đồng Nai, Phường Nam, Nha Trang, Khánh Hòa 650000",Nha Trang,nha trang,12.2467123,109.1813751,0935 542 260 ,0,,,Attraction,Attraction,https://www.google.com/maps/place/FNBMaps.Com+Nha+Trang/data=!4m7!3m6!1s0x31705d9576bd8da7:0xfee5fd7e6890f48a!8m2!3d12.2467123!4d109.1813751!16s%2Fg%2F11xrffbj5h!19sChIJp429dpVdcDERivSQaH795f4?authuser=0&hl=en&rclk=1,https://fnbmaps.com/nha-trang
attraction00786,Núi Một,mot,mountain,"3 Ngô Văn Sở, Vĩnh Hải, Nha Trang, Khánh Hòa",Nha Trang,nha trang,12.2917414,109.208326,,0,,4.5,Natural,Attraction,https://www.google.com/maps/place/N%C3%BAi+M%E1%BB%99t/data=!4m7!3m6!1s0x3170690031d8d341:0x754dabb6629d7a7!8m2!3d12.2917414!4d109.208326!16s%2Fg%2F11xnw8v_wp!19sChIJQdPYMQBpcDERp9cpZrvaVAc?authuser=0&hl=en&rclk=1,
attraction00787,Zcamp Nha Trang,zcamp nha trang,,"hồ Kênh, Hạ 1, Nha Trang, Khánh Hòa",Nha Trang,nha trang,12.1867858,109.1537042,0796 796 868 ,0,,4.2,Attraction,Attraction,https://www.google.com/maps/place/Zcamp+Nha+Trang/data=!4m7!3m6!1s0x31705f18dd3f4e0f:0x184dd16f62a7eac2!8m2!3d12.1867858!4d109.1537042!16s%2Fg%2F11tcs4xtr0!19sChIJD04_3RhfcDERwuqnYm_RTRg?authuser=0&hl=en&rclk=1,https://www.facebook.com/profile.php?id=100082999464330
attraction00788,Cáp Treo Vinpearl Harbour Nha Trang,cap treo vinpearl harbour nha trang,,"6638+R6Q, Cầu Đá, Nha Trang, Khánh Hòa",Nha Trang,nha trang,12.2035335,109.2158409,,0,,4.6,Attraction,Attraction,https://www.google.com/maps/place/C%C3%A1p+Treo+Vinpearl+Harbour+Nha+Trang/data=!4m7!3m6!1s0x317067004bfdc6f1:0xbb2c01c576f0a893!8m2!3d12.2035335!4d109.2158409!16s%2Fg%2F11ld9xw4l2!19sChIJ8cb9SwBncDERk6jwdsUBLLs?authuser=0&hl=en&rclk=1,https://ticket-stations.com/nha-trang-vinpearl-harbour
attraction00789,sarang spa nha trang(사랑스파),sarang spa nha trang sarangseupa,,"49.05 Đường số 8, Khu đô thị Hà Quang 2, Nha Trang, Khánh Hòa 650000",Nha Trang,nha trang,12.2435652,109.1780933,0969 791 482 ,0,,4.3,Attraction,Attraction,https://www.google.com/maps/place/sarang+spa+nha+trang%28%EC%82%AC%EB%9E%91%EC%8A%A4%ED%8C%8C%29/data=!4m7!3m6!1s0x31705d005ed19613:0x3f66a06519422227!8m2!3d12.2435652!4d109.1780933!16s%2Fg%2F11y94nmdpq!19sChIJE5bRXgBdcDERJyJCGWWgZj8?authuser=0&hl=en&rclk=1,
attraction00790,Công Ty TNHH MIA-TRAVEL,cong ty tnhh mia travel,,"52c Nguyễn Thị Minh Khai, Tân Tiến, Nha Trang, Khánh Hòa 650000",Nha Trang,nha trang,12.2381868,109.1916178,0788 623 458 ,0,,4.3,Attraction,Attraction,https://www.google.com/maps/place/C%C3%B4ng+Ty+TNHH+MIA-TRAVEL/data=!4m7!3m6!1s0x317067e109deb347:0x56f931ebcb1bb25e!8m2!3d12.2381868!4d109.1916178!16s%2Fg%2F11kpk8zwr5!19sChIJR7PeCeFncDERXrIby-sx-VY?authuser=0&hl=en&rclk=1,https://miatravel-tourcar.com/
attraction00791,Công Viên Đồi Hóng,cong vien doi ng,lake,"Dac Loc industrial Park, Núi Dốc Thị, Nha Trang, Khánh Hòa 65000",Nha Trang,nha trang,12.3012961,109.1619911,0975 303 551 ,0,,5.0,Natural,Attraction,https://www.google.com/maps/place/C%C3%B4ng+Vi%C3%AAn+%C4%90%E1%BB%93i+H%C3%B3ng/data=!4m7!3m6!1s0x317043434b4e6005:0x73bfed732f42defc!8m2!3d12.3012961!4d109.1619911!16s%2Fg%2F11vr4gmdlm!19sChIJBWBOS0NDcDER_N5CL3Ptv3M?authuser=0&hl=en&rclk=1,
attraction00792,Soi Beach on Soi Island,soi on soi island,beach,"56VJ+5R, Nha Trang, Khánh Hòa",Nha Trang,nha trang,12.1929269,109.2320194,0943 571 616 ,130000,₫130000,4.5,Natural,Attraction,https://www.google.com/maps/place/Soi+Beach+on+Soi+Island/data=!4m7!3m6!1s0x317061aa14901535:0x85b10ab4d5db6d4b!8m2!3d12.1929269!4d109.2320194!16s%2Fg%2F11fjv59nvn!19sChIJNRWQFKphcDERS23b1bQKsYU?authuser=0&hl=en&rclk=1,https://honsoi.vn/
attraction00793,Tháp Đồng hồ Vinpearl Habour,thap dong vinpearl habour,lake,"667Q+MH, Nha Trang, Khánh Hòa",Nha Trang,nha trang,12.2147746,109.2393371,,0,,4.5,Cultural,Attraction,https://www.google.com/maps/place/Th%C3%A1p+%C4%90%E1%BB%93ng+h%E1%BB%93+Vinpearl+Habour/data=!4m7!3m6!1s0x3170670073db6849:0xf512067291d18cce!8m2!3d12.2147746!4d109.2393371!16s%2Fg%2F11vzz3rjw4!19sChIJSWjbcwBncDERzozRkXIGEvU?authuser=0&hl=en&rclk=1,
attraction00794,Tohe Art & Craft Nha Trang,tohe art craft nha trang,,"1 Yersin, Lộc Thọ, Nha Trang, Khánh Hòa 650000",Nha Trang,nha trang,12.24922,109.1958648,0968 979 479 ,0,,5.0,Attraction,Attraction,https://www.google.com/maps/place/Tohe+Art+%26+Craft+Nha+Trang/data=!4m7!3m6!1s0x317067005502c56d:0xb6a422fa7cd64d7f!8m2!3d12.24922!4d109.1958648!16s%2Fg%2F11m6s97hkh!19sChIJbcUCVQBncDERf03WfPoipLY?authuser=0&hl=en&rclk=1,https://www.tohenhatrang.com/
attraction00795,SUNDAY GAME_Nha Trang Center,sunday game nha trang center,,"Nha Trang Center, Trần Phú, Lộc Thọ, Nha Trang, Khánh Hòa 650000",Nha Trang,nha trang,12.233215,109.1972188,0938 784 847 ,0,,,Attraction,Attraction,https://www.google.com/maps/place/SUNDAY+GAME_Nha+Trang+Center/data=!4m7!3m6!1s0x317067004afb57cd:0x885c81a551f39303!8m2!3d12.233215!4d109.1972188!16s%2Fg%2F11xgnw0w1_!19sChIJzVf7SgBncDERA5PzUaWBXIg?authuser=0&hl=en&rclk=1,
attraction00796,기념품 NET HANDMADE GIFT,ginyeompum net handmade gift,,"58 Đ. 23 Tháng 10, Phương Sài, Nha Trang, Khánh Hòa 650000",Nha Trang,nha trang,12.2520574,109.1767915,,0,,4.5,Attraction,Attraction,https://www.google.com/maps/place/%EA%B8%B0%EB%85%90%ED%92%88+NET+HANDMADE+GIFT/data=!4m7!3m6!1s0x31705da5040a7811:0xd27019bfcc2931e8!8m2!3d12.2520574!4d109.1767915!16s%2Fg%2F11y1kqh8j6!19sChIJEXgKBKVdcDER6DEpzL8ZcNI?authuser=0&hl=en&rclk=1,
attraction00797,Lặn Biển LabiXa,lan bien labixa,,"Vịnh, Nha Trang, Khánh Hòa",Nha Trang,nha trang,12.1835909,109.222939,0968 698 984 ,0,,4.3,Attraction,Attraction,https://www.google.com/maps/place/L%C4%83%CC%A3n+Bi%C3%AA%CC%89n+LabiXa/data=!4m7!3m6!1s0x317061109c189d91:0x9f356b8c8bb43913!8m2!3d12.1835909!4d109.222939!16s%2Fg%2F11gjt8wc13!19sChIJkZ0YnBBhcDEREzm0i4xrNZ8?authuser=0&hl=en&rclk=1,
attraction00798,The Old Nha Trang Traditional Craft Village,the old nha trang traditional craft ge,hotel,"65W4+VQC, Vĩnh Thái, Nha Trang, Khánh Hòa",Nha Trang,nha trang,12.2471857,109.1568763,0935 813 079 ,0,,4.7,Attraction,Attraction,https://www.google.com/maps/place/The+Old+Nha+Trang+Traditional+Craft+Village/data=!4m7!3m6!1s0x31705d00674cfb85:0xfc77c87bb193bc47!8m2!3d12.2471857!4d109.1568763!16s%2Fg%2F11vywdxqg4!19sChIJhftMZwBdcDERR7yTsXvId_w?authuser=0&hl=en&rclk=1,http://langnghenhatrangxua.com/
attraction00799,Yes Beach Nha Trang,yes nha trang,beach,"Trần Phú, Nha Trang, Khánh Hòa 650000",Nha Trang,nha trang,12.2282572,109.2005359,0559 662 420 ,0,,4.3,Natural,Attraction,https://www.google.com/maps/place/Yes+Beach+Nha+Trang/data=!4m7!3m6!1s0x317067b17c8ae795:0x6e4bc055ca687170!8m2!3d12.2282572!4d109.2005359!16s%2Fg%2F11ygz7zk09!19sChIJleeKfLFncDERcHFoylXAS24?authuser=0&hl=en&rclk=1,
attraction00800,Hội Quán Thuỷ Sinh Mộc,i quan thuy sinh moc,lake,"65HF+H7C, Vĩnh Thái, Nha Trang, Khánh Hòa",Nha Trang,nha trang,12.2289389,109.1731278,,0,,4.0,Attraction,Attraction,https://www.google.com/maps/place/H%E1%BB%99i+Qu%C3%A1n+Thu%E1%BB%B7+Sinh+M%E1%BB%99c/data=!4m7!3m6!1s0x31705df2f06f9995:0x9e4eda97f434f1a!8m2!3d12.2289389!4d109.1731278!16s%2Fg%2F11p_54_jsg!19sChIJlZlv8PJdcDERGk9Df6nt5Ak?authuser=0&hl=en&rclk=1,
attraction00801,Làng nghề Trường Sơn - Trường Sơn Craft Village,lang nghe truong son truong son craft ge,hotel,"08 Trường Sơn, Vĩnh Nguyên, Nha Trang, Khánh Hòa 57129",Nha Trang,nha trang,12.213557,109.1999237,0258 3882 292 ,0,,4.7,Attraction,Attraction,https://www.google.com/maps/place/L%C3%A0ng+ngh%E1%BB%81+Tr%C6%B0%E1%BB%9Dng+S%C6%A1n+-+Tr%C6%B0%E1%BB%9Dng+S%C6%A1n+Craft+Village/data=!4m7!3m6!1s0x31706745517ab043:0x6dcf164c392b42a3!8m2!3d12.213557!4d109.1999237!16s%2Fg%2F11ckky2c3y!19sChIJQ7B6UUVncDERo0IrOUwWz20?authuser=0&hl=en&rclk=1,
attraction00802,Chùa Từ Tôn,tu ton,pagoda,"7685+M7G, Vĩnh Thọ, Nha Trang, Khánh Hòa",Nha Trang,nha trang,12.2666886,109.2081884,0908 791 115 ,0,,4.6,Cultural,Attraction,https://www.google.com/maps/place/Ch%C3%B9a+T%E1%BB%AB+T%C3%B4n/data=!4m7!3m6!1s0x317067eb4b39af11:0x16b1404c9969827!8m2!3d12.2666886!4d109.2081884!16s%2Fg%2F1tfskgzx!19sChIJEa85S-tncDERJ5iWyQQUawE?authuser=0&hl=en&rclk=1,
attraction00803,Yersin museum,yersin,museum,"10 Trần Phú, Vạn Thạnh, Nha Trang, Khánh Hòa 650000",Nha Trang,nha trang,12.2509604,109.195996,0258 3829 540 ,0,,4.4,Historical,Attraction,https://www.google.com/maps/place/Yersin+museum/data=!4m7!3m6!1s0x3170678389a5225b:0x23589f875f17ba6f!8m2!3d12.2509604!4d109.195996!16s%2Fg%2F11j8mfsjpq!19sChIJWyKliYNncDERb7oXX4efWCM?authuser=0&hl=en&rclk=1,
attraction00804,Quảng trường Thần Thoại,quang truong than tai,lake,"668R+W2G, Nha Trang, Khánh Hòa",Nha Trang,nha trang,12.2166162,109.23996,,0,,4.8,Attraction,Attraction,https://www.google.com/maps/place/Qu%E1%BA%A3ng+tr%C6%B0%E1%BB%9Dng+Th%E1%BA%A7n+Tho%E1%BA%A1i/data=!4m7!3m6!1s0x317067002ef8b0af:0xcf773bc756e2e7aa!8m2!3d12.2166162!4d109.23996!16s%2Fg%2F11v_0bw881!19sChIJr7D4LgBncDERqufiVsc7d88?authuser=0&hl=en&rclk=1,
attraction00805,Binh Tan Roundabout,binh tan roundabout,,"653P+MW8, Nguyễn Tất Thành, Phước Đồng, Nha Trang, Khánh Hòa",Nha Trang,nha trang,12.2041728,109.1873414,,0,,4.5,Attraction,Attraction,https://www.google.com/maps/place/Binh+Tan+Roundabout/data=!4m7!3m6!1s0x31705d9e5b7dc1c9:0x68e6d4e52fd2e548!8m2!3d12.2041728!4d109.1873414!16s%2Fg%2F11qprzrcqm!19sChIJycF9W55dcDERSOXSL-XU5mg?authuser=0&hl=en&rclk=1,
attraction00806,THE LOUNGE TOURPIK,the lounge tourpik,,"6638+73X, Vĩnh Hoà, Nha Trang, Khánh Hòa",Nha Trang,nha trang,12.2026555,109.2164665,0707 548 640 ,0,,5.0,Attraction,Attraction,https://www.google.com/maps/place/THE+LOUNGE+TOURPIK/data=!4m7!3m6!1s0x31706700262095c3:0x9c4e719012fb1adc!8m2!3d12.2026555!4d109.2164665!16s%2Fg%2F11y9m_mx4l!19sChIJw5UgJgBncDER3Br7EpBxTpw?authuser=0&hl=en&rclk=1,http://tourpik.com/
attraction00807,Tháp nước Quảng trường VinWonders,nuoc quang truong vinwonders,tower,"G07 Vinpearl, Harbour, Nha Trang, Khánh Hòa 65000",Nha Trang,nha trang,12.2164255,109.2388523,,0,,4.7,Cultural,Attraction,https://www.google.com/maps/place/Th%C3%A1p+n%C6%B0%E1%BB%9Bc+Qu%E1%BA%A3ng+tr%C6%B0%E1%BB%9Dng+VinWonders/data=!4m7!3m6!1s0x31706700779e060b:0x27c39f1140c52415!8m2!3d12.2164255!4d109.2388523!16s%2Fg%2F11vxqsbd7s!19sChIJCwaedwBncDERFSTFQBGfwyc?authuser=0&hl=en&rclk=1,
attraction00808,Công ty TNHH BOB Nha Trang,cong ty tnhh bob nha trang,,"34 Đ. Ng. Đức Kế, Tân Tiến, Nha Trang, Khánh Hòa 650000",Nha Trang,nha trang,12.2394226,109.1893567,0976 879 969 ,0,,,Attraction,Attraction,https://www.google.com/maps/place/C%C3%B4ng+ty+TNHH+BOB+Nha+Trang/data=!4m7!3m6!1s0x31706700366fb667:0xb3b960f07745cbae!8m2!3d12.2394226!4d109.1893567!16s%2Fg%2F11wp7l1pd2!19sChIJZ7ZvNgBncDERrstFd_BgubM?authuser=0&hl=en&rclk=1,
attraction00809,Si tuyển nhi nhi,si tuyen nhi nhi,,"1266 Lê Hồng Phong, Phước Trung, Nha Trang, Khánh Hòa",Nha Trang,nha trang,12.2121514,109.1935109,0936 294 941 ,0,,,Attraction,Attraction,https://www.google.com/maps/place/Si+tuy%E1%BB%83n+nhi+nhi/data=!4m7!3m6!1s0x317067c7e555d40d:0x7d24cdb271c67dd7!8m2!3d12.2121514!4d109.1935109!16s%2Fg%2F11lrx_172b!19sChIJDdRV5cdncDER133GcbLNJH0?authuser=0&hl=en&rclk=1,
attraction00810,NhaTrang Tourist,nhatrang tourist,,"hẻm 2 Đ. Núi Một, Tân Tiến, Nha Trang, Khánh Hòa 652080",Nha Trang,nha trang,12.2455117,109.188892,0931 609 239 ,0,,5.0,Attraction,Attraction,https://www.google.com/maps/place/NhaTrang+Tourist/data=!4m7!3m6!1s0x317067598bd50947:0x6767699508686fe!8m2!3d12.2455117!4d109.188892!16s%2Fg%2F11jbn88x3t!19sChIJRwnVi1lncDER_oaGUJl2dgY?authuser=0&hl=en&rclk=1,
attraction00811,"Biểu tượng kiến trúc ""SEE YOU AGAIN""",bieu tuong kien truc see you again,,"65RC+5MV, Đường Võ Nguyên Giáp, Vĩnh Thái, Nha Trang, Khánh Hòa",Nha Trang,nha trang,12.2404921,109.1716847,,0,,4.3,Attraction,Attraction,https://www.google.com/maps/place/Bi%E1%BB%83u+t%C6%B0%E1%BB%A3ng+ki%E1%BA%BFn+tr%C3%BAc+%22SEE+YOU+AGAIN%22/data=!4m7!3m6!1s0x31705d39c7caacd9:0x161e6ab61c0c9db6!8m2!3d12.2404921!4d109.1716847!16s%2Fg%2F11vb125382!19sChIJ2azKxzldcDERtp0MHLZqHhY?authuser=0&hl=en&rclk=1,
attraction00812,Vòng xoay Lê Hồng Phong,vong xoay le ng png,lake,"657V+F2R, Lê Hồng Phong, Phước Trung, Nha Trang, Khánh Hòa",Nha Trang,nha trang,12.2137277,109.1925158,,0,,4.4,Attraction,Attraction,https://www.google.com/maps/place/V%C3%B2ng+xoay+L%C3%AA+H%E1%BB%93ng+Phong/data=!4m7!3m6!1s0x317067b6cca93841:0x2691c9b524d7b100!8m2!3d12.2137277!4d109.1925158!16s%2Fg%2F11gsbgf0_l!19sChIJQTipzLZncDERALHXJLXJkSY?authuser=0&hl=en&rclk=1,
attraction00813,Khu Du Lịch Sinh Thái Tiên Long Farm,khu du lich sinh thai tien long farm,,"Thôn Ngã Hai , Xã Khánh Phú, Huyện Khánh Vĩnh, Nha Trang, Khánh Hòa 650000",Nha Trang,nha trang,12.2562466,109.1909192,,0,,5.0,Attraction,Attraction,https://www.google.com/maps/place/Khu+Du+L%E1%BB%8Bch+Sinh+Th%C3%A1i+Ti%C3%AAn+Long+Farm/data=!4m7!3m6!1s0x31706720e02e4b41:0xda1d8682bd06e2cc!8m2!3d12.2562466!4d109.1909192!16s%2Fg%2F11t5ptwqyz!19sChIJQUsu4CBncDERzOIGvYKGHdo?authuser=0&hl=en&rclk=1,
attraction00814,Freedive & Scubadiving Viet Nam,freedive scubadiving viet nam,,"76R9+QJ, Nha Trang, Khánh Hòa",Nha Trang,nha trang,12.2918964,109.2190167,,0,,4.9,Attraction,Attraction,https://www.google.com/maps/place/Freedive+%26+Scubadiving+Viet+Nam/data=!4m7!3m6!1s0x3170690053c653e7:0x199e15f1a4df03de!8m2!3d12.2918964!4d109.2190167!16s%2Fg%2F11lctmd_qk!19sChIJ51PGUwBpcDER3gPfpPEVnhk?authuser=0&hl=en&rclk=1,
attraction00815,Khu vườn Nhật,khu vuon nhat,,"66CV+HQ9, Hòn Tre, Vĩnh Nguyên, Nha Trang, Khánh Hòa",Nha Trang,nha trang,12.2214225,109.244483,,0,,4.9,Attraction,Attraction,https://www.google.com/maps/place/Khu+v%C6%B0%E1%BB%9Dn+Nh%E1%BA%ADt/data=!4m7!3m6!1s0x317067005252eacd:0x3a0e6e7e9d5c3a6a!8m2!3d12.2214225!4d109.244483!16s%2Fg%2F11y4knww7f!19sChIJzepSUgBncDERajpcnX5uDjo?authuser=0&hl=en&rclk=1,
attraction00816,GreenOasis Đầm Bấy,greenoasis dam bay,,"43 Đ. Hoàng Đình Giong, Phước Long, Nha Trang, Khánh Hòa 500000",Nha Trang,nha trang,12.213241,109.1849504,0896 388 883 ,0,,,Attraction,Attraction,https://www.google.com/maps/place/GreenOasis+%C4%90%E1%BA%A7m+B%E1%BA%A5y/data=!4m7!3m6!1s0x31705d85d081fca9:0xb753d3231bfcf927!8m2!3d12.213241!4d109.1849504!16s%2Fg%2F11xh67s51t!19sChIJqfyB0IVdcDERJ_n8GyPTU7c?authuser=0&hl=en&rclk=1,https://greentripvn.com/
attraction00817,TRƯƠNG DANH,truong danh,,"2 Đ. Nguyễn Công Trứ, Vạn Thạnh, Nha Trang, Khánh Hòa 650000",Nha Trang,nha trang,12.2563143,109.1942181,,0,,,Attraction,Attraction,https://www.google.com/maps/place/TR%C6%AF%C6%A0NG+DANH/data=!4m7!3m6!1s0x31706719ed5725cb:0xa928c81e16604407!8m2!3d12.2563143!4d109.1942181!16s%2Fg%2F11jz30vzjl!19sChIJyyVX7RlncDERB0RgFh7IKKk?authuser=0&hl=en&rclk=1,
attraction00818,Bãi biển Hòn Tằm,hon tam,beach,"56JV+2HF, Hòn Tằm, Nha Trang, Khánh Hòa",Nha Trang,nha trang,12.1800637,109.2439131,,0,,4.4,Natural,Attraction,https://www.google.com/maps/place/B%C3%A3i+bi%E1%BB%83n+H%C3%B2n+T%E1%BA%B1m/data=!4m7!3m6!1s0x3170616e0212f829:0xc6bb4bc87375b1d0!8m2!3d12.1800637!4d109.2439131!16s%2Fg%2F11sdr21z_k!19sChIJKfgSAm5hcDER0LF1c8hLu8Y?authuser=0&hl=en&rclk=1,
attraction00819,April 2nd Square,april 2nd,square,"46 Trần Phú, Lộc Thọ, Nha Trang, Khánh Hòa 650000",Nha Trang,nha trang,12.2392841,109.197092,,100,₫100,4.7,Attraction,Attraction,https://www.google.com/maps/place/April+2nd+Square/data=!4m7!3m6!1s0x3170670440c4a309:0x4b6cddf8aa9ba969!8m2!3d12.2392841!4d109.197092!16s%2Fg%2F11j8zcc2zf!19sChIJCaPEQARncDERaambqvjdbEs?authuser=0&hl=en&rclk=1,http://www.thodiadulich.vn/
attraction00820,Phiêu lưu hầm mỏ,phieu luu ham mo,,"668R+R9R, P, Nha Trang, Khánh Hòa",Nha Trang,nha trang,12.2169252,109.2411506,,0,,4.7,Attraction,Attraction,https://www.google.com/maps/place/Phi%C3%AAu+l%C6%B0u+h%E1%BA%A7m+m%E1%BB%8F/data=!4m7!3m6!1s0x31706700057c10bf:0x50fed61fc7bf17df!8m2!3d12.2169252!4d109.2411506!16s%2Fg%2F11y67d_p_b!19sChIJvxB8BQBncDER3xe_xx_W_lA?authuser=0&hl=en&rclk=1,
attraction00821,Vo Van Ky Park,vo van ky,park,"15 Trần Đường, Phương Sài, Nha Trang, Khánh Hòa 650000",Nha Trang,nha trang,12.2491319,109.1844118,,0,,4.2,Natural,Attraction,https://www.google.com/maps/place/Vo+Van+Ky+Park/data=!4m7!3m6!1s0x31705d7f03126097:0xc2be0c025bea9ba6!8m2!3d12.2491319!4d109.1844118!16s%2Fg%2F1tkrj8tt!19sChIJl2ASA39dcDERppvqWwIMvsI?authuser=0&hl=en&rclk=1,
attraction00822,Bãi biển Nha Trang,nha trang,beach,"102 Trần Phú, Lộc Thọ, Nha Trang, Khánh Hòa 650000",Nha Trang,nha trang,12.2252325,109.2020369,,0,,4.8,Natural,Attraction,https://www.google.com/maps/place/B%C3%A3i+bi%E1%BB%83n+Nha+Trang/data=!4m7!3m6!1s0x31705dd49df29ed7:0x354f73ff34a407c0!8m2!3d12.2252325!4d109.2020369!16s%2Fg%2F11vc0x6ppr!19sChIJ157yndRdcDERwAekNP9zTzU?authuser=0&hl=en&rclk=1,https://www.facebook.com/nhatrangbeach79
attraction00823,Sao Biển Island,sao bien,island,"559X+MF5, Phước Hạ, Nha Trang, Khánh Hòa",Nha Trang,nha trang,12.1691288,109.1987411,,0,,4.0,Natural,Attraction,https://www.google.com/maps/place/Sao+Bi%E1%BB%83n+Island/data=!4m7!3m6!1s0x317061ae7c0e8e41:0xf722bee31686947a!8m2!3d12.1691288!4d109.1987411!16s%2Fg%2F11h4kcc9pv!19sChIJQY4OfK5hcDERepSGFuO-Ivc?authuser=0&hl=en&rclk=1,
attraction00824,Fusion House,fusion use,lake,"667R+722, Vĩnh Nguyên, Nha Trang, Khánh Hòa",Nha Trang,nha trang,12.2131342,109.2400006,,0,,5.0,Attraction,Attraction,https://www.google.com/maps/place/Fusion+House/data=!4m7!3m6!1s0x317067004465fc2b:0x9245217df525f488!8m2!3d12.2131342!4d109.2400006!16s%2Fg%2F11vxqs639p!19sChIJK_xlRABncDERiPQl9X0hRZI?authuser=0&hl=en&rclk=1,
attraction00825,Đồi Phương Sơn,doi phuong son,,"752J+W68, Đồi Trại Thủy, Nha Trang, Khánh Hòa 650000",Nha Trang,nha trang,12.252293,109.1805732,0901 927 323 ,0,,2.5,Natural,Attraction,https://www.google.com/maps/place/%C4%90%E1%BB%93i+Ph%C6%B0%C6%A1ng+S%C6%A1n/data=!4m7!3m6!1s0x31705ddf41727921:0x1ecbaac3c6846b9b!8m2!3d12.252293!4d109.1805732!16s%2Fg%2F11khsfv33j!19sChIJIXlyQd9dcDERm2uExsOqyx4?authuser=0&hl=en&rclk=1,
attraction00826,Hòn Tằm- khu tắm bùn Nha Trang,n tam khu tam bun nha trang,lake,"56P9+HF, Trí Nguyên, Nha Trang, Khánh Hòa",Nha Trang,nha trang,12.186381,109.2195976,,0,,,Attraction,Attraction,https://www.google.com/maps/place/H%C3%B2n+T%E1%BA%B1m-+khu+t%E1%BA%AFm+b%C3%B9n+Nha+Trang/data=!4m7!3m6!1s0x317061006dd6f1f5:0x5c82e2c206a6244d!8m2!3d12.186381!4d109.2195976!16s%2Fg%2F11mf2dr293!19sChIJ9fHWbQBhcDERTSSmBsLiglw?authuser=0&hl=en&rclk=1,
attraction00827,Bến tàu Vinpearl,ben tau vinpearl,,"667R+99W, Vĩnh Nguyên, Nha Trang, Khánh Hòa",Nha Trang,nha trang,12.2132715,109.2393394,,0,,4.6,Attraction,Attraction,https://www.google.com/maps/place/B%E1%BA%BFn+t%C3%A0u+Vinpearl/data=!4m7!3m6!1s0x31706700751b5d5f:0xb52a57c11dad1ac8!8m2!3d12.2132715!4d109.2393394!16s%2Fg%2F11w7p4hg1_!19sChIJX10bdQBncDERyBqtHcFXKrU?authuser=0&hl=en&rclk=1,
attraction00828,Yolo Ocean Camp - Tour đảo Nha Trang,yolo ocean camp tour nha trang,island,"34 Tô Hiến Thành, Tân Tiến, Nha Trang, Khánh Hòa 65000",Nha Trang,nha trang,12.2387354,109.1921819,0877 553 370 ,0,,4.9,Attraction,Attraction,https://www.google.com/maps/place/Yolo+Ocean+Camp+-+Tour+%C4%91%E1%BA%A3o+Nha+Trang/data=!4m7!3m6!1s0x31705d7f3f2121d3:0xf2275cf58cc91b82!8m2!3d12.2387354!4d109.1921819!16s%2Fg%2F11s7w_fs9g!19sChIJ0yEhP39dcDERghvJjPVcJ_I?authuser=0&hl=en&rclk=1,https://yolooceancamp.com/
attraction00829,Phòng vé Thành Chương NT,png ve thanh chuong nt,lake,"11 Bạch Đằng, Tân Tiến, Nha Trang, Khánh Hòa 650000",Nha Trang,nha trang,12.2433774,109.1882869,0946 777 215 ,0,,3.7,Attraction,Attraction,https://www.google.com/maps/place/Ph%C3%B2ng+v%C3%A9+Th%C3%A0nh+Ch%C6%B0%C6%A1ng+NT/data=!4m7!3m6!1s0x317067c3628ba8ef:0x886bb803f5a63a27!8m2!3d12.2433774!4d109.1882869!16s%2Fg%2F11ptvfhp6z!19sChIJ76iLYsNncDERJzqm9QO4a4g?authuser=0&hl=en&rclk=1,
attraction00830,Checkin Nha Trang,checkin nha trang,,"104 Trần Phú, Vĩnh Hoà, Nha Trang, Khánh Hòa 650000",Nha Trang,nha trang,12.2340421,109.1983363,,0,,5.0,Attraction,Attraction,https://www.google.com/maps/place/Checkin+Nha+Trang/data=!4m7!3m6!1s0x3170671c2ce2753d:0x1f750142337721ce!8m2!3d12.2340421!4d109.1983363!16s%2Fg%2F11lng503yr!19sChIJPXXiLBxncDERziF3M0IBdR8?authuser=0&hl=en&rclk=1,
attraction00831,Trần Phú Bridge,tran phu,bridge,"756X+QMG, Vạn Thạnh, Nha Trang, Khánh Hòa 650000",Nha Trang,nha trang,12.2619378,109.1992045,,0,,4.6,Attraction,Attraction,https://www.google.com/maps/place/Tr%E1%BA%A7n+Ph%C3%BA+Bridge/data=!4m7!3m6!1s0x3170678e07624901:0xa8ec9251d44ad1b8!8m2!3d12.2619378!4d109.1992045!16s%2Fg%2F11clvtswvj!19sChIJAUliB45ncDERuNFK1FGS7Kg?authuser=0&hl=en&rclk=1,
attraction00832,XÓM Trường,xom truong,,"Ba Làng, Nha Trang, Khánh Hòa 650000",Nha Trang,nha trang,12.287106,109.2046145,0379 220 168 ,0,,5.0,Attraction,Attraction,https://www.google.com/maps/place/X%C3%93M+Tr%C6%B0%E1%BB%9Dng/data=!4m7!3m6!1s0x3170698adefee425:0x767c414c571c9938!8m2!3d12.287106!4d109.2046145!16s%2Fg%2F11l25c09tn!19sChIJJeT-3oppcDEROJkcV0xBfHY?authuser=0&hl=en&rclk=1,
attraction00833,Sân khấu thực cảnh Tata Show,san khau thuc canh tata sw,lake,"668R+W2G, Nha Trang, Khánh Hòa",Nha Trang,nha trang,12.2167184,109.2402453,,0,,4.4,Attraction,Attraction,https://www.google.com/maps/place/S%C3%A2n+kh%E1%BA%A5u+th%E1%BB%B1c+c%E1%BA%A3nh+Tata+Show/data=!4m7!3m6!1s0x317067001c4ef379:0xfb1049c1bd218f5!8m2!3d12.2167184!4d109.2402453!16s%2Fg%2F11y4vbpc8q!19sChIJefNOHABncDER9RjSG5wEsQ8?authuser=0&hl=en&rclk=1,
attraction00834,Quảng trường Harbour,harbour,square,"667R+W2J, Vĩnh Nguyên, Nha Trang, Khánh Hòa",Nha Trang,nha trang,12.2148326,109.240019,,0,,5.0,Attraction,Attraction,https://www.google.com/maps/place/Qu%E1%BA%A3ng+tr%C6%B0%E1%BB%9Dng+Harbour/data=!4m7!3m6!1s0x317067004a61d9c3:0xb990b914acd58e8d!8m2!3d12.2148326!4d109.240019!16s%2Fg%2F11y4vdl78y!19sChIJw9lhSgBncDERjY7VrBS5kLk?authuser=0&hl=en&rclk=1,
attraction00835,Trò chơi dưới nước biển nhân tạo,tro ci duoi nuoc bien nhan tao,lake,"56HV+WFH, Nha Trang - Hòn Tằm, Nha Trang, Khánh Hòa",Nha Trang,nha trang,12.1798187,109.2437335,,0,,3.7,Natural,Attraction,https://www.google.com/maps/place/Tr%C3%B2+ch%C6%A1i+d%C6%B0%E1%BB%9Bi+n%C6%B0%E1%BB%9Bc+bi%E1%BB%83n+nh%C3%A2n+t%E1%BA%A1o/data=!4m7!3m6!1s0x31706181598f93fb:0x7961acd01034ff79!8m2!3d12.1798187!4d109.2437335!16s%2Fg%2F11tfzkcdkg!19sChIJ-5OPWYFhcDERef80ENCsYXk?authuser=0&hl=en&rclk=1,
attraction00836,혼땀섬 스킨스쿠버 씨워킹 체험장,nddamseom seukinseukubeo ssiweoking ceheomjang,lake,56GQ+44 Nha Trang,Nha Trang,nha trang,12.1752544,109.2378166,,0,,3.0,Attraction,Attraction,https://www.google.com/maps/place/%ED%98%BC%EB%95%80%EC%84%AC+%EC%8A%A4%ED%82%A8%EC%8A%A4%EC%BF%A0%EB%B2%84+%EC%94%A8%EC%9B%8C%ED%82%B9+%EC%B2%B4%ED%97%98%EC%9E%A5/data=!4m7!3m6!1s0x317061005ca5b2e7:0x8b2a059fbbee66ab!8m2!3d12.1752544!4d109.2378166!16s%2Fg%2F11ygl4bm8j!19sChIJ57KlXABhcDERq2buu58FKos?authuser=0&hl=en&rclk=1,
attraction00837,Улица с железной дорогой,ulitsa s zheleznoi dorogoi,,"100 Nguyễn Trãi, Tân Tiến, Nha Trang, Khánh Hòa 650000",Nha Trang,nha trang,12.2443112,109.18664,,0,,4.4,Attraction,Attraction,https://www.google.com/maps/place/%D0%A3%D0%BB%D0%B8%D1%86%D0%B0+%D1%81+%D0%B6%D0%B5%D0%BB%D0%B5%D0%B7%D0%BD%D0%BE%D0%B9+%D0%B4%D0%BE%D1%80%D0%BE%D0%B3%D0%BE%D0%B9/data=!4m7!3m6!1s0x31705d8682d277d1:0xcfe44fccc07e76b5!8m2!3d12.2443112!4d109.18664!16s%2Fg%2F11j301mrmz!19sChIJ0XfSgoZdcDERtXZ-wMxP5M8?authuser=0&hl=en&rclk=1,
attraction00838,Paramotor Flying Service,paramotor flying service,,"66CW+VWM, Vĩnh Nguyên, Nha Trang, Khánh Hòa",Nha Trang,nha trang,12.2224512,109.2469301,0946 168 436 ,0,,5.0,Attraction,Attraction,https://www.google.com/maps/place/Paramotor+Flying+Service/data=!4m7!3m6!1s0x3170670017349149:0xb31bc90c64813cc3!8m2!3d12.2224512!4d109.2469301!16s%2Fg%2F11xcgc336p!19sChIJSZE0FwBncDERwzyBZAzJG7M?authuser=0&hl=en&rclk=1,
attraction00839,홍학 호수,nghag su,lake,"669V+Q8, Vĩnh Nguyên, Nha Trang, Khánh Hòa",Nha Trang,nha trang,12.219901,109.243388,,0,,4.9,Attraction,Attraction,https://www.google.com/maps/place/%ED%99%8D%ED%95%99+%ED%98%B8%EC%88%98/data=!4m7!3m6!1s0x317067002f4cb099:0x48fb940f1c940442!8m2!3d12.219901!4d109.243388!16s%2Fg%2F11wxwvw1g_!19sChIJmbBMLwBncDERQgSUHA-U-0g?authuser=0&hl=en&rclk=1,
attraction00840,Sân khấu thực cảnh Vũ hội Monte Carlo,san khau thuc canh vu i monte carlo,lake,"668R+25W, Vĩnh Nguyên, Nha Trang, Khánh Hòa",Nha Trang,nha trang,12.2148729,109.240068,,0,,5.0,Attraction,Attraction,https://www.google.com/maps/place/S%C3%A2n+kh%E1%BA%A5u+th%E1%BB%B1c+c%E1%BA%A3nh+V%C5%A9+h%E1%BB%99i+Monte+Carlo/data=!4m7!3m6!1s0x3170670015f3308d:0x41c7072190300565!8m2!3d12.2148729!4d109.240068!16s%2Fg%2F11y4vfw89m!19sChIJjTDzFQBncDERZQUwkCEHx0E?authuser=0&hl=en&rclk=1,
attraction00841,Sân Khấu xiếc thú,san khau xiec thu,,"669V+Q8, Vĩnh Nguyên, Nha Trang, Khánh Hòa",Nha Trang,nha trang,12.2194002,109.2433269,,0,,4.8,Attraction,Attraction,https://www.google.com/maps/place/S%C3%A2n+Kh%E1%BA%A5u+xi%E1%BA%BFc+th%C3%BA/data=!4m7!3m6!1s0x317067781f211665:0xbb1a103ab669b46f!8m2!3d12.2194002!4d109.2433269!16s%2Fg%2F11t_t6jplw!19sChIJZRYhH3hncDERb7RptjoQGrs?authuser=0&hl=en&rclk=1,
attraction00842,Phu setup,phu setup,,"150 Ngô Đến, Vĩnh Phước, Nha Trang, Khánh Hòa 650000",Nha Trang,nha trang,12.2689526,109.1922663,,0,,,Attraction,Attraction,https://www.google.com/maps/place/Phu+setup/data=!4m7!3m6!1s0x3170670078670ced:0xde048402d0f03360!8m2!3d12.2689526!4d109.1922663!16s%2Fg%2F11m6phmtn2!19sChIJ7QxneABncDERYDPw0AKEBN4?authuser=0&hl=en&rclk=1,
attraction00843,機織り工場,i hi ri ong hang,,"277 Đ. Lương Định Của, Vĩnh Ngọc, Nha Trang, Khánh Hòa",Nha Trang,nha trang,12.263531,109.1698312,,0,,4.0,Attraction,Attraction,https://www.google.com/maps/place/%E6%A9%9F%E7%B9%94%E3%82%8A%E5%B7%A5%E5%A0%B4/data=!4m7!3m6!1s0x31705d007db453d7:0x986d5f2a0f8f8a89!8m2!3d12.263531!4d109.1698312!16s%2Fg%2F11vpccdm27!19sChIJ11O0fQBdcDERiYqPDypfbZg?authuser=0&hl=en&rclk=1,
attraction00844,KDL Galina Lake View,kdl galina view,lake,"Phước Trung, Nha Trang, Khánh Hòa",Nha Trang,nha trang,12.1881986,109.1566435,0899 995 179 ,0,,4.1,Natural,Attraction,https://www.google.com/maps/place/KDL+Galina+Lake+View/data=!4m7!3m6!1s0x31705f03ee4d331b:0x1a241b0510f86609!8m2!3d12.1881986!4d109.1566435!16s%2Fg%2F11gtgbwps7!19sChIJGzNN7gNfcDERCWb4EAUbJBo?authuser=0&hl=en&rclk=1,http://www.galinalakeview.com/
attraction00845,아이리조트 스파(베트남),airijoteu seupa beteunam,,"75FG+46Q, Vĩnh Ngọc, Nha Trang, Khánh Hòa",Nha Trang,nha trang,12.2728375,109.1756094,,0,,4.5,Attraction,Attraction,https://www.google.com/maps/place/%EC%95%84%EC%9D%B4%EB%A6%AC%EC%A1%B0%ED%8A%B8+%EC%8A%A4%ED%8C%8C%28%EB%B2%A0%ED%8A%B8%EB%82%A8%29/data=!4m7!3m6!1s0x31705d00746d5ff9:0x9d5e7b0e11e40ae6!8m2!3d12.2728375!4d109.1756094!16s%2Fg%2F11y8zj_rdt!19sChIJ-V9tdABdcDER5grkEQ57Xp0?authuser=0&hl=en&rclk=1,
attraction00846,Sân khấu nhạc nước,san khau nhac nuoc,,"669R+566, Vĩnh Nguyên, Nha Trang, Khánh Hòa",Nha Trang,nha trang,12.2176494,109.2415589,,0,,4.4,Attraction,Attraction,https://www.google.com/maps/place/S%C3%A2n+kh%E1%BA%A5u+nh%E1%BA%A1c+n%C6%B0%E1%BB%9Bc/data=!4m7!3m6!1s0x3170671996224f59:0xaac97b64bfcae1f6!8m2!3d12.2176494!4d109.2415589!16s%2Fg%2F11t_sm1hrg!19sChIJWU8ilhlncDER9uHKv2R7yao?authuser=0&hl=en&rclk=1,
attraction00847,Cáp Treo Vinpearl Harbour Nha Trang,cap treo vinpearl harbour nha trang,,"6638+8X, Khánh Hòa, 35956",,,12.2032684,109.2174836,1900 8095 ,0,,2.0,Attraction,Attraction,https://www.google.com/maps/place/C%C3%A1p+Treo+Vinpearl+Harbour+Nha+Trang/data=!4m7!3m6!1s0x31348f0a2380879b:0x96b0ec48a50ba3c2!8m2!3d12.2032684!4d109.2174836!16s%2Fg%2F11s6f3dqr8!19sChIJm4eAIwqPNDERwqMLpUjssJY?authuser=0&hl=en&rclk=1,https://viettelpost.com.vn/
attraction00848,Bờ kè Hà Ra,bo ke ha ra,,"4 Đ. Nguyễn Bỉnh Khiêm, Vạn Thạnh, Nha Trang, Khánh Hòa 650000",Nha Trang,nha trang,12.2576055,109.1921179,,0,,,Attraction,Attraction,https://www.google.com/maps/place/B%E1%BB%9D+k%C3%A8+H%C3%A0+Ra/data=!4m7!3m6!1s0x3170670017f9499d:0x25a4467e4129baf5!8m2!3d12.2576055!4d109.1921179!16s%2Fg%2F11xz3c66hg!19sChIJnUn5FwBncDER9bopQX5GpCU?authuser=0&hl=en&rclk=1,
attraction00849,I-Resort Swimming Pool,i swimming pool,hotel,"75FG+258, Vĩnh Ngọc, Nha Trang, Khánh Hòa",Nha Trang,nha trang,12.2725279,109.1754562,,0,,4.4,Attraction,Attraction,https://www.google.com/maps/place/I-Resort+Swimming+Pool/data=!4m7!3m6!1s0x31705d00114b88a9:0x48aeea8b7121c0a5!8m2!3d12.2725279!4d109.1754562!16s%2Fg%2F11v_159l9d!19sChIJqYhLEQBdcDERpcAhcYvqrkg?authuser=0&hl=en&rclk=1,
attraction00850,Bè Nuôi Cá,be nuoi ca,mountain,"669Q+HQP Vịnh, Nha Trang, Khánh Hòa",Nha Trang,nha trang,12.2187222,109.2388889,,0,,,Attraction,Attraction,https://www.google.com/maps/place/B%C3%A8+Nu%C3%B4i+C%C3%A1/data=!4m7!3m6!1s0x3170670041eb3e73:0x4873f988aa98f698!8m2!3d12.2187222!4d109.2388889!16s%2Fg%2F11zhnvjppx!19sChIJcz7rQQBncDERmPaYqoj5c0g?authuser=0&hl=en&rclk=1,
attraction00851,Nha Trang Xua Workshop,nha trang xua worksp,lake,"31 Thái Thông, Vĩnh Thái, Nha Trang, Khánh Hòa 57000",Nha Trang,nha trang,12.2473682,109.1582287,0981 484 073 ,0,,5.0,Attraction,Attraction,https://www.google.com/maps/place/Nha+Trang+Xua+Workshop/data=!4m7!3m6!1s0x31705d52593a4b0b:0x4ce4133d4a2a932d!8m2!3d12.2473682!4d109.1582287!16s%2Fg%2F11zk18ssfb!19sChIJC0s6WVJdcDERLZMqSj0T5Ew?authuser=0&hl=en&rclk=1,https://langnghenhatrangxua.com/home
attraction00852,Tri Nguyen Aquarium,tri nguyen aquarium,,"Lộc Thọ, Nha Trang, Khánh Hòa 650000",Nha Trang,nha trang,12.2387911,109.1967488,0943 571 616 ,0,,3.6,Attraction,Attraction,https://www.google.com/maps/place/Tri+Nguyen+Aquarium/data=!4m7!3m6!1s0x317060d22e09b6fb:0x3171af26c9326eaa!8m2!3d12.2387911!4d109.1967488!16s%2Fg%2F1z44b09v5!19sChIJ-7YJLtJgcDERqm4yySavcTE?authuser=0&hl=en&rclk=1,http://thodianhatrang.vn/
attraction00853,Biểu diễn moto nước,bieu dien moto nuoc,temple,"666R+W9X, Vĩnh Nguyên, Nha Trang, Khánh Hòa",Nha Trang,nha trang,12.212373,109.2409769,,0,,4.8,Attraction,Attraction,https://www.google.com/maps/place/Bi%E1%BB%83u+di%E1%BB%85n+moto+n%C6%B0%E1%BB%9Bc/data=!4m7!3m6!1s0x3170670070fa4553:0x59e4cc6484062f0!8m2!3d12.212373!4d109.2409769!16s%2Fg%2F11ycggq565!19sChIJU0X6cABncDER8GJASMZMngU?authuser=0&hl=en&rclk=1,
attraction00854,Hồ Tạo sóng I-Resort,ho tao song i,hotel,"19, Vĩnh Ngọc, Nha Trang, Khánh Hòa",Nha Trang,nha trang,12.2720223,109.174662,,0,,4.6,Attraction,Attraction,https://www.google.com/maps/place/H%E1%BB%93+T%E1%BA%A1o+s%C3%B3ng+I-Resort/data=!4m7!3m6!1s0x31705d00387c25c9:0xa7db4bbf5dbf27c9!8m2!3d12.2720223!4d109.174662!16s%2Fg%2F11vxttsfmy!19sChIJySV8OABdcDERySe_Xb9L26c?authuser=0&hl=en&rclk=1,
attraction00855,"Cloud Yard, Ham Rong Mountain",cloud yard ham rong,mountain,"108 Đ. Thạch Sơn, TT. Sa Pa, Sa Pa, Lào Cai",Lào Cai,lao cai,22.3355743,103.8479672,,0,,4.5,Natural,Attraction,"https://www.google.com/maps/place/Cloud+Yard,+Ham+Rong+Mountain/data=!4m7!3m6!1s0x36cd41ec853dfee1:0x5a97ccbb9036fef2!8m2!3d22.3355743!4d103.8479672!16s%2Fg%2F11fw95x_kx!19sChIJ4f49hexBzTYR8v42kLvMl1o?authuser=0&hl=en&rclk=1",
attraction00856,Sapa Story,sapa story,,"Ngõ 88 Đường Điện Biên Phủ, TT. Sa Pa, Sa Pa, Lào Cai",Lào Cai,lao cai,22.3502499,103.8553306,0868 152 111 ,0,,4.1,Attraction,Attraction,https://www.google.com/maps/place/Sapa+Story/data=!4m7!3m6!1s0x36cd41d87da53ec7:0x1624e64492a5a35c!8m2!3d22.3502499!4d103.8553306!16s%2Fg%2F11smvkjxqk!19sChIJxz6lfdhBzTYRXKOlkkTmJBY?authuser=0&hl=en&rclk=1,https://www.facebook.com/SapaStoryvn
attraction00857,Rong May Glass Bridge,rong may glass,bridge,"QL4D, Sơn Bình, Tam Đường, Lào Cai",Lào Cai,lao cai,22.3723777,103.7575047,0386 679 610 ,300000,₫300000,4.4,Attraction,Attraction,https://www.google.com/maps/place/Rong+May+Glass+Bridge/data=!4m7!3m6!1s0x36cd43efa645f6b7:0xb5f2f5201dd720b8!8m2!3d22.3723777!4d103.7575047!16s%2Fg%2F11rsrz9nt6!19sChIJt_ZFpu9DzTYRuCDXHSD18rU?authuser=0&hl=en&rclk=1,https://ticket-stations.com/rong-may-sapa
attraction00858,Cat Cat Tourism Village,cat cat tourism ge,hotel,"Thôn, Cát Cát, Sa Pa, Lào Cai",Lào Cai,lao cai,22.3310248,103.8339731,0943 602 200 ,0,,4.1,Attraction,Attraction,https://www.google.com/maps/place/Cat+Cat+Tourism+Village/data=!4m7!3m6!1s0x36cd416818be0e47:0xcca9570ce4ef98f!8m2!3d22.3310248!4d103.8339731!16s%2Fg%2F11b6r09l6x!19sChIJRw6-GGhBzTYRj_lOznCVygw?authuser=0&hl=en&rclk=1,http://bancatcatsapa.vn/
attraction00859,Sin Chai Village,sin chai ge,hotel,"8RJH+FQ6, Cát Cát, Sa Pa, Lào Cai",Lào Cai,lao cai,22.3312974,103.8295029,,1710963,₫1710963,4.4,Attraction,Attraction,https://www.google.com/maps/place/Sin+Chai+Village/data=!4m7!3m6!1s0x36cd411e037ee577:0x7309347b31ae7066!8m2!3d22.3312974!4d103.8295029!16s%2Fg%2F11ty4jfb7p!19sChIJd-V-Ax5BzTYRZnCuMXs0CXM?authuser=0&hl=en&rclk=1,
attraction00860,Mường Hoa Valley,muong a valley,lake,"8V7G+MJC, Lao Chải, Sa Pa, Lào Cai",Lào Cai,lao cai,22.314183,103.8765109,,618579,₫618579,4.6,Attraction,Attraction,https://www.google.com/maps/place/M%C6%B0%E1%BB%9Dng+Hoa+Valley/data=!4m7!3m6!1s0x36cd40ceae54d205:0xda1a10e93ef56ca3!8m2!3d22.314183!4d103.8765109!16s%2Fg%2F11c527gywb!19sChIJBdJUrs5AzTYRo2z1PukQGto?authuser=0&hl=en&rclk=1,
attraction00861,Thung Lũng Mường Hoa,thung lung muong a,lake,"Ta Van, Sa Pa, Lao Cai",Lao Cai,lao cai,22.307573,103.893106,0782 443 321 ,0,,4.7,Attraction,Attraction,https://www.google.com/maps/place/Thung+L%C5%A9ng+M%C6%B0%E1%BB%9Dng+Hoa/data=!4m7!3m6!1s0x36cd418297613a89:0x4a28580daa769a59!8m2!3d22.307573!4d103.893106!16s%2Fg%2F11h6lprj5c!19sChIJiTphl4JBzTYRWZp2qg1YKEo?authuser=0&hl=en&rclk=1,
attraction00862,"Sapa Cycling, Trekking, Homestay, Motorbike Tours Company",sapa cycling trekking motorbike tours company,homestay,"Thác Bạc, TT. Sa Pa, Sa Pa, Lào Cai",Lào Cai,lao cai,22.3350189,103.8397264,0386 664 688 ,0,,5.0,Attraction,Attraction,"https://www.google.com/maps/place/Sapa+Cycling,+Trekking,+Homestay,+Motorbike+Tours+Company/data=!4m7!3m6!1s0x36cd417416430083:0xe08f7c1dec491211!8m2!3d22.3350189!4d103.8397264!16s%2Fg%2F11sz2nhyw_!19sChIJgwBDFnRBzTYRERJJ7B18j-A?authuser=0&hl=en&rclk=1",http://www.sapacyclingtours.com/
attraction00863,Moana Sapa,moana sapa,,"số 68 Violet, Phường Cầu Mây, Sa Pa, Lào Cai 330000",Lào Cai,lao cai,22.3273593,103.8459589,0853 693 666 ,770000,₫770000,4.2,Attraction,Attraction,https://www.google.com/maps/place/Moana+Sapa/data=!4m7!3m6!1s0x36cd414f8d144b39:0xe883d4d35db228da!8m2!3d22.3273593!4d103.8459589!16s%2Fg%2F11mhxq6gq6!19sChIJOUsUjU9BzTYR2iiyXdPUg-g?authuser=0&hl=en&rclk=1,https://www.facebook.com/profile.php?id=100095461925872&mibextid=LQQJ4d
attraction00864,Ham Rong Sa Pa Eco-Tourism Area,ham rong sa pa eco tourism area,beach,"Đường Lên, TT. Sa Pa, Sa Pa, Lào Cai",Lào Cai,lao cai,22.334574,103.8477709,0862 880 246 ,30000,₫30000,4.3,Attraction,Attraction,https://www.google.com/maps/place/Ham+Rong+Sa+Pa+Eco-Tourism+Area/data=!4m7!3m6!1s0x36cd4114b1f62c81:0x6fc75725fb1beaf7!8m2!3d22.334574!4d103.8477709!16s%2Fg%2F11csrhhs0r!19sChIJgSz2sRRBzTYR9-ob-yVXx28?authuser=0&hl=en&rclk=1,http://www.hamrongsapa.com/
attraction00865,Silver Waterfall Sa Pa,silver sa pa,waterfall,"San Sả Hồ, Sa Pa, Lao Cai",Lao Cai,lao cai,22.3618874,103.777723,,500000,₫500000,4.2,Natural,Attraction,https://www.google.com/maps/place/Silver+Waterfall+Sa+Pa/data=!4m7!3m6!1s0x36cd4363ffb06d7b:0x57e2b82ba8da7884!8m2!3d22.3618874!4d103.777723!16s%2Fg%2F1235qq1b!19sChIJe22w_2NDzTYRhHjaqCu44lc?authuser=0&hl=en&rclk=1,https://ticket-stations.com/tour-thac-bac-sapa
attraction00866,Check-in Point,check in point,,"8V76+G88, Unnamed, Road, Sa Pa, Lào Cai",Lào Cai,lao cai,22.3137965,103.8608301,,1447738,₫1447738,4.6,Attraction,Attraction,https://www.google.com/maps/place/Check-in+Point/data=!4m7!3m6!1s0x36cd412edff3aed5:0xf960ffe137a1c9e7!8m2!3d22.3137965!4d103.8608301!16s%2Fg%2F11c54dgw9g!19sChIJ1a7z3y5BzTYR58mhN-H_YPk?authuser=0&hl=en&rclk=1,https://baetravel.vn/
attraction00867,Ansapa Village,ansapa ge,hotel,"51 Thành Công, TT. Sa Pa, Sa Pa, Lào Cai 330000",Lào Cai,lao cai,22.3440984,103.8496305,0965 377 887 ,0,,4.1,Attraction,Attraction,https://www.google.com/maps/place/Ansapa+Village/data=!4m7!3m6!1s0x36cd410c3314babd:0xfe415c0a42af9e7e!8m2!3d22.3440984!4d103.8496305!16s%2Fg%2F11c4ff7whm!19sChIJvboUMwxBzTYRfp6vQgpcQf4?authuser=0&hl=en&rclk=1,
attraction00868,Sapa Green Valley,sapa green valley,,"QL4D, Sa Pả, Sa Pa, Lào Cai",Lào Cai,lao cai,22.352825,103.858697,0972 133 444 ,0,,4.4,Attraction,Attraction,https://www.google.com/maps/place/Sapa+Green+Valley/data=!4m7!3m6!1s0x36cd414102e9dbd3:0xbd9c6214d8a731d!8m2!3d22.352825!4d103.858697!16s%2Fg%2F11r6_hy8hc!19sChIJ09vpAkFBzTYRHXOKTSHG2Qs?authuser=0&hl=en&rclk=1,
attraction00869,Sa Pa- thành phố trong sương,sa pa thanh p trong suong,lake,"8RPR+8J5, TT. Sa Pa, Sa Pa, Lào Cai",Lào Cai,lao cai,22.3357601,103.8416023,,0,,4.5,Attraction,Attraction,https://www.google.com/maps/place/Sa+Pa-+th%C3%A0nh+ph%E1%BB%91+trong+s%C6%B0%C6%A1ng/data=!4m7!3m6!1s0x36cd41002f8ab297:0x3b00a65611c38d4d!8m2!3d22.3357601!4d103.8416023!16s%2Fg%2F11y49ymh74!19sChIJl7KKLwBBzTYRTY3DEVamADs?authuser=0&hl=en&rclk=1,
attraction00870,Sapa Heaven Gate,sapa heaven gate,,"9Q28+W5R, Sơn Bình, Tam Đường, Lai Châu",Lai Châu,lai chau,22.3523571,103.7653944,,2821772,₫2821772,4.2,Attraction,Attraction,https://www.google.com/maps/place/Sapa+Heaven+Gate/data=!4m7!3m6!1s0x36cd43404526bf77:0x635e0cb2cd8b99ef!8m2!3d22.3523571!4d103.7653944!16s%2Fg%2F11h0g_kzw0!19sChIJd78mRUBDzTYR75mLzbIMXmM?authuser=0&hl=en&rclk=1,
attraction00871,Sa Pa Sha,sa pa sha,beach,"Unnamed Road, Sa Pa, Lào Cai",Lào Cai,lao cai,22.3224202,103.885442,0335 263 743 ,0,,4.8,Attraction,Attraction,https://www.google.com/maps/place/Sa+Pa+Sha/data=!4m7!3m6!1s0x36cd412cedf9dbd5:0x402124df83b0b242!8m2!3d22.3224202!4d103.885442!16s%2Fg%2F11h598pkwj!19sChIJ1dv57SxBzTYRQrKwg98kIUA?authuser=0&hl=en&rclk=1,
attraction00872,Sky Hill,sky hill,,"8V9Q+JH4, Unnamed, Road, Sa Pa, Lào Cai",Lào Cai,lao cai,22.3192048,103.8885289,,0,,4.9,Attraction,Attraction,https://www.google.com/maps/place/Sky+Hill/data=!4m7!3m6!1s0x36cd41ac288f17fd:0x56a21ea59baba3fc!8m2!3d22.3192048!4d103.8885289!16s%2Fg%2F11l68pjpxy!19sChIJ_RePKKxBzTYR_KOrm6UeolY?authuser=0&hl=en&rclk=1,
attraction00873,Swing Sapa,swing sapa,,"98 Nguyễn Chí Thanh, TT. Sa Pa, Sa Pa, Lào Cai",Lào Cai,lao cai,22.3392371,103.8303873,0981 887 888 ,0,,3.8,Attraction,Attraction,https://www.google.com/maps/place/Swing+Sapa/data=!4m7!3m6!1s0x36cd4165147cd01f:0xbbff0c2a86c0267b!8m2!3d22.3392371!4d103.8303873!16s%2Fg%2F11l244_c86!19sChIJH9B8FGVBzTYReybAhioM_7s?authuser=0&hl=en&rclk=1,
attraction00874,Sapa Park,sapa,park,"Đ. Thạch Sơn, TT. Sa Pa, Sa Pa, Lào Cai",Lào Cai,lao cai,22.3359257,103.842361,0567 526 666 ,0,,4.2,Natural,Attraction,https://www.google.com/maps/place/Sapa+Park/data=!4m7!3m6!1s0x36cd416c9cb4777d:0x6f5fa91da98bfd34!8m2!3d22.3359257!4d103.842361!16s%2Fg%2F1hhl10q5r!19sChIJfXe0nGxBzTYRNP2LqR2pX28?authuser=0&hl=en&rclk=1,
attraction00875,The Bench,the bench,beach,"41B Mường Hoa, TT. Sa Pa, Sa Pa, Lào Cai",Lào Cai,lao cai,22.3303149,103.8454835,,0,,5.0,Attraction,Attraction,https://www.google.com/maps/place/The+Bench/data=!4m7!3m6!1s0x36cd41002b7fae13:0xb1962d3d21a30f33!8m2!3d22.3303149!4d103.8454835!16s%2Fg%2F11y0_0fkc5!19sChIJE65_KwBBzTYRMw-jIT0tlrE?authuser=0&hl=en&rclk=1,
attraction00876,Chợ Phiên Vùng Cao,c phien vung cao,lake,"8VQ2+MF2 Văn phòng Sapa, TT. Sa Pa, Sa Pa, Lào Cai",Lào Cai,lao cai,22.3391484,103.8511439,0819 625 858 ,0,,4.8,Attraction,Attraction,https://www.google.com/maps/place/Ch%E1%BB%A3+Phi%C3%AAn+V%C3%B9ng+Cao/data=!4m7!3m6!1s0x36cd410043ee0557:0x88f77b7d90704f0f!8m2!3d22.3391484!4d103.8511439!16s%2Fg%2F11wqdmwy_8!19sChIJVwXuQwBBzTYRD09wkH1794g?authuser=0&hl=en&rclk=1,http://sapatrip.vn/
attraction00877,Sacred forest,sacred forest,,"8RGP+WCJ, TT. Sa Pa, Sa Pa, Lào Cai",Lào Cai,lao cai,22.326953,103.8371743,,0,,3.8,Attraction,Attraction,https://www.google.com/maps/place/Sacred+forest/data=!4m7!3m6!1s0x36cd4100043914e7:0x89427dfd1f66de57!8m2!3d22.326953!4d103.8371743!16s%2Fg%2F11x8nxwzfy!19sChIJ5xQ5BABBzTYRV95mH_19Qok?authuser=0&hl=en&rclk=1,
attraction00878,Vườn Hồng Cổ Sa Pa,vuon ng co sa pa,lake,"Sa Pả, Sa Pa, Lao Cai",Lao Cai,lao cai,22.3614418,103.8706165,0982 845 836 ,0,,4.3,Attraction,Attraction,https://www.google.com/maps/place/V%C6%B0%E1%BB%9Dn+H%E1%BB%93ng+C%E1%BB%95+Sa+Pa/data=!4m7!3m6!1s0x36cd410c799e55bd:0x523dd3fdfb631fbe!8m2!3d22.3614418!4d103.8706165!16s%2Fg%2F11h_0ll9mm!19sChIJvVWeeQxBzTYRvh9j-_3TPVI?authuser=0&hl=en&rclk=1,https://www.facebook.com/Vuonhoahongcosapa
attraction00879,Làng nghề thổ cẩm Lan Rừng (Lan Rung Brocade),lang nghe t cam lan rung lan rung brocade,lake,"Ngõ 081 Đường Điện Biên Phủ, TT. Sa Pa, Sa Pa, Lào Cai 330000",Lào Cai,lao cai,22.351191,103.8572819,0355 315 674 ,0,,4.4,Attraction,Attraction,https://www.google.com/maps/place/L%C3%A0ng+ngh%E1%BB%81+th%E1%BB%95+c%E1%BA%A9m+Lan+R%E1%BB%ABng+%28Lan+Rung+Brocade%29/data=!4m7!3m6!1s0x36cd412dcb18c79d:0x8b18758b91f78f05!8m2!3d22.351191!4d103.8572819!16s%2Fg%2F11l23qfwv0!19sChIJnccYyy1BzTYRBY_3kYt1GIs?authuser=0&hl=en&rclk=1,https://thocamlanrung.com/
attraction00880,Sapa-Love-Market,sapa love,market,"8RMR+PJJ, TT. Sa Pa, Sa Pa, Lào Cai",Lào Cai,lao cai,22.3343384,103.84151,,0,,3.3,Shopping,Attraction,https://www.google.com/maps/place/Sapa-Love-Market/data=!4m7!3m6!1s0x36cd416d2f1cb7cf:0x265f194489a6f903!8m2!3d22.3343384!4d103.84151!16s%2Fg%2F11kn333y85!19sChIJz7ccL21BzTYRA_mmiUQZXyY?authuser=0&hl=en&rclk=1,https://www.facebook.com/SapaLoveMarketSince1906/
attraction00881,Sky Gate of O Quy Ho,sky gate of o quy,lake,"Sơn Bình, Sa Pa, Lao Cai",Lao Cai,lao cai,22.3516849,103.765448,0967 359 329 ,0,,4.4,Attraction,Attraction,https://www.google.com/maps/place/Sky+Gate+of+O+Quy+Ho/data=!4m7!3m6!1s0x36cd43c0b7e2f393:0xfff18a4e86f37835!8m2!3d22.3516849!4d103.765448!16s%2Fg%2F11fb2xdn4s!19sChIJk_Pit8BDzTYRNXjzhk6K8f8?authuser=0&hl=en&rclk=1,http://congtroioquyho.com/
attraction00882,Ancient Stone Carving,ancient stone carving,,"8V3X+HG3, TL152, Mường Hoa, Sa Pa, Lào Cai",Lào Cai,lao cai,22.3037947,103.8985983,,0,,,Attraction,Attraction,https://www.google.com/maps/place/Ancient+Stone+Carving/data=!4m7!3m6!1s0x36cd410053068f35:0x6191c600128817a!8m2!3d22.3037947!4d103.8985983!16s%2Fg%2F11xw940l7t!19sChIJNY8GUwBBzTYReoEoAWAcGQY?authuser=0&hl=en&rclk=1,
attraction00883,Gu Outdoor Sapa,gu outdoor sapa,,"Phan Xi Păng P, Cát Cát, Sa Pa, Lào Cai 02143",Lào Cai,lao cai,22.332289,103.8363714,0335 555 858 ,0,,4.9,Attraction,Attraction,https://www.google.com/maps/place/Gu+Outdoor+Sapa/data=!4m7!3m6!1s0x36cd41001d2a8f5f:0x13458e96dd245860!8m2!3d22.332289!4d103.8363714!16s%2Fg%2F11vq494g_6!19sChIJX48qHQBBzTYRYFgk3ZaORRM?authuser=0&hl=en&rclk=1,
attraction00884,Sapa Square,sapa,square,"Đ. Thạch Sơn, TT. Sa Pa, Sa Pa, Lào Cai 31786",Lào Cai,lao cai,22.3352539,103.8415385,,0,,4.5,Attraction,Attraction,https://www.google.com/maps/place/Sapa+Square/data=!4m7!3m6!1s0x36cd4125cb4fb5c7:0xe2b96844e07cf79c!8m2!3d22.3352539!4d103.8415385!16s%2Fg%2F11qpjtn7cd!19sChIJx7VPyyVBzTYRnPd84ERoueI?authuser=0&hl=en&rclk=1,
attraction00885,Sunset view,sunset view,,"8VF4+3GR, TL152, Lao Chải, Sa Pa, Lào Cai",Lào Cai,lao cai,22.3233711,103.8562539,,0,,4.2,Attraction,Attraction,https://www.google.com/maps/place/Sunset+view/data=!4m7!3m6!1s0x36cd410fe9ab4431:0x4796cbd79c8525b5!8m2!3d22.3233711!4d103.8562539!16s%2Fg%2F11kjk74v22!19sChIJMUSr6Q9BzTYRtSWFnNfLlkc?authuser=0&hl=en&rclk=1,
attraction00886,Sapa hillside peak,sapa hillside peak,,"9RH4+WX3, Ô quý hồ, TT. Sa Pa, Sa Pa, Lào Cai",Lào Cai,lao cai,22.3797696,103.8074152,,0,,5.0,Attraction,Attraction,https://www.google.com/maps/place/Sapa+hillside+peak/data=!4m7!3m6!1s0x36cd410000f8f53b:0x14de758760d626ff!8m2!3d22.3797696!4d103.8074152!16s%2Fg%2F11vt63ms55!19sChIJO_X4AABBzTYR_ybWYId13hQ?authuser=0&hl=en&rclk=1,
attraction00887,Bản Mòng Sapa - Mong Village Resort Sapa,ban mong sapa mong ge sapa,hotel,"Lao Chai, Sa Pa, Lao Cai 100886",Lao Cai,lao cai,22.3229753,103.8632464,0862 096 116 ,0,,4.3,Attraction,Attraction,https://www.google.com/maps/place/B%E1%BA%A3n+M%C3%B2ng+Sapa+-+Mong+Village+Resort+Sapa/data=!4m7!3m6!1s0x36cd419249dd4e95:0x4d47cdc95f8d02a5!8m2!3d22.3229753!4d103.8632464!16s%2Fg%2F11j84tsl3z!19sChIJlU7dSZJBzTYRpQKNX8nNR00?authuser=0&hl=en&rclk=1,https://banmong.vn/
attraction00888,The roof of Indochina,the roof of indochina,,"San Sả Hồ, Tam Đường District, Lai Chau",Lai Chau,lai chau,22.3034485,103.7751452,,186890,₫186890,4.7,Attraction,Attraction,https://www.google.com/maps/place/The+roof+of+Indochina/data=!4m7!3m6!1s0x36cd45dd3c096f09:0x1e89e2476d9a6ed0!8m2!3d22.3034485!4d103.7751452!16s%2Fg%2F11qpf5sdp6!19sChIJCW8JPN1FzTYR0G6abUfiiR4?authuser=0&hl=en&rclk=1,https://ticket-stations.com/fansipan-cable-car-ticket
attraction00889,Sapa,sapa,,"8RPV+GGV, TT. Sa Pa, Sa Pa, Lào Cai",Lào Cai,lao cai,22.3363608,103.8437852,,0,,4.8,Attraction,Attraction,https://www.google.com/maps/place/Sapa/data=!4m7!3m6!1s0x36cd41003bc6d1f5:0xd418a9e76e76c072!8m2!3d22.3363608!4d103.8437852!16s%2Fg%2F11wv80w3qm!19sChIJ9dHGOwBBzTYRcsB2buepGNQ?authuser=0&hl=en&rclk=1,
attraction00890,Si bridge,si,bridge,"8RHM+3JH, Cát Cát, Sa Pa, Lào Cai",Lào Cai,lao cai,22.3276871,103.8341096,,0,,4.4,Attraction,Attraction,https://www.google.com/maps/place/Si+bridge/data=!4m7!3m6!1s0x36cd4151ef60adc9:0x726e19be7a5b04b8!8m2!3d22.3276871!4d103.8341096!16s%2Fg%2F11frdmn0lj!19sChIJya1g71FBzTYRuARber4ZbnI?authuser=0&hl=en&rclk=1,
attraction00891,VƯỜN NHÀ BÀ NGA,vuon nha ba nga,,"9R74+5VM, QL4D, TT. Sa Pa, Sa Pa, Lào Cai",Lào Cai,lao cai,22.3629644,103.8071695,,0,,5.0,Attraction,Attraction,https://www.google.com/maps/place/V%C6%AF%E1%BB%9CN+NH%C3%80+B%C3%80+NGA/data=!4m7!3m6!1s0x36cd43d46e63e49b:0xf94be047fa56408a!8m2!3d22.3629644!4d103.8071695!16s%2Fg%2F11rrpr212f!19sChIJm-RjbtRDzTYRikBW-kfgS_k?authuser=0&hl=en&rclk=1,
attraction00892,Lao Chai Valley View,lao chai valley view,,"8V6G+69J, Lao Chải, Sa Pa, Lào Cai",Lào Cai,lao cai,22.3105914,103.8758962,,0,,4.7,Attraction,Attraction,https://www.google.com/maps/place/Lao+Chai+Valley+View/data=!4m7!3m6!1s0x36cd412af231b1f1:0x6af2556a67585a56!8m2!3d22.3105914!4d103.8758962!16s%2Fg%2F11fhlxjpwf!19sChIJ8bEx8ipBzTYRVlpYZ2pV8mo?authuser=0&hl=en&rclk=1,
attraction00893,Ta Phin Cave,ta phin cave,,"Ta Phin, Sa Pa, Lao Cai",Lao Cai,lao cai,22.402822,103.8367867,,1420000,₫1420000,3.9,Natural,Attraction,https://www.google.com/maps/place/Ta+Phin+Cave/data=!4m7!3m6!1s0x36cd6a09db582c37:0xfa82d4da871fca9f!8m2!3d22.402822!4d103.8367867!16s%2Fg%2F11rxtt_dpc!19sChIJNyxY2wlqzTYRn8ofh9rUgvo?authuser=0&hl=en&rclk=1,https://www.facebook.com/Hang-%C4%90%E1%BB%99ng-T%E1%BA%A3-Ph%C3%ACn-108153653906073
attraction00894,Bamboo Forest,bamboo forest,,"7VVR+WXM, Giàng Tả Chải - Tả Van, Tả Van, Sa Pa, Lào Cai",Lào Cai,lao cai,22.2948258,103.8924168,,0,,4.2,Attraction,Attraction,https://www.google.com/maps/place/Bamboo+Forest/data=!4m7!3m6!1s0x36cd4774d16f617f:0x3af23f62fc7ee472!8m2!3d22.2948258!4d103.8924168!16s%2Fg%2F11gxm78m_m!19sChIJf2Fv0XRHzTYRcuR-_GI_8jo?authuser=0&hl=en&rclk=1,
attraction00895,Sapa tour guide,sapa tour guide,,"8V6F+6Q9, Unnamed, Road, Sa Pa, Lào Cai",Lào Cai,lao cai,22.3027053,103.9114829,0363 332 631 ,0,,5.0,Attraction,Attraction,https://www.google.com/maps/place/Sapa+tour+guide/data=!4m7!3m6!1s0x36cd41fa44c256d9:0xd79d72a0387cc8ad!8m2!3d22.3027053!4d103.9114829!16s%2Fg%2F11j909mhl_!19sChIJ2VbCRPpBzTYRrch8OKByndc?authuser=0&hl=en&rclk=1,
attraction00896,bản thác,ban,waterfall,"8RHM+3FG, Cát Cát, Sa Pa, Lào Cai",Lào Cai,lao cai,22.327903,103.834018,,0,,4.5,Attraction,Attraction,https://www.google.com/maps/place/b%E1%BA%A3n+th%C3%A1c/data=!4m7!3m6!1s0x36cd41001b9ef8e3:0xee24c765f7178518!8m2!3d22.327903!4d103.834018!16s%2Fg%2F11y3rmbh88!19sChIJ4_ieGwBBzTYRGIUX92XHJO4?authuser=0&hl=en&rclk=1,
attraction00897,The Lonely Tree of O Quy Ho,the lonely tree of o quy,lake,"9Q46+HG4, QL4D, Sơn Bình, Tam Đường, Lào Cai",Lào Cai,lao cai,22.356382,103.7613147,0987 981 999 ,0,,4.5,Attraction,Attraction,https://www.google.com/maps/place/The+Lonely+Tree+of+O+Quy+Ho/data=!4m7!3m6!1s0x36cd43e7af37d5d9:0x7a609f0424fef0cb!8m2!3d22.356382!4d103.7613147!16s%2Fg%2F11jp_dtr0k!19sChIJ2dU3r-dDzTYRy_D-JASfYHo?authuser=0&hl=en&rclk=1,
attraction00898,Fansipan sa,fansipan sa,beach,"8RJH+FWX, Cát Cát, Sa Pa, Lào Cai",Lào Cai,lao cai,22.3314199,103.8297812,,0,,,Attraction,Attraction,https://www.google.com/maps/place/Fansipan+sa/data=!4m7!3m6!1s0x36cd41004b2f5447:0x15555eea554d38ec!8m2!3d22.3314199!4d103.8297812!16s%2Fg%2F11ybhc_tpp!19sChIJR1QvSwBBzTYR7DhNVepeVRU?authuser=0&hl=en&rclk=1,
attraction00899,Hoang Lien National Park,ang lien national park,lake,"8RQJ+5X3, TT. Sa Pa, Sa Pa, Lào Cai",Lào Cai,lao cai,22.3378782,103.8324215,,0,,4.6,Natural,Attraction,https://www.google.com/maps/place/Hoang+Lien+National+Park/data=!4m7!3m6!1s0x36cd4165ed927453:0x90954ce1f1b3160b!8m2!3d22.3378782!4d103.8324215!16s%2Fg%2F11c37kxpwl!19sChIJU3SS7WVBzTYRCxaz8eFMlZA?authuser=0&hl=en&rclk=1,
attraction00900,Sunworld Fairground,sunworld fairground,,"8RQF+RPH, xóm 3, Sa Pa, Lào Cai",Lào Cai,lao cai,22.3393389,103.8241542,0948 308 888 ,0,,4.5,Attraction,Attraction,https://www.google.com/maps/place/Sunworld+Fairground/data=!4m7!3m6!1s0x36cd41d5cf7af05f:0x4767b9869d1acdb8!8m2!3d22.3393389!4d103.8241542!16s%2Fg%2F11st8htnnq!19sChIJX_B6z9VBzTYRuM0anYa5Z0c?authuser=0&hl=en&rclk=1,
attraction00901,Amy’s Garden Sapa,amy s gar sapa,temple,"Ta Phin, Sa Pa, Lao Cai",Lao Cai,lao cai,22.392538,103.841775,,0,,,Attraction,Attraction,https://www.google.com/maps/place/Amy%E2%80%99s+Garden+Sapa/data=!4m7!3m6!1s0x36cd418124e6ce8f:0xdc93772d2710730!8m2!3d22.392538!4d103.841775!16s%2Fg%2F11rgckvcsh!19sChIJj87mJIFBzTYRMAdx0nI3yQ0?authuser=0&hl=en&rclk=1,
attraction00902,Sapa Ancient Stone Gallery,sapa ancient stone gallery,,"Mường Hoa, Sa Pa, Lao Cai",Lao Cai,lao cai,22.3041235,103.89864,,1447738,₫1447738,4.0,Attraction,Attraction,https://www.google.com/maps/place/Sapa+Ancient+Stone+Gallery/data=!4m7!3m6!1s0x36cd40c968c8a393:0x42bc438f510da22a!8m2!3d22.3041235!4d103.89864!16s%2Fg%2F1z44bb780!19sChIJk6PIaMlAzTYRKqINUY9DvEI?authuser=0&hl=en&rclk=1,
attraction00903,Sapa,sapa,,"Ngõ 781 Đường Điện Biên Phủ, TT. Sa Pa, Sa Pa, Lào Cai",Lào Cai,lao cai,22.3393818,103.841367,,0,,,Attraction,Attraction,https://www.google.com/maps/place/Sapa/data=!4m7!3m6!1s0x36cd410072d23e93:0x427402fbfcbc5075!8m2!3d22.3393818!4d103.841367!16s%2Fg%2F11x6jl4w8r!19sChIJkz7ScgBBzTYRdVC8_PsCdEI?authuser=0&hl=en&rclk=1,
attraction00904,Farm house of the Tavan valley,farm use of the tavan valley,lake,"8V2X+57, Mường Hoa, Sa Pa, Lào Cai",Lào Cai,lao cai,22.2999475,103.8992522,,0,,3.8,Attraction,Attraction,https://www.google.com/maps/place/Farm+house+of+the+Tavan+valley/data=!4m7!3m6!1s0x36cd47ac2113a255:0x155822d3d5cde24b!8m2!3d22.2999475!4d103.8992522!16s%2Fg%2F11txrx1wwb!19sChIJVaITIaxHzTYRS-LN1dMiWBU?authuser=0&hl=en&rclk=1,
attraction00905,Ruộng Bậc Thang,ruong bac thang,,"8VC2+8GW, TL152, TT. Sa Pa, Sa Pa, Lào Cai",Lào Cai,lao cai,22.3208583,103.8513314,,0,,3.0,Attraction,Attraction,https://www.google.com/maps/place/Ru%E1%BB%99ng+B%E1%BA%ADc+Thang/data=!4m7!3m6!1s0x36cd41afdc08a817:0x971dd4ff53cde69b!8m2!3d22.3208583!4d103.8513314!16s%2Fg%2F11p52qnm59!19sChIJF6gI3K9BzTYRm-bNU__UHZc?authuser=0&hl=en&rclk=1,
attraction00906,Đồi chè Ô Quý Hồ,doi che o quy,lake,"Tổ 13 Xã Ô Quý Hồ, Lào Cai",Lào Cai,lao cai,22.3593317,103.8088693,,0,,4.4,Natural,Attraction,https://www.google.com/maps/place/%C4%90%E1%BB%93i+ch%C3%A8+%C3%94+Qu%C3%BD+H%E1%BB%93/data=!4m7!3m6!1s0x36cd43aa1cc6c0ff:0x9543d068cc8e8d15!8m2!3d22.3593317!4d103.8088693!16s%2Fg%2F11gxs0pkrl!19sChIJ_8DGHKpDzTYRFY2OzGjQQ5U?authuser=0&hl=en&rclk=1,
attraction00907,Suối Mường Hoa,suoi muong a,lake,"8V2W+W7W, Tả Van, Sa Pa, Lào Cai",Lào Cai,lao cai,22.302352,103.8957159,,0,,4.7,Attraction,Attraction,https://www.google.com/maps/place/Su%E1%BB%91i+M%C6%B0%E1%BB%9Dng+Hoa/data=!4m7!3m6!1s0x36cd41032a6ab86b:0x3df7bd79efbf00fa!8m2!3d22.302352!4d103.8957159!16s%2Fg%2F11sjk2fcz3!19sChIJa7hqKgNBzTYR-gC_73m99z0?authuser=0&hl=en&rclk=1,
attraction00908,O Quy Ho Pass Viewpoint,o quy pass viewpoint,lake,"QL4D, Sơn Bình, Tam Đường, Lai Châu",Lai Châu,lai chau,22.3527515,103.7653048,,100,₫100,4.5,Attraction,Attraction,https://www.google.com/maps/place/O+Quy+Ho+Pass+Viewpoint/data=!4m7!3m6!1s0x36d2d8a9e3518af5:0xd25b33292c5b2ffd!8m2!3d22.3527515!4d103.7653048!16s%2Fg%2F11d_tyvn3c!19sChIJ9YpR46nY0jYR_S9bLCkzW9I?authuser=0&hl=en&rclk=1,http://www.deooquyho.com/
attraction00909,梯田風景,i ian eng ing,,"9V24+X8W, QL4D, TT. Sa Pa, Sa Pa, Lào Cai",Lào Cai,lao cai,22.3523664,103.8556407,,0,,4.8,Attraction,Attraction,https://www.google.com/maps/place/%E6%A2%AF%E7%94%B0%E9%A2%A8%E6%99%AF/data=!4m7!3m6!1s0x36cd41004da033b1:0x621759241a616d41!8m2!3d22.3523664!4d103.8556407!16s%2Fg%2F11x3bmn4pg!19sChIJsTOgTQBBzTYRQW1hGiRZF2I?authuser=0&hl=en&rclk=1,
attraction00910,Hau Thao sunset view point,hau thao sunset view point,,"8W43+PW, Mường Hoa, Sa Pa, Lào Cai",Lào Cai,lao cai,22.306824,103.904768,,0,,5.0,Attraction,Attraction,https://www.google.com/maps/place/Hau+Thao+sunset+view+point/data=!4m7!3m6!1s0x36cd41001e0b7c19:0x2f8975aa54f75c2f!8m2!3d22.306824!4d103.904768!16s%2Fg%2F11lf4w64y1!19sChIJGXwLHgBBzTYRL1z3VKp1iS8?authuser=0&hl=en&rclk=1,
attraction00911,Pơ Mu Sapa,po mu sapa,,"289 Nguyễn Chí Thanh, TX, Sa Pa, Lào Cai",Lào Cai,lao cai,22.344221,103.8204656,0397 688 310 ,0,,4.8,Attraction,Attraction,https://www.google.com/maps/place/P%C6%A1+Mu+Sapa/data=!4m7!3m6!1s0x36cd43399cb1c203:0x137c7e016f64f0e0!8m2!3d22.344221!4d103.8204656!16s%2Fg%2F11ty26tgh6!19sChIJA8KxnDlDzTYR4PBkbwF-fBM?authuser=0&hl=en&rclk=1,
attraction00912,Sapa Lake Square,sapa square,lake,"Xuân Viên, TT. Sa Pa, Sa Pa, Lào Cai 33000",Lào Cai,lao cai,22.3369586,103.8442968,,0,,4.6,Natural,Attraction,https://www.google.com/maps/place/Sapa+Lake+Square/data=!4m7!3m6!1s0x36cd417418684e65:0x7f119b9690e67d86!8m2!3d22.3369586!4d103.8442968!16s%2Fg%2F11hynlkn0j!19sChIJZU5oGHRBzTYRhn3mkJabEX8?authuser=0&hl=en&rclk=1,
attraction00913,Suối du lịch cộng đồng Tả Phìn,suoi du lich cong dong ta phin,,"9RXR+J35, Tả Phìn, Sa Pa, Lào Cai",Lào Cai,lao cai,22.3990052,103.8402317,0982 608 455 ,0,,4.5,Attraction,Attraction,https://www.google.com/maps/place/Su%E1%BB%91i+du+l%E1%BB%8Bch+c%E1%BB%99ng+%C4%91%E1%BB%93ng+T%E1%BA%A3+Ph%C3%ACn/data=!4m7!3m6!1s0x36cd414ab0dd2471:0x272c6cef1add73e9!8m2!3d22.3990052!4d103.8402317!16s%2Fg%2F11n5mnhg76!19sChIJcSTdsEpBzTYR6XPdGu9sLCc?authuser=0&hl=en&rclk=1,
attraction00914,Homestay Mao,mao,homestay,"8RMQ+PH9, Hoàng Liên, TT. Sa Pa, Sa Pa, Lào Cai",Lào Cai,lao cai,22.3342914,103.8389915,,0,,,Attraction,Attraction,https://www.google.com/maps/place/Homestay+Mao/data=!4m7!3m6!1s0x36cd41000180cab3:0x2ed34a64fea97060!8m2!3d22.3342914!4d103.8389915!16s%2Fg%2F11w7krgj_j!19sChIJs8qAAQBBzTYRYHCp_mRK0y4?authuser=0&hl=en&rclk=1,
attraction00915,Sophie's Waterfall,sophie s,waterfall,"9QWP+J7H Cầu, ĐT155, khe lạnh, Sa Pa, Lào Cai",Lào Cai,lao cai,22.396369,103.785719,,0,,5.0,Natural,Attraction,https://www.google.com/maps/place/Sophie%27s+Waterfall/data=!4m7!3m6!1s0x36cd439f5e452111:0x4fdf0d2067e5a819!8m2!3d22.396369!4d103.785719!16s%2Fg%2F11khs1szwp!19sChIJESFFXp9DzTYRGajlZyAN308?authuser=0&hl=en&rclk=1,
attraction00916,VMM CP3 Ô Quý Hồ,vmm cp3 o quy,lake,"9R92+GQF, xóm 8, Sa Pa, Lào Cai",Lào Cai,lao cai,22.368813,103.8019362,,0,,,Attraction,Attraction,https://www.google.com/maps/place/VMM+CP3+%C3%94+Qu%C3%BD+H%E1%BB%93/data=!4m7!3m6!1s0x36cd4300072894b3:0x620a9913ed40dfcf!8m2!3d22.368813!4d103.8019362!16s%2Fg%2F11xzc3tmdh!19sChIJs5QoBwBDzTYRz99A7ROZCmI?authuser=0&hl=en&rclk=1,
attraction00917,Dai Hong Chung Watchtower,dai ng chung watchtower,lake,"8Q4G+955, San Sả Hồ, Sa Pa, Lào Cai",Lào Cai,lao cai,22.3058976,103.7754712,,0,,4.7,Attraction,Attraction,https://www.google.com/maps/place/Dai+Hong+Chung+Watchtower/data=!4m7!3m6!1s0x36cd45263709936d:0xa5d086394dffb0ab!8m2!3d22.3058976!4d103.7754712!16s%2Fg%2F11h3gr_8c2!19sChIJbZMJNyZFzTYRq7D_TTmG0KU?authuser=0&hl=en&rclk=1,
attraction00918,썬월드,sseonweoldeu,,"8RPR+486, Ng. Cầu Mây, TT. Sa Pa, Sa Pa, Lào Cai",Lào Cai,lao cai,22.3352985,103.8407547,,0,,4.5,Attraction,Attraction,https://www.google.com/maps/place/%EC%8D%AC%EC%9B%94%EB%93%9C/data=!4m7!3m6!1s0x36cd410017ca70dd:0xfe073407c3c4b47d!8m2!3d22.3352985!4d103.8407547!16s%2Fg%2F11xl1sc65c!19sChIJ3XDKFwBBzTYRfbTEwwc0B_4?authuser=0&hl=en&rclk=1,
attraction00919,Vietlott,vietlott,,"9RVV+X86, Tả Phìn, Sa Pa, Lào Cai",Lào Cai,lao cai,22.3949072,103.843269,,0,,,Attraction,Attraction,https://www.google.com/maps/place/Vietlott/data=!4m7!3m6!1s0x36cd41bcb9881157:0x1cabf61a12fb5407!8m2!3d22.3949072!4d103.843269!16s%2Fg%2F11s61pbk4q!19sChIJVxGIubxBzTYRB1T7Ehr2qxw?authuser=0&hl=en&rclk=1,
attraction00920,Nine level waterfall,nine level,waterfall,"8Q3G+Q4G, San Sả Hồ, Sa Pa, Lào Cai",Lào Cai,lao cai,22.3045255,103.775793,,0,,4.8,Natural,Attraction,https://www.google.com/maps/place/Nine+level+waterfall/data=!4m7!3m6!1s0x36cd450034779e55:0x3f90f6bda7710144!8m2!3d22.3045255!4d103.775793!16s%2Fg%2F11vxps65f6!19sChIJVZ53NABFzTYRRAFxp732kD8?authuser=0&hl=en&rclk=1,
attraction00921,Tu Viện Cổ Tả Phìn,tu vien co ta phin,market,"9VG2+WJF, Sa Pả, Sa Pa, Lào Cai",Lào Cai,lao cai,22.3773113,103.8515496,0987 323 904 ,0,,4.1,Attraction,Attraction,https://www.google.com/maps/place/Tu+Vi%E1%BB%87n+C%E1%BB%95+T%E1%BA%A3+Ph%C3%ACn/data=!4m7!3m6!1s0x36cd41c73bb1cbf3:0xddb47b0b551306bb!8m2!3d22.3773113!4d103.8515496!16s%2Fg%2F1hd_rtwwn!19sChIJ88uxO8dBzTYRuwYTVQt7tN0?authuser=0&hl=en&rclk=1,
attraction00922,PHANSI Viewpoint,phansi viewpoint,,"Ngõ 66 Violet, TT. Sa Pa, Sa Pa, Lào Cai 31100",Lào Cai,lao cai,22.3252329,103.8451412,0913 885 812 ,0,,4.8,Attraction,Attraction,https://www.google.com/maps/place/PHANSI+Viewpoint/data=!4m7!3m6!1s0x36cd410016390495:0x8b18b03fe766a1fa!8m2!3d22.3252329!4d103.8451412!16s%2Fg%2F11xmhzt08j!19sChIJlQQ5FgBBzTYR-qFm5z-wGIs?authuser=0&hl=en&rclk=1,https://www.facebook.com/share/16paAtXs1R/
attraction00923,Khu vực săn mây Hầu Thào,khu vuc san may hau thao,,"8VCC+HW, Lao Chải, Sa Pa, Lào Cai",Lào Cai,lao cai,22.3214898,103.8723481,,0,,4.3,Attraction,Attraction,https://www.google.com/maps/place/Khu+v%E1%BB%B1c+s%C4%83n+m%C3%A2y+H%E1%BA%A7u+Th%C3%A0o/data=!4m7!3m6!1s0x36cd410067773eb5:0xd13d661a8f1ee9a8!8m2!3d22.3214898!4d103.8723481!16s%2Fg%2F11y74nn_qj!19sChIJtT53ZwBBzTYRqOkejxpmPdE?authuser=0&hl=en&rclk=1,
attraction00924,Water fall,water fall,,"7WV4+76Q, Unnamed Road, Tả Van, Sa Pa, Lào Cai",Lào Cai,lao cai,22.2932124,103.9055941,,0,,4.0,Attraction,Attraction,https://www.google.com/maps/place/Water+fall/data=!4m7!3m6!1s0x36cd47c2bf9c46e1:0x1d53fd65e1e72f05!8m2!3d22.2932124!4d103.9055941!16s%2Fg%2F11ngdd_hsw!19sChIJ4Uacv8JHzTYRBS_n4WX9Ux0?authuser=0&hl=en&rclk=1,
attraction00925,Du Lịch Thiểu Số,du lich thieu so,,"785 Đường Điện Biên Phủ, TT. Sa Pa, Sa Pa, Lào Cai",Lào Cai,lao cai,22.3415564,103.8320097,0214 3773 388 ,0,,4.8,Attraction,Attraction,https://www.google.com/maps/place/Du+L%E1%BB%8Bch+Thi%E1%BB%83u+S%E1%BB%91/data=!4m7!3m6!1s0x36cd416c7b4e71b5:0xc04834c8a7d19b83!8m2!3d22.3415564!4d103.8320097!16s%2Fg%2F11ck6j_btz!19sChIJtXFOe2xBzTYRg5vRp8g0SMA?authuser=0&hl=en&rclk=1,
attraction00926,waterfall,,waterfall,"7VQX+9J Sa Pa, Lao Cai",Lao Cai,lao cai,22.2884349,103.8990537,,0,,,Natural,Attraction,https://www.google.com/maps/place/waterfall/data=!4m7!3m6!1s0x36cd47003aaaf0a3:0x947a69a813a10162!8m2!3d22.2884349!4d103.8990537!16s%2Fg%2F11x_7lw71_!19sChIJo_CqOgBHzTYRYgGhE6hpepQ?authuser=0&hl=en&rclk=1,
attraction00927,Sky Mountain View,sky view,mountain,"Lao Chai, Sa Pa, Lao Cai",Lao Cai,lao cai,22.3240755,103.8621358,0886 011 995 ,0,,,Natural,Attraction,https://www.google.com/maps/place/Sky+Mountain+View/data=!4m7!3m6!1s0x36cd41006a24d33d:0x58cd57ce8ba497e8!8m2!3d22.3240755!4d103.8621358!16s%2Fg%2F11ylsb4d6j!19sChIJPdMkagBBzTYR6Jeki85XzVg?authuser=0&hl=en&rclk=1,
attraction00928,Ngũ Chỉ Sơn Trekking Sapa,ngu chi son trekking sapa,,"Trại Cá Tầm, Cá Hồi Ngũ Chỉ Sơn Trekking, Thôn Can Hồ A, Việt Nam, Sa Pa, Lào Cai 31710",Lào Cai,lao cai,22.413924,103.7949688,0815 718 718 ,0,,4.9,Attraction,Attraction,https://www.google.com/maps/place/Ng%C5%A9+Ch%E1%BB%89+S%C6%A1n+Trekking+Sapa/data=!4m7!3m6!1s0x36cd694dd8e3372d:0x8ce7c33afa425302!8m2!3d22.413924!4d103.7949688!16s%2Fg%2F11k9j1gr9s!19sChIJLTfj2E1pzTYRAlNC-jrD54w?authuser=0&hl=en&rclk=1,https://nguchisontrekking.com/
attraction00929,Ly Stream Lao Chai,ly stream lao chai,,"Đầu cầu, Sa Pa, Lao Cai",Lao Cai,lao cai,22.3099496,103.8755985,0988 807 807 ,0,,4.5,Attraction,Attraction,https://www.google.com/maps/place/Ly+Stream+Lao+Chai/data=!4m7!3m6!1s0x36cd40d164b05b71:0x3927faaf89e67287!8m2!3d22.3099496!4d103.8755985!16s%2Fg%2F11hd21py5m!19sChIJcVuwZNFAzTYRh3Lmia_6Jzk?authuser=0&hl=en&rclk=1,
attraction00930,Huy Farm,huy farm,,"7VPR+VGQ Ta Van - Seo My Ty, Tả Van, Sa Pa, Lào Cai",Lào Cai,lao cai,22.287213,103.8913456,,0,,3.0,Attraction,Attraction,https://www.google.com/maps/place/Huy+Farm/data=!4m7!3m6!1s0x36cd4789e9c53259:0x2a232c8d7c827683!8m2!3d22.287213!4d103.8913456!16s%2Fg%2F11p9x2k21q!19sChIJWTLF6YlHzTYRg3aCfI0sIyo?authuser=0&hl=en&rclk=1,
attraction00931,Biển Mây Ô Quý Hồ Sa Pa,bien may o quy sa pa,lake,"QL4D, San Sả Hồ, Sa Pa, Lào Cai",Lào Cai,lao cai,22.3610085,103.7908703,0986 020 020 ,0,,4.1,Natural,Attraction,https://www.google.com/maps/place/Bi%E1%BB%83n+M%C3%A2y+%C3%94+Qu%C3%BD+H%E1%BB%93+Sa+Pa/data=!4m7!3m6!1s0x36cd431bef9c1889:0xfd03ae7c85fae5ef!8m2!3d22.3610085!4d103.7908703!16s%2Fg%2F11mpy99jff!19sChIJiRic7xtDzTYR7-X6hXyuA_0?authuser=0&hl=en&rclk=1,
attraction00932,Lanka garden,lanka gar,temple,"Km30, Chu Lìn 1, Sa Pả, Sa Pa, Lào Cai",Lào Cai,lao cai,22.3738108,103.8736193,,0,,5.0,Attraction,Attraction,https://www.google.com/maps/place/Lanka+garden/data=!4m7!3m6!1s0x36cd416bb7d7fe29:0x93b9d07416a4b7e0!8m2!3d22.3738108!4d103.8736193!16s%2Fg%2F11rz99v380!19sChIJKf7Xt2tBzTYR4LekFnTQuZM?authuser=0&hl=en&rclk=1,
attraction00933,Khu Du Lịch Cổng Trời Ô Quy Hồ,khu du lich cong troi o quy,lake,"Khu Cổng trời, Tam Đường District, Lai Chau 30000",Lai Chau,lai chau,22.3528084,103.7648421,0967 359 329 ,0,,4.5,Attraction,Attraction,https://www.google.com/maps/place/Khu+Du+L%E1%BB%8Bch+C%E1%BB%95ng+Tr%E1%BB%9Di+%C3%94+Quy+H%E1%BB%93/data=!4m7!3m6!1s0x36cd43c1642f5489:0x997795afcc8be85!8m2!3d22.3528084!4d103.7648421!16s%2Fg%2F11w4bbjr5f!19sChIJiVQvZMFDzTYRhb7I_Fp5lwk?authuser=0&hl=en&rclk=1,https://congtroioquyho.com/
attraction00934,Nhà hát CatCat,nha hat catcat,,"8RGM+VGP, Cát Cát, Sa Pa, Lào Cai",Lào Cai,lao cai,22.3272042,103.8338336,,0,,4.1,Attraction,Attraction,https://www.google.com/maps/place/Nh%C3%A0+h%C3%A1t+CatCat/data=!4m7!3m6!1s0x36cd41432fbf47d3:0x2a4c795a02a3f65a!8m2!3d22.3272042!4d103.8338336!16s%2Fg%2F11cm1cyyvn!19sChIJ00e_L0NBzTYRWvajAlp5TCo?authuser=0&hl=en&rclk=1,
attraction00935,Homestay Coldwinter,coldwinter,homestay,"100 Đường Điện Biên Phủ, Tổ 4 - Phường, Sa Pa, Lào Cai 330000",Lào Cai,lao cai,22.3472895,103.8560915,0918 979 968 ,0,,,Attraction,Attraction,https://www.google.com/maps/place/Homestay+Coldwinter/data=!4m7!3m6!1s0x36cd41089e44bbb7:0xce33377f3b2f7086!8m2!3d22.3472895!4d103.8560915!16s%2Fg%2F11rgh7bhy1!19sChIJt7tEnghBzTYRhnAvO383M84?authuser=0&hl=en&rclk=1,
attraction00936,Du Lịch Thác JGooooo,du lich jgooooo,waterfall,"Séo Trung Hồ, Sa Pa, Lao Cai",Lao Cai,lao cai,22.2577485,103.9316915,0912 534 036 ,0,,4.7,Attraction,Attraction,https://www.google.com/maps/place/Du+L%E1%BB%8Bch+Th%C3%A1c+JGooooo/data=!4m7!3m6!1s0x36cd397d58b17081:0xc1e9dec8e016bef5!8m2!3d22.2577485!4d103.9316915!16s%2Fg%2F11p07grpfd!19sChIJgXCxWH05zTYR9b4W4Mje6cE?authuser=0&hl=en&rclk=1,
attraction00937,Cắm Trại - Bản Khoang - Sapa,cam trai ban kang sapa,lake,"9QWP+4RW, ĐT155, Ngũ Chỉ Sơn, Sa Pa, Lào Cai",Lào Cai,lao cai,22.395361,103.7870921,,0,,3.7,Attraction,Attraction,https://www.google.com/maps/place/C%E1%BA%AFm+Tr%E1%BA%A1i+-+B%E1%BA%A3n+Khoang+-+Sapa/data=!4m7!3m6!1s0x36cd4398501a1f63:0x76313066b548b8b!8m2!3d22.395361!4d103.7870921!16s%2Fg%2F11r2j2y8j_!19sChIJYx8aUJhDzTYRi4tUawYTYwc?authuser=0&hl=en&rclk=1,
attraction00938,Phố Đèn Lồng Sapa,p den long sapa,lake,"8RMV+52G, 26 Đ. Đông Lợi, TT. Sa Pa, Sa Pa, Lào Cai",Lào Cai,lao cai,22.3329203,103.8424891,,0,,4.5,Attraction,Attraction,https://www.google.com/maps/place/Ph%E1%BB%91+%C4%90%C3%A8n+L%E1%BB%93ng+Sapa/data=!4m7!3m6!1s0x36cd418cf265ffa5:0x2aded66b15b17cd3!8m2!3d22.3329203!4d103.8424891!16s%2Fg%2F11t5wqz_lm!19sChIJpf9l8oxBzTYR03yxFWvW3io?authuser=0&hl=en&rclk=1,
attraction00939,Sissi's Batik & Trekking,sissi s batik trekking,,"7WX3+5G7, Giàng Tả Chải - Tả Van, Tả Van, Sa Pa, Lào Cai",Lào Cai,lao cai,22.2979248,103.903792,0346 161 352 ,0,,5.0,Attraction,Attraction,https://www.google.com/maps/place/Sissi%27s+Batik+%26+Trekking/data=!4m7!3m6!1s0x36cd4700756a9a6b:0xea3aeabb4541f34a!8m2!3d22.2979248!4d103.903792!16s%2Fg%2F11y3lr5bfh!19sChIJa5pqdQBHzTYRSvNBRbvqOuo?authuser=0&hl=en&rclk=1,
attraction00940,Duy Đức family,duy duc family,,"Thôn san 2, Sa Pa, Lao Cai 333000",Lao Cai,lao cai,22.3029038,103.8587098,0386 462 482 ,0,,1.0,Attraction,Attraction,https://www.google.com/maps/place/Duy+%C4%90%E1%BB%A9c+family/data=!4m7!3m6!1s0x36cd4724f02a48af:0x749402ddcff08920!8m2!3d22.3029038!4d103.8587098!16s%2Fg%2F11vrcfn72f!19sChIJr0gq8CRHzTYRIInwz90ClHQ?authuser=0&hl=en&rclk=1,
attraction00941,Lala Tour,lala tour,,"TL 152 Giang Ta Chai, Mường Hoa, Sa Pa, Lào Cai",Lào Cai,lao cai,22.3003814,103.9090294,0963 996 874 ,0,,5.0,Attraction,Attraction,https://www.google.com/maps/place/Lala+Tour/data=!4m7!3m6!1s0x36cd472ebe821713:0x71e59cf492783b89!8m2!3d22.3003814!4d103.9090294!16s%2Fg%2F11vdf0flfq!19sChIJExeCvi5HzTYRiTt4kvSc5XE?authuser=0&hl=en&rclk=1,https://instagram.com/lalavangthi?utm_source=qr&igshid=MzNlNGNkZWQ4Mg==
attraction00942,Selfier Cat Cat,selfier cat cat,,"8RHM+2F9, Cát Cát, Sa Pa, Lào Cai",Lào Cai,lao cai,22.3275375,103.8337344,,0,,,Attraction,Attraction,https://www.google.com/maps/place/Selfier+Cat+Cat/data=!4m7!3m6!1s0x36cd41004c7880a7:0x3284565cad2a0a5c!8m2!3d22.3275375!4d103.8337344!16s%2Fg%2F11mkcmt66r!19sChIJp4B4TABBzTYRXAoqrVxWhDI?authuser=0&hl=en&rclk=1,
attraction00943,Authentic Sapa Tour,authentic sapa tour,,"Phạm Xuân Huân, TT. Sa Pa, Sa Pa, Lào Cai 330000",Lào Cai,lao cai,22.3345018,103.8422135,0986 189 666 ,0,,5.0,Attraction,Attraction,https://www.google.com/maps/place/Authentic+Sapa+Tour/data=!4m7!3m6!1s0x36cd4113260ef4b9:0xc34b46110e05c597!8m2!3d22.3345018!4d103.8422135!16s%2Fg%2F11y66wqvyd!19sChIJufQOJhNBzTYRl8UFDhFGS8M?authuser=0&hl=en&rclk=1,http://authenticsapatour.com/
attraction00944,Tiểu đỉnh Lao Chải,tieu dinh lao chai,,"8V5F+H4J, Lao Chải, Sa Pa, Lào Cai",Lào Cai,lao cai,22.310154,103.872193,,0,,4.8,Attraction,Attraction,https://www.google.com/maps/place/Ti%E1%BB%83u+%C4%91%E1%BB%89nh+Lao+Ch%E1%BA%A3i/data=!4m7!3m6!1s0x36cd41b7e676b7f3:0xae30559b075ba245!8m2!3d22.310154!4d103.872193!16s%2Fg%2F11ts684_qc!19sChIJ87d25rdBzTYRRaJbB5tVMK4?authuser=0&hl=en&rclk=1,
attraction00945,Vườn Mai Anh Đào Sapa,vuon mai anh sapa,island,"QL4D đường Điện Biên Phủ, TT. Sa Pa, Sa Pa, Lào Cai 31752",Lào Cai,lao cai,22.3643915,103.7996966,,0,,2.8,Attraction,Attraction,https://www.google.com/maps/place/V%C6%B0%E1%BB%9Dn+Mai+Anh+%C4%90%C3%A0o+Sapa/data=!4m7!3m6!1s0x36cd434095bd986b:0xa51408c599eae727!8m2!3d22.3643915!4d103.7996966!16s%2Fg%2F11wwhyr679!19sChIJa5i9lUBDzTYRJ-fqmcUIFKU?authuser=0&hl=en&rclk=1,
attraction00946,גשר הזכוכית,g r hz v yt,,"9QF5+528, QL4D, TT. Sa Pa, Sa Pa, Lào Cai",Lào Cai,lao cai,22.3729009,103.7575804,,0,,4.7,Attraction,Attraction,https://www.google.com/maps/place/%D7%92%D7%A9%D7%A8+%D7%94%D7%96%D7%9B%D7%95%D7%9B%D7%99%D7%AA%E2%80%AD/data=!4m7!3m6!1s0x36cd430020862bad:0xcf17110d54d04bd0!8m2!3d22.3729009!4d103.7575804!16s%2Fg%2F11x8qwvd9n!19sChIJrSuGIABDzTYR0EvQVA0RF88?authuser=0&hl=en&rclk=1,
attraction00947,Điểm du lịch & nhà hàng Mộng Mơ SaPa,diem du lich mong mo sapa,restaurant,"Tổ 2 Phường Ô Quý Hồ, TT. Sa Pa, Sa Pa, Lào Cai 333100",Lào Cai,lao cai,22.366536,103.793316,0376 879 046 ,0,,4.8,Attraction,Attraction,https://www.google.com/maps/place/%C4%90i%E1%BB%83m+du+l%E1%BB%8Bch+%26+nh%C3%A0+h%C3%A0ng+M%E1%BB%99ng+M%C6%A1+SaPa/data=!4m7!3m6!1s0x36cd431440780481:0xc983de99ce9a16ef!8m2!3d22.366536!4d103.793316!16s%2Fg%2F11ty7b2qn3!19sChIJgQR4QBRDzTYR7xaazpneg8k?authuser=0&hl=en&rclk=1,
attraction00948,Điểm Bán Vé Cáp Treo Fansipan - VeCapTreoSapa,diem ban ve cap treo fansipan vecaptreosapa,,"Số 031 phố Cầu Mây, TT. Sa Pa, Sa Pa, Lào Cai 330000",Lào Cai,lao cai,22.3334227,103.842728,0969 158 878 ,0,,4.9,Attraction,Attraction,https://www.google.com/maps/place/%C4%90i%E1%BB%83m+B%C3%A1n+V%C3%A9+C%C3%A1p+Treo+Fansipan+-+VeCapTreoSapa/data=!4m7!3m6!1s0x36cd418f01373167:0x13ac6b58ce2cb95c!8m2!3d22.3334227!4d103.842728!16s%2Fg%2F11tf71937x!19sChIJZzE3AY9BzTYRXLkszlhrrBM?authuser=0&hl=en&rclk=1,https://vecaptreosapa.com/
attraction00949,CHỢ TÌNH SAPA,c tinh sapa,lake,"8RQX+MRQ, Đường Điện Biên Phủ, TT. Sa Pa, Sa Pa, Lào Cai",Lào Cai,lao cai,22.3392033,103.8496112,,0,,4.5,Attraction,Attraction,https://www.google.com/maps/place/CH%E1%BB%A2+T%C3%8CNH+SAPA/data=!4m7!3m6!1s0x36cd410021a77c99:0xe8944713bae19857!8m2!3d22.3392033!4d103.8496112!16s%2Fg%2F11wx6y6q84!19sChIJmXynIQBBzTYRV5jhuhNHlOg?authuser=0&hl=en&rclk=1,
attraction00950,Ô quy hồ-MÂY NGÀN,o quy may ngan,lake,"Cổng trời ô quý hô mây ngàn, Sơn Bình, Lai châu, Lai Châu",Lai Châu,lai chau,22.3556012,103.7608333,0329 574 391 ,0,,4.8,Attraction,Attraction,https://www.google.com/maps/place/%C3%94+quy+h%E1%BB%93-M%C3%82Y+NG%C3%80N/data=!4m7!3m6!1s0x36cd431d25134691:0xe2ad3cdd644802b3!8m2!3d22.3556012!4d103.7608333!16s%2Fg%2F11w7d64_nk!19sChIJkUYTJR1DzTYRswJIZN08reI?authuser=0&hl=en&rclk=1,
attraction00951,Hang Pho Temple,hang p temple,lake,"32 Fansipan, TT. Sa Pa, Sa Pa, Lào Cai",Lào Cai,lao cai,22.3332441,103.8404137,0916 279 888 ,0,,4.5,Cultural,Attraction,https://www.google.com/maps/place/Hang+Pho+Temple/data=!4m7!3m6!1s0x36cd416bb635919d:0x18353a88560b958a!8m2!3d22.3332441!4d103.8404137!16s%2Fg%2F1tcw_v40!19sChIJnZE1tmtBzTYRipULVog6NRg?authuser=0&hl=en&rclk=1,https://www.vietfuntravel.com.vn/blog/du-lich-sapa-den-hang-pho.html
attraction00952,Bán đất Sa Pa 1058m2,ban dat sa pa 1058m2,beach,"Sở Than, Sa Pa, Lao Cai 330000",Lao Cai,lao cai,22.3376354,103.8404975,0903 264 727 ,0,,,Attraction,Attraction,https://www.google.com/maps/place/B%C3%A1n+%C4%91%E1%BA%A5t+Sa+Pa+1058m2/data=!4m7!3m6!1s0x36cd416ccd4bcab9:0x6094912c6c8ae77e!8m2!3d22.3376354!4d103.8404975!16s%2Fg%2F11vdvjy000!19sChIJucpLzWxBzTYRfueKbCyRlGA?authuser=0&hl=en&rclk=1,
attraction00953,Mau Son Temple,mau son,temple,"8VP2+M2P, TT. Sa Pa, Sa Pa, Lào Cai",Lào Cai,lao cai,22.3367174,103.8500667,,0,,4.2,Cultural,Attraction,https://www.google.com/maps/place/Mau+Son+Temple/data=!4m7!3m6!1s0x36cd4113dd758ad5:0x4b82e10db0ec8abf!8m2!3d22.3367174!4d103.8500667!16s%2Fg%2F11c1tb8jxf!19sChIJ1Yp13RNBzTYRv4rssA3hgks?authuser=0&hl=en&rclk=1,
attraction00954,Mã Si H`Mông Homestay,ma si h mong,homestay,"Ta Phin, Sa Pa, Lao Cai",Lao Cai,lao cai,22.3922608,103.8342943,0918 643 700 ,0,,4.8,Attraction,Attraction,https://www.google.com/maps/place/M%C3%A3+Si+H%60M%C3%B4ng+Homestay/data=!4m7!3m6!1s0x36cd41d4cc051621:0x100b2e487588410!8m2!3d22.3922608!4d103.8342943!16s%2Fg%2F11r8cvbdxq!19sChIJIRYFzNRBzTYREIRYh-SyAAE?authuser=0&hl=en&rclk=1,
attraction00955,Nhà Hàng - Khách Sạn - Tâm Tình Sapa,khach san tam tinh sapa,restaurant,"536 Đường Điện Biên Phủ, TT. Sa Pa, Sa Pa, Lào Cai 31000",Lào Cai,lao cai,22.3402759,103.8466817,0987 292 066 ,0,,2.8,Attraction,Attraction,https://www.google.com/maps/place/Nh%C3%A0+H%C3%A0ng+-+Kh%C3%A1ch+S%E1%BA%A1n+-+T%C3%A2m+T%C3%ACnh+Sapa/data=!4m7!3m6!1s0x36cd4108ac46cdb5:0xc6c8f094266f7dcb!8m2!3d22.3402759!4d103.8466817!16s%2Fg%2F11ks48k82k!19sChIJtc1GrAhBzTYRy31vJpTwyMY?authuser=0&hl=en&rclk=1,https://www.facebook.com/profile.php?id=100011049633817
attraction00956,Điểm Review Lao Chải-Tả Van,diem review lao chai ta van,,"TL152, Lao Chải, Sa Pa, Lào Cai 330000",Lào Cai,lao cai,22.3091194,103.8851218,0856 439 686 ,0,,4.5,Attraction,Attraction,https://www.google.com/maps/place/%C4%90i%E1%BB%83m+Review+Lao+Ch%E1%BA%A3i-T%E1%BA%A3+Van/data=!4m7!3m6!1s0x36cd413b79c5635f:0xeba8b96ddf12df!8m2!3d22.3091194!4d103.8851218!16s%2Fg%2F11p0vg_08h!19sChIJX2PFeTtBzTYR3xLfbbmo6wA?authuser=0&hl=en&rclk=1,
attraction00957,Cây Cô Đơn - Ngũ Chỉ Sơn,cay co don ngu chi son,market,"9QQP+6Q, Ngũ Chỉ Sơn, Sa Pa, Lào Cai",Lào Cai,lao cai,22.3880777,103.7869013,,0,,4.6,Attraction,Attraction,https://www.google.com/maps/place/C%C3%A2y+C%C3%B4+%C4%90%C6%A1n+-+Ng%C5%A9+Ch%E1%BB%89+S%C6%A1n/data=!4m7!3m6!1s0x36cd430068b8bcc9:0xa5c18b4b08ca6eb5!8m2!3d22.3880777!4d103.7869013!16s%2Fg%2F11y3t4lzmk!19sChIJyby4aABDzTYRtW7KCEuLwaU?authuser=0&hl=en&rclk=1,
attraction00958,Cable Car Station – Sun World Fansipan Legend,cable car station sun world fansipan legend,,"89B Nguyễn Chí Thanh, TT. Sa Pa, Sa Pa, Lào Cai",Lào Cai,lao cai,22.3369522,103.8241753,,195000,₫195000,4.5,Attraction,Attraction,https://www.google.com/maps/place/Cable+Car+Station+%E2%80%93+Sun+World+Fansipan+Legend/data=!4m7!3m6!1s0x36cd416180bcd2dd:0x9ec0847e972c90b8!8m2!3d22.3369522!4d103.8241753!16s%2Fg%2F11cjhhfmgp!19sChIJ3dK8gGFBzTYRuJAsl36EwJ4?authuser=0&hl=en&rclk=1,https://www.ticketcheap.shop/fansipan-cablecar
attraction00959,Sapa Natural Forest,sapa natural forest,,"8V5F+H4J, Lao Chải, Sa Pa, Lào Cai",Lào Cai,lao cai,22.3096107,103.8727096,0378 649 916 ,0,,5.0,Attraction,Attraction,https://www.google.com/maps/place/Sapa+Natural+Forest/data=!4m7!3m6!1s0x36cd4120ee6b8e31:0xe08717a55952c13f!8m2!3d22.3096107!4d103.8727096!16s%2Fg%2F11q9ftxg6d!19sChIJMY5r7iBBzTYRP8FSWaUXh-A?authuser=0&hl=en&rclk=1,https://www.facebook.com/SapaNaturalForestFarmstay/
attraction00960,Ngõ Hướng Mây xuống quảng trường,ngo huong may xuong,square,"8RPR+V5Q, Ng. 01 Đ. Hoàng Diệu, TT. Sa Pa, Sa Pa, Lào Cai",Lào Cai,lao cai,22.3372248,103.8404909,,0,,5.0,Attraction,Attraction,https://www.google.com/maps/place/Ng%C3%B5+H%C6%B0%E1%BB%9Bng+M%C3%A2y+xu%E1%BB%91ng+qu%E1%BA%A3ng+tr%C6%B0%E1%BB%9Dng/data=!4m7!3m6!1s0x36cd41007a39bff3:0x1166012b303b71!8m2!3d22.3372248!4d103.8404909!16s%2Fg%2F11x2w3kts9!19sChIJ8785egBBzTYRcTswKwFmEQA?authuser=0&hl=en&rclk=1,
attraction00961,Mama Tom Tom,mama tom tom,,"8V9W+QQH, Mường Hoa, Sa Pa, Lào Cai",Lào Cai,lao cai,22.3194416,103.8969993,0913 970 324 ,0,,4.9,Attraction,Attraction,https://www.google.com/maps/place/Mama+Tom+Tom/data=!4m7!3m6!1s0x36cd4198ebfb6bb3:0x7fad82b86803d9e4!8m2!3d22.3194416!4d103.8969993!16s%2Fg%2F11tgb8v0c5!19sChIJs2v765hBzTYR5NkDaLiCrX8?authuser=0&hl=en&rclk=1,
attraction00962,Điểm săn mây Ngũ Chỉ Sơn,diem san may ngu chi son,,"9QWP+5Q8, Ngũ Chỉ Sơn, Sa Pa, Lào Cai",Lào Cai,lao cai,22.3954159,103.7869469,,0,,,Attraction,Attraction,https://www.google.com/maps/place/%C4%90i%E1%BB%83m+s%C4%83n+m%C3%A2y+Ng%C5%A9+Ch%E1%BB%89+S%C6%A1n/data=!4m7!3m6!1s0x36cd43001a172141:0x90a12087a8cb7740!8m2!3d22.3954159!4d103.7869469!16s%2Fg%2F11w_z6m9p8!19sChIJQSEXGgBDzTYRQHfLqIcgoZA?authuser=0&hl=en&rclk=1,
attraction00963,Goddess of Mercy,goddess of mercy,,"8RQF+6FG, TT. Sa Pa, Sa Pa, Lào Cai",Lào Cai,lao cai,22.3380509,103.8237036,,0,,4.6,Attraction,Attraction,https://www.google.com/maps/place/Goddess+of+Mercy/data=!4m7!3m6!1s0x36cd4162250d22a3:0x26ff3def41bde412!8m2!3d22.3380509!4d103.8237036!16s%2Fg%2F11g8wz4dxc!19sChIJoyINJWJBzTYREuS9Qe89_yY?authuser=0&hl=en&rclk=1,
attraction00964,Dao Tà Chải Farmstay,ta chai farmstay,island,"Đội 13, thôn, Tà Chải, Sa Pa, Lào Cai 33000",Lào Cai,lao cai,22.4281773,103.8412049,0834 703 268 ,0,,4.5,Attraction,Attraction,https://www.google.com/maps/place/Dao+T%C3%A0+Ch%E1%BA%A3i+Farmstay/data=!4m7!3m6!1s0x36cd6bf2d4c2b907:0xa8922d964bb64885!8m2!3d22.4281773!4d103.8412049!16s%2Fg%2F11swtywn8z!19sChIJB7nC1PJrzTYRhUi2S5Ytkqg?authuser=0&hl=en&rclk=1,
attraction00965,Mật Pet Farm - Sapa,mat pet farm sapa,,"058 Violet, Phường Cầu Mây, Sa Pa, Lào Cai 31100",Lào Cai,lao cai,22.3315998,103.8413361,0372 085 606 ,0,,4.9,Attraction,Attraction,https://www.google.com/maps/place/M%E1%BA%ADt+Pet+Farm+-+Sapa/data=!4m7!3m6!1s0x36cd4100523da62f:0xb041678b4deb015e!8m2!3d22.3315998!4d103.8413361!16s%2Fg%2F11mcf9klsn!19sChIJL6Y9UgBBzTYRXgHrTYtnQbA?authuser=0&hl=en&rclk=1,
attraction00966,Bich Van Pagoda | Bich Van Thien Temple,bich van bich van thien temple,pagoda,"8Q4F+6XX, San Sả Hồ, Tam Đường, Lai Châu 330000",Lai Châu,lai chau,22.3056109,103.7749861,,0,,4.7,Cultural,Attraction,https://www.google.com/maps/place/Bich+Van+Pagoda+%7C+Bich+Van+Thien+Temple/data=!4m7!3m6!1s0x36cd4487594c9ad1:0xaf78deffd2c08028!8m2!3d22.3056109!4d103.7749861!16s%2Fg%2F11f2p83hsp!19sChIJ0ZpMWYdEzTYRKIDA0v_eeK8?authuser=0&hl=en&rclk=1,
attraction00967,Tắm lá thuốc mẩy linh,tam la thuoc may linh,,"8W23+GWJ, thôn Bản Pho, Sa Pa, Lào Cai",Lào Cai,lao cai,22.301335,103.904758,0377 770 304 ,0,,4.7,Attraction,Attraction,https://www.google.com/maps/place/T%E1%BA%AFm+l%C3%A1+thu%E1%BB%91c+m%E1%BA%A9y+linh/data=!4m7!3m6!1s0x36cd41b8b8cd8ca3:0x40bdf134b5ae23d2!8m2!3d22.301335!4d103.904758!16s%2Fg%2F11v9ys9mmq!19sChIJo4zNuLhBzTYR0iOutTTxvUA?authuser=0&hl=en&rclk=1,
attraction00968,사파가는길,sapaganeungil,,"Lào Cai, 사빠 Trung Chải, CV6X+M9",Lào Cai,lao cai,22.4111156,103.8985597,,0,,,Attraction,Attraction,https://www.google.com/maps/place/%EC%82%AC%ED%8C%8C%EA%B0%80%EB%8A%94%EA%B8%B8/data=!4m7!3m6!1s0x36cd6b00042fb9b9:0xad875c517cc50aeb!8m2!3d22.4111156!4d103.8985597!16s%2Fg%2F11ymmdkl_0!19sChIJubkvBABrzTYR6wrFfFFch60?authuser=0&hl=en&rclk=1,
attraction00969,Ms Hau Sapa Tour Adventures,ms hau sapa tour adventures,,"816 A Đường Điện Biên Phủ, Tx, Sa Pa, Lào Cai",Lào Cai,lao cai,22.3413704,103.8326561,0975 691 234 ,0,,4.7,Attraction,Attraction,https://www.google.com/maps/place/Ms+Hau+Sapa+Tour+Adventures/data=!4m7!3m6!1s0x36cd41134ff5ac2f:0xa0ce22485ea9b4c2!8m2!3d22.3413704!4d103.8326561!16s%2Fg%2F1pty9kcy9!19sChIJL6z1TxNBzTYRwrSpXkgizqA?authuser=0&hl=en&rclk=1,
attraction00970,Đỉnh Miêu Thạch Sơn,dinh mieu h son,waterfall,"8P9Q+QJ, Bản Bo, Tam Đường, Lai Châu",Lai Châu,lai chau,22.3194567,103.7390353,,0,,,Attraction,Attraction,https://www.google.com/maps/place/%C4%90%E1%BB%89nh+Mi%C3%AAu+Th%E1%BA%A1ch+S%C6%A1n/data=!4m7!3m6!1s0x36cd43001992395f:0x53c808ea88e3dd8f!8m2!3d22.3194567!4d103.7390353!16s%2Fg%2F11xzh2wmn5!19sChIJXzmSGQBDzTYRj93jiOoIyFM?authuser=0&hl=en&rclk=1,
attraction00971,Anhnuoi Group,anhnuoi group,,"Unnamed Road, Tung Chải, Sa Pa, Lào Cai",Lào Cai,lao cai,22.411524,103.870021,0363 999 247 ,0,,3.0,Attraction,Attraction,https://www.google.com/maps/place/Anhnuoi+Group/data=!4m7!3m6!1s0x36cd6bcc0ed7fdab:0xd43f9e65bd5a82d3!8m2!3d22.411524!4d103.870021!16s%2Fg%2F11q8w7gvjm!19sChIJq_3XDsxrzTYR04JavWWeP9Q?authuser=0&hl=en&rclk=1,
attraction00972,Sapa Night Club,sapa night club,,"29c Ng. Cầu Mây, TT. Sa Pa, Sa Pa, Lào Cai 330000",Lào Cai,lao cai,22.3336091,103.8424592,0878 738 989 ,0,,4.3,Attraction,Attraction,https://www.google.com/maps/place/Sapa+Night+Club/data=!4m7!3m6!1s0x36cd41f8acfcb1c9:0x4370291f107a412a!8m2!3d22.3336091!4d103.8424592!16s%2Fg%2F11w_xq7309!19sChIJybH8rPhBzTYRKkF6EB8pcEM?authuser=0&hl=en&rclk=1,
restaurant00973,Coba Coffee,coba,cafe,"105 Đường Hai Bà Trưng, Phường 6, Đà Lạt, Lâm Đồng 670000",Đà Lạt,da lat,11.945054,108.433109,0945 209 079 ,100000,"100,000",4.8,Coffee Shop,Restaurant,https://www.google.com/maps/place/Coba+Coffee/data=!4m7!3m6!1s0x317113b01b67ca3b:0xfb4c70070a4833db!8m2!3d11.945054!4d108.433109!16s%2Fg%2F11h101ggd0!19sChIJO8pnG7ATcTER2zNICgdwTPs?authuser=0&hl=en&rclk=1,http://cobacaphedalat.com/
restaurant00974,Tiệm Cà Phê Túi Mơ To,tiem tui mo to,cafe,"Hẻm 31 Sào Nam, Phường 11, Đà Lạt, Lâm Đồng 66100",Đà Lạt,da lat,11.9409956,108.4836846,0978 476 942 ,100000,"100,000",4.5,Coffee Shop,Restaurant,https://www.google.com/maps/place/Ti%E1%BB%87m+C%C3%A0+Ph%C3%AA+T%C3%BAi+M%C6%A1+To/data=!4m7!3m6!1s0x3171137e0b663621:0xbd8adab3ed9921bd!8m2!3d11.9409956!4d108.4836846!16s%2Fg%2F11ngjpscp5!19sChIJITZmC34TcTERvSGZ7bPair0?authuser=0&hl=en&rclk=1,https://www.facebook.com/tiemcaphe.tuimoto
restaurant00975,Cafe Tỏi Đen - Quán cà phê trung tâm Đà Lạt,toi den quan trung tam da lat,cafe,"206/15 Đ. Tô Ngọc Vân, Phường 2, Đà Lạt, Lâm Đồng 670000",Đà Lạt,da lat,11.9492694,108.4336456,0968 115 005 ,100000,"100,000",4.6,Coffee Shop,Restaurant,https://www.google.com/maps/place/Cafe+T%E1%BB%8Fi+%C4%90en+-+Qu%C3%A1n+c%C3%A0+ph%C3%AA+trung+t%C3%A2m+%C4%90%C3%A0+L%E1%BA%A1t/data=!4m7!3m6!1s0x31711327c646f10d:0x6902656e3f1caafb!8m2!3d11.9492694!4d108.4336456!16s%2Fg%2F11bzv05y4x!19sChIJDfFGxicTcTER-6ocP25lAmk?authuser=0&hl=en&rclk=1,http://cafetoiden.vn/
restaurant00976,Dalat View cafe,dalat view,cafe,"49 Khe Sanh, Phường 10, Đà Lạt, Lâm Đồng",Đà Lạt,da lat,11.9333888,108.4581501,0888 888 081 ,100000,"100,000",4.0,Coffee Shop,Restaurant,https://www.google.com/maps/place/Dalat+View+cafe/data=!4m7!3m6!1s0x31711300781641b7:0x1b0c68b67c1c2091!8m2!3d11.9333888!4d108.4581501!16s%2Fg%2F11f66qjq_s!19sChIJt0EWeAATcTERkSAcfLZoDBs?authuser=0&hl=en&rclk=1,http://dalatview.com/
restaurant00977,Nhà Lồng Coffee,nha long,cafe,"6A Trần Hưng Đạo, Phường 3, Đà Lạt, Lâm Đồng 670000",Đà Lạt,da lat,11.9361248,108.4442214,0974 324 243 ,100000,"100,000",4.7,Coffee Shop,Restaurant,https://www.google.com/maps/place/Nh%C3%A0+L%E1%BB%93ng+Coffee/data=!4m7!3m6!1s0x317113408018ab01:0x373cef5677f1ba07!8m2!3d11.9361248!4d108.4442214!16s%2Fg%2F11gwml7bct!19sChIJAasYgEATcTERB7rxd1bvPDc?authuser=0&hl=en&rclk=1,
restaurant00978,Quiet Art Cafe,quiet art,cafe,"19 Đường Nguyễn Khuyến, Phường 5, Đà Lạt, Lâm Đồng 66000",Đà Lạt,da lat,11.9442973,108.4219362,0913 826 768 ,100000,"100,000",5.0,Coffee Shop,Restaurant,https://www.google.com/maps/place/Quiet+Art+Cafe/data=!4m7!3m6!1s0x31716d81a4af6ef7:0xbf21b8629d9d620b!8m2!3d11.9442973!4d108.4219362!16s%2Fg%2F11l3n_y766!19sChIJ926vpIFtcTERC2KdnWK4Ib8?authuser=0&hl=en&rclk=1,https://www.facebook.com/langartcaphe/
restaurant00979,Panorama Cafe Dalat,panorama dalat,cafe,"Vòng Xoay 723, Trại Mát, Đà Lạt, Lâm Đồng",Đà Lạt,da lat,11.9466682,108.4902526,0937 772 350 ,100000,"100,000",4.3,Coffee Shop,Restaurant,https://www.google.com/maps/place/Panorama+Cafe+Dalat/data=!4m7!3m6!1s0x3171124cdecbde71:0x5217956eb9b9c687!8m2!3d11.9466682!4d108.4902526!16s%2Fg%2F11c6cc21l6!19sChIJcd7L3kwScTERh8a5uW6VF1I?authuser=0&hl=en&rclk=1,
restaurant00980,La Viet Coffee,la viet,cafe,"200 Nguyễn Công Trứ, Phường 8, Đà Lạt, Lâm Đồng 66000",Đà Lạt,da lat,11.9567925,108.4350921,0263 3981 189 ,100000,"100,000",4.5,Coffee Shop,Restaurant,https://www.google.com/maps/place/La+Viet+Coffee/data=!4m7!3m6!1s0x317112d0ec679cb9:0x69dd101b15161e40!8m2!3d11.9567925!4d108.4350921!16s%2Fg%2F11cjh_0nd3!19sChIJuZxn7NAScTERQB4WFRsQ3Wk?authuser=0&hl=en&rclk=1,http://www.laviet.coffee/
restaurant00981,Tiệm cà phê Bình Minh Ơi,tiem binh minh oi,cafe,"89 Hoàng Hoa Thám, Phường 10, Đà Lạt, Lâm Đồng",Đà Lạt,da lat,11.9336278,108.4647733,0925 903 634 ,100000,"100,000",4.4,Coffee Shop,Restaurant,https://www.google.com/maps/place/Ti%E1%BB%87m+c%C3%A0+ph%C3%AA+B%C3%ACnh+Minh+%C6%A0i/data=!4m7!3m6!1s0x317113516992abd1:0x44cf319313eafc9f!8m2!3d11.9336278!4d108.4647733!16s%2Fg%2F11sx6wbc04!19sChIJ0auSaVETcTERn_zqE5Mxz0Q?authuser=0&hl=en&rclk=1,https://www.facebook.com/Tiemcaphebinhminhoi
restaurant00982,Đà Lạt Nights,da lat nights,island,"4 Đường Đống Đa, Phường 3, Đà Lạt, Lâm Đồng 66000",Đà Lạt,da lat,11.9259335,108.4453393,0862 961 579 ,100000,"100,000",4.1,Coffee Shop,Restaurant,https://www.google.com/maps/place/%C4%90%C3%A0+L%E1%BA%A1t+Nights/data=!4m7!3m6!1s0x3171131a3adc1fb3:0x54e8894866e7c710!8m2!3d11.9259335!4d108.4453393!16s%2Fg%2F1tg6s5xn!19sChIJsx_cOhoTcTEREMfnZkiJ6FQ?authuser=0&hl=en&rclk=1,https://www.facebook.com/Dalatnightscafe
restaurant00983,Tiệm cà phê Cheo veooo,tiem cheo veooo,cafe,"116 Đ. Hùng Vương, Phường 11, Đà Lạt, Lâm Đồng 66000",Đà Lạt,da lat,11.9381566,108.4823005,0921 297 299 ,100000,"100,000",4.5,Coffee Shop,Restaurant,https://www.google.com/maps/place/Ti%E1%BB%87m+c%C3%A0+ph%C3%AA+Cheo+veooo/data=!4m7!3m6!1s0x3171133b90a317fb:0x90af4ba6231f53a4!8m2!3d11.9381566!4d108.4823005!16s%2Fg%2F11h0kq8pkr!19sChIJ-xejkDsTcTERpFMfI6ZLr5A?authuser=0&hl=en&rclk=1,https://www.facebook.com/cheoveooo/
restaurant00984,Cafe Tùng,tung,cafe,"6 Khu Hoà Bình, Phường 1, Đà Lạt, Lâm Đồng",Đà Lạt,da lat,11.944171,108.4358881,,100000,"100,000",4.5,Coffee Shop,Restaurant,https://www.google.com/maps/place/Cafe+T%C3%B9ng/data=!4m7!3m6!1s0x31711315afdf4207:0x5842606a8af22c1f!8m2!3d11.944171!4d108.4358881!16s%2Fg%2F11rwq7d3d9!19sChIJB0LfrxUTcTERHyzyimpgQlg?authuser=0&hl=en&rclk=1,
restaurant00985,Horizon Coffee - BBQ,horizon bbq,cafe,"31/6 Đường 3/4, Phường 3, Đà Lạt, Lâm Đồng",Đà Lạt,da lat,11.9238342,108.4483607,0367 255 299 ,100000,"100,000",4.2,Coffee Shop,Restaurant,https://www.google.com/maps/place/Horizon+Coffee+-+BBQ/data=!4m7!3m6!1s0x317113c342e671ff:0x5d6d9fd0c9af533!8m2!3d11.9238342!4d108.4483607!16s%2Fg%2F11h336hkld!19sChIJ_3HmQsMTcTERM_WaDP3Z1gU?authuser=0&hl=en&rclk=1,https://m.facebook.com/horizondalat/
restaurant00986,Lưng Chừng,lung chung,restaurant,"Hẻm 31, 8 Đường 3/4, Phường 3, Đà Lạt, Lâm Đồng",Đà Lạt,da lat,11.920853,108.447134,0972 850 852 ,100000,"100,000",4.3,Coffee Shop,Restaurant,https://www.google.com/maps/place/L%C6%B0ng+Ch%E1%BB%ABng/data=!4m7!3m6!1s0x3171133a5a14cb67:0x20199be1eb982385!8m2!3d11.920853!4d108.447134!16s%2Fg%2F11ll9w06d2!19sChIJZ8sUWjoTcTERhSOY6-GbGSA?authuser=0&hl=en&rclk=1,https://dalatreview.vn/lung-chung-tiem-ca-phe-ban-su-binh-yen.html
restaurant00987,Still Cafe,still,cafe,"59 Nguyễn Trãi, Phường 9, Đà Lạt, Lâm Đồng 66111",Đà Lạt,da lat,11.9443445,108.4543587,0869 275 079 ,100000,"100,000",4.5,Coffee Shop,Restaurant,https://www.google.com/maps/place/Still+Cafe/data=!4m7!3m6!1s0x3171131ee16d0c6b:0xb2854c0b76957c47!8m2!3d11.9443445!4d108.4543587!16s%2Fg%2F11fz2kv7q9!19sChIJawxt4R4TcTERR3yVdgtMhbI?authuser=0&hl=en&rclk=1,https://www.facebook.com/still.dalat
restaurant00988,Thềm Nhà Có Hoa,them nha co a,lake,"48 Đường Thiện Ý, Phường 4, Đà Lạt, Lâm Đồng 66000",Đà Lạt,da lat,11.9374483,108.4240525,0903 692 426 ,100000,"100,000",4.9,Coffee Shop,Restaurant,https://www.google.com/maps/place/Th%E1%BB%81m+Nh%C3%A0+C%C3%B3+Hoa/data=!4m7!3m6!1s0x31716d67f9198deb:0xbb02cc458d7e2808!8m2!3d11.9374483!4d108.4240525!16s%2Fg%2F11nntqyg74!19sChIJ640Z-WdtcTERCCh-jUXMArs?authuser=0&hl=en&rclk=1,https://www.facebook.com/share/1HneFndsda/?mibextid=wwXIfr
restaurant00989,Gâu Garden,gau gar,temple,"2/2 2, Trần Quang Diệu, Phường 10, Đà Lạt, Lâm Đồng",Đà Lạt,da lat,11.9420569,108.4669705,0988 651 357 ,100000,"100,000",4.3,Coffee Shop,Restaurant,https://www.google.com/maps/place/G%C3%A2u+Garden/data=!4m7!3m6!1s0x317113635afbb973:0x6d11948eb0306aa6!8m2!3d11.9420569!4d108.4669705!16s%2Fg%2F11g22yn8qy!19sChIJc7n7WmMTcTERpmowsI6UEW0?authuser=0&hl=en&rclk=1,https://www.facebook.com/Gau.Gardendl?mibextid=LQQJ4d
restaurant00990,Dalat Golf Cafe - Cafe ngắm view toàn cảnh thành phố Đà Lạt,dalat golf ngam view toan canh thanh pho da lat,cafe,"14 Đường Đống Đa, Phường 3, Đà Lạt, Lâm Đồng 670000",Đà Lạt,da lat,11.9268783,108.4416005,0263 3503 535 ,100000,"100,000",4.0,Coffee Shop,Restaurant,https://www.google.com/maps/place/Dalat+Golf+Cafe+-+Cafe+ng%E1%BA%AFm+view+to%C3%A0n+c%E1%BA%A3nh+th%C3%A0nh+ph%E1%BB%91+%C4%90%C3%A0+L%E1%BA%A1t/data=!4m7!3m6!1s0x317113f527c1930d:0x9703112b35e93b68!8m2!3d11.9268783!4d108.4416005!16s%2Fg%2F11h7fnpn3t!19sChIJDZPBJ_UTcTERaDvpNSsRA5c?authuser=0&hl=en&rclk=1,https://amazingdalat.com/
restaurant00991,Chốn Bình Yên Coffee - Đà Lạt,chon binh yen da lat,cafe,"Sân Thượng, 19 Đường Lê Đại Hành, Phường 03, Đà Lạt, Lâm Đồng 670000",Đà Lạt,da lat,11.9385246,108.4380427,0906 819 295 ,100000,"100,000",4.7,Coffee Shop,Restaurant,https://www.google.com/maps/place/Ch%E1%BB%91n+B%C3%ACnh+Y%C3%AAn+Coffee+-+%C4%90%C3%A0+L%E1%BA%A1t/data=!4m7!3m6!1s0x3171135d35d8bab9:0x8a076024527a6e9a!8m2!3d11.9385246!4d108.4380427!16s%2Fg%2F11vyyftzsj!19sChIJubrYNV0TcTERmm56UiRgB4o?authuser=0&hl=en&rclk=1,https://www.facebook.com/chonbinhyencoffee
restaurant00992,Quán Của Thời Thanh Xuân,quan cua ti thanh xuan,lake,"9 Đường Triệu Việt Vương, Phường 4, Đà Lạt, Lâm Đồng",Đà Lạt,da lat,11.9308749,108.4283069,0914 142 850 ,100000,"100,000",4.9,Restaurant,Restaurant,https://www.google.com/maps/place/Qu%C3%A1n+C%E1%BB%A7a+Th%E1%BB%9Di+Thanh+Xu%C3%A2n/data=!4m7!3m6!1s0x317113affdffa0c3:0xbb47c65b7e6748a9!8m2!3d11.9308749!4d108.4283069!16s%2Fg%2F11lhb4bwfj!19sChIJw6D__a8TcTERqUhnflvGR7s?authuser=0&hl=en&rclk=1,http://nhacuathoithanhxuan.com/
restaurant00993,An CaFe Global,an global,cafe,"63Bis Ba Tháng Hai, Phường 1, Đà Lạt, Lâm Đồng 661100",Đà Lạt,da lat,11.9416988,108.4338265,0961 100 063 ,100000,"100,000",4.3,Coffee Shop,Restaurant,https://www.google.com/maps/place/An+CaFe+Global/data=!4m7!3m6!1s0x3171132e8180b17f:0x31c1592cbaa353c2!8m2!3d11.9416988!4d108.4338265!16s%2Fg%2F11bxfpwgm0!19sChIJf7GAgS4TcTERwlOjuixZwTE?authuser=0&hl=en&rclk=1,http://ancafeglobal.com/
restaurant00994,Kimochi coffee,kimochi,cafe,"2/4, Trần Quang Diệu, Phường 10, Đà Lạt, Lâm Đồng 670000",Đà Lạt,da lat,11.9419828,108.4668039,0342 824 179 ,100000,"100,000",4.4,Coffee Shop,Restaurant,https://www.google.com/maps/place/Kimochi+coffee/data=!4m7!3m6!1s0x317113336cd76769:0xa1e1ca6a32cee591!8m2!3d11.9419828!4d108.4668039!16s%2Fg%2F11j4trrc46!19sChIJaWfXbDMTcTERkeXOMmrK4aE?authuser=0&hl=en&rclk=1,https://www.facebook.com/kimochicoffee.dalat
restaurant00995,Kong Coffee,kong,cafe,"WFPM+HCJ, Dã Chiến, Đà Lạt, Lâm Đồng",Đà Lạt,da lat,11.9364747,108.4835164,0909 994 125 ,100000,"100,000",4.6,Coffee Shop,Restaurant,https://www.google.com/maps/place/Kong+Coffee/data=!4m7!3m6!1s0x317113af733a869b:0x5077916e462f070!8m2!3d11.9364747!4d108.4835164!16s%2Fg%2F11g8vt7cxz!19sChIJm4Y6c68TcTERcPBi5BZ5BwU?authuser=0&hl=en&rclk=1,https://www.facebook.com/kongcafedalat
restaurant00996,Cà phê Tiệm may Nhớ Hoài (phim trường chính gốc phim Em và Trịnh),tiem may nho hoai phim truong chinh goc phim em va trinh,cafe,"9 Trần Hưng Đạo, Phường 10, Đà Lạt, Lâm Đồng 670000",Đà Lạt,da lat,11.9371712,108.4485328,0933 079 857 ,100000,"100,000",4.8,Coffee Shop,Restaurant,https://www.google.com/maps/place/C%C3%A0+ph%C3%AA+Ti%E1%BB%87m+may+Nh%E1%BB%9B+Ho%C3%A0i+%28phim+tr%C6%B0%E1%BB%9Dng+ch%C3%ADnh+g%E1%BB%91c+phim+Em+v%C3%A0+Tr%E1%BB%8Bnh%29/data=!4m7!3m6!1s0x317113cab1eda681:0xc3ead54bd288cdad!8m2!3d11.9371712!4d108.4485328!16s%2Fg%2F11nh4g3ptr!19sChIJgabtscoTcTERrc2I0kvV6sM?authuser=0&hl=en&rclk=1,https://www.facebook.com/caphetiemmaynhohoaia
restaurant00997,Tiệm cà phê Phía Tây Mặt Trời - Specialty coffee Da Lat,tiem phia tay mat troi specialty da lat,cafe,"12_6 Lê Văn Tám, Phường 10, Đà Lạt, Lâm Đồng",Đà Lạt,da lat,11.9371731,108.4544329,0772 277 444 ,100000,"100,000",4.7,Coffee Shop,Restaurant,https://www.google.com/maps/place/Ti%E1%BB%87m+c%C3%A0+ph%C3%AA+Ph%C3%ADa+T%C3%A2y+M%E1%BA%B7t+Tr%E1%BB%9Di+-+Specialty+coffee+Da+Lat/data=!4m7!3m6!1s0x31711344dbfee2cd:0x59ba296e9158de74!8m2!3d11.9371731!4d108.4544329!16s%2Fg%2F11n0419sl2!19sChIJzeL-20QTcTERdN5YkW4pulk?authuser=0&hl=en&rclk=1,https://www.instagram.com/tiemcafephiataymattroi/
restaurant00998,Green box Coffee,green box,cafe,"85 Xô Viết Nghệ Tĩnh, Phường 7, Đà Lạt, Lâm Đồng",Đà Lạt,da lat,11.9640313,108.4311411,0866 267 641 ,100000,"100,000",4.5,Coffee Shop,Restaurant,https://www.google.com/maps/place/Green+box+Coffee/data=!4m7!3m6!1s0x317112d195111c95:0x5e81fe63232603b7!8m2!3d11.9640313!4d108.4311411!16s%2Fg%2F11g8f_j5t7!19sChIJlRwRldEScTERtwMmI2P-gV4?authuser=0&hl=en&rclk=1,http://www.facebook.com/greenboxdlvn
restaurant00999,Cafe Gia Nguyễn,gia nguyen,cafe,"1 Đ. Nguyễn Chí Thanh, Phường 1, Đà Lạt, Lâm Đồng",Đà Lạt,da lat,11.9420274,108.4363165,0263 3510 499 ,100000,"100,000",3.8,Coffee Shop,Restaurant,https://www.google.com/maps/place/Cafe+Gia+Nguy%E1%BB%85n/data=!4m7!3m6!1s0x3171132ee3b54399:0x9db8115f77193cca!8m2!3d11.9420274!4d108.4363165!16s%2Fg%2F11b7sv6p7q!19sChIJmUO14y4TcTERyjwZd18RuJ0?authuser=0&hl=en&rclk=1,
restaurant01000,Tiệm Cafe Trong rừng,tiem trong rung,cafe,"Khe sanh, Phường 10, Đà Lạt, Lâm Đồng 66100",Đà Lạt,da lat,11.9055213,108.4635508,0908 861 118 ,100000,"100,000",4.5,Coffee Shop,Restaurant,https://www.google.com/maps/place/Ti%E1%BB%87m+Cafe+Trong+r%E1%BB%ABng/data=!4m7!3m6!1s0x3171138ca1ef8e49:0x2fb16d65fb4dc8cb!8m2!3d11.9055213!4d108.4635508!16s%2Fg%2F11rggxwdbr!19sChIJSY7voYwTcTERy8hN-2VtsS8?authuser=0&hl=en&rclk=1,https://top1dexuat.com/tiem-ca-phe-trong-rung-da-lat/
restaurant01001,Đà Lạt - Vì yêu mà đến,da lat vi yeu ma,temple,"678 Đ. Hùng Vương, Phường 11, Đà Lạt, Lâm Đồng",Đà Lạt,da lat,11.9459645,108.4885109,0944 114 749 ,100000,"100,000",4.4,Coffee Shop,Restaurant,https://www.google.com/maps/place/%C4%90%C3%A0+L%E1%BA%A1t+-+V%C3%AC+y%C3%AAu+m%C3%A0+%C4%91%E1%BA%BFn/data=!4m7!3m6!1s0x3171137c2c2bd797:0x499aac7259296b09!8m2!3d11.9459645!4d108.4885109!16s%2Fg%2F11t3zk2pxk!19sChIJl9crLHwTcTERCWspWXKsmkk?authuser=0&hl=en&rclk=1,http://facebook.com/dalat.viyeumaden.cafe
restaurant01002,Khu Vườn Mùa Hè,khu vuon mua he,restaurant,"27 Hẻm, 1 Đường Đặng Thái Thân, Phường 3, Đà Lạt, Lâm Đồng",Đà Lạt,da lat,11.9317664,108.4527627,0931 864 961 ,100000,"100,000",4.6,Coffee Shop,Restaurant,https://www.google.com/maps/place/Khu+V%C6%B0%E1%BB%9Dn+M%C3%B9a+H%C3%A8/data=!4m7!3m6!1s0x317113a3674209e5:0xcd75d4263e6a3c38!8m2!3d11.9317664!4d108.4527627!16s%2Fg%2F11h9kv0d7_!19sChIJ5QlCZ6MTcTERODxqPibUdc0?authuser=0&hl=en&rclk=1,
restaurant01003,Xuân Hương Garden Coffee,xuan huong garden,cafe,"01 Đ. Trần Quốc Toản, Phường 1, Đà Lạt, Lâm Đồng",Đà Lạt,da lat,11.9438705,108.4496602,0263 3617 617 ,100000,"100,000",4.1,Coffee Shop,Restaurant,https://www.google.com/maps/place/Xu%C3%A2n+H%C6%B0%C6%A1ng+Garden+Coffee/data=!4m7!3m6!1s0x31711321921ab1eb:0xed01f038d0123ec1!8m2!3d11.9438705!4d108.4496602!16s%2Fg%2F11f4tdz46b!19sChIJ67EakiETcTERwT4S0DjwAe0?authuser=0&hl=en&rclk=1,https://www.facebook.com/xuanhuongcoffeedalat/
restaurant01004,Lỡ Đà Lạt,lo da lat,island,"18 Trúc Lâm Yên Tử, Phường 3, Đà Lạt, Lâm Đồng",Đà Lạt,da lat,11.9012269,108.4442234,0916 637 663 ,100000,"100,000",4.6,Coffee Shop,Restaurant,https://www.google.com/maps/place/L%E1%BB%A1+%C4%90%C3%A0+L%E1%BA%A1t/data=!4m7!3m6!1s0x317115a8cdb269f9:0xc0d310e468937460!8m2!3d11.9012269!4d108.4442234!16s%2Fg%2F11sc9dw4c_!19sChIJ-WmyzagVcTERYHSTaOQQ08A?authuser=0&hl=en&rclk=1,
restaurant01005,Amelie Coffee,amelie,cafe,"18/3 Lê Văn Tám, Phường 10, Đà Lạt, Lâm Đồng 670000",Đà Lạt,da lat,11.937338,108.4553797,0848 360 538 ,100000,"100,000",4.9,Coffee Shop,Restaurant,https://www.google.com/maps/place/Amelie+Coffee/data=!4m7!3m6!1s0x317113cec54445ab:0xb8b4d3a9798ecc02!8m2!3d11.937338!4d108.4553797!16s%2Fg%2F11jzyj6lnv!19sChIJq0VExc4TcTERAsyOeanTtLg?authuser=0&hl=en&rclk=1,
restaurant01006,Suối Mơ,suoi mo,restaurant,"Hoa Cẩm Tú Cầu, Phường 3, Đà Lạt, Lâm Đồng 66100",Đà Lạt,da lat,11.9016983,108.4393224,0707 935 999 ,100000,"100,000",4.1,Coffee Shop,Restaurant,https://www.google.com/maps/place/Su%E1%BB%91i+M%C6%A1/data=!4m7!3m6!1s0x3171152b66556949:0xe75829a5926865e1!8m2!3d11.9016983!4d108.4393224!16s%2Fg%2F11tdc3crl4!19sChIJSWlVZisVcTER4WVokqUpWOc?authuser=0&hl=en&rclk=1,https://dalatreview.vn/cafe-suoi-mo-dap-tran-7-tang-da-lat.html
restaurant01007,"Phê La - Nguyễn Chí Thanh, Đà Lạt",phe la nguyen chi thanh da lat,island,"7 Đ. Nguyễn Chí Thanh, Phường 1, Đà Lạt, Lâm Đồng",Đà Lạt,da lat,11.9414595,108.4365788,,100000,"100,000",4.1,Coffee Shop,Restaurant,"https://www.google.com/maps/place/Ph%C3%AA+La+-+Nguy%C3%AA%CC%83n+Chi%CC%81+Thanh,+%C4%90%C3%A0+L%E1%BA%A1t/data=!4m7!3m6!1s0x317113eb9941bec9:0x5cf171c5dd148869!8m2!3d11.9414595!4d108.4365788!16s%2Fg%2F11ryr54m4b!19sChIJyb5BmesTcTERaYgU3cVx8Vw?authuser=0&hl=en&rclk=1",https://phela.vn/
restaurant01008,LẠC COFFEE,lac,cafe,"118 Đ. Hùng Vương, Phường 11, Đà Lạt, Lâm Đồng 670000",Đà Lạt,da lat,11.9371288,108.4834935,0909 295 089 ,100000,"100,000",4.7,Coffee Shop,Restaurant,https://www.google.com/maps/place/L%E1%BA%A0C+COFFEE/data=!4m7!3m6!1s0x3171130a6ad7feab:0xe921986ff1f8d409!8m2!3d11.9371288!4d108.4834935!16s%2Fg%2F11f9_qnsdc!19sChIJq_7XagoTcTERCdT48W-YIek?authuser=0&hl=en&rclk=1,
restaurant01009,Thung Lũng Đèn Coffee - BBQ,thung lung den bbq,cafe,"dốc số 7, Trại Mát, Đà Lạt, Lâm Đồng 66000",Đà Lạt,da lat,11.943029,108.488097,0943 821 916 ,100000,"100,000",4.3,Coffee Shop,Restaurant,https://www.google.com/maps/place/Thung+L%C5%A9ng+%C4%90%C3%A8n+Coffee+-+BBQ/data=!4m7!3m6!1s0x31711368ea8177c5:0x168f7e3a4836b10c!8m2!3d11.943029!4d108.488097!16s%2Fg%2F11stzb15ks!19sChIJxXeB6mgTcTERDLE2SDp-jxY?authuser=0&hl=en&rclk=1,https://www.facebook.com/thunglungdencoffee
restaurant01010,Thông ơi coffee,thong oi,cafe,"31 Đường 3/4, Phường 3, Đà Lạt, Lâm Đồng",Đà Lạt,da lat,11.9227409,108.4468789,,100000,"100,000",4.4,Coffee Shop,Restaurant,https://www.google.com/maps/place/Th%C3%B4ng+%C6%A1i+coffee/data=!4m7!3m6!1s0x3171138514b00a17:0x5960dc3ba522828!8m2!3d11.9227409!4d108.4468789!16s%2Fg%2F11jkbm7j3s!19sChIJFwqwFIUTcTERKChSusMNlgU?authuser=0&hl=en&rclk=1,
restaurant01011,Windmills,windmills,restaurant,"133A Phan Đình Phùng, Phường 2, Đà Lạt, Lâm Đồng",Đà Lạt,da lat,11.9449475,108.4345645,0263 3540 806 ,100000,"100,000",4.9,Coffee Shop,Restaurant,https://www.google.com/maps/place/Windmills/data=!4m7!3m6!1s0x317113774d0646f1:0xc77130c12585b724!8m2!3d11.9449475!4d108.4345645!16s%2Fg%2F11kqsljb4n!19sChIJ8UYGTXcTcTERJLeFJcEwccc?authuser=0&hl=en&rclk=1,
restaurant01012,Lời Của Gió,loi cua gio,pagoda,"Đường Huỳnh Tấn Phát, Phường 11, Đà Lạt, Lâm Đồng",Đà Lạt,da lat,11.949984,108.4911826,0333 437 231 ,100000,"100,000",4.3,Coffee Shop,Restaurant,https://www.google.com/maps/place/L%E1%BB%9Di+C%E1%BB%A7a+Gi%C3%B3/data=!4m7!3m6!1s0x3171134b1043ac43:0xb1b5de3fea591de5!8m2!3d11.949984!4d108.4911826!16s%2Fg%2F11kjg9_r6y!19sChIJQ6xDEEsTcTER5R1Z6j_etbE?authuser=0&hl=en&rclk=1,
restaurant01013,Đậm Đà Lạt Coffee Roasters,dam da lat roasters,cafe,"138 Yersin, Phường 9, Đà Lạt, Lâm Đồng",Đà Lạt,da lat,11.9451004,108.4529807,0967 474 793 ,100000,"100,000",4.9,Coffee Shop,Restaurant,https://www.google.com/maps/place/%C4%90%E1%BA%ADm+%C4%90%C3%A0+L%E1%BA%A1t+Coffee+Roasters/data=!4m7!3m6!1s0x3171133075c1e501:0x5adc61fa3530818c!8m2!3d11.9451004!4d108.4529807!16s%2Fg%2F11yc0yl_63!19sChIJAeXBdTATcTERjIEwNfph3Fo?authuser=0&hl=en&rclk=1,
restaurant01014,Tiệm cà phê Dốc Thị,tiem doc thi,cafe,"WFPJ+R2H, Phường 11, Đà Lạt, Lâm Đồng",Đà Lạt,da lat,11.9371818,108.4795608,0939 602 260 ,100000,"100,000",4.9,Coffee Shop,Restaurant,https://www.google.com/maps/place/Ti%E1%BB%87m+c%C3%A0+ph%C3%AA+D%E1%BB%91c+Th%E1%BB%8B/data=!4m7!3m6!1s0x3171130016a097fd:0x46e5773df00030!8m2!3d11.9371818!4d108.4795608!16s%2Fg%2F11vm5z53c8!19sChIJ_ZegFgATcTERMADwPXflRgA?authuser=0&hl=en&rclk=1,https://www.tiktok.com/@tiemcaphedocthi?_t=8j7tWMwvU82&_r=1
restaurant01015,Tiệm Cafe Nàng Đà Lạt,tiem nang da lat,cafe,"18/2 Đường Khởi Nghĩa Bắc Sơn, Phường 10, Đà Lạt, Lâm Đồng 670000",Đà Lạt,da lat,11.9347198,108.4507834,0911 229 393 ,200000,"200,000",4.6,Coffee Shop,Restaurant,https://www.google.com/maps/place/Ti%E1%BB%87m+Cafe+N%C3%A0ng+%C4%90%C3%A0+L%E1%BA%A1t/data=!4m7!3m6!1s0x317113898db1e589:0xeec1bd2eae1dad4c!8m2!3d11.9347198!4d108.4507834!16s%2Fg%2F11m6x9k35r!19sChIJieWxjYkTcTERTK0dri69we4?authuser=0&hl=en&rclk=1,
restaurant01016,Him Cafe,him,cafe,"2/2, 2 Đường Khởi Nghĩa Bắc Sơn, Phường 10, Đà Lạt, Lâm Đồng",Đà Lạt,da lat,11.9340997,108.4496815,0939 862 665 ,100000,"100,000",4.3,Coffee Shop,Restaurant,https://www.google.com/maps/place/Him+Cafe/data=!4m7!3m6!1s0x317113e511067fc9:0xd905af75335c70ce!8m2!3d11.9340997!4d108.4496815!16s%2Fg%2F11h7n7cpzf!19sChIJyX8GEeUTcTERznBcM3WvBdk?authuser=0&hl=en&rclk=1,
restaurant01017,Tiệm cà phê Góc của Tùng,tiem goc cua tung,cafe,"Hẻm 32 Đ. 3/4, Phường 3, Đà Lạt, Lâm Đồng",Đà Lạt,da lat,11.9198646,108.4419735,0941 507 560 ,100000,"100,000",4.7,Coffee Shop,Restaurant,https://www.google.com/maps/place/Ti%E1%BB%87m+c%C3%A0+ph%C3%AA+G%C3%B3c+c%E1%BB%A7a+T%C3%B9ng/data=!4m7!3m6!1s0x317113a8e051d4ef:0x7a30dc6e44f7edac!8m2!3d11.9198646!4d108.4419735!16s%2Fg%2F11pxm99cy9!19sChIJ79RR4KgTcTERrO33RG7cMHo?authuser=0&hl=en&rclk=1,
restaurant01018,Đà Lạt Phố Coffee,da lat pho,cafe,"153 Đ. Huỳnh Mẫn Đạt, Phường 7, Quận 5, Thành phố Hồ Chí Minh",Thành phố Hồ Chí Minh,ho chi minh,10.7567789,106.6759108,0909 559 902 ,100000,"100,000",4.2,Coffee Shop,Restaurant,https://www.google.com/maps/place/%C4%90%C3%A0+L%E1%BA%A1t+Ph%E1%BB%91+Coffee/data=!4m7!3m6!1s0x31752efd5ed44485:0xa4c33b3b7d9cb987!8m2!3d10.7567789!4d106.6759108!16s%2Fg%2F11bxkz3qhs!19sChIJhUTUXv0udTERh7mcfTs7w6Q?authuser=0&hl=en&rclk=1,
restaurant01019,Nhà Bên Rừng,nha ben rung,restaurant,"Tổ Tây Hồ 2, Phường 11, Đà Lạt, Lâm Đồng",Đà Lạt,da lat,11.9341893,108.4774209,0975 371 124 ,100000,"100,000",4.8,Coffee Shop,Restaurant,https://www.google.com/maps/place/Nh%C3%A0+B%C3%AAn+R%E1%BB%ABng/data=!4m7!3m6!1s0x3171136f916e0e5b:0x3d6585d44cf56584!8m2!3d11.9341893!4d108.4774209!16s%2Fg%2F11rw9dk_bx!19sChIJWw5ukW8TcTERhGX1TNSFZT0?authuser=0&hl=en&rclk=1,https://www.facebook.com/tiemcaphe.nhabenrung
restaurant01020,Bui Van Ngo Coffee,bui van ngo,cafe,"31 3 Tháng 4, Phường 3, Đà Lạt, Lâm Đồng",Đà Lạt,da lat,11.9247979,108.4469176,0263 3532 122 ,100000,"100,000",4.2,Coffee Shop,Restaurant,https://www.google.com/maps/place/Bui+Van+Ngo+Coffee/data=!4m7!3m6!1s0x3171133f67303689:0xf8816bd20c5a9223!8m2!3d11.9247979!4d108.4469176!16s%2Fg%2F11j00rvlq9!19sChIJiTYwZz8TcTERI5JaDNJrgfg?authuser=0&hl=en&rclk=1,https://www.facebook.com/buivanngocoffee.dalat
restaurant01021,Oromia Coffee & Lounge,oromia lounge,cafe,"85 Phan Kế Bính, Đa Kao, Quận 1, Thành phố Hồ Chí Minh",Thành phố Hồ Chí Minh,ho chi minh,10.7906677,106.6983617,,100000,"100,000",4.0,Coffee Shop,Restaurant,https://www.google.com/maps/place/Oromia+Coffee+%26+Lounge/data=!4m7!3m6!1s0x317529d17a01d24f:0xba30a4f3588755bf!8m2!3d10.7906677!4d106.6983617!16s%2Fg%2F11rylp49k3!19sChIJT9IBetEpdTERv1WHWPOkMLo?authuser=0&hl=en&rclk=1,https://www.facebook.com/oromiacafe
restaurant01022,Oasis Cafe,oasis,cafe,"176/1b Đ. Lê Văn Sỹ, Phường 10, Phú Nhuận, Thành phố Hồ Chí Minh 700000",Thành phố Hồ Chí Minh,ho chi minh,10.7928157,106.6709737,,200000,"200,000",4.6,Coffee Shop,Restaurant,https://www.google.com/maps/place/Oasis+Cafe/data=!4m7!3m6!1s0x3175292b648da76d:0xdb17465b6e45a711!8m2!3d10.7928157!4d106.6709737!16s%2Fg%2F11c1cy8cnl!19sChIJbaeNZCspdTEREadFbltGF9s?authuser=0&hl=en&rclk=1,https://www.instagram.com/oasiscafevn?igsh=MXc5c2hheDI1dzZsZg%3D%3D&utm_source=qr
restaurant01023,Vincup Coffee,vincup,cafe,"78 Đ. Số 23, Phường 10, Quận 6, Thành phố Hồ Chí Minh",Thành phố Hồ Chí Minh,ho chi minh,10.7417858,106.6254808,0912 270 720 ,100000,"100,000",3.9,Coffee Shop,Restaurant,https://www.google.com/maps/place/Vincup+Coffee/data=!4m7!3m6!1s0x31752d4c12393279:0xdbd0748e5fb5d0ba!8m2!3d10.7417858!4d106.6254808!16s%2Fg%2F11qmr9w11j!19sChIJeTI5EkwtdTERutC1X4500Ns?authuser=0&hl=en&rclk=1,
restaurant01024,Anh Coffee Roastery,anh roastery,cafe,"200 Pasteur, Phường 6, Quận 3, Thành phố Hồ Chí Minh 700000",Thành phố Hồ Chí Minh,ho chi minh,10.7829311,106.6934913,0886 292 099 ,100000,"100,000",4.4,Coffee Shop,Restaurant,https://www.google.com/maps/place/Anh+Coffee+Roastery/data=!4m7!3m6!1s0x31752f464a459bf5:0x479165040ceb8142!8m2!3d10.7829311!4d106.6934913!16s%2Fg%2F11pctlyysd!19sChIJ9ZtFSkYvdTERQoHrDARlkUc?authuser=0&hl=en&rclk=1,https://anhcoffeeroastery.vn/
restaurant01025,r ê u,r e u,restaurant,"46 Đ. Trịnh Văn Cấn, Phường Cầu Ông Lãnh, Quận 1, Thành phố Hồ Chí Minh 700000",Thành phố Hồ Chí Minh,ho chi minh,10.767311,106.696205,0966 988 815 ,100000,"100,000",4.5,Coffee Shop,Restaurant,https://www.google.com/maps/place/r+%C3%AA+u+.+coffee/data=!4m7!3m6!1s0x31752f7eea782783:0x17b2d50c4d064639!8m2!3d10.767311!4d106.696205!16s%2Fg%2F11sx28zv7m!19sChIJgyd46n4vdTEROUYGTQzVshc?authuser=0&hl=en&rclk=1,https://www.facebook.com/reu.coffee.official
restaurant01026,LÊ's Path Coffee An Dương Vương,le s path an duong vuong,cafe,"60 Đường số 1, An Lạc, Bình Tân, Thành phố Hồ Chí Minh 700000",Thành phố Hồ Chí Minh,ho chi minh,10.7386923,106.6205018,0939 122 032 ,100000,"100,000",4.9,Coffee Shop,Restaurant,https://www.google.com/maps/place/L%C3%8A%27s+Path+Coffee+An+D%C6%B0%C6%A1ng+V%C6%B0%C6%A1ng/data=!4m7!3m6!1s0x31752d315ec5b639:0xc01dc2406a3c8d21!8m2!3d10.7386923!4d106.6205018!16s%2Fg%2F11t_m9qfbs!19sChIJObbFXjEtdTERIY08akDCHcA?authuser=0&hl=en&rclk=1,https://lepathcoffee.com/
restaurant01027,Sori Garden,sori gar,temple,"209 Nam Kỳ Khởi Nghĩa, Phường Võ Thị Sáu, Quận 3, Thành phố Hồ Chí Minh 700000",Thành phố Hồ Chí Minh,ho chi minh,10.7876005,106.6859865,0783 617 430 ,100000,"100,000",4.2,Coffee Shop,Restaurant,https://www.google.com/maps/place/Sori+Garden/data=!4m7!3m6!1s0x31752f4dac36f951:0x6c8215be79759774!8m2!3d10.7876005!4d106.6859865!16s%2Fg%2F11t9ct37j6!19sChIJUfk2rE0vdTERdJd1eb4Vgmw?authuser=0&hl=en&rclk=1,
restaurant01028,Local Saigon Cafe - Bến Thành,local saigon ben thanh,cafe,"12 Thủ Khoa Huân, Phường Bến Thành, Quận 1, Thành phố Hồ Chí Minh",Thành phố Hồ Chí Minh,ho chi minh,10.7734577,106.6975476,,100000,"100,000",4.7,Coffee Shop,Restaurant,https://www.google.com/maps/place/Local+Saigon+Cafe+-+B%E1%BA%BFn+Th%C3%A0nh/data=!4m7!3m6!1s0x317519edc9328fe7:0x6e042943d21151bf!8m2!3d10.7734577!4d106.6975476!16s%2Fg%2F11ppz9c9_1!19sChIJ548yye0ZdTERv1ER0kMpBG4?authuser=0&hl=en&rclk=1,
restaurant01029,Du Miên Garden Cafe,du mien garden,cafe,"7 Đ. Phan Văn Trị, Phường 10, Gò Vấp, Thành phố Hồ Chí Minh",Thành phố Hồ Chí Minh,ho chi minh,10.8317552,106.674078,028 3894 5555 ,100000,"100,000",4.3,Coffee Shop,Restaurant,https://www.google.com/maps/place/Du+Mi%C3%AAn+Garden+Cafe/data=!4m7!3m6!1s0x3175290059e6b929:0x81a062389a2dcac2!8m2!3d10.8317552!4d106.674078!16s%2Fg%2F1ptvydvpc!19sChIJKbnmWQApdTERwsotmjhioIE?authuser=0&hl=en&rclk=1,https://www.facebook.com/DuMienGardenCoffee/
restaurant01030,THE WISELANDS Coffee,the wiselands,cafe,"216 Điện Biên Phủ, Phường Võ Thị Sáu, Quận 3, Thành phố Hồ Chí Minh 700000",Thành phố Hồ Chí Minh,ho chi minh,10.783004,106.6898619,0334 626 989 ,100000,"100,000",4.5,Coffee Shop,Restaurant,https://www.google.com/maps/place/THE+WISELANDS+Coffee/data=!4m7!3m6!1s0x31752f52793bd42f:0x1881b2f0ed07cae4!8m2!3d10.783004!4d106.6898619!16s%2Fg%2F11pv5_flj0!19sChIJL9Q7eVIvdTER5MoH7fCygRg?authuser=0&hl=en&rclk=1,https://wiselands.vn/
restaurant01031,Tiệm cà phê EM Ở ĐÂU,tiem em o dau,cafe,"54/2 Nguyễn Cư Trinh, Phường Phạm Ngũ Lão, Quận 1, Thành phố Hồ Chí Minh",Thành phố Hồ Chí Minh,ho chi minh,10.764614,106.691323,0909 077 371 ,100000,"100,000",4.8,Coffee Shop,Restaurant,https://www.google.com/maps/place/Ti%E1%BB%87m+c%C3%A0+ph%C3%AA+EM+%E1%BB%9E+%C4%90%C3%82U/data=!4m7!3m6!1s0x31752f56810b7c1d:0x5bcc849a91f66ca3!8m2!3d10.764614!4d106.691323!16s%2Fg%2F11kjh3y_cm!19sChIJHXwLgVYvdTERo2z2kZqEzFs?authuser=0&hl=en&rclk=1,http://facebook.com/emodaucafe
restaurant01032,Beanthere Cafe - Hồ Hảo Hớn,beanthere ho hao hon,cafe,"42 Hồ Hảo Hớn, Phường Cô Giang, Quận 1, Thành phố Hồ Chí Minh 70000",Thành phố Hồ Chí Minh,ho chi minh,10.7620124,106.6923935,0987 168 584 ,100000,"100,000",4.5,Coffee Shop,Restaurant,https://www.google.com/maps/place/Beanthere+Cafe+-+H%E1%BB%93+H%E1%BA%A3o+H%E1%BB%9Bn/data=!4m7!3m6!1s0x31752f4cbdd5c65b:0xe906943eeae1ad30!8m2!3d10.7620124!4d106.6923935!16s%2Fg%2F11fnrb14hk!19sChIJW8bVvUwvdTERMK3h6j6UBuk?authuser=0&hl=en&rclk=1,https://www.facebook.com/nowherebutbeanthere
restaurant01033,TAURUS COFFEE,taurus,cafe,"202 Đ. Trần Văn Kiểu, Phường 10, Quận 6, Thành phố Hồ Chí Minh",Thành phố Hồ Chí Minh,ho chi minh,10.74136,106.6281922,0768 111 171 ,100000,"100,000",4.1,Coffee Shop,Restaurant,https://www.google.com/maps/place/TAURUS+COFFEE/data=!4m7!3m6!1s0x31752d2d9c000b19:0x4f1113869c0b9d2!8m2!3d10.74136!4d106.6281922!16s%2Fg%2F11ssjvk0vx!19sChIJGQsAnC0tdTER0rnAaTgR8QQ?authuser=0&hl=en&rclk=1,
restaurant01034,Dang Xua Cafe Stock House,dang xua stock house,cafe,"45 Đường số 59, Phường 10, Quận 6, Thành phố Hồ Chí Minh",Thành phố Hồ Chí Minh,ho chi minh,10.7382471,106.6238901,0901 204 004 ,100000,"100,000",4.2,Coffee Shop,Restaurant,https://www.google.com/maps/place/Dang+Xua+Cafe+Stock+House/data=!4m7!3m6!1s0x31752dd9fa6b623b:0x6bf445759ea4002f!8m2!3d10.7382471!4d106.6238901!16s%2Fg%2F1hc4np7zj!19sChIJO2Jr-tktdTERLwCknnVF9Gs?authuser=0&hl=en&rclk=1,
restaurant01035,Dalaland Coffee,dalaland,cafe,"24/4/1 Trần Ngọc Diện, Thảo Điền, Thủ Đức, Thành phố Hồ Chí Minh",Thành phố Hồ Chí Minh,ho chi minh,10.8044692,106.7406814,,100000,"100,000",4.3,Coffee Shop,Restaurant,https://www.google.com/maps/place/Dalaland+Coffee/data=!4m7!3m6!1s0x317527ff2489f2b1:0xbd49afd78718b2aa!8m2!3d10.8044692!4d106.7406814!16s%2Fg%2F11r35765js!19sChIJsfKJJP8ndTERqrIYh9evSb0?authuser=0&hl=en&rclk=1,http://facebook.com/dalaland.coffee
restaurant01036,Cafe Sân Vườn Miền Thảo Mộc,san vuon mien thao moc,cafe,"554E Đ. Minh Phụng, Phường 10, Quận 11, Thành phố Hồ Chí Minh",Thành phố Hồ Chí Minh,ho chi minh,10.7629977,106.644905,028 3963 1068 ,100000,"100,000",4.3,Coffee Shop,Restaurant,https://www.google.com/maps/place/Cafe+S%C3%A2n+V%C6%B0%E1%BB%9Dn+Mi%E1%BB%81n+Th%E1%BA%A3o+M%E1%BB%99c/data=!4m7!3m6!1s0x31752e910e489d8d:0x60132c636359e234!8m2!3d10.7629977!4d106.644905!16s%2Fg%2F11c0t932yx!19sChIJjZ1IDpEudTERNOJZY2MsE2A?authuser=0&hl=en&rclk=1,https://www.facebook.com/profile.php?id=100064847911808&mibextid=ZbWKwL
restaurant01037,BẢN Cà Phê,ban,cafe,"38/7 Lê Lợi, Bến Nghé, Quận 1, Thành phố Hồ Chí Minh 70000",Thành phố Hồ Chí Minh,ho chi minh,10.7740913,106.7003273,028 6672 6936 ,100000,"100,000",4.6,Coffee Shop,Restaurant,https://www.google.com/maps/place/B%E1%BA%A2N+C%C3%A0+Ph%C3%AA/data=!4m7!3m6!1s0x31752fb17c270d9d:0x6518a4e8faa0318!8m2!3d10.7740913!4d106.7003273!16s%2Fg%2F11h_3_0shm!19sChIJnQ0nfLEvdTERGAOqj06KUQY?authuser=0&hl=en&rclk=1,https://www.facebook.com/bancaphevn/
restaurant01038,Phen’s Coffee,phen s,cafe,"142 Đ. Nguyễn Văn Công, Phường 3, Gò Vấp, Thành phố Hồ Chí Minh",Thành phố Hồ Chí Minh,ho chi minh,10.8236785,106.6762533,0396 439 014 ,100000,"100,000",4.3,Coffee Shop,Restaurant,https://www.google.com/maps/place/Phen%E2%80%99s+Coffee/data=!4m7!3m6!1s0x3175298400a727a1:0xc5b1f7fdbeffbe10!8m2!3d10.8236785!4d106.6762533!16s%2Fg%2F11jn3sg0g7!19sChIJoSenAIQpdTEREL7_vv33scU?authuser=0&hl=en&rclk=1,https://www.facebook.com/PhensCoffee/
restaurant01039,Tiệm cà phê Hiên Cúc Trắng,tiem hien cuc trang,cafe,"25 Tân Canh, Phường 1, Tân Bình, Thành phố Hồ Chí Minh 70000",Thành phố Hồ Chí Minh,ho chi minh,10.7966197,106.6674828,0902 300 420 ,100000,"100,000",4.5,Coffee Shop,Restaurant,https://www.google.com/maps/place/Ti%E1%BB%87m+c%C3%A0+ph%C3%AA+Hi%C3%AAn+C%C3%BAc+Tr%E1%BA%AFng/data=!4m7!3m6!1s0x317529183c89fa07:0x2ee713e2f20b5789!8m2!3d10.7966197!4d106.6674828!16s%2Fg%2F11h583bz72!19sChIJB_qJPBgpdTERiVcL8uIT5y4?authuser=0&hl=en&rclk=1,http://hiencuctrang.com/
restaurant01040,Bonjour Cafe the Art,bonjour the art,cafe,"42 Thảo Điền, Khu phố 2, Thủ Đức, Thành phố Hồ Chí Minh 70000",Thành phố Hồ Chí Minh,ho chi minh,10.8083534,106.7332772,0387 384 548 ,100000,"100,000",4.1,Coffee Shop,Restaurant,https://www.google.com/maps/place/Bonjour+Cafe+the+Art/data=!4m7!3m6!1s0x3175274fc133262b:0x64b4b287c1c25c03!8m2!3d10.8083534!4d106.7332772!16s%2Fg%2F11g0s7t481!19sChIJKyYzwU8ndTERA1zCwYeytGQ?authuser=0&hl=en&rclk=1,
restaurant01041,Anam cafe,anam,cafe,"64 Đ. số 30, Phường 10, Quận 6, Thành phố Hồ Chí Minh",Thành phố Hồ Chí Minh,ho chi minh,10.741365,106.626972,,100000,"100,000",4.6,Coffee Shop,Restaurant,https://www.google.com/maps/place/Anam+cafe/data=!4m7!3m6!1s0x31752d45346474c3:0xaea4184c08439305!8m2!3d10.741365!4d106.626972!16s%2Fg%2F11s5whr3xb!19sChIJw3RkNEUtdTERBZNDCEwYpK4?authuser=0&hl=en&rclk=1,
restaurant01042,Koi Garden Coffee,koi garden,cafe,"105 Trần Hưng Đạo, B Phường, An Đông, Thành phố Hồ Chí Minh 70000",Thành phố Hồ Chí Minh,ho chi minh,10.7524772,106.6685759,0815 606 568 ,100000,"100,000",4.2,Coffee Shop,Restaurant,https://www.google.com/maps/place/Koi+Garden+Coffee/data=!4m7!3m6!1s0x31752fe882f7b671:0x871da91127572818!8m2!3d10.7524772!4d106.6685759!16s%2Fg%2F11j4l34224!19sChIJcbb3gugvdTERGChXJxGpHYc?authuser=0&hl=en&rclk=1,
restaurant01043,Soo Kafe,soo kafe,restaurant,"35 Phan Chu Trinh, Phường Bến Thành, Quận 1, Thành phố Hồ Chí Minh 70000",Thành phố Hồ Chí Minh,ho chi minh,10.772408,106.6972096,0899 312 386 ,100000,"100,000",4.7,Coffee Shop,Restaurant,https://www.google.com/maps/place/Soo+Kafe/data=!4m7!3m6!1s0x31752f3f2ecd492d:0xe0f7a304b6059db5!8m2!3d10.772408!4d106.6972096!16s%2Fg%2F11f40000hd!19sChIJLUnNLj8vdTERtZ0FtgSj9-A?authuser=0&hl=en&rclk=1,
restaurant01044,Tiên Lãng Coffee - Cà Phê Thuốc Lào Điếu Cày,tien lang thuoc lao dieu cay,cafe,"304C Trịnh Đình Trọng, Phú Trung, Tân Phú, Thành phố Hồ Chí Minh 100000",Thành phố Hồ Chí Minh,ho chi minh,10.7763259,106.637643,0383 268 024 ,100000,"100,000",4.9,Coffee Shop,Restaurant,https://www.google.com/maps/place/Ti%C3%AAn+L%C3%A3ng+Coffee+-+C%C3%A0+Ph%C3%AA+Thu%E1%BB%91c+L%C3%A0o+%C4%90i%E1%BA%BFu+C%C3%A0y/data=!4m7!3m6!1s0x31752f211bba0b91:0x5cd94034e5ad96bb!8m2!3d10.7763259!4d106.637643!16s%2Fg%2F11jnn4cm5z!19sChIJkQu6GyEvdTERu5at5TRA2Vw?authuser=0&hl=en&rclk=1,https://thuoclaophugia.com/
restaurant01045,Cà phê Sài Gòn Ơi,sai gon oi,cafe,"42 Nguyễn Huệ, Bến Nghé, Quận 1, Thành phố Hồ Chí Minh",Thành phố Hồ Chí Minh,ho chi minh,10.774112,106.704089,0938 531 517 ,100000,"100,000",4.1,Coffee Shop,Restaurant,https://www.google.com/maps/place/C%C3%A0+ph%C3%AA+S%C3%A0i+G%C3%B2n+%C6%A0i/data=!4m7!3m6!1s0x31752f46ea37b9c3:0x45fbe8de0dfcd227!8m2!3d10.774112!4d106.704089!16s%2Fg%2F11bxd7v_q1!19sChIJw7k36kYvdTERJ9L8Dd7o-0U?authuser=0&hl=en&rclk=1,https://m.facebook.com/saigonoicafe/
restaurant01046,Sori cafe & more,sori more,cafe,"20 Tú Xương, Phường Võ Thị Sáu, Quận 3, Thành phố Hồ Chí Minh 700000",Thành phố Hồ Chí Minh,ho chi minh,10.7815743,106.6866791,0968 365 499 ,200000,"200,000",4.4,Coffee Shop,Restaurant,https://www.google.com/maps/place/Sori+cafe+%26+more/data=!4m7!3m6!1s0x31752f47fb696903:0xd324290bd8f4de6!8m2!3d10.7815743!4d106.6866791!16s%2Fg%2F11py9jnkx0!19sChIJA2lp-0cvdTER5k2PvZBCMg0?authuser=0&hl=en&rclk=1,
restaurant01047,COFFEE 24/24 - CÀ PHÊ MỞ 24H,24 24 mo 24h,cafe,"4 Tân Hương, Tân Quý, Tân Phú, Thành phố Hồ Chí Minh 70000",Thành phố Hồ Chí Minh,ho chi minh,10.7924496,106.6287009,0908 254 089 ,100000,"100,000",4.8,Coffee Shop,Restaurant,https://www.google.com/maps/place/COFFEE+24%2F24+-+C%C3%80+PH%C3%8A+M%E1%BB%9E+24H/data=!4m7!3m6!1s0x31752d99c505af01:0xce734d68e971c4ea!8m2!3d10.7924496!4d106.6287009!16s%2Fg%2F11h89ffwmy!19sChIJAa8FxZktdTER6sRx6WhNc84?authuser=0&hl=en&rclk=1,http://coffee2424.net/
restaurant01048,3T Egg Coffee Sài Gòn,3t egg sai gon,cafe,"355 Hoàng Sa, Phường Tân Định, Quận 1, Thành phố Hồ Chí Minh",Thành phố Hồ Chí Minh,ho chi minh,10.7940152,106.6860921,0937 430 600 ,100000,"100,000",4.4,Coffee Shop,Restaurant,https://www.google.com/maps/place/3T+Egg+Coffee+S%C3%A0i+G%C3%B2n/data=!4m7!3m6!1s0x317528d247821c31:0x2c429ee6c75db98f!8m2!3d10.7940152!4d106.6860921!16s%2Fg%2F11cndc1847!19sChIJMRyCR9IodTERj7ldx-aeQiw?authuser=0&hl=en&rclk=1,https://caphetrung3t.com/
restaurant01049,Mien Dong Thao Coffee,mien dong thao,cafe,"221A Nguyễn Trọng Tuyển, Phường 8, Phú Nhuận, Thành phố Hồ Chí Minh",Thành phố Hồ Chí Minh,ho chi minh,10.7975395,106.6751783,028 3845 1357 ,100000,"100,000",4.2,Coffee Shop,Restaurant,https://www.google.com/maps/place/Mien+Dong+Thao+Coffee/data=!4m7!3m6!1s0x31752929c159137f:0x94d4ba137a0e737c!8m2!3d10.7975395!4d106.6751783!16s%2Fg%2F1tj5585b!19sChIJfxNZwSkpdTERfHMOehO61JQ?authuser=0&hl=en&rclk=1,http://congngheykhoa.com/
restaurant01050,The Dome Kaffe ドームカフェ,the dome kaffe do mukahue,island,"10/16 Đ. Đoàn Thị Điểm, Phường 1, Phú Nhuận, Thành phố Hồ Chí Minh 700000",Thành phố Hồ Chí Minh,ho chi minh,10.7987118,106.6810714,0938 907 221 ,100000,"100,000",4.4,Coffee Shop,Restaurant,https://www.google.com/maps/place/The+Dome+Kaffe+%E3%83%89%E3%83%BC%E3%83%A0%E3%82%AB%E3%83%95%E3%82%A7/data=!4m7!3m6!1s0x3175292de70695bb:0x4ba6af5df4c286f0!8m2!3d10.7987118!4d106.6810714!16s%2Fg%2F11jb3kjxyz!19sChIJu5UG5y0pdTER8IbC9F2vpks?authuser=0&hl=en&rclk=1,
restaurant01051,SV COFFEE,sv,cafe,"1 Đ. Số 1, An Lạc A, Bình Tân, Thành phố Hồ Chí Minh",Thành phố Hồ Chí Minh,ho chi minh,10.7478689,106.6220908,0907 301 127 ,100000,"100,000",4.2,Coffee Shop,Restaurant,https://www.google.com/maps/place/SV+COFFEE/data=!4m7!3m6!1s0x31752dd36f10acbf:0xbdf5e91cc9784018!8m2!3d10.7478689!4d106.6220908!16s%2Fg%2F11h9vylmfn!19sChIJv6wQb9MtdTERGEB4yRzp9b0?authuser=0&hl=en&rclk=1,
restaurant01052,The Xi Cafe,the xi,cafe,"14E Đ. Đặng Văn Ngữ, Phường 10, Phú Nhuận, Thành phố Hồ Chí Minh 70000",Thành phố Hồ Chí Minh,ho chi minh,10.7967161,106.6695572,0907 401 493 ,100000,"100,000",4.7,Coffee Shop,Restaurant,https://www.google.com/maps/place/The+Xi+Cafe/data=!4m7!3m6!1s0x31752905808f33fb:0xd4c7c2d7964bb17b!8m2!3d10.7967161!4d106.6695572!16s%2Fg%2F11h0j14gx4!19sChIJ-zOPgAUpdTERe7FLltfCx9Q?authuser=0&hl=en&rclk=1,https://www.facebook.com/thexicafe.ppa/
restaurant01053,The Daily Coffee,the daily,cafe,"42 Trần Minh Quyền, Phường 10, Quận 10, Thành phố Hồ Chí Minh",Thành phố Hồ Chí Minh,ho chi minh,10.7702647,106.675152,028 2211 4680 ,100000,"100,000",3.9,Coffee Shop,Restaurant,https://www.google.com/maps/place/The+Daily+Coffee/data=!4m7!3m6!1s0x31752f6bd8e02ca9:0xc0cd1e3db567cf29!8m2!3d10.7702647!4d106.675152!16s%2Fg%2F11h4cq0jrf!19sChIJqSzg2GsvdTERKc9ntT0ezcA?authuser=0&hl=en&rclk=1,https://www.facebook.com/Thedailycoffee24h/
restaurant01054,Chiêu Cafe Sách,chieu sach,cafe,"377 Hoàng Sa, Phường Tân Định, Quận 1, Thành phố Hồ Chí Minh 70000",Thành phố Hồ Chí Minh,ho chi minh,10.7926338,106.686781,028 3935 0377 ,100000,"100,000",4.0,Coffee Shop,Restaurant,https://www.google.com/maps/place/Chi%C3%AAu+Cafe+S%C3%A1ch/data=!4m7!3m6!1s0x317528d260fe907b:0xf611fdb97730a49d!8m2!3d10.7926338!4d106.686781!16s%2Fg%2F11clycwv1_!19sChIJe5D-YNIodTERnaQwd7n9EfY?authuser=0&hl=en&rclk=1,
restaurant01055,Nova Coffee Trần Văn Kiểu,nova tran van kieu,cafe,"222 Đ. Trần Văn Kiểu, Phường 10, Quận 6, Thành phố Hồ Chí Minh 700000",Thành phố Hồ Chí Minh,ho chi minh,10.7421508,106.6282803,0938 658 899 ,100000,"100,000",4.2,Coffee Shop,Restaurant,https://www.google.com/maps/place/Nova+Coffee+Tr%E1%BA%A7n+V%C4%83n+Ki%E1%BB%83u/data=!4m7!3m6!1s0x31752da5ff97641b:0xd4686770be9f7455!8m2!3d10.7421508!4d106.6282803!16s%2Fg%2F11fmp9n8_1!19sChIJG2SX_6UtdTERVXSfvnBnaNQ?authuser=0&hl=en&rclk=1,
restaurant01056,The Seat Cafe,the seat,cafe,"491/2 Đ. Lê Văn Sỹ, Phường 12, Quận 3, Thành phố Hồ Chí Minh",Thành phố Hồ Chí Minh,ho chi minh,10.78993,106.673713,0987 160 175 ,100000,"100,000",4.5,Coffee Shop,Restaurant,https://www.google.com/maps/place/The+Seat+Cafe/data=!4m7!3m6!1s0x31752f68f5e074d5:0xc04d9d79a1272bf7!8m2!3d10.78993!4d106.673713!16s%2Fg%2F11hdss28px!19sChIJ1XTg9WgvdTER9ysnoXmdTcA?authuser=0&hl=en&rclk=1,http://fb.me/theseatcafe
restaurant01057,Tôn Cũ Cà Phê,ton cu,cafe,"1199 Đ. Lê Đức Thọ, Phường 15, Gò Vấp, Thành phố Hồ Chí Minh",Thành phố Hồ Chí Minh,ho chi minh,10.8544765,106.656417,0932 181 199 ,100000,"100,000",4.5,Coffee Shop,Restaurant,https://www.google.com/maps/place/T%C3%B4n+C%C5%A9+C%C3%A0+Ph%C3%AA/data=!4m7!3m6!1s0x3175293800fac76f:0x20a910aa24995296!8m2!3d10.8544765!4d106.656417!16s%2Fg%2F11n0pdtt5t!19sChIJb8f6ADgpdTERllKZJKoQqSA?authuser=0&hl=en&rclk=1,https://www.facebook.com/toncucaphe/?hc_ref=ARQ1GyIMj2Z-y_IhXeXUk--7xAnzhEAgvRFDNg632Cr-XrVPU0tsfmNSF4qAi2UK9uI&ref=nf_target&fref=tag
restaurant01058,Cà phê trứng 3T - Garden Saigon,trung 3t garden saigon,cafe,"5 Trần Khánh Dư, Phường Tân Định, Quận 1, Thành phố Hồ Chí Minh",Thành phố Hồ Chí Minh,ho chi minh,10.7939149,106.689155,0865 925 670 ,100000,"100,000",4.3,Coffee Shop,Restaurant,https://www.google.com/maps/place/C%C3%A0+ph%C3%AA+tr%E1%BB%A9ng+3T+-+Garden+Saigon/data=!4m7!3m6!1s0x317529404ddb7dd7:0x837a73a2677dd4c0!8m2!3d10.7939149!4d106.689155!16s%2Fg%2F11pbdqcskq!19sChIJ133bTUApdTERwNR9Z6JzeoM?authuser=0&hl=en&rclk=1,https://caphetrung3t.com/
restaurant01059,Kai Coffee,kai,cafe,"139 Nguyễn Thái Bình, Phường Nguyễn Thái Bình, Quận 1, Thành phố Hồ Chí Minh",Thành phố Hồ Chí Minh,ho chi minh,10.7684341,106.6989863,028 6652 2233 ,100000,"100,000",4.3,Coffee Shop,Restaurant,https://www.google.com/maps/place/Kai+Coffee/data=!4m7!3m6!1s0x31752f3fee716247:0xbf7e648100309161!8m2!3d10.7684341!4d106.6989863!16s%2Fg%2F11cs6258x4!19sChIJR2Jx7j8vdTERYZEwAIFkfr8?authuser=0&hl=en&rclk=1,http://kaicoffee.vn/
restaurant01060,Coi Xua Cafe Abb,coi xua abb,cafe,"55 Tân Canh, Phường 1, Tân Bình, Thành phố Hồ Chí Minh",Thành phố Hồ Chí Minh,ho chi minh,10.7960258,106.6674489,028 3844 8622 ,100000,"100,000",4.1,Coffee Shop,Restaurant,https://www.google.com/maps/place/Coi+Xua+Cafe+Abb/data=!4m7!3m6!1s0x3175292dd37afa17:0xf5e0a641081c754f!8m2!3d10.7960258!4d106.6674489!16s%2Fg%2F1tfrjv54!19sChIJF_p60y0pdTERT3UcCEGm4PU?authuser=0&hl=en&rclk=1,https://www.facebook.com/CaPheCoiXua/
restaurant01061,Sống Cà Phê,song,cafe,"37-39 D5, Phường 25, Bình Thạnh, Thành phố Hồ Chí Minh",Thành phố Hồ Chí Minh,ho chi minh,10.8064113,106.7141219,0983 334 511 ,100000,"100,000",4.7,Coffee Shop,Restaurant,https://www.google.com/maps/place/S%E1%BB%91ng+C%C3%A0+Ph%C3%AA/data=!4m7!3m6!1s0x317529e146e87427:0xee322fb0f6d69cef!8m2!3d10.8064113!4d106.7141219!16s%2Fg%2F11hrb6pw65!19sChIJJ3ToRuEpdTER75zW9rAvMu4?authuser=0&hl=en&rclk=1,https://www.facebook.com/song.caphe2
restaurant01062,Mako Coffee,mako,cafe,"73-75 Đ. Vành Đai Trong, An Lạc A, Bình Tân, Thành phố Hồ Chí Minh 70000",Thành phố Hồ Chí Minh,ho chi minh,10.7440907,106.614767,0902 679 684 ,100000,"100,000",4.6,Coffee Shop,Restaurant,https://www.google.com/maps/place/Mako+Coffee/data=!4m7!3m6!1s0x31752d320ef0ae89:0xd68e28cccfef0b94!8m2!3d10.7440907!4d106.614767!16s%2Fg%2F11v3phc88l!19sChIJia7wDjItdTERlAvvz8wojtY?authuser=0&hl=en&rclk=1,http://mako.vn/
restaurant01063,Cafe Đen Đá,den da,cafe,"182 Pasteur, Bến Nghé, Quận 1, Thành phố Hồ Chí Minh",Thành phố Hồ Chí Minh,ho chi minh,10.7785065,106.6982525,028 6682 1999 ,100000,"100,000",3.9,Coffee Shop,Restaurant,https://www.google.com/maps/place/Cafe+%C4%90en+%C4%90%C3%A1/data=!4m7!3m6!1s0x31752f378a9a6fa7:0xf5570f07ba83a5c9!8m2!3d10.7785065!4d106.6982525!16s%2Fg%2F11c53c5380!19sChIJp2-aijcvdTERyaWDugcPV_U?authuser=0&hl=en&rclk=1,https://m.facebook.com/denda.coffee.dessert/
restaurant01064,Chất Coffee,chat,cafe,"95 Bình Phú, Phường 11, Quận 6, Thành phố Hồ Chí Minh",Thành phố Hồ Chí Minh,ho chi minh,10.7428589,106.6300355,028 6293 3986 ,100000,"100,000",4.3,Coffee Shop,Restaurant,https://www.google.com/maps/place/Ch%E1%BA%A5t+Coffee/data=!4m7!3m6!1s0x31752e78962916c5:0x4f18a30d7a2c3a1d!8m2!3d10.7428589!4d106.6300355!16s%2Fg%2F11bvzts9yt!19sChIJxRYplngudTERHToseg2jGE8?authuser=0&hl=en&rclk=1,
restaurant01065,Cà phê Cô Ba Đồng Khởi,co ba dong khoi,cafe,"4-6 Đồng Khởi, Bến Nghé, Quận 1, Thành phố Hồ Chí Minh 700000",Thành phố Hồ Chí Minh,ho chi minh,10.7733231,106.7061965,,100000,"100,000",4.3,Coffee Shop,Restaurant,https://www.google.com/maps/place/C%C3%A0+ph%C3%AA+C%C3%B4+Ba+%C4%90%E1%BB%93ng+Kh%E1%BB%9Fi/data=!4m7!3m6!1s0x31752f7c2a08c7f9:0xcbe99747746c0873!8m2!3d10.7733231!4d106.7061965!16s%2Fg%2F11f658d4f6!19sChIJ-ccIKnwvdTERcwhsdEeX6cs?authuser=0&hl=en&rclk=1,https://www.facebook.com/caphecobadongkhoi/
restaurant01066,Bosgaurus Coffee Roasters - Saigon Pearl,bosgaurus roasters saigon pearl,cafe,"Nguyễn Hữu Cảnh/92 Str, Saigon Pearl, Bình Thạnh, Thành phố Hồ Chí Minh 700000",Thành phố Hồ Chí Minh,ho chi minh,10.789047,106.7207773,0901 426 877 ,200000,"200,000",4.5,Coffee Shop,Restaurant,https://www.google.com/maps/place/Bosgaurus+Coffee+Roasters+-+Saigon+Pearl/data=!4m7!3m6!1s0x31752919665bb315:0x61a84ad53007412!8m2!3d10.789047!4d106.7207773!16s%2Fg%2F11clyzht3c!19sChIJFbNbZhkpdTEREnQAU62EGgY?authuser=0&hl=en&rclk=1,http://bosgauruscoffee.com/
restaurant01067,Quán Cafe Vườn Đá,quan vuon da,cafe,"3 Đ. Hòa Bình, Phường 3, Quận 11, Thành phố Hồ Chí Minh 700000",Thành phố Hồ Chí Minh,ho chi minh,10.7674369,106.6405096,028 3606 3246 ,100000,"100,000",4.1,Coffee Shop,Restaurant,https://www.google.com/maps/place/Qu%C3%A1n+Cafe+V%C6%B0%E1%BB%9Dn+%C4%90%C3%A1/data=!4m7!3m6!1s0x31752e976f5b804f:0x8fd5cf0f3c1ea861!8m2!3d10.7674369!4d106.6405096!16s%2Fg%2F1hc2_wtg7!19sChIJT4Bbb5cudTERYagePA_P1Y8?authuser=0&hl=en&rclk=1,http://cafevuonda.vn/
restaurant01068,Nhâm cafe,nham,cafe,"91/1 Hoà Hưng, Phường 12, Quận 10, Thành phố Hồ Chí Minh",Thành phố Hồ Chí Minh,ho chi minh,10.7789967,106.6748244,0982 784 657 ,100000,"100,000",4.2,Coffee Shop,Restaurant,https://www.google.com/maps/place/Nh%C3%A2m+cafe/data=!4m7!3m6!1s0x31752f00591cb4b5:0xad0b45f5a67e5c4c!8m2!3d10.7789967!4d106.6748244!16s%2Fg%2F11vyc8gv43!19sChIJtbQcWQAvdTERTFx-pvVFC60?authuser=0&hl=en&rclk=1,
restaurant01069,TỜ CÀ PHÊ QUẬN 6,to quan 6,cafe,"64 Đ. Số 23, Phường 10, Quận 6, Thành phố Hồ Chí Minh 700000",Thành phố Hồ Chí Minh,ho chi minh,10.7415393,106.6255154,0765 760 739 ,100000,"100,000",5.0,Coffee Shop,Restaurant,https://www.google.com/maps/place/T%E1%BB%9C+C%C3%80+PH%C3%8A+QU%E1%BA%ACN+6/data=!4m7!3m6!1s0x31752d000397e5d3:0x579011804f37c009!8m2!3d10.7415393!4d106.6255154!16s%2Fg%2F11xmdrr9ms!19sChIJ0-WXAwAtdTERCcA3T4ARkFc?authuser=0&hl=en&rclk=1,https://www.tiktok.com/@tocaphe
restaurant01070,Rich Café| Tiệm Cà Phê Quận 6 | Tiệm Cà Phê Trần Văn Kiểu,rich tiem quan 6 tiem tran van kieu,cafe,"215 Đ. Trần Văn Kiểu, Phường 10, Quận 6, Thành phố Hồ Chí Minh",Thành phố Hồ Chí Minh,ho chi minh,10.7413771,106.6278985,0908 720 730 ,100000,"100,000",2.6,Coffee Shop,Restaurant,https://www.google.com/maps/place/Rich+Caf%C3%A9%7C+Ti%E1%BB%87m+C%C3%A0+Ph%C3%AA+Qu%E1%BA%ADn+6+%7C+Ti%E1%BB%87m+C%C3%A0+Ph%C3%AA+Tr%E1%BA%A7n+V%C4%83n+Ki%E1%BB%83u/data=!4m7!3m6!1s0x31752d004475b6cb:0xaa48a757a848db75!8m2!3d10.7413771!4d106.6278985!16s%2Fg%2F11vz8blj_1!19sChIJy7Z1RAAtdTERddtIqFenSKo?authuser=0&hl=en&rclk=1,
restaurant01071,Bang Lang Tim coffee,bang lang tim,cafe,"16 Bình Phú, Phường 11, Quận 6, Thành phố Hồ Chí Minh",Thành phố Hồ Chí Minh,ho chi minh,10.7446076,106.6309705,0908 241 142 ,100000,"100,000",4.0,Coffee Shop,Restaurant,https://www.google.com/maps/place/Bang+Lang+Tim+coffee/data=!4m7!3m6!1s0x31752e7f49dd661b:0x85eecc7bcbd03e7e!8m2!3d10.7446076!4d106.6309705!16s%2Fg%2F11xxgqf2k!19sChIJG2bdSX8udTERfj7Qy3vM7oU?authuser=0&hl=en&rclk=1,
restaurant01072,Little HaNoi Egg Coffee (Yersin),little hanoi egg yersin,cafe,"119/5 Yersin, Phường Phạm Ngũ Lão, Quận 1, Thành phố Hồ Chí Minh",Thành phố Hồ Chí Minh,ho chi minh,10.7694043,106.6960112,0904 522 339 ,200000,"200,000",4.8,Coffee Shop,Restaurant,https://www.google.com/maps/place/Little+HaNoi+Egg+Coffee+%28Yersin%29/data=!4m7!3m6!1s0x31752f164ecc9ea9:0x39b88bbce659a587!8m2!3d10.7694043!4d106.6960112!16s%2Fg%2F11c1x54lkb!19sChIJqZ7MThYvdTERh6VZ5ryLuDk?authuser=0&hl=en&rclk=1,http://littlehanoieggcoffee.vn/
restaurant01073,Milk House-Coffee&Tea,milk house tea,cafe,"220 Đ. Trần Văn Kiểu, Khu IV, Quận 6, Thành phố Hồ Chí Minh 700000",Thành phố Hồ Chí Minh,ho chi minh,10.7418699,106.6282355,,100000,"100,000",4.8,Coffee Shop,Restaurant,https://www.google.com/maps/place/Milk+House-Coffee%26Tea/data=!4m7!3m6!1s0x31752d006fa241f3:0xb3727e9715ba87e9!8m2!3d10.7418699!4d106.6282355!16s%2Fg%2F11xp45qbp3!19sChIJ80GibwAtdTER6Ye6FZd-crM?authuser=0&hl=en&rclk=1,
restaurant01074,Lacàph Coffee Bar,lacaph bar,cafe,"151 Đồng Khởi, Bến Nghé, Quận 1, Thành phố Hồ Chí Minh",Thành phố Hồ Chí Minh,ho chi minh,10.7757628,106.7031707,,100000,"100,000",4.9,Coffee Shop,Restaurant,https://www.google.com/maps/place/Lac%C3%A0ph+Coffee+Bar/data=!4m7!3m6!1s0x31752f250219e89b:0x74f9cd6a6fa5317!8m2!3d10.7757628!4d106.7031707!16s%2Fg%2F11hmrtn_rq!19sChIJm-gZAiUvdTERF1P6ptacTwc?authuser=0&hl=en&rclk=1,https://www.lacaph.com/
restaurant01075,Tiên Lãng Coffee CS3 - Cà Phê Điếu Cày - Thuốc lào Quận 1,tien lang cs3 dieu cay thuoc lao quan 1,cafe,"196 Võ Văn Kiệt, Phường Cầu Ông Lãnh, Quận 1, Thành phố Hồ Chí Minh",Thành phố Hồ Chí Minh,ho chi minh,10.7643624,106.697965,,100000,"100,000",5.0,Coffee Shop,Restaurant,https://www.google.com/maps/place/Ti%C3%AAn+L%C3%A3ng+Coffee+CS3+-+C%C3%A0+Ph%C3%AA+%C4%90i%E1%BA%BFu+C%C3%A0y+-+Thu%E1%BB%91c+l%C3%A0o+Qu%E1%BA%ADn+1/data=!4m7!3m6!1s0x31752f001d68e9d3:0x6c1532905e5102b3!8m2!3d10.7643624!4d106.697965!16s%2Fg%2F11ltbgvjt4!19sChIJ0-loHQAvdTERswJRXpAyFWw?authuser=0&hl=en&rclk=1,https://thuoclaophugia.com/
restaurant01076,Cafe Trên Từng Cây Số,tren tung cay so,cafe,"12 Đ Số 34, Bình Trị Đông B, Bình Tân, Thành phố Hồ Chí Minh",Thành phố Hồ Chí Minh,ho chi minh,10.7527299,106.6076821,0968 012 366 ,100000,"100,000",4.2,Coffee Shop,Restaurant,https://www.google.com/maps/place/Cafe+Tr%C3%AAn+T%E1%BB%ABng+C%C3%A2y+S%E1%BB%91/data=!4m7!3m6!1s0x31752df399a3640f:0x4304d1f9e5a534e3!8m2!3d10.7527299!4d106.6076821!16s%2Fg%2F11fk26qwdc!19sChIJD2SjmfMtdTER4zSl5fnRBEM?authuser=0&hl=en&rclk=1,https://www.facebook.com/cafetrentungcayso/
restaurant01077,Swebi Coffee,swebi,cafe,"250 Đ. Tên Lửa, Bình Trị Đông B, Bình Tân, Thành phố Hồ Chí Minh 70000",Thành phố Hồ Chí Minh,ho chi minh,10.7456692,106.6129087,028 6686 2559 ,100000,"100,000",4.4,Coffee Shop,Restaurant,https://www.google.com/maps/place/Swebi+Coffee/data=!4m7!3m6!1s0x31752dcc181fa0e3:0xe4868d9ec3721ffd!8m2!3d10.7456692!4d106.6129087!16s%2Fg%2F1q62df_6g!19sChIJ46AfGMwtdTER_R9yw56NhuQ?authuser=0&hl=en&rclk=1,https://m.facebook.com/SWEBICOFFEE/
restaurant01078,Cheo Leo Cafe,cheo leo,cafe,"109/ 36 Đ. Nguyễn Thiện Thuật, Phường 2, Quận 3, Thành phố Hồ Chí Minh 70000",Thành phố Hồ Chí Minh,ho chi minh,10.766997,106.6798533,0369 626 363 ,100000,"100,000",4.4,Coffee Shop,Restaurant,https://www.google.com/maps/place/Cheo+Leo+Cafe/data=!4m7!3m6!1s0x31752f1f0d65d987:0xf9187afa90943906!8m2!3d10.766997!4d106.6798533!16s%2Fg%2F11btrs8b_4!19sChIJh9llDR8vdTERBjmUkPp6GPk?authuser=0&hl=en&rclk=1,https://www.facebook.com/cheoleocafe
restaurant01079,Bụi Coffee,bui,cafe,"80 Nguyễn Sỹ Sách, Phường 15, Tân Bình, Thành phố Hồ Chí Minh 700000",Thành phố Hồ Chí Minh,ho chi minh,10.8202588,106.6365135,0974 812 622 ,100000,"100,000",4.5,Coffee Shop,Restaurant,https://www.google.com/maps/place/B%E1%BB%A5i+Coffee/data=!4m7!3m6!1s0x31752954d77c19c9:0x62db300e033fcc0!8m2!3d10.8202588!4d106.6365135!16s%2Fg%2F11pb6h2nj_!19sChIJyRl811QpdTERwPwz4ACzLQY?authuser=0&hl=en&rclk=1,
restaurant01080,Tiệm cà phê số 6,tiem so 6,cafe,"6 Lô A2 Trịnh Đình Trọng, Phường 5, Quận 11, Thành phố Hồ Chí Minh",Thành phố Hồ Chí Minh,ho chi minh,10.7747376,106.6449115,,100000,"100,000",4.7,Coffee Shop,Restaurant,https://www.google.com/maps/place/Ti%E1%BB%87m+c%C3%A0+ph%C3%AA+s%E1%BB%91+6/data=!4m7!3m6!1s0x31752f286ea38c0d:0xc4e054b677287ff0!8m2!3d10.7747376!4d106.6449115!16s%2Fg%2F11j5_xhpnv!19sChIJDYyjbigvdTER8H8od7ZU4MQ?authuser=0&hl=en&rclk=1,
restaurant01081,Dakroco Coffee,dakroco,cafe,"28 Đường Số 21, Phường 10, Quận 6, Thành phố Hồ Chí Minh 700000",Thành phố Hồ Chí Minh,ho chi minh,10.7400759,106.6258805,0839 229 279 ,100000,"100,000",4.4,Coffee Shop,Restaurant,https://www.google.com/maps/place/Dakroco+Coffee/data=!4m7!3m6!1s0x31752f1f0bbf6ef3:0x898f3158d73082f9!8m2!3d10.7400759!4d106.6258805!16s%2Fg%2F11qmmdjmvb!19sChIJ826_Cx8vdTER-YIw11gxj4k?authuser=0&hl=en&rclk=1,https://www.facebook.com/dakroco.vn/
restaurant01082,Cong Ca Phe,cong,cafe,"152 Đ. Chợ Lớn, Phường 11, Quận 6, Thành phố Hồ Chí Minh",Thành phố Hồ Chí Minh,ho chi minh,10.7457656,106.6311957,0911 866 507 ,100000,"100,000",4.2,Coffee Shop,Restaurant,https://www.google.com/maps/place/Cong+Ca+Phe/data=!4m7!3m6!1s0x31752f3738dd9bb1:0xda254f501264fcd1!8m2!3d10.7457656!4d106.6311957!16s%2Fg%2F11gmyvlmg6!19sChIJsZvdODcvdTER0fxkElBPJdo?authuser=0&hl=en&rclk=1,http://congcaphe.com/
restaurant01083,Saigon Coffee Roastery,saigon roastery,cafe,"232 Võ Thị Sáu, Phường 7, Quận 3, Thành phố Hồ Chí Minh 70000",Thành phố Hồ Chí Minh,ho chi minh,10.7824775,106.6853812,0938 808 385 ,100000,"100,000",4.5,Coffee Shop,Restaurant,https://www.google.com/maps/place/Saigon+Coffee+Roastery/data=!4m7!3m6!1s0x31752f1d357ad38d:0x45778df1f429125b!8m2!3d10.7824775!4d106.6853812!16s%2Fg%2F11h29xmyt1!19sChIJjdN6NR0vdTERWxIp9PGNd0U?authuser=0&hl=en&rclk=1,http://www.saigoncoffeeroastery.com/
restaurant01084,Tiệm Cà Phê Dưới Tán Cây (Sunset View),tiem duoi tan cay sunset view,cafe,"353/7A Bình Quới, Phường 28, Bình Thạnh, Thành phố Hồ Chí Minh",Thành phố Hồ Chí Minh,ho chi minh,10.8274207,106.7343208,0971 538 853 ,100000,"100,000",4.3,Coffee Shop,Restaurant,https://www.google.com/maps/place/Ti%E1%BB%87m+C%C3%A0+Ph%C3%AA+D%C6%B0%E1%BB%9Bi+T%C3%A1n+C%C3%A2y+%28Sunset+View%29/data=!4m7!3m6!1s0x3175272b5abcef9f:0xa2a4902d197a099e!8m2!3d10.8274207!4d106.7343208!16s%2Fg%2F11pyy8f8ds!19sChIJn--8WisndTERngl6GS2QpKI?authuser=0&hl=en&rclk=1,
restaurant01085,Mia Oi - Cafe Bình Tân - Sạc xe điện 24/24,mia oi binh tan sac xe dien 24 24,cafe,"88 Đường số 5, Bình Trị Đông B, Bình Tân, Thành phố Hồ Chí Minh 71908",Thành phố Hồ Chí Minh,ho chi minh,10.7502826,106.6160316,0325 488 933 ,100000,"100,000",4.7,Coffee Shop,Restaurant,https://www.google.com/maps/place/Mia+Oi+-+Cafe+B%C3%ACnh+T%C3%A2n+-+S%E1%BA%A1c+xe+%C4%91i%E1%BB%87n+24%2F24/data=!4m7!3m6!1s0x31752da7487551af:0xc6036e288529bed6!8m2!3d10.7502826!4d106.6160316!16s%2Fg%2F11ll9m18c7!19sChIJr1F1SKctdTER1r4phShuA8Y?authuser=0&hl=en&rclk=1,https://www.facebook.com/miaoiii
restaurant01086,Lão Hạc Quán,lao hac quan,waterfall,"299B Hoàng Sa, Phường Tân Định, Quận 1, Thành phố Hồ Chí Minh",Thành phố Hồ Chí Minh,ho chi minh,10.7958586,106.6852972,0938 938 476 ,100000,"100,000",4.3,Restaurant,Restaurant,https://www.google.com/maps/place/L%C3%A3o+H%E1%BA%A1c+Qu%C3%A1n/data=!4m7!3m6!1s0x317528d1806b9a21:0x3e3ebb16abd589f5!8m2!3d10.7958586!4d106.6852972!16s%2Fg%2F11cmf4mwh0!19sChIJIZprgNEodTER9YnVqxa7Pj4?authuser=0&hl=en&rclk=1,https://www.foody.vn/ho-chi-minh/lao-hac-quan-beer-cafe
restaurant01087,RES coffee & tea,res tea,cafe,"68 Đ. số 3, P, Bình Tân, Thành phố Hồ Chí Minh 70000",Thành phố Hồ Chí Minh,ho chi minh,10.7490037,106.6185638,0911 594 242 ,100000,"100,000",3.8,Coffee Shop,Restaurant,https://www.google.com/maps/place/RES+coffee+%26+tea/data=!4m7!3m6!1s0x31752d20bbd2f4ef:0xc1a0f37bbf73707a!8m2!3d10.7490037!4d106.6185638!16s%2Fg%2F11ssr0d9js!19sChIJ7_TSuyAtdTERenBzv3vzoME?authuser=0&hl=en&rclk=1,https://www.facebook.com/profile.php?id=61566458612343
restaurant01088,Highlands Coffee Bến Xe Miền Tây,highlands ben xe mien tay,cafe,"395 Đ. Kinh Dương Vương, An Lạc, Tp, Thành phố Hồ Chí Minh 70000",Thành phố Hồ Chí Minh,ho chi minh,10.7406149,106.6180685,028 7108 8395 ,100000,"100,000",3.7,Coffee Shop,Restaurant,https://www.google.com/maps/place/Highlands+Coffee+B%E1%BA%BFn+Xe+Mi%E1%BB%81n+T%C3%A2y/data=!4m7!3m6!1s0x31752dd35e377257:0x15d5ccb83432e1d4!8m2!3d10.7406149!4d106.6180685!16s%2Fg%2F11q363s6qn!19sChIJV3I3XtMtdTER1OEyNLjM1RU?authuser=0&hl=en&rclk=1,https://www.highlandscoffee.com.vn/
restaurant01089,Mía coffee Lê Dương,mia le duong,cafe,"141 - 143 Đ. Vành Đai Trong, An Lạc A, Bình Tân, Thành phố Hồ Chí Minh",Thành phố Hồ Chí Minh,ho chi minh,10.7461929,106.6148345,0703 535 469 ,100000,"100,000",4.7,Coffee Shop,Restaurant,https://www.google.com/maps/place/M%C3%ADa+coffee+L%C3%AA+D%C6%B0%C6%A1ng/data=!4m7!3m6!1s0x31752d1552cb4769:0xf86cc0fb0122d731!8m2!3d10.7461929!4d106.6148345!16s%2Fg%2F11rn098f6c!19sChIJaUfLUhUtdTERMdciAfvAbPg?authuser=0&hl=en&rclk=1,https://www.facebook.com/Mia-coffee-L%C3%AA-D%C6%B0%C6%A1ng-104560968168813
restaurant01090,Trung Nguyên E-Coffee,trung nguyen e,cafe,"206 Đ. Trần Văn Kiểu, Phường 10, Quận 6, Thành phố Hồ Chí Minh",Thành phố Hồ Chí Minh,ho chi minh,10.7414577,106.6281331,0919 447 938 ,100000,"100,000",4.4,Coffee Shop,Restaurant,https://www.google.com/maps/place/Trung+Nguy%C3%AAn+E-Coffee/data=!4m7!3m6!1s0x31752df5dc9325b1:0xc17a1d72cc15a4ae!8m2!3d10.7414577!4d106.6281331!16s%2Fg%2F11l4m4d4gw!19sChIJsSWT3PUtdTERrqQVzHIdesE?authuser=0&hl=en&rclk=1,
restaurant01091,The Rust Coffee,the rust,cafe,"02-03 Đường D9, Tây Thạnh, Tân Phú, Thành phố Hồ Chí Minh 700000",Thành phố Hồ Chí Minh,ho chi minh,10.8150286,106.6248931,0335 343 228 ,100000,"100,000",4.1,Coffee Shop,Restaurant,https://www.google.com/maps/place/The+Rust+Coffee/data=!4m7!3m6!1s0x31752b317397757d:0x60b06e34f863953d!8m2!3d10.8150286!4d106.6248931!16s%2Fg%2F11t7h6q3m_!19sChIJfXWXczErdTERPZVj-DRusGA?authuser=0&hl=en&rclk=1,
restaurant01092,The Hummingbird Café & Roastery,the hummingbird roastery,cafe,"103BIS Võ Thị Sáu, Phường 6, Quận 3, Thành phố Hồ Chí Minh",Thành phố Hồ Chí Minh,ho chi minh,10.7864174,106.6910119,028 6270 3153 ,100000,"100,000",4.6,Coffee Shop,Restaurant,https://www.google.com/maps/place/The+Hummingbird+Caf%C3%A9+%26+Roastery/data=!4m7!3m6!1s0x31752f6a86db62e3:0x5e26be111bfd42e3!8m2!3d10.7864174!4d106.6910119!16s%2Fg%2F11lgv0dgl2!19sChIJ42LbhmovdTER40L9GxG-Jl4?authuser=0&hl=en&rclk=1,https://thehummingbirdsaigon.com/
restaurant01093,Trình cà phê,trinh,cafe,"25 Phạm Hồng Thái, Hải Châu, Đà Nẵng 55000",Đà Nẵng,da nang,16.0673825,108.2217327,0932 453 811 ,100000,"100,000",4.8,Coffee Shop,Restaurant,https://www.google.com/maps/place/Tr%C3%ACnh+c%C3%A0+ph%C3%AA/data=!4m7!3m6!1s0x314217b76e56e1d9:0xcd8455fecf74c490!8m2!3d16.0673825!4d108.2217327!16s%2Fg%2F11f9hdgyv2!19sChIJ2eFWbrcXQjERkMR0z_5VhM0?authuser=0&hl=en&rclk=1,https://www.facebook.com/trinhcaphedn/
restaurant01094,NAM house Cafe,nam house,cafe,"khoảng 30 m, 15/1, số 15 Lê Hồng Phong, vô hẻm, Hải Châu, 550000",,,16.0632856,108.2222436,0787 786 869 ,100000,"100,000",4.6,Coffee Shop,Restaurant,https://www.google.com/maps/place/NAM+house+Cafe/data=!4m7!3m6!1s0x314219ccc550a84d:0x2e1490e9e59ad2ac!8m2!3d16.0632856!4d108.2222436!16s%2Fg%2F11g9q3qyfg!19sChIJTahQxcwZQjERrNKa5emQFC4?authuser=0&hl=en&rclk=1,https://m.facebook.com/NAMhouseCoffee/
restaurant01095,COLOR COFFEE - RỪNG NHIỆT ĐỚI,color rung nhiet doi,cafe,"550 Trưng Nữ Vương, Hòa Thuận Nam, Hải Châu, Đà Nẵng 550000",Đà Nẵng,da nang,16.0477566,108.2119938,0345 671 659 ,100000,"100,000",4.7,Coffee Shop,Restaurant,https://www.google.com/maps/place/COLOR+COFFEE+-+R%E1%BB%AANG+NHI%E1%BB%86T+%C4%90%E1%BB%9AI/data=!4m7!3m6!1s0x314219e151873183:0xb0be1b5076bdbc15!8m2!3d16.0477566!4d108.2119938!16s%2Fg%2F11vhyym_yb!19sChIJgzGHUeEZQjERFby9dlAbvrA?authuser=0&hl=en&rclk=1,
restaurant01096,Cà Phê Trứng 3T - Cầu Rồng - Đà Nẵng,trung 3t cau rong da nang,cafe,"186 Bạch Đằng, Phước Ninh, Hải Châu, Đà Nẵng 550000",Đà Nẵng,da nang,16.0658831,108.2243421,0865 787 073 ,100000,"100,000",4.6,Coffee Shop,Restaurant,https://www.google.com/maps/place/C%C3%A0+Ph%C3%AA+Tr%E1%BB%A9ng+3T+-+C%E1%BA%A7u+R%E1%BB%93ng+-+%C4%90%C3%A0+N%E1%BA%B5ng/data=!4m7!3m6!1s0x314219db1459073f:0xd21c732fa95755be!8m2!3d16.0658831!4d108.2243421!16s%2Fg%2F11x8f0jcmg!19sChIJPwdZFNsZQjERvlVXqS9zHNI?authuser=0&hl=en&rclk=1,http://caphetrung3t.com/
restaurant01097,Cộng Cà Phê,cong,cafe,"98-96 Bạch Đằng, Hải Châu, Đà Nẵng 550000",Đà Nẵng,da nang,16.0690486,108.2248767,0236 6553 644 ,100000,"100,000",4.1,Coffee Shop,Restaurant,https://www.google.com/maps/place/C%E1%BB%99ng+C%C3%A0+Ph%C3%AA/data=!4m7!3m6!1s0x314218321ae9468b:0x7f3c3d5f44588746!8m2!3d16.0690486!4d108.2248767!16s%2Fg%2F11bc6z8n75!19sChIJi0bpGjIYQjERRodYRF89PH8?authuser=0&hl=en&rclk=1,http://congcaphe.com/
restaurant01098,Gé Cafe,ge,cafe,"24 Lê Hồng Phong, Phước Ninh, Hải Châu, Đà Nẵng 550000",Đà Nẵng,da nang,16.0639729,108.2226686,0935 350 968 ,100000,"100,000",4.4,Coffee Shop,Restaurant,https://www.google.com/maps/place/G%C3%A9+Cafe/data=!4m7!3m6!1s0x314219fa6c34dc6d:0x4676f79b884440cf!8m2!3d16.0639729!4d108.2226686!16s%2Fg%2F11slq8804g!19sChIJbdw0bPoZQjERz0BEiJv3dkY?authuser=0&hl=en&rclk=1,
restaurant01099,The Local Beans | Vietnamese Coffee Roaster & Workspace – Da Nang,the local beans vietnamese roaster workspace da nang,cafe,"186 Phan Châu Trinh, Phước Ninh, Hải Châu, Đà Nẵng 550000",Đà Nẵng,da nang,16.0614708,108.2195006,0784 117 944 ,100000,"100,000",4.4,Coffee Shop,Restaurant,https://www.google.com/maps/place/The+Local+Beans+%7C+Vietnamese+Coffee+Roaster+%26+Workspace+%E2%80%93+Da+Nang/data=!4m7!3m6!1s0x314219002afce367:0xb6fba2557971314b!8m2!3d16.0614708!4d108.2195006!16s%2Fg%2F11vpc9ln6v!19sChIJZ-P8KgAZQjERSzFxeVWi-7Y?authuser=0&hl=en&rclk=1,
restaurant01100,NORMAD CAFE - Da Nang,normad da nang,cafe,"106 Phạm Văn Đồng, An Hải, Sơn Trà, Đà Nẵng 550000",Đà Nẵng,da nang,16.0711437,108.2362378,0784 888 828 ,100000,"100,000",4.6,Coffee Shop,Restaurant,https://www.google.com/maps/place/NORMAD+CAFE+-+Da+Nang/data=!4m7!3m6!1s0x31421978ac2e2107:0x93262a7c5fa2720!8m2!3d16.0711437!4d108.2362378!16s%2Fg%2F11kq5tqgwj!19sChIJByEurHgZQjERICf6xadiMgk?authuser=0&hl=en&rclk=1,http://normad.com.vn/
restaurant01101,Nia Coffee,nia,cafe,"3/14, Phan Thành Tài, Bình Thuận, Hải Châu, Đà Nẵng 550000",Đà Nẵng,da nang,16.0529845,108.2214719,0903 515 415 ,100000,"100,000",4.3,Coffee Shop,Restaurant,https://www.google.com/maps/place/Nia+Coffee/data=!4m7!3m6!1s0x314219cf43f4d151:0x6f97e2f6f0100ad0!8m2!3d16.0529845!4d108.2214719!16s%2Fg%2F1pzwnl1d9!19sChIJUdH0Q88ZQjER0AoQ8Pbil28?authuser=0&hl=en&rclk=1,
restaurant01102,Dream House Coffee - Tiệm cà phê chill Hòa Xuân - Đà Nẵng,dream house tiem chill hoa xuan da nang,cafe,"44 Bùi Thiện Ngộ, Hoà Xuân, Cẩm Lệ, Đà Nẵng 550000",Đà Nẵng,da nang,16.0149485,108.2174928,0905 585 469 ,100000,"100,000",4.5,Coffee Shop,Restaurant,https://www.google.com/maps/place/Dream+House+Coffee+-+Ti%E1%BB%87m+c%C3%A0+ph%C3%AA+chill+H%C3%B2a+Xu%C3%A2n+-+%C4%90%C3%A0+N%E1%BA%B5ng/data=!4m7!3m6!1s0x31421be09f9b6629:0x302fb6ff3d0e4663!8m2!3d16.0149485!4d108.2174928!16s%2Fg%2F11hz_krxzb!19sChIJKWabn-AbQjERY0YOPf-2LzA?authuser=0&hl=en&rclk=1,https://www.facebook.com/cafe.dreamhouse?mibextid=ZbWKwL
restaurant01103,I COFFEE,i,cafe,"191 Hoàng Diệu, Phước Ninh, Hải Châu, Đà Nẵng 550000",Đà Nẵng,da nang,16.0602043,108.2171271,0706 666 662 ,100000,"100,000",3.9,Coffee Shop,Restaurant,https://www.google.com/maps/place/I+COFFEE/data=!4m7!3m6!1s0x314219d556554713:0xc88a8045959712ca!8m2!3d16.0602043!4d108.2171271!16s%2Fg%2F11jt39ch7c!19sChIJE0dVVtUZQjERyhKXlUWAisg?authuser=0&hl=en&rclk=1,
restaurant01104,WONDERLUST - Coffee & Souvenir,wonderlust souvenir,cafe,"96 Trần Phú, Hải Châu, Đà Nẵng 840236",Đà Nẵng,da nang,16.0691557,108.223843,0236 3744 678 ,100000,"100,000",4.6,Coffee Shop,Restaurant,https://www.google.com/maps/place/WONDERLUST+-+Coffee+%26+Souvenir/data=!4m7!3m6!1s0x3142183224111241:0xa99dd0ef2ad89be0!8m2!3d16.0691557!4d108.223843!16s%2Fg%2F11gf5kqnwq!19sChIJQRIRJDIYQjER4JvYKu_Qnak?authuser=0&hl=en&rclk=1,http://wonderlust.vn/
restaurant01105,Hem Xeo,hem xeo,restaurant,"2 Đặng Thùy Trâm, Hoà Thuận, Hải Châu, Đà Nẵng 550000",Đà Nẵng,da nang,16.0523796,108.2062998,0934 877 432 ,100000,"100,000",4.7,Coffee Shop,Restaurant,https://www.google.com/maps/place/Hem+Xeo/data=!4m7!3m6!1s0x314219b9f2efd265:0x5e0a2cc156361522!8m2!3d16.0523796!4d108.2062998!16s%2Fg%2F11f3vdmnbh!19sChIJZdLv8rkZQjERIhU2VsEsCl4?authuser=0&hl=en&rclk=1,https://m.facebook.com/hemxeohouse2018/
restaurant01106,Wind Garden,wind gar,temple,"72 Lê Mạnh Trinh, Phước Mỹ, Sơn Trà, Đà Nẵng 550000",Đà Nẵng,da nang,16.074512,108.2434614,0905 519 991 ,100000,"100,000",4.3,Coffee Shop,Restaurant,https://www.google.com/maps/place/Wind+Garden/data=!4m7!3m6!1s0x31421788b5ae9f13:0x4258793219812e82!8m2!3d16.074512!4d108.2434614!16s%2Fg%2F11b6nmv8qt!19sChIJE5-utYgXQjERgi6BGTJ5WEI?authuser=0&hl=en&rclk=1,https://www.facebook.com/windgardencoffee?mibextid=ZbWKwL
restaurant01107,Cafeholic Coffee,holic,cafe,"52 Lê Lợi, Thạch Thang, Hải Châu, Đà Nẵng 550000",Đà Nẵng,da nang,16.0786035,108.2193211,0812 045 252 ,100000,"100,000",4.8,Coffee Shop,Restaurant,https://www.google.com/maps/place/Cafeholic+Coffee/data=!4m7!3m6!1s0x3142191b55f680b3:0x238d015190a84f59!8m2!3d16.0786035!4d108.2193211!16s%2Fg%2F11rf4nb072!19sChIJs4D2VRsZQjERWU-okFEBjSM?authuser=0&hl=en&rclk=1,http://cafeholic.vn/
restaurant01108,Vối cà phê- tiệm cà phê nhà Vối,voi tiem nha voi,cafe,"68/23 Nguyễn Hữu Thọ, Hòa Thuận Nam, Hải Châu, Đà Nẵng 550000",Đà Nẵng,da nang,16.0474011,108.2087224,0344 108 411 ,100000,"100,000",4.6,Coffee Shop,Restaurant,https://www.google.com/maps/place/V%E1%BB%91i+c%C3%A0+ph%C3%AA-+ti%E1%BB%87m+c%C3%A0+ph%C3%AA+nh%C3%A0+V%E1%BB%91i/data=!4m7!3m6!1s0x314219c9ca7a1b63:0x46340e7fc0f2c717!8m2!3d16.0474011!4d108.2087224!16s%2Fg%2F11ptyx_x5_!19sChIJYxt6yskZQjERF8fywH8ONEY?authuser=0&hl=en&rclk=1,
restaurant01109,Gé Cafe,ge,cafe,"66 Đỗ Quang, Thạc Gián, Thanh Khê, Đà Nẵng 550000",Đà Nẵng,da nang,16.0605706,108.2118763,0935 350 968 ,100000,"100,000",4.8,Coffee Shop,Restaurant,https://www.google.com/maps/place/G%C3%A9+Cafe/data=!4m7!3m6!1s0x314219b4da1387cd:0xdd379ef2f5ad1635!8m2!3d16.0605706!4d108.2118763!16s%2Fg%2F11mdkcvxr3!19sChIJzYcT2rQZQjERNRat9fKeN90?authuser=0&hl=en&rclk=1,
restaurant01110,Xém,xem,restaurant,"25 Đỗ Quang, Thạc Gián, Thanh Khê, Đà Nẵng 550000",Đà Nẵng,da nang,16.0628543,108.212676,0905 847 008 ,100000,"100,000",4.2,Coffee Shop,Restaurant,https://www.google.com/maps/place/X%C3%A9m.+C%C3%A0+Ph%C3%AA/data=!4m7!3m6!1s0x3142194751d0e72f:0x49a8ee29a25cce2b!8m2!3d16.0628543!4d108.212676!16s%2Fg%2F11n1908nbs!19sChIJL-fQUUcZQjERK85coinuqEk?authuser=0&hl=en&rclk=1,https://www.facebook.com/xem.cafe/?ref=page_internal
restaurant01111,Fil's Cafe,fil s,cafe,"225/3 Đống Đa, Thạch Thang, Hải Châu, Đà Nẵng 550000",Đà Nẵng,da nang,16.0755634,108.2155914,0905 888 136 ,100000,"100,000",4.5,Coffee Shop,Restaurant,https://www.google.com/maps/place/Fil%27s+Cafe/data=!4m7!3m6!1s0x314218378c857159:0x7d066fc664d3bbd0!8m2!3d16.0755634!4d108.2155914!16s%2Fg%2F11ggnc450w!19sChIJWXGFjDcYQjER0LvTZMZvBn0?authuser=0&hl=en&rclk=1,https://www.facebook.com/Fils-Coffee-562598227431620/
restaurant01112,The 59 cafe,the 59,cafe,"59 Hải Phòng, Thạch Thang, Hải Châu, Đà Nẵng 550000",Hải Phòng,hai phong,16.0717586,108.2175209,,100000,"100,000",4.4,Coffee Shop,Restaurant,https://www.google.com/maps/place/The+59+cafe/data=!4m7!3m6!1s0x314219bb28181783:0xdc89976718ec6b96!8m2!3d16.0717586!4d108.2175209!16s%2Fg%2F11jdrj84zk!19sChIJgxcYKLsZQjERlmvsGGeXidw?authuser=0&hl=en&rclk=1,
restaurant01113,PASSPORT Coffee Roastery,passport roastery,cafe,"03 Trường Thi 6, Hòa Thuận Tây, Hải Châu, Đà Nẵng 55000",Đà Nẵng,da nang,16.0597407,108.2045725,0898 160 703 ,100000,"100,000",4.5,Coffee Shop,Restaurant,https://www.google.com/maps/place/PASSPORT+Coffee+Roastery/data=!4m7!3m6!1s0x3142191a5cd97919:0x2f11535e9a6b2ec3!8m2!3d16.0597407!4d108.2045725!16s%2Fg%2F11p6x_9knh!19sChIJGXnZXBoZQjERwy5rml5TES8?authuser=0&hl=en&rclk=1,https://www.facebook.com/PassportRoastery
restaurant01114,Đi Lạc Coffee,di lac,cafe,"24 Nguyễn Công Trứ, An Hải, Sơn Trà, Đà Nẵng 550000",Đà Nẵng,da nang,16.0685733,108.2296095,0839 123 996 ,100000,"100,000",4.8,Coffee Shop,Restaurant,https://www.google.com/maps/place/%C4%90i+L%E1%BA%A1c+Coffee/data=!4m7!3m6!1s0x314219c7d94eb98b:0x702b8a5dfc82590d!8m2!3d16.0685733!4d108.2296095!16s%2Fg%2F11j2_svb0s!19sChIJi7lO2ccZQjERDVmC_F2KK3A?authuser=0&hl=en&rclk=1,https://www.facebook.com/dilaccoffee
restaurant01115,Ibasho Coffee,ibasho,cafe,"124 Yên Khê 1, Thanh Khê Đông, Thanh Khê, Đà Nẵng",Đà Nẵng,da nang,16.072602,108.1798707,0941 293 678 ,100000,"100,000",4.1,Coffee Shop,Restaurant,https://www.google.com/maps/place/Ibasho+Coffee/data=!4m7!3m6!1s0x31421949baf9e1a1:0x71f980b2515c49c5!8m2!3d16.072602!4d108.1798707!16s%2Fg%2F11qyn_6jxq!19sChIJoeH5ukkZQjERxUlcUbKA-XE?authuser=0&hl=en&rclk=1,https://m.facebook.com/ibashocoffeeandhomestay/
restaurant01116,The Cups Coffee Roastery,the cups roastery,cafe,"192 Nguyễn Văn Thoại, Bắc Mỹ Phú, Ngũ Hành Sơn, Đà Nẵng 550000",Đà Nẵng,da nang,16.0560206,108.2460604,0913 320 177 ,100000,"100,000",4.5,Coffee Shop,Restaurant,https://www.google.com/maps/place/The+Cups+Coffee+Roastery/data=!4m7!3m6!1s0x314217dec9f11185:0xdca9de0f2bf6523d!8m2!3d16.0560206!4d108.2460604!16s%2Fg%2F11g07yw4fm!19sChIJhRHxyd4XQjERPVL2Kw_eqdw?authuser=0&hl=en&rclk=1,http://thecupscoffee.vn/
restaurant01117,GIÁC Coffee,giac,cafe,"21 Núi Thành, Bình Thuận, Hải Châu, Đà Nẵng 550000",Đà Nẵng,da nang,16.053308,108.2204506,,100000,"100,000",4.2,Coffee Shop,Restaurant,https://www.google.com/maps/place/GI%C3%81C+Coffee/data=!4m7!3m6!1s0x31421945e44322ef:0x676f8b13ebb5fd8a!8m2!3d16.053308!4d108.2204506!16s%2Fg%2F11hdsyqk3t!19sChIJ7yJD5EUZQjERiv216xOLb2c?authuser=0&hl=en&rclk=1,
restaurant01118,"Phê La - Nguyễn Văn Linh, Đà Nẵng",phe la nguyen van linh da nang,island,"35 - 41 Nguyễn Văn Linh, Phước Ninh, Hải Châu, Đà Nẵng 550000",Đà Nẵng,da nang,16.0607498,108.2209704,1900 3013 ,100000,"100,000",4.4,Coffee Shop,Restaurant,"https://www.google.com/maps/place/Ph%C3%AA+La+-+Nguy%C3%AA%CC%83n+V%C4%83n+Linh,+%C4%90%C3%A0+N%E1%BA%B5ng/data=!4m7!3m6!1s0x314219fcbe9899b7:0xb0e7cb4505abcd79!8m2!3d16.0607498!4d108.2209704!16s%2Fg%2F11l59jn8m5!19sChIJt5mYvvwZQjERec2rBUXL57A?authuser=0&hl=en&rclk=1",
restaurant01119,Phê Coffee,phe,cafe,"03 Nguyễn Bá Học, Bình Thuận, Hải Châu, Đà Nẵng 550000",Đà Nẵng,da nang,16.0546513,108.2208819,0902 575 368 ,100000,"100,000",4.4,Coffee Shop,Restaurant,https://www.google.com/maps/place/Ph%C3%AA+Coffee/data=!4m7!3m6!1s0x314219a84889aab3:0x9fd8ed1f1d8a579a!8m2!3d16.0546513!4d108.2208819!16s%2Fg%2F11t0psfvwm!19sChIJs6qJSKgZQjERmleKHR_t2J8?authuser=0&hl=en&rclk=1,
restaurant01120,SaiGon Brown Coffee,saigon brown,cafe,"1 Tân Trào, Hoà Minh, Liên Chiểu, Đà Nẵng 550000",Đà Nẵng,da nang,16.0602436,108.1744226,1900 232747 ,100000,"100,000",4.2,Coffee Shop,Restaurant,https://www.google.com/maps/place/SaiGon+Brown+Coffee/data=!4m7!3m6!1s0x314219252364b16b:0x8db861d1104b5ced!8m2!3d16.0602436!4d108.1744226!16s%2Fg%2F11fj33_yf0!19sChIJa7FkIyUZQjER7VxLENFhuI0?authuser=0&hl=en&rclk=1,
restaurant01121,Khâu,khau,restaurant,"75/18 Lê Hồng Phong, Phước Ninh, Hải Châu, Đà Nẵng 550000",Đà Nẵng,da nang,16.0634429,108.2187969,0906 430 620 ,100000,"100,000",4.4,Coffee Shop,Restaurant,https://www.google.com/maps/place/Kh%C3%A2u.c%C3%A0+ph%C3%AA/data=!4m7!3m6!1s0x31421964275a06fb:0x98cf4cb0cff36086!8m2!3d16.0634429!4d108.2187969!16s%2Fg%2F11s82xsbnp!19sChIJ-wZaJ2QZQjERhmDzz7BMz5g?authuser=0&hl=en&rclk=1,
restaurant01122,Incheon Coffee Đà Nẵng,incheon da nang,cafe,"35 Lý Thường Kiệt, Thạch Thang, Hải Châu, Đà Nẵng 550000",Đà Nẵng,da nang,16.0800348,108.2205032,0905 123 333 ,100000,"100,000",4.0,Coffee Shop,Restaurant,https://www.google.com/maps/place/Incheon+Coffee+%C4%90%C3%A0+N%E1%BA%B5ng/data=!4m7!3m6!1s0x314219d77a63fa3b:0x6a6be4642a148708!8m2!3d16.0800348!4d108.2205032!16s%2Fg%2F11syr3nbps!19sChIJO_pjetcZQjERCIcUKmTka2o?authuser=0&hl=en&rclk=1,https://m.facebook.com/35LythuongkietDN/
restaurant01123,Cổ Động Cafe,co dong,cafe,"30 Đặng Thùy Trâm, Hòa Thuận Nam, Hải Châu, Đà Nẵng 50000",Đà Nẵng,da nang,16.0522882,108.2051718,0335 522 591 ,100000,"100,000",4.8,Coffee Shop,Restaurant,https://www.google.com/maps/place/C%E1%BB%95+%C4%90%E1%BB%99ng+Cafe/data=!4m7!3m6!1s0x314219f0acc5f66f:0xb79e473d833c2fbb!8m2!3d16.0522882!4d108.2051718!16s%2Fg%2F11tbzl6dgb!19sChIJb_bFrPAZQjERuy88gz1Hnrc?authuser=0&hl=en&rclk=1,https://www.facebook.com/cafecodong
restaurant01124,Zozi Coffee 24/7,zozi 24 7,cafe,"16 Dương Khuê, Bắc Mỹ Phú, Ngũ Hành Sơn, Đà Nẵng 550000",Đà Nẵng,da nang,16.0481737,108.2349853,0866 144 363 ,100000,"100,000",4.4,Coffee Shop,Restaurant,https://www.google.com/maps/place/Zozi+Coffee+24%2F7/data=!4m7!3m6!1s0x314219a937935ae9:0xaf3643b9555c1c1a!8m2!3d16.0481737!4d108.2349853!16s%2Fg%2F11t10qd6hq!19sChIJ6VqTN6kZQjERGhxcVblDNq8?authuser=0&hl=en&rclk=1,https://www.facebook.com/zozi.offical
restaurant01125,Cafe Yen,yen,cafe,"134/2 Quang Trung, Thạch Thang, Hải Châu, Đà Nẵng 550000",Đà Nẵng,da nang,16.0743929,108.2162289,,100000,"100,000",4.4,Coffee Shop,Restaurant,https://www.google.com/maps/place/Cafe+Yen/data=!4m7!3m6!1s0x3142183a7f090975:0xdebca14ac0090125!8m2!3d16.0743929!4d108.2162289!16s%2Fg%2F11h414ll7w!19sChIJdQkJfzoYQjERJQEJwEqhvN4?authuser=0&hl=en&rclk=1,https://www.facebook.com/tiemcapheyenquangtrung
restaurant01126,Àla Cafe,ala,cafe,"113/27 Nguyễn Chí Thanh, Hải Châu, Đà Nẵng 550000",Đà Nẵng,da nang,16.0736256,108.2216705,0917 168 530 ,100000,"100,000",4.7,Coffee Shop,Restaurant,https://www.google.com/maps/place/%C3%80la+Cafe/data=!4m7!3m6!1s0x314219f116c68ce9:0x648fcfcd1a4c3eb6!8m2!3d16.0736256!4d108.2216705!16s%2Fg%2F11jlmml20j!19sChIJ6YzGFvEZQjERtj5MGs3Pj2Q?authuser=0&hl=en&rclk=1,https://www.facebook.com/alacafe.official
restaurant01127,ACACIA coffee and more,acacia and more,cafe,"05 An Cư 5, An Hải Bắc, Sơn Trà, Đà Nẵng 550000",Đà Nẵng,da nang,16.0740525,108.2419258,0769 482 888 ,100000,"100,000",4.8,Coffee Shop,Restaurant,https://www.google.com/maps/place/ACACIA+coffee+and+more/data=!4m7!3m6!1s0x314217d1fac2c311:0x94c5c423146d01af!8m2!3d16.0740525!4d108.2419258!16s%2Fg%2F11kq3v81rp!19sChIJEcPC-tEXQjERrwFtFCPExZQ?authuser=0&hl=en&rclk=1,http://facebook.com/caysidng
restaurant01128,P Coffee,p,cafe,"53-55 Nguyễn Văn Linh, Phước Ninh, Hải Châu, Đà Nẵng 50211",Đà Nẵng,da nang,16.0607465,108.2206633,0838 437 777 ,100000,"100,000",4.2,Coffee Shop,Restaurant,https://www.google.com/maps/place/P+Coffee/data=!4m7!3m6!1s0x314219d18f373ac7:0x6d21db29006aceef!8m2!3d16.0607465!4d108.2206633!16s%2Fg%2F11qyc0plp4!19sChIJxzo3j9EZQjER785qACnbIW0?authuser=0&hl=en&rclk=1,https://www.facebook.com/p.poonacoffee/
restaurant01129,Cosmos Coffee - Nguyễn Du,cosmos nguyen du,cafe,"4 Nguyễn Du, Thạch Thang, Hải Châu, Đà Nẵng 550000",Đà Nẵng,da nang,16.0791193,108.2233106,,100000,"100,000",4.3,Coffee Shop,Restaurant,https://www.google.com/maps/place/Cosmos+Coffee+-+Nguy%E1%BB%85n+Du/data=!4m7!3m6!1s0x3142198eb9d202e3:0xe8f683400f16f83!8m2!3d16.0791193!4d108.2233106!16s%2Fg%2F11tct69ry2!19sChIJ4wLSuY4ZQjERg2_xADRojw4?authuser=0&hl=en&rclk=1,
restaurant01130,Das Chill Coffee,das chill,cafe,"37 Trần Quý Cáp, Thạch Thang, Hải Châu, Đà Nẵng 550000",Đà Nẵng,da nang,16.0811223,108.2201319,,100000,"100,000",4.6,Coffee Shop,Restaurant,https://www.google.com/maps/place/Das+Chill+Coffee/data=!4m7!3m6!1s0x31421964daf682bb:0x85e7b11c1b86beaa!8m2!3d16.0811223!4d108.2201319!16s%2Fg%2F11sx0nh18s!19sChIJu4L22mQZQjERqr6GGxyx54U?authuser=0&hl=en&rclk=1,https://facebook.com/Das-Chill-Coffee-103167125659146/
restaurant01131,IKIGAI,ikigai,restaurant,"60 Nguyễn Chí Thanh, Hải Châu, Đà Nẵng 55000",Đà Nẵng,da nang,16.0740215,108.2205959,0762 076 421 ,100000,"100,000",4.4,Coffee Shop,Restaurant,https://www.google.com/maps/place/IKIGAI+.+garden+.+cafe/data=!4m7!3m6!1s0x3142198e485eda79:0x91cf5b707450a662!8m2!3d16.0740215!4d108.2205959!16s%2Fg%2F11js7bd1jn!19sChIJedpeSI4ZQjERYqZQdHBbz5E?authuser=0&hl=en&rclk=1,
restaurant01132,Moss Coffee Shop 2,moss shop 2,cafe,"02 Phan Bội Châu, Thạch Thang, Hải Châu, Đà Nẵng 02363",Đà Nẵng,da nang,16.080964,108.2211754,0905 404 436 ,100000,"100,000",4.5,Coffee Shop,Restaurant,https://www.google.com/maps/place/Moss+Coffee+Shop+2/data=!4m7!3m6!1s0x31421962c295f3db:0x4e823ec83064d3ac!8m2!3d16.080964!4d108.2211754!16s%2Fg%2F11cs31kn4w!19sChIJ2_OVwmIZQjERrNNkMMg-gk4?authuser=0&hl=en&rclk=1,
restaurant01133,Goc Nha Tui Minh Teahouse,goc nha tui minh teause,lake,"36 Lê Duẩn, Hải Châu, Đà Nẵng 550000",Đà Nẵng,da nang,16.0723858,108.2218489,,100000,"100,000",4.7,Tea Shop,Restaurant,https://www.google.com/maps/place/Goc+Nha+Tui+Minh+Teahouse/data=!4m7!3m6!1s0x314218311e0b5cb7:0xe7c8369519580d10!8m2!3d16.0723858!4d108.2218489!16s%2Fg%2F11d_wwzp9m!19sChIJt1wLHjEYQjEREA1YGZU2yOc?authuser=0&hl=en&rclk=1,https://www.facebook.com/gocnhatuiminh
restaurant01134,Khong Gian Xua,kng gian xua,lake,"402 Điện Biên Phủ, Thanh Khê Đông, Thanh Khê, Đà Nẵng 550000",Đà Nẵng,da nang,16.0663007,108.18943,0236 3730 777 ,200000,"200,000",4.2,Coffee Shop,Restaurant,https://www.google.com/maps/place/Khong+Gian+Xua/data=!4m7!3m6!1s0x314219001064ce23:0x67d2fa43164ccba6!8m2!3d16.0663007!4d108.18943!16s%2Fg%2F1hhngl_mz!19sChIJI85kEAAZQjERpstMFkP60mc?authuser=0&hl=en&rclk=1,http://khonggianxua.samdigroup.vn/
restaurant01135,Phê La Bạch Đằng - Đà Nẵng,phe la bach dang da nang,beach,"36 - 38 Bạch Đằng, Thạch Thang, Hải Châu, Đà Nẵng 550000",Đà Nẵng,da nang,16.0771891,108.2238641,,100000,"100,000",4.8,Coffee Shop,Restaurant,https://www.google.com/maps/place/Ph%C3%AA+La+B%E1%BA%A1ch+%C4%90%E1%BA%B1ng+-+%C4%90%C3%A0+N%E1%BA%B5ng/data=!4m7!3m6!1s0x314219001d9e732b:0xd9d7889eedb61753!8m2!3d16.0771891!4d108.2238641!16s%2Fg%2F11yg55bj24!19sChIJK3OeHQAZQjERUxe27Z6I19k?authuser=0&hl=en&rclk=1,
restaurant01136,A-kopi Coffee,a kopi,cafe,"83 Trần Phú, Hải Châu, Đà Nẵng 550000",Đà Nẵng,da nang,16.0697472,108.2242796,0352 392 879 ,100000,"100,000",4.8,Coffee Shop,Restaurant,https://www.google.com/maps/place/A-kopi+Coffee/data=!4m7!3m6!1s0x314219508d3ddacb:0x3a790faf9f06856c!8m2!3d16.0697472!4d108.2242796!16s%2Fg%2F11vr7v__95!19sChIJy9o9jVAZQjERbIUGn68PeTo?authuser=0&hl=en&rclk=1,
restaurant01137,Kaldi & More Coffee Shop,kaldi more shop,cafe,"29-31 Hùng Vương, Hải Châu, Đà Nẵng 550000",Đà Nẵng,da nang,16.068498,108.223168,0922 061 866 ,200000,"200,000",4.8,Coffee Shop,Restaurant,https://www.google.com/maps/place/Kaldi+%26+More+Coffee+Shop/data=!4m7!3m6!1s0x3142118086a57fc1:0x7b46cad6c2ab391f!8m2!3d16.068498!4d108.223168!16s%2Fg%2F11k3jgh2wz!19sChIJwX-lhoARQjERHzmrwtbKRns?authuser=0&hl=en&rclk=1,https://www.facebook.com/Kaldiandmore/
restaurant01138,Nối Café,noi,cafe,"113/18 Nguyễn Chí Thanh, Hải Châu, Đà Nẵng 550000",Đà Nẵng,da nang,16.0737166,108.2215743,0935 804 537 ,100000,"100,000",4.4,Coffee Shop,Restaurant,https://www.google.com/maps/place/N%E1%BB%91i+Caf%C3%A9/data=!4m7!3m6!1s0x31421830b8f7ac35:0xb33f644c4ec6cbe4!8m2!3d16.0737166!4d108.2215743!16s%2Fg%2F11dxkxf4s7!19sChIJNaz3uDAYQjER5MvGTkxkP7M?authuser=0&hl=en&rclk=1,
restaurant01139,34 Tropical,34 tropical,restaurant,"155 Lê Đình Lý, Bình Thuận, Hải Châu, Đà Nẵng 552200",Đà Nẵng,da nang,16.0535347,108.2113574,0966 523 434 ,100000,"100,000",4.9,Coffee Shop,Restaurant,https://www.google.com/maps/place/34+Tropical/data=!4m7!3m6!1s0x3142190067477515:0x88b01749f66dccce!8m2!3d16.0535347!4d108.2113574!16s%2Fg%2F11wtgx93bh!19sChIJFXVHZwAZQjERzsxt9kkXsIg?authuser=0&hl=en&rclk=1,
restaurant01140,Namto House Coffee & Vietnamese Cuisine,namto house vietnamese cuisine,cafe,"130 Nguyễn Chí Thanh, Hải Châu, Đà Nẵng 550000",Đà Nẵng,da nang,16.0677357,108.2208447,0948 877 777 ,100000,"100,000",4.5,Coffee Shop,Restaurant,https://www.google.com/maps/place/Namto+House+Coffee+%26+Vietnamese+Cuisine/data=!4m7!3m6!1s0x3142199f4577a21d:0x9e152035e28c81d9!8m2!3d16.0677357!4d108.2208447!16s%2Fg%2F11fnb14vc2!19sChIJHaJ3RZ8ZQjER2YGM4jUgFZ4?authuser=0&hl=en&rclk=1,https://www.facebook.com/namtohouse?mibextid=ZbWKwL
restaurant01141,Roost Coffee Roasters | Da Nang,roost roasters da nang,cafe,"57 Bà Huyện Thanh Quan, Bắc Mỹ An, Ngũ Hành Sơn, Đà Nẵng 50700",Đà Nẵng,da nang,16.0433923,108.2440618,0914 002 628 ,100000,"100,000",4.9,Coffee Shop,Restaurant,https://www.google.com/maps/place/Roost+Coffee+Roasters+%7C+Da+Nang/data=!4m7!3m6!1s0x31421724b9f30a89:0x8cbb28ee01d72686!8m2!3d16.0433923!4d108.2440618!16s%2Fg%2F11kq2mfb_9!19sChIJiQrzuSQXQjERhibXAe4ou4w?authuser=0&hl=en&rclk=1,http://www.roostvn.cafe/
restaurant01142,Cửa Ngõ Café – Cửa Hàng Số 2,cua ngo cua hang so 2,cafe,"102 Nguyễn Thị Minh Khai, Thạch Thang, Hải Châu, Đà Nẵng 550000",Đà Nẵng,da nang,16.0719706,108.2181749,0889 440 440 ,100000,"100,000",4.5,Coffee Shop,Restaurant,https://www.google.com/maps/place/C%E1%BB%ADa+Ng%C3%B5+Caf%C3%A9+%E2%80%93+C%E1%BB%ADa+H%C3%A0ng+S%E1%BB%91+2/data=!4m7!3m6!1s0x314219805c6565cf:0xb2046216c06654f5!8m2!3d16.0719706!4d108.2181749!16s%2Fg%2F11rzcp_r2k!19sChIJz2VlXIAZQjER9VRmwBZiBLI?authuser=0&hl=en&rclk=1,
restaurant01143,THE POWERHOUSE,the poweruse,lake,"153 Triệu Nữ Vương, Hải Châu, Đà Nẵng 550000",Đà Nẵng,da nang,16.0623027,108.2167533,0966 020 246 ,100000,"100,000",4.6,Coffee Shop,Restaurant,https://www.google.com/maps/place/THE+POWERHOUSE/data=!4m7!3m6!1s0x314219b3ef299c95:0x2d21d006353364e!8m2!3d16.0623027!4d108.2167533!16s%2Fg%2F11sh19dyfj!19sChIJlZwp77MZQjERTjZTYwAd0gI?authuser=0&hl=en&rclk=1,
restaurant01144,Forest Coffee Da Nang,forest da nang,cafe,"141 Lê Quang Đạo, Bắc Mỹ Phú, Ngũ Hành Sơn, Đà Nẵng 50000",Đà Nẵng,da nang,16.0517903,108.2451117,0346 955 686 ,100000,"100,000",4.7,Coffee Shop,Restaurant,https://www.google.com/maps/place/Forest+Coffee+Da+Nang/data=!4m7!3m6!1s0x314217000105c52b:0xbede429c5bb60875!8m2!3d16.0517903!4d108.2451117!16s%2Fg%2F11vrt5bkb9!19sChIJK8UFAQAXQjERdQi2W5xC3r4?authuser=0&hl=en&rclk=1,https://www.facebook.com/profile.php?id=61555361106302&mibextid=YMEMSu
restaurant01145,Tân Coffee,tan,cafe,"10 Nguyễn Thiện Thuật, Phước Ninh, Hải Châu, Đà Nẵng 550000",Đà Nẵng,da nang,16.0565099,108.22162,0777 167 610 ,100000,"100,000",4.4,Coffee Shop,Restaurant,https://www.google.com/maps/place/T%C3%A2n+Coffee/data=!4m7!3m6!1s0x31421966a365dcd7:0xc318528bf0b8d44b!8m2!3d16.0565099!4d108.22162!16s%2Fg%2F11l1qjf0fl!19sChIJ19xlo2YZQjERS9S48ItSGMM?authuser=0&hl=en&rclk=1,https://tan-co.vn/
restaurant01146,TANA COFFEE,tana,cafe,"58 Tố Hữu, Hoà Cường Nam, Hải Châu, Đà Nẵng",Đà Nẵng,da nang,16.0347248,108.220025,0905 886 636 ,100000,"100,000",4.6,Coffee Shop,Restaurant,https://www.google.com/maps/place/TANA+COFFEE/data=!4m7!3m6!1s0x3142194f1e96f3fd:0x78dd83d7aa6b3ad4!8m2!3d16.0347248!4d108.220025!16s%2Fg%2F11n0f_llb8!19sChIJ_fOWHk8ZQjER1DprqteD3Xg?authuser=0&hl=en&rclk=1,
restaurant01147,MOR CÀ PHÊ,mor,cafe,"K385A/24 Nguyễn Văn Linh, Thạc Gián, Thanh Khê, Đà Nẵng 550000",Đà Nẵng,da nang,16.0583208,108.2070073,0705 305 205 ,100000,"100,000",4.3,Coffee Shop,Restaurant,https://www.google.com/maps/place/MOR+C%C3%80+PH%C3%8A/data=!4m7!3m6!1s0x3142197df6e30f31:0xcb4f0d9472a410e8!8m2!3d16.0583208!4d108.2070073!16s%2Fg%2F11qht__j98!19sChIJMQ_j9n0ZQjER6BCkcpQNT8s?authuser=0&hl=en&rclk=1,
restaurant01148,Đảo Cà Phê,dao,cafe,"26PF+866, 467/3 Núi Thành, Hoà Cường Nam, Hải Châu, Đà Nẵng 550000",Đà Nẵng,da nang,16.0363614,108.2230001,0899 089 568 ,100000,"100,000",4.5,Coffee Shop,Restaurant,https://www.google.com/maps/place/%C4%90%E1%BA%A3o+C%C3%A0+Ph%C3%AA/data=!4m7!3m6!1s0x3142190d766a3e57:0x2de28c2c985e08fc!8m2!3d16.0363614!4d108.2230001!16s%2Fg%2F11t7j303rc!19sChIJVz5qdg0ZQjER_AhemCyM4i0?authuser=0&hl=en&rclk=1,https://www.facebook.com/daocaphedn
restaurant01149,Cà Phê muối Huế 2 - n salt Cafe Tản Đà,muoi hue 2 n salt tan da,cafe,"31 Tản Đà, Thạc Gián, Thanh Khê, Đà Nẵng 550000",Đà Nẵng,da nang,16.0629984,108.2092355,0385 567 050 ,100000,"100,000",4.8,Coffee Shop,Restaurant,https://www.google.com/maps/place/C%C3%A0+Ph%C3%AA+mu%E1%BB%91i+Hu%E1%BA%BF+2+-+n+salt+Cafe+T%E1%BA%A3n+%C4%90%C3%A0/data=!4m7!3m6!1s0x314219d0d53535c1:0x93937c23ae5927b3!8m2!3d16.0629984!4d108.2092355!16s%2Fg%2F11rjj3t1k2!19sChIJwTU11dAZQjERsydZriN8k5M?authuser=0&hl=en&rclk=1,https://www.facebook.com/caphemuoionline
restaurant01150,Pillar Cafe - Specialty Coffee (Specialty coffee in DaNang),pillar specialty specialty in danang,cafe,"46 Trần Văn Trứ, Bình Thuận, Hải Châu, Đà Nẵng 550000",Đà Nẵng,da nang,16.056244,108.222706,0935 467 508 ,100000,"100,000",5.0,Coffee Shop,Restaurant,https://www.google.com/maps/place/Pillar+Cafe+-+Specialty+Coffee+%28Specialty+coffee+in+DaNang%29/data=!4m7!3m6!1s0x314219e56dcd599d:0x4690d7caf6c254b3!8m2!3d16.056244!4d108.222706!16s%2Fg%2F11yfnkg3hy!19sChIJnVnNbeUZQjERs1TC9srXkEY?authuser=0&hl=en&rclk=1,https://www.instagram.com/thepillarcafe/
restaurant01151,La Bonne Café Đà Nẵng,la bonne da nang,cafe,"192 Phan Châu Trinh, Phước Ninh, Hải Châu, Đà Nẵng 550000",Đà Nẵng,da nang,16.061367,108.2194442,0914 100 236 ,100000,"100,000",4.4,Coffee Shop,Restaurant,https://www.google.com/maps/place/La+Bonne+Caf%C3%A9+%C4%90%C3%A0+N%E1%BA%B5ng/data=!4m7!3m6!1s0x314219309d412a23:0xf75cc6e62c6ff22c!8m2!3d16.061367!4d108.2194442!16s%2Fg%2F11j4n6f57t!19sChIJIypBnTAZQjERLPJvLObGXPc?authuser=0&hl=en&rclk=1,https://facebook.com/labonnecafedanang
restaurant01152,An Nhiên Coffee 04,an nhien 04,cafe,"04 Nguyễn Hữu Thọ phường Hòa Thuận Tây, Đà Nẵng",Đà Nẵng,da nang,16.0523239,108.2087986,0932 564 099 ,100000,"100,000",4.9,Coffee Shop,Restaurant,https://www.google.com/maps/place/An+Nhi%C3%AAn+Coffee+04/data=!4m7!3m6!1s0x31421b620b95a573:0x7845ab8a42620754!8m2!3d16.0523239!4d108.2087986!16s%2Fg%2F11ssbh3433!19sChIJc6WVC2IbQjERVAdiQoqrRXg?authuser=0&hl=en&rclk=1,https://www.facebook.com/profile.php?id=100091729440117&mibextid=LQQJ4d
restaurant01153,Đông Đô cà phê,dong do,cafe,"22/4 Lê Đình Dương, Street, Hải Châu, Đà Nẵng 550000",Đà Nẵng,da nang,16.0612895,108.2219468,0943 419 478 ,100000,"100,000",4.8,Coffee Shop,Restaurant,https://www.google.com/maps/place/%C4%90%C3%B4ng+%C4%90%C3%B4+c%C3%A0+ph%C3%AA/data=!4m7!3m6!1s0x314219dd9be701c9:0xc461c2223008a1a4!8m2!3d16.0612895!4d108.2219468!16s%2Fg%2F11wv01hck6!19sChIJyQHnm90ZQjERpKEIMCLCYcQ?authuser=0&hl=en&rclk=1,
restaurant01154,Hạ Coffee,ha,cafe,"18 Đ. Nguyễn Văn Thông, Hoà Xuân, Cẩm Lệ, Đà Nẵng 550100",Đà Nẵng,da nang,16.0206287,108.2228898,0357 799 999 ,100000,"100,000",4.4,Coffee Shop,Restaurant,https://www.google.com/maps/place/H%E1%BA%A1+Coffee/data=!4m7!3m6!1s0x314219059fe3ac99:0x5c11d740df5ed3db!8m2!3d16.0206287!4d108.2228898!16s%2Fg%2F11fmz8kx4y!19sChIJmazjnwUZQjER29Ne30DXEVw?authuser=0&hl=en&rclk=1,https://coffeeha.com/
restaurant01155,H Coffee,h,cafe,"89 Hoàng Kế Viêm, Bắc Mỹ Phú, Ngũ Hành Sơn, Đà Nẵng 550000",Đà Nẵng,da nang,16.0492014,108.244635,0979 195 968 ,100000,"100,000",4.6,Coffee Shop,Restaurant,https://www.google.com/maps/place/H+Coffee/data=!4m7!3m6!1s0x3142177b13e18547:0x94f8ee79b0fcf205!8m2!3d16.0492014!4d108.244635!16s%2Fg%2F11f0_ghrfc!19sChIJR4XhE3sXQjERBfL8sHnu-JQ?authuser=0&hl=en&rclk=1,https://ndangtung.wixsite.com/h-coffee-vietnam
restaurant01156,Lani Gelato & Coffee - Đà Nẵng,lani gelato da nang,cafe,"126C Đ. 2 Tháng 9, Bình Thuận, Hải Châu, Đà Nẵng 50000",Đà Nẵng,da nang,16.0533601,108.2219511,0989 077 808 ,100000,"100,000",4.8,Coffee Shop,Restaurant,https://www.google.com/maps/place/Lani+Gelato+%26+Coffee+-+%C4%90%C3%A0+N%E1%BA%B5ng/data=!4m7!3m6!1s0x31421900780b87e5:0x9314d755501d74bc!8m2!3d16.0533601!4d108.2219511!16s%2Fg%2F11wm_hjwv2!19sChIJ5YcLeAAZQjERvHQdUFXXFJM?authuser=0&hl=en&rclk=1,
restaurant01157,Nờ cafe,no,cafe,"20 Lê Thị Xuyến, Chính Gián, Thanh Khê, Đà Nẵng 550000",Đà Nẵng,da nang,16.0689035,108.2008045,0905 087 743 ,100000,"100,000",4.9,Coffee Shop,Restaurant,https://www.google.com/maps/place/N%E1%BB%9D+cafe.s/data=!4m7!3m6!1s0x31421912dc0a9c79:0xdba9b841de1e9918!8m2!3d16.0689035!4d108.2008045!16s%2Fg%2F11j_rzxg4c!19sChIJeZwK3BIZQjERGJke3kG4qds?authuser=0&hl=en&rclk=1,
restaurant01158,Cuckoo House Coffee,cuckoo house,cafe,"34 Hồ Phi Tích, Hoà Xuân, Cẩm Lệ, Đà Nẵng 550000",Đà Nẵng,da nang,16.016853,108.2313722,0975 959 579 ,100000,"100,000",4.9,Coffee Shop,Restaurant,https://www.google.com/maps/place/Cuckoo+House+Coffee/data=!4m7!3m6!1s0x31421b8957b5d11f:0x4c9db6de9f7029df!8m2!3d16.016853!4d108.2313722!16s%2Fg%2F11hfxjqv7x!19sChIJH9G1V4kbQjER3ylwn962nUw?authuser=0&hl=en&rclk=1,https://coffeecuckoohouse.wordpress.com/
restaurant01159,La’s Cafe,la s,cafe,"36 Đ. Nguyễn Văn Thông, Hoà Xuân, Cẩm Lệ, Đà Nẵng 840236",Đà Nẵng,da nang,16.0198284,108.2222373,0943 747 599 ,100000,"100,000",4.6,Coffee Shop,Restaurant,https://www.google.com/maps/place/La%E2%80%99s+Cafe/data=!4m7!3m6!1s0x3142195032d6c221:0x90697642e2c75bd5!8m2!3d16.0198284!4d108.2222373!16s%2Fg%2F11dx94n0rn!19sChIJIcLWMlAZQjER1VvH4kJ2aZA?authuser=0&hl=en&rclk=1,
restaurant01160,NAM cafe - 36 Dong Da,nam 36 dong da,cafe,"36 Đống Đa, Thuận Phước, Hải Châu, Đà Nẵng 550000",Đà Nẵng,da nang,16.0822432,108.2199001,0857 786 869 ,100000,"100,000",4.2,Coffee Shop,Restaurant,https://www.google.com/maps/place/NAM+cafe+-+36+Dong+Da/data=!4m7!3m6!1s0x314219c99f4d937d:0xb2fb7f3a52070fcb!8m2!3d16.0822432!4d108.2199001!16s%2Fg%2F11h9198nln!19sChIJfZNNn8kZQjERyw8HUjp_-7I?authuser=0&hl=en&rclk=1,https://www.facebook.com/NAMcafe36DongDa/
restaurant01161,Kashi Garden Coffee,kashi garden,cafe,"03 Đảo Xanh 1, Hoà Cường Bắc, Hải Châu, Đà Nẵng 550000",Đà Nẵng,da nang,16.0476659,108.2278415,0934 770 077 ,100000,"100,000",4.3,Coffee Shop,Restaurant,https://www.google.com/maps/place/Kashi+Garden+Coffee/data=!4m7!3m6!1s0x314219db6b789a81:0xbd30da5e2d8a7161!8m2!3d16.0476659!4d108.2278415!16s%2Fg%2F11dzzmgjdh!19sChIJgZp4a9sZQjERYXGKLV7aML0?authuser=0&hl=en&rclk=1,
restaurant01162,Countryside Restaurant,countryside,restaurant,"27 P. Bát Đàn, Phố cổ Hà Nội, Hoàn Kiếm, Hà Nội",Hà Nội,ha noi,21.0336365,105.8472338,0378 534 927 ,200000,"200,000",4.6,Restaurant,Restaurant,https://www.google.com/maps/place/Countryside+Restaurant/data=!4m7!3m6!1s0x3135ab007fca17c7:0xd79b991b9cf374ee!8m2!3d21.0336365!4d105.8472338!16s%2Fg%2F11b6dx9cl9!19sChIJxxfKfwCrNTER7nTznBuZm9c?authuser=0&hl=en&rclk=1,https://countrysiderestaurant.vn/
restaurant01163,Nhà Hàng Little Hanoi,little hanoi,restaurant,"25 P. Hàng Bè, Hàng Bạc, Hoàn Kiếm, Hà Nội 10000",Hà Nội,ha noi,21.033067,105.8540332,024 3926 0168 ,200000,"200,000",4.7,Restaurant,Restaurant,https://www.google.com/maps/place/Nh%C3%A0+H%C3%A0ng+Little+Hanoi/data=!4m7!3m6!1s0x3135abbf5c8f55b3:0x16a3b970d65321e7!8m2!3d21.033067!4d105.8540332!16s%2Fg%2F1tdf8l3m!19sChIJs1WPXL-rNTER5yFT1nC5oxY?authuser=0&hl=en&rclk=1,https://www.facebook.com/profile.php?id=100093023855824
restaurant01164,SHIMLA - Indian Restaurant,shimla indian,restaurant,"Số 7A, ngõ 40 Đ. Xuân Diệu, Tứ Liên, Tây Hồ, Hà Nội 10000",Hà Nội,ha noi,21.0617355,105.83157,024 3266 8049 ,300000,"300,000",4.8,Restaurant,Restaurant,https://www.google.com/maps/place/SHIMLA+-+Indian+Restaurant/data=!4m7!3m6!1s0x3135adc76b62c8b9:0xd0449252e8fee4a2!8m2!3d21.0617355!4d105.83157!16s%2Fg%2F11gskfk0w_!19sChIJuchia8etNTERouT-6FKSRNA?authuser=0&hl=en&rclk=1,
restaurant01165,Little Hanoi Restaurant (Location 1),little hanoi location 1,restaurant,"16 P. Hàng Bè, Hàng Bạc, Hoàn Kiếm, Hà Nội 10000",Hà Nội,ha noi,21.0334527,105.8537377,0912 173 472 ,200000,"200,000",4.8,Restaurant,Restaurant,https://www.google.com/maps/place/Little+Hanoi+Restaurant+%28Location+1%29/data=!4m7!3m6!1s0x3135ab86dc6e4265:0x4572eadd42f6c644!8m2!3d21.0334527!4d105.8537377!16s%2Fg%2F11kk8gh5_8!19sChIJZUJu3IarNTERRMb2Qt3qckU?authuser=0&hl=en&rclk=1,
restaurant01166,Lake View Side Restaurant,lake view side,restaurant,"47 P. Hàng Dầu, Lý Thái Tổ, Hoàn Kiếm, Hà Nội 100000",Hà Nội,ha noi,21.0305893,105.8540387,0834 063 388 ,300000,"300,000",4.8,Restaurant,Restaurant,https://www.google.com/maps/place/Lake+View+Side+Restaurant/data=!4m7!3m6!1s0x3135abe5267cb769:0x91642bb8eda52fac!8m2!3d21.0305893!4d105.8540387!16s%2Fg%2F11h3g98jnx!19sChIJabd8JuWrNTERrC-l7bgrZJE?authuser=0&hl=en&rclk=1,https://lakeviewsiderestaurant-cafe.com/
restaurant01167,Au Lac Family Restaurant,au lac family,restaurant,"23 Ng. Huyện, Hàng Trống, Hoàn Kiếm, Hà Nội 100000",Hà Nội,ha noi,21.0295321,105.8487519,0345 315 123 ,200000,"200,000",4.9,Restaurant,Restaurant,https://www.google.com/maps/place/Au+Lac+Family+Restaurant/data=!4m7!3m6!1s0x3135ab04e462394f:0x10c56f1c40596603!8m2!3d21.0295321!4d105.8487519!16s%2Fg%2F11h15x66mf!19sChIJTzli5ASrNTERA2ZZQBxvxRA?authuser=0&hl=en&rclk=1,
restaurant01168,T,t,restaurant,"2C P. Quang Trung, Hàng Trống, Hoàn Kiếm, Hà Nội 100000",Hà Nội,ha noi,21.0269004,105.8500153,0859 933 970 ,1000000,"₫1,000,000",4.7,Restaurant,Restaurant,https://www.google.com/maps/place/T.U.N.G+Dining/data=!4m7!3m6!1s0x3135abbdcd0d88bd:0xabf3436a009c02b4!8m2!3d21.0269004!4d105.8500153!16s%2Fg%2F11fhz5cb94!19sChIJvYgNzb2rNTERtAKcAGpD86s?authuser=0&hl=en&rclk=1,http://www.tungdining.com/
restaurant01169,Cái Mâm Restaurant,cai mam,restaurant,"3 Floors, 23 P. Đào Duy Từ, Hàng Buồm, Hoàn Kiếm, Hà Nội",Hà Nội,ha noi,21.0362239,105.8527792,0338 451 086 ,300000,"300,000",4.9,Restaurant,Restaurant,https://www.google.com/maps/place/C%C3%A1i+M%C3%A2m+Restaurant/data=!4m7!3m6!1s0x3135ab584e0a7f83:0xe7dd32745c4f7dbe!8m2!3d21.0362239!4d105.8527792!16s%2Fg%2F11v56l4gv1!19sChIJg38KTlirNTERvn1PXHQy3ec?authuser=0&hl=en&rclk=1,https://caimam.com/branches/cai-mam-02-vietnamese-restaurant-vegan-food/
restaurant01170,Alsultan Hanoi Restaurant مطعم السلطان,alsultan hanoi m m lsl n,restaurant,"178B Đ. Xuân Diệu, Quảng An, Tây Hồ, Hà Nội 00000",Hà Nội,ha noi,21.0676313,105.8262663,0979 746 588 ,300000,"300,000",4.8,Restaurant,Restaurant,https://www.google.com/maps/place/Alsultan+Hanoi+Restaurant+%D9%85%D8%B7%D8%B9%D9%85+%D8%A7%D9%84%D8%B3%D9%84%D8%B7%D8%A7%D9%86%E2%80%AD/data=!4m7!3m6!1s0x3135abb607244281:0xa07afee458ddf1f3!8m2!3d21.0676313!4d105.8262663!16s%2Fg%2F11v0bc936f!19sChIJgUIkB7arNTER8_HdWOT-eqA?authuser=0&hl=en&rclk=1,http://www.alsultanhanoi.com/
restaurant01171,Bun Cha Ta Hanoi,bun cha ta hanoi,pagoda,"21 P. Nguyễn Hữu Huân, Lý Thái Tổ, Hoàn Kiếm, Hà Nội",Hà Nội,ha noi,21.0343417,105.854475,0966 848 389 ,200000,"200,000",4.4,Restaurant,Restaurant,https://www.google.com/maps/place/Bun+Cha+Ta+Hanoi/data=!4m7!3m6!1s0x3135abc0e966cf63:0x1c581d2e1774e31b!8m2!3d21.0343417!4d105.854475!16s%2Fg%2F11ckkx98hd!19sChIJY89m6cCrNTERG-N0Fy4dWBw?authuser=0&hl=en&rclk=1,http://www.bunchata.com/
restaurant01172,Lake View 1983 Traditional Vietnamese & Vegan Restaurant,lake view 1983 traditional vietnamese vegan,restaurant,"35 P. Hàng Khay, st, Hoàn Kiếm, Hà Nội 100000",Hà Nội,ha noi,21.025705,105.8519632,0835 073 388 ,200000,"200,000",4.6,Restaurant,Restaurant,https://www.google.com/maps/place/Lake+View+1983+Traditional+Vietnamese+%26+Vegan+Restaurant/data=!4m7!3m6!1s0x3135abd28422bc97:0xd1e558f4a7e42c95!8m2!3d21.025705!4d105.8519632!16s%2Fg%2F11y5xvgsm4!19sChIJl7wihNKrNTERlSzkp_RY5dE?authuser=0&hl=en&rclk=1,https://lakeside1983restaurant.com/
restaurant01173,Kadhai Indian Restaurant Hanoi,kadhai indian hanoi,restaurant,"28 P. Đào Duy Từ, Hàng Buồm, Hoàn Kiếm, Hà Nội 100000",Hà Nội,ha noi,21.036559,105.8525938,0904 883 733 ,300000,"300,000",4.7,Restaurant,Restaurant,https://www.google.com/maps/place/Kadhai+Indian+Restaurant+Hanoi/data=!4m7!3m6!1s0x3135ab000aba22eb:0x3a1c85195b49c66!8m2!3d21.036559!4d105.8525938!16s%2Fg%2F11vyx4764h!19sChIJ6yK6CgCrNTERZpy0lVHIoQM?authuser=0&hl=en&rclk=1,https://www.kadhairestaurants.com/
restaurant01174,S&L's Diner Duong Thanh,s l s diner duong thanh,restaurant,"24 P. Đường Thành, Cửa Đông, Hoàn Kiếm, Hà Nội",Hà Nội,ha noi,21.0321337,105.8465176,024 3710 0529 ,400000,"400,000",4.7,Restaurant,Restaurant,https://www.google.com/maps/place/S%26L%27s+Diner+Duong+Thanh/data=!4m7!3m6!1s0x3135ab9564e13533:0x3ae279f69fbac4c2!8m2!3d21.0321337!4d105.8465176!16s%2Fg%2F11c5_txqtm!19sChIJMzXhZJWrNTERwsS6n_Z54jo?authuser=0&hl=en&rclk=1,http://sldiner.com/
restaurant01175,Chops Tay Ho,cps tay,lake,"Chops, 4 P. Quảng An, Quảng An, Tây Hồ, Hà Nội",Hà Nội,ha noi,21.0626683,105.8291829,024 6292 1044 ,300000,"300,000",4.6,Restaurant,Restaurant,https://www.google.com/maps/place/Chops+Tay+Ho/data=!4m7!3m6!1s0x3135aa5602879005:0xcc5543f1f9a06fa0!8m2!3d21.0626683!4d105.8291829!16s%2Fg%2F11b6ctmql0!19sChIJBZCHAlaqNTERoG-g-fFDVcw?authuser=0&hl=en&rclk=1,http://www.chops.vn/
restaurant01176,Vị Quảng Restaurant,vi quang,restaurant,"35 Trần Hưng Đạo, Phan Chu Trinh, Hoàn Kiếm, Hà Nội 100000",Hà Nội,ha noi,21.0202397,105.854113,024 3943 3962 ,300000,"300,000",4.6,Restaurant,Restaurant,https://www.google.com/maps/place/V%E1%BB%8B+Qu%E1%BA%A3ng+Restaurant/data=!4m7!3m6!1s0x3135abed15a1fcef:0xbe40bb2cd44ef5c1!8m2!3d21.0202397!4d105.854113!16s%2Fg%2F1q5bksn88!19sChIJ7_yhFe2rNTERwfVO1Cy7QL4?authuser=0&hl=en&rclk=1,
restaurant01177,Gia Ngư Restaurant,gia ngu,restaurant,"27-29 Gia Ngu Street, Hoan Kiem Dist, Hanoi City, Hà Nội 100000",Hà Nội,ha noi,21.0329966,105.8526794,0344 077 383 ,300000,"300,000",4.7,Restaurant,Restaurant,https://www.google.com/maps/place/Gia+Ng%C6%B0+Restaurant/data=!4m7!3m6!1s0x3135ab332822ee75:0x8cb9f2e1a400374b!8m2!3d21.0329966!4d105.8526794!16s%2Fg%2F11stj7ws4r!19sChIJde4iKDOrNTERSzcApOHyuYw?authuser=0&hl=en&rclk=1,https://giangu-restaurant.com/
restaurant01178,DASCO INDIAN KITCHEN,dasco indian kitchen,restaurant,"56d P. Thợ Nhuộm, Trần Hưng Đạo, Hoàn Kiếm, Hà Nội 11000",Hà Nội,ha noi,21.0252198,105.845784,0917 247 102 ,200000,"200,000",4.7,Restaurant,Restaurant,https://www.google.com/maps/place/DASCO+INDIAN+KITCHEN/data=!4m7!3m6!1s0x3135ab9434345e7f:0xc7005f8935be876c!8m2!3d21.0252198!4d105.845784!16s%2Fg%2F11h804bxr2!19sChIJf140NJSrNTERbIe-NYlfAMc?authuser=0&hl=en&rclk=1,
restaurant01179,Ky Dong Restaurant,ky dong,restaurant,"11 P. Tống Duy Tân, Hàng Bông, Hoàn Kiếm, Hà Nội",Hà Nội,ha noi,21.0291991,105.8435864,0976 209 593 ,100000,"100,000",4.6,Restaurant,Restaurant,https://www.google.com/maps/place/Ky+Dong+Restaurant/data=!4m7!3m6!1s0x3135ab964d979869:0x90c7abad25b00261!8m2!3d21.0291991!4d105.8435864!16s%2Fg%2F11b6dppc00!19sChIJaZiXTZarNTERYQKwJa2rx5A?authuser=0&hl=en&rclk=1,
restaurant01180,GREEN INN - Vegan Restaurant,green inn vegan,restaurant,"41 P. Hàng Nón, Hàng Gai, Hoàn Kiếm, Hà Nội",Hà Nội,ha noi,21.0324649,105.8475497,0328 828 685 ,200000,"200,000",4.8,Restaurant,Restaurant,https://www.google.com/maps/place/GREEN+INN+-+Vegan+Restaurant/data=!4m7!3m6!1s0x3135ab980ab4fe25:0x55658a1314f82bca!8m2!3d21.0324649!4d105.8475497!16s%2Fg%2F11twyc75ym!19sChIJJf60CpirNTERyiv4FBOKZVU?authuser=0&hl=en&rclk=1,https://greeninn.vn/
restaurant01181,Namaste Hanoi,namaste hanoi,restaurant,"46 P. Thợ Nhuộm, Trần Hưng Đạo, Hoàn Kiếm, Hà Nội",Hà Nội,ha noi,21.0259621,105.8452872,0904 224 400 ,300000,"300,000",4.4,Restaurant,Restaurant,https://www.google.com/maps/place/Namaste+Hanoi/data=!4m7!3m6!1s0x3135abc0377ff9c7:0x9ed94f6b67147780!8m2!3d21.0259621!4d105.8452872!16s%2Fg%2F1jkwmldwt!19sChIJx_l_N8CrNTERgHcUZ2tP2Z4?authuser=0&hl=en&rclk=1,http://www.namastehanoi.com/
restaurant01182,Bếp Chay Huệ Nhiên - Vegan & Vegetarian Restaurant,bep chay hue nhien vegan vegetarian,restaurant,"39 P. Hàng Quạt, Hàng Gai, Hoàn Kiếm, Hà Nội 10000",Hà Nội,ha noi,21.0326121,105.8493614,0862 234 788 ,200000,"200,000",4.8,Vegetarian,Restaurant,https://www.google.com/maps/place/B%E1%BA%BFp+Chay+Hu%E1%BB%87+Nhi%C3%AAn+-+Vegan+%26+Vegetarian+Restaurant/data=!4m7!3m6!1s0x3135ab05322710b1:0xed542656b4a5b827!8m2!3d21.0326121!4d105.8493614!16s%2Fg%2F11txy07vbr!19sChIJsRAnMgWrNTERJ7iltFYmVO0?authuser=0&hl=en&rclk=1,https://www.facebook.com/profile.php?id=100091099003443&mibextid=LQQJ4d
restaurant01183,Botanica Restaurant,botanica,restaurant,"116/D4, Khu tập thể Giảng Võ, Ba Đình, Hà Nội",Hà Nội,ha noi,21.0263462,105.8216083,0963 615 086 ,200000,"200,000",4.6,Restaurant,Restaurant,https://www.google.com/maps/place/Botanica+Restaurant/data=!4m7!3m6!1s0x3135ab716a6cfbe5:0xd88aca276fc04465!8m2!3d21.0263462!4d105.8216083!16s%2Fg%2F11bbrkgm3p!19sChIJ5ftsanGrNTERZUTAbyfKitg?authuser=0&hl=en&rclk=1,http://botanica.vn/
restaurant01184,CỌ Restaurant Vietnamese Cuisine & Vegetarian Food 2,co vietnamese cuisine vegetarian 2,restaurant,"2A Trần Phú Hà Nội, Hanoi City",Hà Nội,ha noi,21.0301503,105.8445222,0389 262 826 ,200000,"200,000",4.9,Vegetarian,Restaurant,https://www.google.com/maps/place/C%E1%BB%8C+Restaurant+Vietnamese+Cuisine+%26+Vegetarian+Food+2/data=!4m7!3m6!1s0x3135abeaa9737b4b:0x32e41e5d640f055d!8m2!3d21.0301503!4d105.8445222!16s%2Fg%2F11yg_720_p!19sChIJS3tzqeqrNTERXQUPZF0e5DI?authuser=0&hl=en&rclk=1,https://covietnameserestaurant.com/
restaurant01185,Gia Restaurant,gia,restaurant,"61 P. Văn Miếu, Văn Miếu – Quốc Tử Giám, Đống Đa, Hà Nội 100000",Hà Nội,ha noi,21.027329,105.83591,0896 682 996 ,1000000,"₫1,000,000",4.4,Restaurant,Restaurant,https://www.google.com/maps/place/Gia+Restaurant/data=!4m7!3m6!1s0x3135abcfca26e977:0x6a03e33fc669ffc!8m2!3d21.027329!4d105.83591!16s%2Fg%2F11mvwb4962!19sChIJd-kmys-rNTER_J9m_DM-oAY?authuser=0&hl=en&rclk=1,https://gia-hanoi.com/
restaurant01186,Vị Quảng (Nhà hàng 13 năm tuổi),vi quang 13 nam tuoi,restaurant,"109 Đ. Nguyễn Chí Thanh, Láng Hạ, Đống Đa, Hà Nội",Hà Nội,ha noi,21.0162046,105.80601,024 3845 1999 ,200000,"200,000",4.7,Restaurant,Restaurant,https://www.google.com/maps/place/V%E1%BB%8B+Qu%E1%BA%A3ng+%28Nh%C3%A0+h%C3%A0ng+13+n%C4%83m+tu%E1%BB%95i%29/data=!4m7!3m6!1s0x3135ab663bee3107:0xc462be62ee0b47fc!8m2!3d21.0162046!4d105.80601!16s%2Fg%2F11cp5rclzk!19sChIJBzHuO2arNTER_EcL7mK-YsQ?authuser=0&hl=en&rclk=1,
restaurant01187,Huyền Hương Chicken Phở,huyen huong chicken p,lake,"20 P. Báo Khánh, Hàng Trống, Hoàn Kiếm, Hà Nội",Hà Nội,ha noi,21.0301347,105.8504545,024 3828 8430 ,200000,"200,000",4.7,Restaurant,Restaurant,https://www.google.com/maps/place/Huy%E1%BB%81n+H%C6%B0%C6%A1ng+Chicken+Ph%E1%BB%9F/data=!4m7!3m6!1s0x3135abf72c5ee771:0x48d78dd4b1030f0c!8m2!3d21.0301347!4d105.8504545!16s%2Fg%2F11s_ws2b5b!19sChIJcedeLPerNTERDA8DsdSN10g?authuser=0&hl=en&rclk=1,https://www.facebook.com/HuyenHuongRestaurant
restaurant01188,Bánh mì Phố,banh mi p,lake,"P. Hàng Bông/64 P. Đường Thành, Cửa Đông, Hoàn Kiếm, Hà Nội 100000",Hà Nội,ha noi,21.0305642,105.8474765,0963 930 055 ,100000,"100,000",4.3,Bakery,Restaurant,https://www.google.com/maps/place/B%C3%A1nh+m%C3%AC+Ph%E1%BB%91/data=!4m7!3m6!1s0x3135ab95f13b51e5:0xc31d18ec4691610!8m2!3d21.0305642!4d105.8474765!16s%2Fg%2F11c1wk9n_b!19sChIJ5VE78ZWrNTEREBZpxI7RMQw?authuser=0&hl=en&rclk=1,http://banhmipho.vn/
restaurant01189,Highway4 Restaurant,highway4,restaurant,"575 P. Kim Mã, Ngọc Khánh, Ba Đình, Hà Nội",Hà Nội,ha noi,21.0294265,105.8092779,024 3771 6372 ,300000,"300,000",4.2,Restaurant,Restaurant,https://www.google.com/maps/place/Highway4+Restaurant/data=!4m7!3m6!1s0x3135ab69f6759ee9:0x4da2ecfc2e92bfcf!8m2!3d21.0294265!4d105.8092779!16s%2Fg%2F1tcxx8q3!19sChIJ6Z519mmrNTERz7-SLvzsok0?authuser=0&hl=en&rclk=1,
restaurant01190,Chum Korean Restaurant,chum korean,restaurant,"Ngõ 70 P. Nguyễn Thị Định, Trung Hoà, Thanh Xuân, Hà Nội",Hà Nội,ha noi,21.0073166,105.8050831,0913 566 383 ,300000,"300,000",4.5,Restaurant,Restaurant,https://www.google.com/maps/place/Chum+Korean+Restaurant/data=!4m7!3m6!1s0x3135aca1d826004f:0xa2565594b81649a2!8m2!3d21.0073166!4d105.8050831!16s%2Fg%2F11bccltx36!19sChIJTwAm2KGsNTERokkWuJRVVqI?authuser=0&hl=en&rclk=1,https://chumrestaurant.com/
restaurant01191,ALEX Restaurant,alex,restaurant,"93/24 Lê Lợi, Phường 4, Vũng Tàu, Bà Rịa - Vũng Tàu 790000",Bà Rịa - Vũng Tàu,ba ria vung tau,10.3622732,107.0746478,0931 283 857 ,200000,"200,000",4.8,Restaurant,Restaurant,https://www.google.com/maps/place/ALEX+Restaurant/data=!4m7!3m6!1s0x31756fd3359aca4f:0x55b46865378e98e1!8m2!3d10.3622732!4d107.0746478!16s%2Fg%2F11t31_zgw6!19sChIJT8qaNdNvdTER4ZiON2VotFU?authuser=0&hl=en&rclk=1,
restaurant01192,Luca Pizza & Italian Restaurant,luca pizza italian,restaurant,"230 Phan Chu Trinh, Phường 2, Vũng Tàu, Bà Rịa - Vũng Tàu 78000",Bà Rịa - Vũng Tàu,ba ria vung tau,10.3307392,107.0833545,0254 3854 261 ,300000,"300,000",4.7,Restaurant,Restaurant,https://www.google.com/maps/place/Luca+Pizza+%26+Italian+Restaurant/data=!4m7!3m6!1s0x317565d13510b453:0xb62fe10f3295762c!8m2!3d10.3307392!4d107.0833545!16s%2Fg%2F11fmlgm3l9!19sChIJU7QQNdFldTERLHaVMg_hL7Y?authuser=0&hl=en&rclk=1,
restaurant01193,Sea & Mountain Restaurant,sea mountain,restaurant,"tổ 11 ấp phước thắng, Phước Tỉnh, Long Điền, Bà Rịa - Vũng Tàu",Bà Rịa - Vũng Tàu,ba ria vung tau,10.4070701,107.1985328,,200000,"200,000",4.8,Restaurant,Restaurant,https://www.google.com/maps/place/Sea+%26+Mountain+Restaurant/data=!4m7!3m6!1s0x3175733e584a7d01:0x1f3fcaa94000a024!8m2!3d10.4070701!4d107.1985328!16s%2Fg%2F11sd51nng7!19sChIJAX1KWD5zdTERJKAAQKnKPx8?authuser=0&hl=en&rclk=1,
restaurant01194,Oc Diem 2 Restaurant,oc diem 2,restaurant,"4A Lê Quý Đôn, Phường 1, Vũng Tàu, Bà Rịa - Vũng Tàu 78206",Bà Rịa - Vũng Tàu,ba ria vung tau,10.3486156,107.0733092,0329 925 500 ,200000,"200,000",4.7,Restaurant,Restaurant,https://www.google.com/maps/place/Oc+Diem+2+Restaurant/data=!4m7!3m6!1s0x31756fb7ffe7b7b3:0x8df27243ac84f2b4!8m2!3d10.3486156!4d107.0733092!16s%2Fg%2F11tx_r78l1!19sChIJs7fn_7dvdTERtPKErENy8o0?authuser=0&hl=en&rclk=1,
restaurant01195,Hàu Nướng Oyster Box,hau nuong oyster box,restaurant,"212A Phan Chu Trinh, Phường 2, Vũng Tàu, Bà Rịa - Vũng Tàu",Bà Rịa - Vũng Tàu,ba ria vung tau,10.331017,107.0826221,0901 421 009 ,200000,"200,000",4.7,Restaurant,Restaurant,https://www.google.com/maps/place/H%C3%A0u+N%C6%B0%E1%BB%9Bng+Oyster+Box/data=!4m7!3m6!1s0x31756f0cae94f12d:0xb3ac5164a39bf2e5!8m2!3d10.331017!4d107.0826221!16s%2Fg%2F11s2lqql7s!19sChIJLfGUrgxvdTER5fKbo2RRrLM?authuser=0&hl=en&rclk=1,https://www.facebook.com/oysterboxvungtau
restaurant01196,Ben Sen Restaurant,ben sen,restaurant,"Long Hau, Cần Giuộc, Long An",Long An,long an,10.6347222,106.7189598,0908 186 834 ,100000,"100,000",4.1,Restaurant,Restaurant,https://www.google.com/maps/place/Ben+Sen+Restaurant/data=!4m7!3m6!1s0x317530a1ea18e233:0x985521846913b7c3!8m2!3d10.6347222!4d106.7189598!16s%2Fg%2F11bw44mqst!19sChIJM-IY6qEwdTERw7cTaYQhVZg?authuser=0&hl=en&rclk=1,
restaurant01197,Phở Khiêm,p khiem,lake,"124 Hoàng Cầm, Phường 2, Vũng Tàu, Bà Rịa - Vũng Tàu",Bà Rịa - Vũng Tàu,ba ria vung tau,10.3370497,107.0846095,,100000,"100,000",4.6,Restaurant,Restaurant,https://www.google.com/maps/place/Ph%E1%BB%9F+Khi%C3%AAm/data=!4m7!3m6!1s0x31756fe30a376af7:0xdc53613d10914df0!8m2!3d10.3370497!4d107.0846095!16s%2Fg%2F11pbbtvrsf!19sChIJ92o3CuNvdTER8E2RED1hU9w?authuser=0&hl=en&rclk=1,
restaurant01198,Taj Grill,taj grill,restaurant,"152 Phan Chu Trinh, Phường 2, Vũng Tàu, Bà Rịa - Vũng Tàu",Bà Rịa - Vũng Tàu,ba ria vung tau,10.3336839,107.0817404,0902 646 945 ,200000,"200,000",4.3,Restaurant,Restaurant,https://www.google.com/maps/place/Taj+Grill/data=!4m7!3m6!1s0x31756ff341df3af3:0xc7faf9d45d83e096!8m2!3d10.3336839!4d107.0817404!16s%2Fg%2F11btn15fx2!19sChIJ8zrfQfNvdTERluCDXdT5-sc?authuser=0&hl=en&rclk=1,https://m.facebook.com/tajgrillatvungtau
restaurant01199,Rhino Restaurant,rhino,restaurant,"150 Lê Hồng Phong, Phường 4, Vũng Tàu, Bà Rịa - Vũng Tàu",Bà Rịa - Vũng Tàu,ba ria vung tau,10.3581341,107.0802292,0254 3853 938 ,300000,"300,000",4.1,Restaurant,Restaurant,https://www.google.com/maps/place/Rhino+Restaurant/data=!4m7!3m6!1s0x31756fc054152a59:0x76c5f4e8b84a6261!8m2!3d10.3581341!4d107.0802292!16s%2Fg%2F1hc11yd0j!19sChIJWSoVVMBvdTERYWJKuOj0xXY?authuser=0&hl=en&rclk=1,https://thongtinthuebao.com/te-giac-quan-te-giac-3853938
restaurant01200,3 Fat Gúy Restaurant,3 fat guy,restaurant,"220 Phan Chu Trinh, Phường 2, Vũng Tàu, Bà Rịa - Vũng Tàu",Bà Rịa - Vũng Tàu,ba ria vung tau,10.33085,107.0829734,,200000,"200,000",5.0,Restaurant,Restaurant,https://www.google.com/maps/place/3+Fat+G%C3%BAy+Restaurant/data=!4m7!3m6!1s0x3175650039f3e72d:0xe402ff26a2f1c491!8m2!3d10.33085!4d107.0829734!16s%2Fg%2F11xmljb0s4!19sChIJLefzOQBldTERkcTxoib_AuQ?authuser=0&hl=en&rclk=1,
restaurant01201,The T restaurant,the t,restaurant,"6 Nguyễn Du, Phường 1, Vũng Tàu, Bà Rịa - Vũng Tàu 790000",Bà Rịa - Vũng Tàu,ba ria vung tau,10.3439084,107.076241,0933 191 131 ,200000,"200,000",5.0,Restaurant,Restaurant,https://www.google.com/maps/place/The+T+restaurant/data=!4m7!3m6!1s0x31756f005f83d7ef:0x7ae4911b56b5ba48!8m2!3d10.3439084!4d107.076241!16s%2Fg%2F11x8z34_jc!19sChIJ79eDXwBvdTERSLq1VhuR5Ho?authuser=0&hl=en&rclk=1,
restaurant01202,Wind Hằng 1988 Restaurant - OutSide - Beach,wind hang 1988 outside beach,restaurant,"155 Lê Duẩn, TT. Long Hải, Long Điền, Bà Rịa - Vũng Tàu",Bà Rịa - Vũng Tàu,ba ria vung tau,10.407124,107.233243,0933 889 301 ,300000,"300,000",4.1,Restaurant,Restaurant,https://www.google.com/maps/place/Wind+H%E1%BA%B1ng+1988+Restaurant+-+OutSide+-+Beach/data=!4m7!3m6!1s0x317577845cc6ad9b:0x8d8c4f174fb8cc2c!8m2!3d10.407124!4d107.233243!16s%2Fg%2F11pzxtrn9h!19sChIJm63GXIR3dTERLMy4TxdPjI0?authuser=0&hl=en&rclk=1,
restaurant01203,Minh Hai Restaurant,minh hai,restaurant,"Tổ 13 khu phố Thị Vải, Phường, Tân Thành",Tân Thành,tan thanh,10.6219311,107.0590716,0908 989 282 ,100000,"100,000",4.1,Restaurant,Restaurant,https://www.google.com/maps/place/Minh+Hai+Restaurant/data=!4m7!3m6!1s0x317511a14546b551:0xd0f72409c07a29b7!8m2!3d10.6219311!4d107.0590716!16s%2Fg%2F11f375jkxm!19sChIJUbVGRaERdTERtyl6wAkk99A?authuser=0&hl=en&rclk=1,
restaurant01204,NHÀ HÀNG D'LISA & LIDA RESTAURANT & WINES,d lisa lida wines,restaurant,"63 Bà Huyện Thanh Quan, Phường 4, Vũng Tàu, Bà Rịa - Vũng Tàu",Bà Rịa - Vũng Tàu,ba ria vung tau,10.3570114,107.0790197,0983 206 040 ,900000,"900,000",4.5,Restaurant,Restaurant,https://www.google.com/maps/place/NH%C3%80+H%C3%80NG+D%27LISA+%26+LIDA+RESTAURANT+%26+WINES/data=!4m7!3m6!1s0x31756fc03d7b907d:0x834e15a3374f37e4!8m2!3d10.3570114!4d107.0790197!16s%2Fg%2F11c5hxxpfz!19sChIJfZB7PcBvdTER5DdPN6MVToM?authuser=0&hl=en&rclk=1,
restaurant01205,OMG RESTAURANT,omg,restaurant,"77 Phan Chu Trinh, Phường 2, Vũng Tàu, Bà Rịa - Vũng Tàu 02543",Bà Rịa - Vũng Tàu,ba ria vung tau,10.3340183,107.0819687,0812 552 655 ,200000,"200,000",4.8,Restaurant,Restaurant,https://www.google.com/maps/place/OMG+RESTAURANT/data=!4m7!3m6!1s0x31756f67ab294169:0x89f78591597a16de!8m2!3d10.3340183!4d107.0819687!16s%2Fg%2F11vz52k6rd!19sChIJaUEpq2dvdTER3hZ6WZGF94k?authuser=0&hl=en&rclk=1,
restaurant01206,strEATs restaurant Vung Tau,streats vung tau,restaurant,"117 Thùy Vân, Phường Thắng Tam, Vũng Tàu, Bà Rịa - Vũng Tàu",Bà Rịa - Vũng Tàu,ba ria vung tau,10.3363961,107.0904094,0254 3526 008 ,200000,"200,000",4.4,Restaurant,Restaurant,https://www.google.com/maps/place/strEATs+restaurant+Vung+Tau/data=!4m7!3m6!1s0x31756f59daa45fe1:0xd8df20a00076e6a4!8m2!3d10.3363961!4d107.0904094!16s%2Fg%2F11v3k9gp1c!19sChIJ4V-k2llvdTERpOZ2AKAg39g?authuser=0&hl=en&rclk=1,
restaurant01207,Vuon Pho Restaurant,vuon pho,restaurant,"28 Trần Phú, Phường 1, Vũng Tàu, Bà Rịa - Vũng Tàu 790000",Bà Rịa - Vũng Tàu,ba ria vung tau,10.353097,107.0640739,0254 3513 885 ,300000,"300,000",4.0,Restaurant,Restaurant,https://www.google.com/maps/place/Vuon+Pho+Restaurant/data=!4m7!3m6!1s0x31756f99bf631453:0xab85aa01ec15ec5a!8m2!3d10.353097!4d107.0640739!16s%2Fg%2F1pzqfgxpb!19sChIJUxRjv5lvdTERWuwV7AGqhas?authuser=0&hl=en&rclk=1,http://seasideresort.vn/
restaurant01208,Cô Ba Restaurant,co ba,restaurant,"1 Hoàng Hoa Thám, Phường 3, Vũng Tàu, Bà Rịa - Vũng Tàu 790000",Bà Rịa - Vũng Tàu,ba ria vung tau,10.3413835,107.0784992,0254 3526 165 ,200000,"200,000",3.9,Restaurant,Restaurant,https://www.google.com/maps/place/C%C3%B4+Ba+Restaurant/data=!4m7!3m6!1s0x31756f3574b531cf:0x93afef3306b19cef!8m2!3d10.3413835!4d107.0784992!16s%2Fg%2F11hymg5f2x!19sChIJzzG1dDVvdTER75yxBjPvr5M?authuser=0&hl=en&rclk=1,http://cobavungtau.com/
restaurant01209,Hung Chi Seafood restaurant,hung chi sea,restaurant,"Đường Ông Ích Khiêm/F19 Bến Đình 2, Phường 6, Vũng Tàu, Bà Rịa - Vũng Tàu",Bà Rịa - Vũng Tàu,ba ria vung tau,10.3732114,107.0809347,0905 965 556 ,300000,"300,000",4.2,Restaurant,Restaurant,https://www.google.com/maps/place/Hung+Chi+Seafood+restaurant/data=!4m7!3m6!1s0x31756fcbc9a72fa5:0xd882fdee1217e4b6!8m2!3d10.3732114!4d107.0809347!16s%2Fg%2F11b6fk5bfr!19sChIJpS-nyctvdTERtuQXEu79gtg?authuser=0&hl=en&rclk=1,https://www.facebook.com/Qu%C3%A1n-%C4%83n-H%E1%BA%A3i-S%E1%BA%A3n-H%C3%B9ng-Chi-565131643638346/
restaurant01210,Cô Nên Restaurant & Beer Chill,co nen beer chill,restaurant,"22 Thống Nhất, Phường 1, Vũng Tàu, Bà Rịa - Vũng Tàu",Bà Rịa - Vũng Tàu,ba ria vung tau,10.3466176,107.0789648,0786 617 676 ,200000,"200,000",4.2,Restaurant,Restaurant,https://www.google.com/maps/place/C%C3%B4+N%C3%AAn+Restaurant+%26+Beer+Chill/data=!4m7!3m6!1s0x31756f2dfb453a7d:0x76747524a4109296!8m2!3d10.3466176!4d107.0789648!16s%2Fg%2F11v78r9k8_!19sChIJfTpF-y1vdTERlpIQpCR1dHY?authuser=0&hl=en&rclk=1,https://www.facebook.com/QuanNuongCoNen?mibextid=LQQJ4d
restaurant01211,Sophie Coffee & Restaurant,sophie coffee,restaurant,"3 Ba Cu, Phường 1, Vũng Tàu, Bà Rịa - Vũng Tàu",Bà Rịa - Vũng Tàu,ba ria vung tau,10.3479656,107.0736893,0387 436 764 ,100000,"100,000",3.8,Coffee Shop,Restaurant,https://www.google.com/maps/place/Sophie+Coffee+%26+Restaurant/data=!4m7!3m6!1s0x31756f93ad523419:0xbfa53ce1eaf39b4f!8m2!3d10.3479656!4d107.0736893!16s%2Fg%2F11cpfmf52q!19sChIJGTRSrZNvdTERT5vz6uE8pb8?authuser=0&hl=en&rclk=1,
restaurant01212,In The Sea Restaurant & Coffee,in the sea coffee,restaurant,"9328+5GJ, Vũng Tàu, Bà Rịa - Vũng Tàu 78214",Bà Rịa - Vũng Tàu,ba ria vung tau,10.35051,107.0662709,0934 496 778 ,100000,"100,000",4.0,Coffee Shop,Restaurant,https://www.google.com/maps/place/In+The+Sea+Restaurant+%26+Coffee/data=!4m7!3m6!1s0x31756f471ab894e3:0x217fd20a0f94a22a!8m2!3d10.35051!4d107.0662709!16s%2Fg%2F11w58zgzhq!19sChIJ45S4GkdvdTERKqKUDwrSfyE?authuser=0&hl=en&rclk=1,https://www.facebook.com/profile.php?id=61562246955835
restaurant01213,Hồ Tây Bún Chả Restaurant,ho tay bun cha,restaurant,"32 Lê Lai, Phường 3, Vũng Tàu, Bà Rịa - Vũng Tàu 78000",Bà Rịa - Vũng Tàu,ba ria vung tau,10.3472057,107.0792582,0977 869 091 ,100000,"100,000",4.1,Restaurant,Restaurant,https://www.google.com/maps/place/H%E1%BB%93+T%C3%A2y+B%C3%BAn+Ch%E1%BA%A3+Restaurant/data=!4m7!3m6!1s0x31756fed1838f771:0xee96d3a6a798f7f7!8m2!3d10.3472057!4d107.0792582!16s%2Fg%2F1hc1gxqyd!19sChIJcfc4GO1vdTER9_eYp6bTlu4?authuser=0&hl=en&rclk=1,https://bunchahotay.vn/?fbclid=IwAR10trrjV473_voC8ABlAw5Jf3xn6Keh2W5ixvpf1K_46kibALSkEMO-9ro
restaurant01214,Tuyết Mai Restaurant,tuyet mai,restaurant,"9 Phan Chu Trinh, Phường 2, Vũng Tàu, Bà Rịa - Vũng Tàu",Bà Rịa - Vũng Tàu,ba ria vung tau,10.3388035,107.0795774,0254 3850 365 ,100000,"100,000",3.7,Restaurant,Restaurant,https://www.google.com/maps/place/Tuy%E1%BA%BFt+Mai+Restaurant/data=!4m7!3m6!1s0x31756ff49079c81d:0x61010ecc23e3c026!8m2!3d10.3388035!4d107.0795774!16s%2Fg%2F1tdpcpxf!19sChIJHch5kPRvdTERJsDjI8wOAWE?authuser=0&hl=en&rclk=1,http://www.banhbeotuyetmai.com/
restaurant01215,Viet An Halalfood restaurant,viet an halal,restaurant,"3/5 Lý Thường Kiệt, Phường 3, Vũng Tàu, Bà Rịa - Vũng Tàu",Bà Rịa - Vũng Tàu,ba ria vung tau,10.3432894,107.0789744,0913 764 026 ,200000,"200,000",4.3,Restaurant,Restaurant,https://www.google.com/maps/place/Viet+An+Halalfood+restaurant/data=!4m7!3m6!1s0x31756ff2dc99bceb:0xa2fa8b0bca2f4564!8m2!3d10.3432894!4d107.0789744!16s%2Fg%2F11b6bfd2pj!19sChIJ67yZ3PJvdTERZEUvyguL-qI?authuser=0&hl=en&rclk=1,
restaurant01216,Chạn Bát Restaurant,chan bat,restaurant,"64 Yên Bái, Phường 4, Vũng Tàu, Bà Rịa - Vũng Tàu 790000",Bà Rịa - Vũng Tàu,ba ria vung tau,10.3545512,107.0804211,0902 469 934 ,300000,"300,000",4.7,Restaurant,Restaurant,https://www.google.com/maps/place/Ch%E1%BA%A1n+B%C3%A1t+Restaurant/data=!4m7!3m6!1s0x31756f8c5a918143:0xbecf10840df96cdb!8m2!3d10.3545512!4d107.0804211!16s%2Fg%2F11kbc45rcv!19sChIJQ4GRWoxvdTER22z5DYQQz74?authuser=0&hl=en&rclk=1,
restaurant01217,Auntie Vy Vegan restaurant,auntie vy vegan,restaurant,"89 Cô Giang, Phường 4, Vũng Tàu, Bà Rịa - Vũng Tàu 78200",Bà Rịa - Vũng Tàu,ba ria vung tau,10.3561903,107.0752921,0932 778 959 ,100000,"100,000",4.6,Restaurant,Restaurant,https://www.google.com/maps/place/Auntie+Vy+Vegan+restaurant/data=!4m7!3m6!1s0x31756fc744f47915:0x148cab1b23588849!8m2!3d10.3561903!4d107.0752921!16s%2Fg%2F11rhhjc8jh!19sChIJFXn0RMdvdTERSYhYIxurjBQ?authuser=0&hl=en&rclk=1,
restaurant01218,Nhà Hàng Vườn Chay Vegetarian Restaurant,vuon chay vegetarian,restaurant,"38/9 Bình Giã, Phường 8, Vũng Tàu, Bà Rịa - Vũng Tàu",Bà Rịa - Vũng Tàu,ba ria vung tau,10.3532418,107.0899019,0828 981 081 ,200000,"200,000",4.4,Vegetarian,Restaurant,https://www.google.com/maps/place/Nh%C3%A0+H%C3%A0ng+V%C6%B0%E1%BB%9Dn+Chay+Vegetarian+Restaurant/data=!4m7!3m6!1s0x31756f2faa674761:0x4dd7447553a03bd9!8m2!3d10.3532418!4d107.0899019!16s%2Fg%2F11fj1pc52h!19sChIJYUdnqi9vdTER2TugU3VE100?authuser=0&hl=en&rclk=1,
restaurant01219,Fish Hotpot Restaurant 66,fish hotpot 66,restaurant,"47 Nguyễn Trường Tộ, Phường 3, Vũng Tàu, Bà Rịa - Vũng Tàu 78000",Bà Rịa - Vũng Tàu,ba ria vung tau,10.3439249,107.079579,0796 478 468 ,200000,"200,000",4.0,Restaurant,Restaurant,https://www.google.com/maps/place/Fish+Hotpot+Restaurant+66/data=!4m7!3m6!1s0x31756f0b7b277fa3:0x74e4a62d62c3d80!8m2!3d10.3439249!4d107.079579!16s%2Fg%2F11rn1k9pb1!19sChIJo38newtvdTERgD0s1mJKTgc?authuser=0&hl=en&rclk=1,
restaurant01220,Soul Pizza & Burger,soul pizza burger,restaurant,"3 Hoàng Diệu, Phường 1, Vũng Tàu, Bà Rịa - Vũng Tàu",Bà Rịa - Vũng Tàu,ba ria vung tau,10.3497127,107.072459,0703 546 845 ,200000,"200,000",4.4,Restaurant,Restaurant,https://www.google.com/maps/place/Soul+Pizza+%26+Burger/data=!4m7!3m6!1s0x3175654f99c90d65:0x9c17b18d37aad703!8m2!3d10.3497127!4d107.072459!16s%2Fg%2F11k4xwpjl5!19sChIJZQ3JmU9ldTERA9eqN42xF5w?authuser=0&hl=en&rclk=1,https://www.facebook.com/SoulPizzaVungTau?mibextid=LQQJ4d
restaurant01221,Minh Bảo Vegetarian Restaurant,minh bao vegetarian,restaurant,"13 Nguyễn Trường Tộ, Phường 3, Vũng Tàu, Bà Rịa - Vũng Tàu",Bà Rịa - Vũng Tàu,ba ria vung tau,10.3421377,107.0790771,0986 147 299 ,100000,"100,000",4.4,Vegetarian,Restaurant,https://www.google.com/maps/place/Minh+B%E1%BA%A3o+Vegetarian+Restaurant/data=!4m7!3m6!1s0x31756f6d8dbb0655:0xd4586150208442b1!8m2!3d10.3421377!4d107.0790771!16s%2Fg%2F11mk7w4gr4!19sChIJVQa7jW1vdTERsUKEIFBhWNQ?authuser=0&hl=en&rclk=1,
restaurant01222,Rodstarz Fast Food Restaurant,rodstarz fast,restaurant,"518 Trương Công Định, Phường 8, Vũng Tàu, Bà Rịa - Vũng Tàu",Bà Rịa - Vũng Tàu,ba ria vung tau,10.3637847,107.0893245,0254 3515 757 ,200000,"200,000",3.9,Restaurant,Restaurant,https://www.google.com/maps/place/Rodstarz+Fast+Food+Restaurant/data=!4m7!3m6!1s0x31756fc2a6b3829f:0x6bb1217c8a7c8be8!8m2!3d10.3637847!4d107.0893245!16s%2Fg%2F11bbrhh4kr!19sChIJn4KzpsJvdTER6It8inwhsWs?authuser=0&hl=en&rclk=1,https://app.shopeefood.vn/Yx6JliKynlb
restaurant01223,Phuoc Tho Vegan restaurant,phuoc tho vegan,restaurant,"74 Lê Lai, Phường 3, Vũng Tàu, Bà Rịa - Vũng Tàu 790000",Bà Rịa - Vũng Tàu,ba ria vung tau,10.3479646,107.0789668,0931 547 229 ,100000,"100,000",4.5,Restaurant,Restaurant,https://www.google.com/maps/place/Phuoc+Tho+Vegan+restaurant/data=!4m7!3m6!1s0x31756fecb641e6d1:0xa292b8ec7522bdbd!8m2!3d10.3479646!4d107.0789668!16s%2Fg%2F11try1x2wy!19sChIJ0eZBtuxvdTERvb0idey4kqI?authuser=0&hl=en&rclk=1,
restaurant01224,Sushi Tokyo Restaurant,sushi tokyo,restaurant,"215/3 Xô Viết Nghệ Tĩnh, Phường Thắng Tam, Vũng Tàu, Bà Rịa - Vũng Tàu",Bà Rịa - Vũng Tàu,ba ria vung tau,10.3511574,107.0878357,0254 3807 066 ,300000,"300,000",4.1,Restaurant,Restaurant,https://www.google.com/maps/place/Sushi+Tokyo+Restaurant/data=!4m7!3m6!1s0x31756fe8362da0c7:0xdd9d5a96daf4ac09!8m2!3d10.3511574!4d107.0878357!16s%2Fg%2F11b6y9kc_h!19sChIJx6AtNuhvdTERCaz02pZand0?authuser=0&hl=en&rclk=1,http://sushitokyo.vn/
restaurant01225,越湘楼中餐厅(restaurants),ue iang ou hong an ing s,restaurant,"KCN MỸ XUÂN A2, Tân Thành, Ba Ria - Vung Tau",Ba Ria - Vung Tau,ba ria vung tau,10.6346028,107.0473927,0933 854 832 ,300000,"300,000",4.4,Restaurant,Restaurant,https://www.google.com/maps/place/%E8%B6%8A%E6%B9%98%E6%A5%BC%E4%B8%AD%E9%A4%90%E5%8E%85%28restaurants%29/data=!4m7!3m6!1s0x3175115e9c0f0c65:0xc47fb7b441a07a80!8m2!3d10.6346028!4d107.0473927!16s%2Fg%2F11kc2kkqns!19sChIJZQwPnF4RdTERgHqgQbS3f8Q?authuser=0&hl=en&rclk=1,
restaurant01226,284 Seafood Restaurant-Vung Tau,284 sea vung tau,restaurant,"284 Trần Phú, Phường 5, Vũng Tàu, Bà Rịa - Vũng Tàu",Bà Rịa - Vũng Tàu,ba ria vung tau,10.3868978,107.0595812,0904 444 392 ,300000,"300,000",4.0,Restaurant,Restaurant,https://www.google.com/maps/place/284+Seafood+Restaurant-Vung+Tau/data=!4m7!3m6!1s0x31756f082621dd53:0xd3fed9b933444908!8m2!3d10.3868978!4d107.0595812!16s%2Fg%2F11fkt2mpxj!19sChIJU90hJghvdTERCElEM7nZ_tM?authuser=0&hl=en&rclk=1,
restaurant01227,"Ocean Coffee , Restaurant and Bar",ocean coffee and bar,restaurant,"70 Hạ Long, Phường 2, Vũng Tàu, Bà Rịa - Vũng Tàu 02543",Bà Rịa - Vũng Tàu,ba ria vung tau,10.3309562,107.0745678,0903 915 795 ,100000,"100,000",3.4,Coffee Shop,Restaurant,"https://www.google.com/maps/place/Ocean+Coffee+,+Restaurant+and+Bar/data=!4m7!3m6!1s0x3175657a0ba89615:0x4b511a9dcd1b0284!8m2!3d10.3309562!4d107.0745678!16s%2Fg%2F11j3x7wx7p!19sChIJFZaoC3pldTERhAIbzZ0aUUs?authuser=0&hl=en&rclk=1",
restaurant01228,Nhà Hàng Ẩm Thực Chay BaNa Vegetarian Restaurant,am thuc chay bana vegetarian,restaurant,"VUNG TAU CENTER, Chung Cư, LK15-16, 93 Lê Lợi, Vũng Tàu, Bà Rịa - Vũng Tàu",Bà Rịa - Vũng Tàu,ba ria vung tau,10.3615428,107.0748739,0944 764 168 ,100000,"100,000",4.6,Vegetarian,Restaurant,https://www.google.com/maps/place/Nh%C3%A0+H%C3%A0ng+%E1%BA%A8m+Th%E1%BB%B1c+Chay+BaNa+Vegetarian+Restaurant/data=!4m7!3m6!1s0x31756f00602a6f39:0x70f19f70a79d25b1!8m2!3d10.3615428!4d107.0748739!16s%2Fg%2F11y4lpz170!19sChIJOW8qYABvdTERsSWdp3Cf8XA?authuser=0&hl=en&rclk=1,http://amthucchaybana.com/
restaurant01229,Miss NHI,miss nhi,restaurant,"39 An Thượng 30, Bắc Mỹ Phú, Ngũ Hành Sơn, Đà Nẵng 550000",Đà Nẵng,da nang,16.051099,108.2457473,0934 733 656 ,200000,"200,000",4.8,Restaurant,Restaurant,https://www.google.com/maps/place/Miss+NHI/data=!4m7!3m6!1s0x3142177b2f4e7db5:0x58fb957c09b844c5!8m2!3d16.051099!4d108.2457473!16s%2Fg%2F11df51qqvr!19sChIJtX1OL3sXQjERxUS4CXyV-1g?authuser=0&hl=en&rclk=1,
restaurant01230,Purple Lantern Restaurant( An Bang Beach Hoi An ),purple lantern an bang beach hoi an,restaurant,"Alley 157 Nguyễn Phan Vinh, An Bang, Hội An, Quảng Nam",Hội An,hoi an,15.9128263,108.3370204,0935 420 190 ,200000,"200,000",4.9,Restaurant,Restaurant,https://www.google.com/maps/place/Purple+Lantern+Restaurant%28+An+Bang+Beach+Hoi+An+%29/data=!4m7!3m6!1s0x31420dfe9f563083:0x7d5ae53bd675bc35!8m2!3d15.9128263!4d108.3370204!16s%2Fg%2F11g6wfm35w!19sChIJgzBWn_4NQjERNbx11jvlWn0?authuser=0&hl=en&rclk=1,https://www.facebook.com/profile.php?id=100063703864273
restaurant01231,MAAZI Hoi An,maazi i an,lake,"132A Nguyễn Thái Học, Old Town, Hội An, Quảng Nam 560000",Hội An,hoi an,15.8767188,108.3268231,0235 3910 899 ,300000,"300,000",4.8,Restaurant,Restaurant,https://www.google.com/maps/place/MAAZI+Hoi+An/data=!4m7!3m6!1s0x31420fcc66b9c25d:0x3863c5ab2b71f77e!8m2!3d15.8767188!4d108.3268231!16s%2Fg%2F11khx0p3tq!19sChIJXcK5ZswPQjERfvdxK6vFYzg?authuser=0&hl=en&rclk=1,https://www.facebook.com/profile.php?id=100090493164247
restaurant01232,Bếp Cuốn Đà Nẵng,bep cuon da nang,island,"31-33 Trần Bạch Đằng, Phước Mỹ, Sơn Trà, Đà Nẵng 550000",Đà Nẵng,da nang,16.0579628,108.2451505,0702 689 989 ,300000,"300,000",4.9,Restaurant,Restaurant,https://www.google.com/maps/place/B%E1%BA%BFp+Cu%E1%BB%91n+%C4%90%C3%A0+N%E1%BA%B5ng/data=!4m7!3m6!1s0x314217f4632748f9:0xdc14dcdba4c73425!8m2!3d16.0579628!4d108.2451505!16s%2Fg%2F11hz90gsyw!19sChIJ-UgnY_QXQjERJTTHpNvcFNw?authuser=0&hl=en&rclk=1,https://www.facebook.com/DINNER.LUNCH.BEPCUON/
restaurant01233,Hoi An Heart Restaurant,hoi an heart,restaurant,"68 Đ. Bạch Đằng, Phường Minh An, Hội An, Quảng Nam 560000",Hội An,hoi an,15.8760759,108.3296997,0983 300 781 ,300000,"300,000",4.9,Restaurant,Restaurant,https://www.google.com/maps/place/Hoi+An+Heart+Restaurant/data=!4m7!3m6!1s0x31420dc18b032e2d:0x62266259efdc374a!8m2!3d15.8760759!4d108.3296997!16s%2Fg%2F11tp18dc6g!19sChIJLS4Di8ENQjERSjfc71liJmI?authuser=0&hl=en&rclk=1,https://hoianheartrestaurant.com/
restaurant01234,Nhan's kitchen,nhan s kitchen,restaurant,"167 Trần Nhân Tông, Cẩm Châu, Hội An, Quảng Nam",Hội An,hoi an,15.8781025,108.3451402,0905 186 867 ,200000,"200,000",4.9,Restaurant,Restaurant,https://www.google.com/maps/place/Nhan%27s+kitchen/data=!4m7!3m6!1s0x31420dce077af0e9:0x35c47733b941157c!8m2!3d15.8781025!4d108.3451402!16s%2Fg%2F11g81f2k8s!19sChIJ6fB6B84NQjERfBVBuTN3xDU?authuser=0&hl=en&rclk=1,http://facebook.com/pages/category/Vietnamese-Restaurant/Nhans-Kitchen-Hoi-An-1148784298600736
restaurant01235,Restaurant 328,328,restaurant,"328 Cửa Đại, Cẩm Châu, Hội An, Quảng Nam",Hội An,hoi an,15.8850333,108.3493798,0905 957 584 ,200000,"200,000",4.8,Restaurant,Restaurant,https://www.google.com/maps/place/Restaurant+328/data=!4m7!3m6!1s0x31420dc5c36d0453:0x41b918b632e84ad8!8m2!3d15.8850333!4d108.3493798!16s%2Fg%2F1hc2jy8pw!19sChIJUwRtw8UNQjER2EroMrYYuUE?authuser=0&hl=en&rclk=1,
restaurant01236,The Nomad Kitchen,the nomad kitchen,restaurant,"21-23 An Thượng 32, Bắc Mỹ Phú, Ngũ Hành Sơn, Đà Nẵng 550000",Đà Nẵng,da nang,16.0507892,108.2463792,0961 061 173 ,300000,"300,000",4.7,Restaurant,Restaurant,https://www.google.com/maps/place/The+Nomad+Kitchen/data=!4m7!3m6!1s0x314217ba67f110c9:0xb08b0bde0bae84ee!8m2!3d16.0507892!4d108.2463792!16s%2Fg%2F11qt0s0yz2!19sChIJyRDxZ7oXQjER7oSuC94Li7A?authuser=0&hl=en&rclk=1,
restaurant01237,Blue Sea Hoi An Restaurants,blue sea hoi an s,restaurant,"43 Nguyễn Phan Vinh, Cẩm An, Hội An, Quảng Nam",Hội An,hoi an,15.9087796,108.3467504,0908 537 127 ,200000,"200,000",4.9,Restaurant,Restaurant,https://www.google.com/maps/place/Blue+Sea+Hoi+An+Restaurants/data=!4m7!3m6!1s0x31420dd4d4ed8b6b:0x73ed56e7193c123c!8m2!3d15.9087796!4d108.3467504!16s%2Fg%2F11tstxjz8s!19sChIJa4vt1NQNQjERPBI8GedW7XM?authuser=0&hl=en&rclk=1,
restaurant01238,Le Comptoir,le comptoir,restaurant,"16 Chế Lan Viên, Bắc Mỹ An, Ngũ Hành Sơn, Đà Nẵng 550000",Đà Nẵng,da nang,16.0426746,108.2454296,0708 040 560 ,1000000,"₫1,000,000",4.9,Restaurant,Restaurant,https://www.google.com/maps/place/Le+Comptoir/data=!4m7!3m6!1s0x31421772a3e3e8c3:0x107487f9a6308c!8m2!3d16.0426746!4d108.2454296!16s%2Fg%2F11gl587yy9!19sChIJw-jjo3IXQjERjDCm-Yd0EAA?authuser=0&hl=en&rclk=1,https://lecomptoirdng.com/
restaurant01239,Indus Indian Restaurant - Nhà hàng Ấn Độ - 인도 음식점,indus indian an do indo eumsigjeom,restaurant,"02-04 An Thượng 26, Bắc Mỹ Phú, Ngũ Hành Sơn, Đà Nẵng 556920",Đà Nẵng,da nang,16.0550142,108.2442947,0345 300 081 ,200000,"200,000",4.9,Restaurant,Restaurant,https://www.google.com/maps/place/Indus+Indian+Restaurant+-+Nh%C3%A0+h%C3%A0ng+%E1%BA%A4n+%C4%90%E1%BB%99+-+%EC%9D%B8%EB%8F%84+%EC%9D%8C%EC%8B%9D%EC%A0%90/data=!4m7!3m6!1s0x314217c9640b78c1:0x82136c206220b7c4!8m2!3d16.0550142!4d108.2442947!16s%2Fg%2F11w3c95sjg!19sChIJwXgLZMkXQjERxLcgYiBsE4I?authuser=0&hl=en&rclk=1,https://indus.vn/
restaurant01240,Hà Lan Restaurant,ha lan,restaurant,"Nguyễn Phúc Chu, Phường Minh An, Hội An, Quảng Nam",Hội An,hoi an,15.8752831,108.3282812,0914 310 022 ,100000,"100,000",4.9,Restaurant,Restaurant,https://www.google.com/maps/place/H%C3%A0+Lan+Restaurant/data=!4m7!3m6!1s0x31420f969968f241:0x33a64d34ccabf05d!8m2!3d15.8752831!4d108.3282812!16s%2Fg%2F11tjw3lq9j!19sChIJQfJomZYPQjERXfCrzDRNpjM?authuser=0&hl=en&rclk=1,
restaurant01241,Tuan Restaurant & Cafe,tuan cafe,restaurant,"170 Trần Nhân Tông, Cẩm Châu, Hội An, Quảng Nam 563831",Hội An,hoi an,15.8764089,108.3461494,0905 706 674 ,200000,"200,000",4.9,Coffee Shop,Restaurant,https://www.google.com/maps/place/Tuan+Restaurant+%26+Cafe/data=!4m7!3m6!1s0x31420dcdbe5c0fbd:0x89dd03d704c4bf08!8m2!3d15.8764089!4d108.3461494!16s%2Fg%2F11cjh_fgjf!19sChIJvQ9cvs0NQjERCL_EBNcD3Yk?authuser=0&hl=en&rclk=1,https://www.facebook.com/share/19H7XDttrg/?mibextid=LQQJ4d
restaurant01242,Pause and Enjoy Restaurant,pause and enjoy,restaurant,"Night Market street, 15/4 Nguyễn Hoàng, Phường Minh An, Hội An, Quảng Nam 560000",Hội An,hoi an,15.8741287,108.3263267,0834 176 771 ,200000,"200,000",4.9,Restaurant,Restaurant,https://www.google.com/maps/place/Pause+and+Enjoy+Restaurant/data=!4m7!3m6!1s0x31420f979a200925:0x7e44d8c2b5101d20!8m2!3d15.8741287!4d108.3263267!16s%2Fg%2F11j0tj_p5k!19sChIJJQkgmpcPQjERIB0QtcLYRH4?authuser=0&hl=en&rclk=1,
restaurant01243,Madame Hạnh Restaurant,madame hanh,restaurant,"Trần Hưng Đạo, Phường Minh An, Hội An, Quảng Nam",Hội An,hoi an,15.881035,108.3253257,0905 885 037 ,200000,"200,000",4.9,Restaurant,Restaurant,https://www.google.com/maps/place/Madame+H%E1%BA%A1nh+Restaurant/data=!4m7!3m6!1s0x31420f6feb695327:0x84e6d91797145dd0!8m2!3d15.881035!4d108.3253257!16s%2Fg%2F11jsj72wcr!19sChIJJ1Np628PQjER0F0UlxfZ5oQ?authuser=0&hl=en&rclk=1,
restaurant01244,Patakka,patakka,restaurant,"Lô 73 Trần Bạch Đằng, Bắc Mỹ Phú, Ngũ Hành Sơn, Đà Nẵng 550000",Đà Nẵng,da nang,16.0494843,108.2478681,,200000,"200,000",4.8,Restaurant,Restaurant,https://www.google.com/maps/place/Patakka/data=!4m7!3m6!1s0x3142178e68bf1511:0xe2bd13b7d0002016!8m2!3d16.0494843!4d108.2478681!16s%2Fg%2F11trdpp1fx!19sChIJERW_aI4XQjERFiAA0LcTveI?authuser=0&hl=en&rclk=1,
restaurant01245,An House restaurant,an house,restaurant,"105 Hồ Nghinh, Phước Mỹ, Sơn Trà, Đà Nẵng 550000",Đà Nẵng,da nang,16.0747288,108.2431298,0966 410 777 ,200000,"200,000",4.6,Restaurant,Restaurant,https://www.google.com/maps/place/An+House+restaurant/data=!4m7!3m6!1s0x314217183a32f349:0xbf7b11fbe267da6d!8m2!3d16.0747288!4d108.2431298!16s%2Fg%2F11h2g1hv6v!19sChIJSfMyOhgXQjERbdpn4vsRe78?authuser=0&hl=en&rclk=1,
restaurant01246,Sakura Restaurant,sakura,restaurant,"20 An Thượng 10, Bắc Mỹ Phú, Ngũ Hành Sơn, Đà Nẵng 550000",Đà Nẵng,da nang,16.0479167,108.2429991,0899 248 197 ,200000,"200,000",4.7,Restaurant,Restaurant,https://www.google.com/maps/place/Sakura+Restaurant/data=!4m7!3m6!1s0x31421742db3b1b95:0x6a3f13e14d12ac4e!8m2!3d16.0479167!4d108.2429991!16s%2Fg%2F11ll2_fkgd!19sChIJlRs720IXQjERTqwSTeETP2o?authuser=0&hl=en&rclk=1,https://www.facebook.com/Sakura.Hana.20anthuong10
restaurant01247,Ăn Thôi Restaurant,an thoi,restaurant,"114 Bạch Đằng, Hải Châu, Đà Nẵng 550000",Đà Nẵng,da nang,16.0682463,108.2248133,0987 824 285 ,200000,"200,000",4.7,Restaurant,Restaurant,https://www.google.com/maps/place/%C4%82n+Th%C3%B4i+Restaurant/data=!4m7!3m6!1s0x3142194921d15361:0xdd9637b7caf7eb1f!8m2!3d16.0682463!4d108.2248133!16s%2Fg%2F11tfk6fw62!19sChIJYVPRIUkZQjERH-v3yrc3lt0?authuser=0&hl=en&rclk=1,
restaurant01248,Flower restaurant,flower,restaurant,"01 Lưu Qúy Kỳ, Phường Minh An, Hội An, Quảng Nam",Hội An,hoi an,15.8752149,108.3281741,0793 965 975 ,200000,"200,000",4.8,Restaurant,Restaurant,https://www.google.com/maps/place/Flower+restaurant/data=!4m7!3m6!1s0x31420f271eaaf901:0x4ae9617a3df3ae48!8m2!3d15.8752149!4d108.3281741!16s%2Fg%2F11fjy3frls!19sChIJAfmqHicPQjERSK7zPXph6Uo?authuser=0&hl=en&rclk=1,
restaurant01249,Mom’s Restaurant,mom s,restaurant,"141 Nguyễn Phan Vinh, Cẩm An, Hội An, Quảng Nam 560000",Hội An,hoi an,15.9130924,108.3379283,0796 780 206 ,200000,"200,000",4.8,Restaurant,Restaurant,https://www.google.com/maps/place/Mom%E2%80%99s+Restaurant/data=!4m7!3m6!1s0x31420d3720489e1d:0xb83b8379aa85e6e!8m2!3d15.9130924!4d108.3379283!16s%2Fg%2F11khb6d088!19sChIJHZ5IIDcNQjERbl6omje4gws?authuser=0&hl=en&rclk=1,
restaurant01250,L'Italiano Restaurant Danang,l italiano danang,restaurant,"Lot 40 An Thượng 30, Bắc Mỹ An, Ngũ Hành Sơn, Đà Nẵng 550000",Đà Nẵng,da nang,16.0511304,108.2456882,0906 069 458 ,300000,"300,000",4.7,Restaurant,Restaurant,https://www.google.com/maps/place/L%27Italiano+Restaurant+Danang/data=!4m7!3m6!1s0x314217f5cb2f52d3:0x7bef106543780227!8m2!3d16.0511304!4d108.2456882!16s%2Fg%2F11cn5pgp82!19sChIJ01Ivy_UXQjERJwJ4Q2UQ73s?authuser=0&hl=en&rclk=1,
restaurant01251,Song thanh Riverside Restaurant,song thanh riverside,restaurant,"67 Trần Quang Khải, Cẩm Châu, Hội An, Quảng Nam",Hội An,hoi an,15.8770607,108.3406501,0793 598 018 ,200000,"200,000",4.7,Restaurant,Restaurant,https://www.google.com/maps/place/Song+thanh+Riverside+Restaurant/data=!4m7!3m6!1s0x31420dd3b8e672db:0x532a01ce615ced8c!8m2!3d15.8770607!4d108.3406501!16s%2Fg%2F11dzsxn7dn!19sChIJ23LmuNMNQjERjO1cYc4BKlM?authuser=0&hl=en&rclk=1,
restaurant01252,MẸT Hội An - Vietnamese restaurant & Vegetarian Food 6,met hoi an vietnamese vegetarian 6,restaurant,"72b Đ. Bạch Đằng, Phường, Hội An, Đà Nẵng",Đà Nẵng,da nang,15.8760935,108.3294151,0862 187 549 ,300000,"300,000",4.9,Vegetarian,Restaurant,https://www.google.com/maps/place/M%E1%BA%B8T+H%E1%BB%99i+An+-+Vietnamese+restaurant+%26+Vegetarian+Food+6/data=!4m7!3m6!1s0x31420f00185cfc61:0x61e9191196ab7cd4!8m2!3d15.8760935!4d108.3294151!16s%2Fg%2F11vwj79znc!19sChIJYfxcGAAPQjER1HyrlhEZ6WE?authuser=0&hl=en&rclk=1,https://metvietnameserestaurant.com/
restaurant01253,An bang beach Sea and Sand Restaurant,an bang beach sea and sand,restaurant,"Unnamed, Road, Tp. Hội An, Quảng Nam",Hội An,hoi an,15.915404,108.3386503,0932 541 908 ,200000,"200,000",4.9,Restaurant,Restaurant,https://www.google.com/maps/place/An+bang+beach+Sea+and+Sand+Restaurant/data=!4m7!3m6!1s0x31420dd706b6e673:0xe1b1c2aff5017d7f!8m2!3d15.915404!4d108.3386503!16s%2Fg%2F11fqxq_mhq!19sChIJc-a2BtcNQjERf30B9a_CseE?authuser=0&hl=en&rclk=1,
restaurant01254,Rustic House Restaurant and Bar,rustic house and bar,restaurant,"124 Nguyễn Phan Vinh, Cẩm An, Hội An, Quảng Nam",Hội An,hoi an,15.9128601,108.3389229,0905 323 955 ,200000,"200,000",4.9,Bar/Pub,Restaurant,https://www.google.com/maps/place/Rustic+House+Restaurant+and+Bar/data=!4m7!3m6!1s0x31420dfaf0b26377:0x6934ae9d5204c1e1!8m2!3d15.9128601!4d108.3389229!16s%2Fg%2F11ghtr6bst!19sChIJd2Oy8PoNQjER4cEEUp2uNGk?authuser=0&hl=en&rclk=1,
restaurant01255,EMO'S HOMECOOKED VIETNAMESE CUISINE,emo s mecooked vietnamese cuisine,lake,"Đường Mỹ Khê 4, Phước Mỹ, Sơn Trà, Đà Nẵng 550000",Đà Nẵng,da nang,16.0581569,108.2454323,0934 844 988 ,200000,"200,000",4.8,Restaurant,Restaurant,https://www.google.com/maps/place/EMO%27S+HOMECOOKED+VIETNAMESE+CUISINE/data=!4m7!3m6!1s0x314217641a07b4ef:0xe08cfd4c0fee906f!8m2!3d16.0581569!4d108.2454323!16s%2Fg%2F11d_tz40q7!19sChIJ77QHGmQXQjERb5DuD0z9jOA?authuser=0&hl=en&rclk=1,https://emoshomecook.com/
restaurant01256,Bao Han Restaurant,bao han,restaurant,"17 Cửa Đại, Hội An, Quảng Nam",Hội An,hoi an,15.8965128,108.3645404,0935 326 404 ,200000,"200,000",4.7,Restaurant,Restaurant,https://www.google.com/maps/place/Bao+Han+Restaurant/data=!4m7!3m6!1s0x31420da1b1f1a127:0xb82f3dcd0649a716!8m2!3d15.8965128!4d108.3645404!16s%2Fg%2F1hc3l14qw!19sChIJJ6HxsaENQjERFqdJBs09L7g?authuser=0&hl=en&rclk=1,https://www.facebook.com/B%E1%BA%A3o-H%C3%A2n-Restaurant-547175538971556/
restaurant01257,Châu Kitchen & Bar - Hoi An Restaurant - 호이안 로컬 레스토랑,chau kitchen bar hoi an hoian rokeol reseutorang,restaurant,"141 Trần Phú, Phường Minh An, Hội An, Quảng Nam 51300",Hội An,hoi an,15.8770033,108.3269893,0903 529 377 ,200000,"200,000",4.8,Bar/Pub,Restaurant,https://www.google.com/maps/place/Ch%C3%A2u+Kitchen+%26+Bar+-+Hoi+An+Restaurant+-+%ED%98%B8%EC%9D%B4%EC%95%88+%EB%A1%9C%EC%BB%AC+%EB%A0%88%EC%8A%A4%ED%86%A0%EB%9E%91/data=!4m7!3m6!1s0x31420f29f8d89271:0x109677d06cc603c0!8m2!3d15.8770033!4d108.3269893!16s%2Fg%2F11q9br7y7v!19sChIJcZLY-CkPQjERwAPGbNB3lhA?authuser=0&hl=en&rclk=1,https://chaukitchenandbar.vn/en/homepage/
restaurant01258,Masa Taqueria [Mexican Restaurant],masa taqueria mexican,restaurant,"38 Đ. Phan Chu Trinh, Phường Minh An, Hội An, Quảng Nam 560000",Hội An,hoi an,15.8785168,108.3300265,0798 877 620 ,200000,"200,000",4.7,Restaurant,Restaurant,https://www.google.com/maps/place/Masa+Taqueria+%5BMexican+Restaurant%5D/data=!4m7!3m6!1s0x31420f830703843f:0xe702933d13d6aa64!8m2!3d15.8785168!4d108.3300265!16s%2Fg%2F11kb892zzg!19sChIJP4QDB4MPQjERZKrWEz2TAuc?authuser=0&hl=en&rclk=1,
restaurant01259,Restaurant Carot,carot,restaurant,"15 Đ. Trần Cao Vân, Phường Cẩm Phổ, Hội An, Quảng Nam",Hội An,hoi an,15.8834986,108.3261934,0982 552 567 ,100000,"100,000",4.8,Restaurant,Restaurant,https://www.google.com/maps/place/Restaurant+Carot/data=!4m7!3m6!1s0x31420fbd635d6e7f:0xb53e84a257e060ba!8m2!3d15.8834986!4d108.3261934!16s%2Fg%2F11fnpl8g0r!19sChIJf25dY70PQjERumDgV6KEPrU?authuser=0&hl=en&rclk=1,
restaurant01260,Vietnamese Chopsticks - Dua Viet Restaurant,vietnamese chopsticks dua viet,restaurant,"11 Nguyễn Tri Phương, Cẩm Nam, Hội An, Quảng Nam",Hội An,hoi an,15.8740047,108.3331219,0905 191 136 ,200000,"200,000",4.8,Restaurant,Restaurant,https://www.google.com/maps/place/Vietnamese+Chopsticks+-+Dua+Viet+Restaurant/data=!4m7!3m6!1s0x31420e796de5b9a9:0xa163e03178d40f66!8m2!3d15.8740047!4d108.3331219!16s%2Fg%2F11c3_88snw!19sChIJqbnlbXkOQjERZg_UeDHgY6E?authuser=0&hl=en&rclk=1,
restaurant01261,Bới Cơm Hoi An Restaurant & Cafe,boi com hoi an cafe,restaurant,"20 Đào Duy Từ, Phường Minh An, Hội An, Quảng Nam 51000",Hội An,hoi an,15.8770873,108.3221879,0935 447 566 ,300000,"300,000",4.7,Coffee Shop,Restaurant,https://www.google.com/maps/place/B%E1%BB%9Bi+C%C6%A1m+Hoi+An+Restaurant+%26+Cafe/data=!4m7!3m6!1s0x31420f1034df096f:0x1a245b9479455504!8m2!3d15.8770873!4d108.3221879!16s%2Fg%2F11kpxsg__v!19sChIJbwnfNBAPQjERBFVFeZRbJBo?authuser=0&hl=en&rclk=1,https://boicomhoianrestaurant.com/
restaurant01262,Golden Dragon Restaurant,golden dragon,restaurant,"120 Nguyễn Thái Học, Old Town, Hội An, Quảng Nam",Hội An,hoi an,15.8765835,108.3271607,0787 516 985 ,200000,"200,000",4.7,Restaurant,Restaurant,https://www.google.com/maps/place/Golden+Dragon+Restaurant/data=!4m7!3m6!1s0x31420f128e15cd23:0x935a28452cb7acf6!8m2!3d15.8765835!4d108.3271607!16s%2Fg%2F11jzfzpv4v!19sChIJI80VjhIPQjER9qy3LEUoWpM?authuser=0&hl=en&rclk=1,
restaurant01263,The Lighthouse an bang restaurant & bar,the lighthouse an bang bar,restaurant,"101 Nguyễn Phan Vinh, Street, Hội An, Quảng Nam 560000",Hội An,hoi an,15.9121636,108.340467,0905 953 153 ,300000,"300,000",4.9,Bar/Pub,Restaurant,https://www.google.com/maps/place/The+Lighthouse+an+bang+restaurant+%26+bar/data=!4m7!3m6!1s0x31420d75e7bd4a3f:0x24b7b4ade1d6901d!8m2!3d15.9121636!4d108.340467!16s%2Fg%2F11ldx51w6k!19sChIJP0q953UNQjERHZDW4a20tyQ?authuser=0&hl=en&rclk=1,https://www.facebook.com/profile.php?id=61560010590878
restaurant01264,Gujarat Indian Restaurant Da nang,gujarat indian da nang,restaurant,"39-41 Đỗ Bá, WARD, Ngũ Hành Sơn, Đà Nẵng 550000",Đà Nẵng,da nang,16.0515352,108.2459283,0395 528 747 ,300000,"300,000",4.7,Restaurant,Restaurant,https://www.google.com/maps/place/Gujarat+Indian+Restaurant+Da+nang/data=!4m7!3m6!1s0x3142172a2c4a5cb3:0x726ecf4296b0c395!8m2!3d16.0515352!4d108.2459283!16s%2Fg%2F11txhr7kc6!19sChIJs1xKLCoXQjERlcOwlkLPbnI?authuser=0&hl=en&rclk=1,http://gujaratrestaurant.com/
restaurant01265,Bamboo Wood Restaurant,bamboo wood,restaurant,"80 Bà Triệu, Phường Minh An, Hội An, Quảng Nam",Hội An,hoi an,15.8811513,108.3255685,,200000,"200,000",4.7,Restaurant,Restaurant,https://www.google.com/maps/place/Bamboo+Wood+Restaurant/data=!4m7!3m6!1s0x31420fda0d1a08ab:0x997ff73c983701ca!8m2!3d15.8811513!4d108.3255685!16s%2Fg%2F11h5_vjs4_!19sChIJqwgaDdoPQjERygE3mDz3f5k?authuser=0&hl=en&rclk=1,
restaurant01266,Indian Ganga Dining & Lounge Da Nang - Indian Restaurant,indian ganga dining lounge da nang indian,restaurant,"79 Mai Thúc Lân, Bắc Mỹ Phú, Ngũ Hành Sơn, Đà Nẵng 550000",Đà Nẵng,da nang,16.0483942,108.2436262,0899 870 554 ,200000,"200,000",4.7,Bar/Pub,Restaurant,https://www.google.com/maps/place/Indian+Ganga+Dining+%26+Lounge+Da+Nang+-+Indian+Restaurant/data=!4m7!3m6!1s0x314217ab3c35a2df:0x24b1e85b67502a7!8m2!3d16.0483942!4d108.2436262!16s%2Fg%2F11ss5n06wm!19sChIJ36I1PKsXQjERpwJ1toUeSwI?authuser=0&hl=en&rclk=1,http://www.indian-ganga.com/
restaurant01267,HANNAH Restaurant,hannah,restaurant,"35 An Thượng 7, Bắc Mỹ Phú, Ngũ Hành Sơn, Đà Nẵng 550000",Đà Nẵng,da nang,16.0487164,108.2446971,0903 551 460 ,100000,"100,000",4.6,Restaurant,Restaurant,https://www.google.com/maps/place/HANNAH+Restaurant/data=!4m7!3m6!1s0x314217647a07c2a5:0x6649867e284e2bc7!8m2!3d16.0487164!4d108.2446971!16s%2Fg%2F11c20c1xqk!19sChIJpcIHemQXQjERxytOKH6GSWY?authuser=0&hl=en&rclk=1,
restaurant01268,Lily's Pancake Hoi An Restaurant,lily s pancake hoi an,restaurant,"124 Hùng Vương, Thanh Hà, Hội An, Quảng Nam",Hội An,hoi an,15.8800382,108.3170332,0905 354 835 ,200000,"200,000",4.8,Bakery,Restaurant,https://www.google.com/maps/place/Lily%27s+Pancake+Hoi+An+Restaurant/data=!4m7!3m6!1s0x31420f179959b429:0x41a7922c1234c53f!8m2!3d15.8800382!4d108.3170332!16s%2Fg%2F11j2wjckz6!19sChIJKbRZmRcPQjERP8U0EiySp0E?authuser=0&hl=en&rclk=1,
restaurant01269,Sunset Restaurant & Bar,sunset bar,restaurant,"184A Trần Nhân Tông, Cẩm Châu, Hội An, Quảng Nam 560000",Hội An,hoi an,15.8757921,108.3467231,0935 473 095 ,200000,"200,000",5.0,Bar/Pub,Restaurant,https://www.google.com/maps/place/Sunset+Restaurant+%26+Bar/data=!4m7!3m6!1s0x31420d5ea0cfedfb:0x66208c93331d9b65!8m2!3d15.8757921!4d108.3467231!16s%2Fg%2F11vspft8xd!19sChIJ--3PoF4NQjERZZsdM5OMIGY?authuser=0&hl=en&rclk=1,https://sunsetrestauranthoian.com/
restaurant01270,Bon Restaurant,bon,restaurant,"474 Cửa Đại, Cẩm Châu, Hội An, Quảng Nam",Hội An,hoi an,15.880605,108.3415561,,100000,"100,000",4.5,Restaurant,Restaurant,https://www.google.com/maps/place/Bon+Restaurant/data=!4m7!3m6!1s0x31420dd137af02dd:0x46c322df4f5128b0!8m2!3d15.880605!4d108.3415561!16s%2Fg%2F1pzw46b58!19sChIJ3QKvN9ENQjERsChRT98iw0Y?authuser=0&hl=en&rclk=1,
restaurant01271,IRINI,irini,restaurant,"111 Nguyễn Phan Vinh, Cẩm An, Hội An, Quảng Nam 51300",Hội An,hoi an,15.9123636,108.3397681,0815 512 358 ,200000,"200,000",4.7,Restaurant,Restaurant,https://www.google.com/maps/place/IRINI.+HOI+AN+%7C+GREEK+RESTAURANT+%26+CAFE/data=!4m7!3m6!1s0x31420df8945e0515:0x8615984221a7bde1!8m2!3d15.9123636!4d108.3397681!16s%2Fg%2F11w1d8_8cp!19sChIJFQVelPgNQjER4b2nIUKYFYY?authuser=0&hl=en&rclk=1,https://irini.vn/greek-restaurant-hoi-an/?utm_source=gmb&utm_medium=organic&utm_campaign=hoi_an
restaurant01272,Thành Nam Quán (탄남꽌) _ Vietnamese Restaurant,thanh nam quan tannamggwan vietnamese,restaurant,"60D Đ. Trần Cao Vân, Phường Minh An, Hội An, Quảng Nam",Hội An,hoi an,15.882432,108.3276172,0901 733 228 ,100000,"100,000",4.8,Restaurant,Restaurant,https://www.google.com/maps/place/Th%C3%A0nh+Nam+Qu%C3%A1n+%28%ED%83%84%EB%82%A8%EA%BD%8C%29+_+Vietnamese+Restaurant/data=!4m7!3m6!1s0x31420dd5b72a7a99:0x46c83dca0bd25852!8m2!3d15.882432!4d108.3276172!16s%2Fg%2F11c0pr9mws!19sChIJmXoqt9UNQjERUljSC8o9yEY?authuser=0&hl=en&rclk=1,
restaurant01273,Thai Market,thai,market,"4 Trần Quốc Toản, Hải Châu, Đà Nẵng 550000",Đà Nẵng,da nang,16.066167,108.2243164,1900 0207 ,300000,"300,000",4.5,Restaurant,Restaurant,https://www.google.com/maps/place/Thai+Market/data=!4m7!3m6!1s0x31421832f2d75729:0xa27a87ed6c3b63de!8m2!3d16.066167!4d108.2243164!16s%2Fg%2F11cs1ks19l!19sChIJKVfX8jIYQjER3mM7bO2HeqI?authuser=0&hl=en&rclk=1,http://thaimarket.vn/
restaurant01274,Adobo Mexican Grill,adobo mexican grill,restaurant,"23 An Thượng 2, Bắc Mỹ An, Ngũ Hành Sơn, Đà Nẵng 550000",Đà Nẵng,da nang,16.0493189,108.2473065,0766 733 289 ,200000,"200,000",4.9,Restaurant,Restaurant,https://www.google.com/maps/place/Adobo+Mexican+Grill/data=!4m7!3m6!1s0x3142177a34473fb7:0xe7fbb362f64cf3bd!8m2!3d16.0493189!4d108.2473065!16s%2Fg%2F11sfgpqn1c!19sChIJtz9HNHoXQjERvfNM9mKz--c?authuser=0&hl=en&rclk=1,http://facebook.com/adobomexicangrill
restaurant01275,The Temptation,the temptation,restaurant,"125 Hồ Nghinh, Phước Mỹ, Sơn Trà, Đà Nẵng 550000",Đà Nẵng,da nang,16.0734565,108.2431275,0817 952 552 ,1000000,"₫1,000,000",4.4,Restaurant,Restaurant,https://www.google.com/maps/place/The+Temptation/data=!4m7!3m6!1s0x3142175a37ec6177:0xe5b70d45f6bbd6d7!8m2!3d16.0734565!4d108.2431275!16s%2Fg%2F11fj6w3dbw!19sChIJd2HsN1oXQjER19a79kUNt-U?authuser=0&hl=en&rclk=1,https://thetemptation.com.vn/
restaurant01276,Tin Tin Restaurant-Bar,tin tin bar,restaurant,"11c Phan Đình Phùng, Cẩm Sơn, Hội An, Quảng Nam",Hội An,hoi an,15.8889401,108.330312,0905 704 500 ,200000,"200,000",4.8,Bar/Pub,Restaurant,https://www.google.com/maps/place/Tin+Tin+Restaurant-Bar/data=!4m7!3m6!1s0x31420e765bbdc83b:0x7befe7c7399ad124!8m2!3d15.8889401!4d108.330312!16s%2Fg%2F11bttn87dk!19sChIJO8i9W3YOQjERJNGaOcfn73s?authuser=0&hl=en&rclk=1,
restaurant01277,Lê Bá Truyền 1 Restaurant,le ba truyen 1,restaurant,"67 Đ. Phan Chu Trinh, Phường Minh An, Hội An, Quảng Nam",Hội An,hoi an,15.8783916,108.3282137,0905 226 408 ,100000,"100,000",4.7,Restaurant,Restaurant,https://www.google.com/maps/place/L%C3%AA+B%C3%A1+Truy%E1%BB%81n+1+Restaurant/data=!4m7!3m6!1s0x31420e7ec0bc2da7:0x11449e0f0859fe79!8m2!3d15.8783916!4d108.3282137!16s%2Fg%2F11bc7fpl1s!19sChIJpy28wH4OQjERef5ZCA-eRBE?authuser=0&hl=en&rclk=1,
restaurant01278,Nhà Hàng Đồ Ăn Thái - Thai Market Restaurant - Nguyễn Văn Thoại,do an thai thai market nguyen van thoai,restaurant,"183 Nguyễn Văn Thoại, An Hải Đông, Sơn Trà, Đà Nẵng 550000",Đà Nẵng,da nang,16.055331,108.2426189,1900 0207 ,300000,"300,000",4.5,Restaurant,Restaurant,https://www.google.com/maps/place/Nh%C3%A0+H%C3%A0ng+%C4%90%E1%BB%93+%C4%82n+Th%C3%A1i+-+Thai+Market+Restaurant+-+Nguy%E1%BB%85n+V%C4%83n+Tho%E1%BA%A1i/data=!4m7!3m6!1s0x31421791c975ce17:0xd27a3655c80af5c1!8m2!3d16.055331!4d108.2426189!16s%2Fg%2F11f6g1k4x7!19sChIJF851yZEXQjERwfUKyFU2etI?authuser=0&hl=en&rclk=1,http://www.thaimarket.vn/
restaurant01279,MANVAR Rasoi Indian Restaurant,manvar rasoi indian,restaurant,"37 Chế Lan Viên, Bắc Mỹ An, Ngũ Hành Sơn, Đà Nẵng 50000",Đà Nẵng,da nang,16.0423085,108.246475,0354 488 822 ,200000,"200,000",4.8,Restaurant,Restaurant,https://www.google.com/maps/place/MANVAR+Rasoi+Indian+Restaurant/data=!4m7!3m6!1s0x3142176c64f33b9f:0x83ca3584dd4f419b!8m2!3d16.0423085!4d108.246475!16s%2Fg%2F11tt5p44vh!19sChIJnzvzZGwXQjERm0FP3YQ1yoM?authuser=0&hl=en&rclk=1,https://manvar-rasoi.com/
restaurant01280,Orivy Restaurant,orivy,restaurant,"546 Cửa Đại, Cẩm Châu, Hội An, Quảng Nam 56000",Hội An,hoi an,15.8799815,108.3378406,0905 306 465 ,200000,"200,000",4.6,Restaurant,Restaurant,https://www.google.com/maps/place/Orivy+Restaurant/data=!4m7!3m6!1s0x31420dd68bfb5541:0x42e2b315fedaec32!8m2!3d15.8799815!4d108.3378406!16s%2Fg%2F1hc3g18ys!19sChIJQVX7i9YNQjERMuza_hWz4kI?authuser=0&hl=en&rclk=1,http://www.orivy.com/
restaurant01281,Hang's Kitchen Restaurant,hang s kitchen,restaurant,"36 An Thượng 12, Bắc Mỹ An, Ngũ Hành Sơn, Đà Nẵng 000052",Đà Nẵng,da nang,16.0472201,108.2424899,0905 709 164 ,100000,"100,000",4.4,Restaurant,Restaurant,https://www.google.com/maps/place/Hang%27s+Kitchen+Restaurant/data=!4m7!3m6!1s0x314217632009649b:0xefaf0f14543c8fe4!8m2!3d16.0472201!4d108.2424899!16s%2Fg%2F11b67gtjcc!19sChIJm2QJIGMXQjER5I88VBQPr-8?authuser=0&hl=en&rclk=1,
restaurant01282,Na Huy Restaurant & Coffee,na huy coffee,restaurant,"hẻm 138 Nguyễn Phan Vinh, Cẩm An, Hội An, Quảng Nam",Hội An,hoi an,15.9133986,108.3382932,0906 471 243 ,200000,"200,000",4.7,Coffee Shop,Restaurant,https://www.google.com/maps/place/Na+Huy+Restaurant+%26+Coffee/data=!4m7!3m6!1s0x31420d4f011a6a4f:0x28e14fc51f05942e!8m2!3d15.9133986!4d108.3382932!16s%2Fg%2F11tj8wbftd!19sChIJT2oaAU8NQjERLpQFH8VP4Sg?authuser=0&hl=en&rclk=1,
restaurant01283,Baba's Kitchen Indian Restaurant - Hoian,baba s kitchen indian hoian,restaurant,"115 Đ. Phan Chu Trinh, Phường Minh An, Hội An, Quảng Nam",Hội An,hoi an,15.8784041,108.3260167,0235 3939 919 ,200000,"200,000",4.8,Restaurant,Restaurant,https://www.google.com/maps/place/Baba%27s+Kitchen+Indian+Restaurant+-+Hoian/data=!4m7!3m6!1s0x31420e7c5e352983:0xfd056de03aba1002!8m2!3d15.8784041!4d108.3260167!16s%2Fg%2F11byxgb_cq!19sChIJgyk1XnwOQjERAhC6OuBtBf0?authuser=0&hl=en&rclk=1,https://babas.kitchen/
restaurant01284,Cá Gỗ Vietnamese Restaurant,ca go vietnamese,restaurant,"278 Võ Nguyên Giáp, Bắc Mỹ Phú, Ngũ Hành Sơn, Đà Nẵng 550000",Đà Nẵng,da nang,16.0530767,108.2475222,0236 2228 666 ,200000,"200,000",4.9,Restaurant,Restaurant,https://www.google.com/maps/place/C%C3%A1+G%E1%BB%97+Vietnamese+Restaurant/data=!4m7!3m6!1s0x314217c8ff6f55b9:0xafb8783ad3587c76!8m2!3d16.0530767!4d108.2475222!16s%2Fg%2F11v5v44791!19sChIJuVVv_8gXQjERdnxY0zp4uK8?authuser=0&hl=en&rclk=1,https://cago.haianbeachhotelspa.com/
restaurant01285,MIX Greek Restaurant Hoi An,mix greek hoi an,restaurant,"70 Lê Lợi, Phường Minh An, Hội An, Quảng Nam 56000",Hội An,hoi an,15.8774496,108.3284546,0931 875 307 ,300000,"300,000",4.6,Restaurant,Restaurant,https://www.google.com/maps/place/MIX+Greek+Restaurant+Hoi+An/data=!4m7!3m6!1s0x31420e7c2c331be3:0x6e3f6fedd3e15114!8m2!3d15.8774496!4d108.3284546!16s%2Fg%2F11cs25vd9g!19sChIJ4xszLHwOQjERFFHh0-1vP24?authuser=0&hl=en&rclk=1,http://mixhoian.com/
restaurant01286,ISH - The Indian Restaurant,ish the indian,restaurant,"507 Đ. Trần Hưng Đạo, An Hải Trung, Sơn Trà, Đà Nẵng 550000",Đà Nẵng,da nang,16.0629682,108.2303496,0386 432 514 ,300000,"300,000",4.7,Restaurant,Restaurant,https://www.google.com/maps/place/ISH+-+The+Indian+Restaurant/data=!4m7!3m6!1s0x31421941e6b07ad7:0x6e429370204ad953!8m2!3d16.0629682!4d108.2303496!16s%2Fg%2F11vwvzvttm!19sChIJ13qw5kEZQjERU9lKIHCTQm4?authuser=0&hl=en&rclk=1,https://www.ishdanang.com/
restaurant01287,SOHO COFFEE VUNG TAU,soho vung tau,cafe,"City, 66 Hạ Long, Phường 2, Vũng Tàu, Bà Rịa - Vũng Tàu 70000",Bà Rịa - Vũng Tàu,ba ria vung tau,10.3304585,107.0763738,0982 931 487 ,100000,"100,000",4.6,Coffee Shop,Restaurant,https://www.google.com/maps/place/SOHO+COFFEE+VUNG+TAU/data=!4m7!3m6!1s0x317565d29483e3dd:0x1da3a31f35f867c!8m2!3d10.3304585!4d107.0763738!16s%2Fg%2F11fqzb4dcd!19sChIJ3eODlNJldTERfIZf8zE62gE?authuser=0&hl=en&rclk=1,http://facebook.com/sohocoffeevungtau
restaurant01288,"Phê La - Lê Lợi, Vũng Tàu",phe la le loi vung tau,restaurant,"2 Lê Lợi, Phường 1, Vũng Tàu, Bà Rịa - Vũng Tàu 790000",Bà Rịa - Vũng Tàu,ba ria vung tau,10.3456802,107.0745125,1900 3013 ,100000,"100,000",4.8,Coffee Shop,Restaurant,"https://www.google.com/maps/place/Ph%C3%AA+La+-+L%C3%AA+L%C6%A1%CC%A3i,+V%C5%A9ng+T%C3%A0u/data=!4m7!3m6!1s0x31756f078ae1d085:0x2e5bcfb56eeee921!8m2!3d10.3456802!4d107.0745125!16s%2Fg%2F11y9cxx427!19sChIJhdDhigdvdTERIenubrXPWy4?authuser=0&hl=en&rclk=1",https://phela.vn/
restaurant01289,Lightroom Coffee,lightroom,cafe,"2 Hẻm 2 Hải Đăng, Phường 2, Vũng Tàu, Bà Rịa - Vũng Tàu 79000",Bà Rịa - Vũng Tàu,ba ria vung tau,10.3369424,107.072302,0989 117 464 ,100000,"100,000",4.5,Coffee Shop,Restaurant,https://www.google.com/maps/place/Lightroom+Coffee/data=!4m7!3m6!1s0x31756f8b4b2dfdbb:0x61fe3d4dc0454db5!8m2!3d10.3369424!4d107.072302!16s%2Fg%2F11hyld1j5r!19sChIJu_0tS4tvdTERtU1FwE09_mE?authuser=0&hl=en&rclk=1,https://www.facebook.com/lightroomcoffeestudio
restaurant01290,PALMA - the garden café,palma the garden,cafe,"32 Đường Thi Sách, Phường 8, Vũng Tàu, Bà Rịa - Vũng Tàu",Bà Rịa - Vũng Tàu,ba ria vung tau,10.3501392,107.0948421,0358 808 085 ,100000,"100,000",4.2,Coffee Shop,Restaurant,https://www.google.com/maps/place/PALMA+-+the+garden+caf%C3%A9/data=!4m7!3m6!1s0x31756fcf5c030155:0x64da1d48351ef61e!8m2!3d10.3501392!4d107.0948421!16s%2Fg%2F11mfvkfv91!19sChIJVQEDXM9vdTERHvYeNUgd2mQ?authuser=0&hl=en&rclk=1,http://www.facebook.com/palma.thecafe
restaurant01291,Havana Coffee,havana,cafe,"23 Nguyễn Thái Học, Phường 7, Vũng Tàu, Bà Rịa - Vũng Tàu",Bà Rịa - Vũng Tàu,ba ria vung tau,10.3660049,107.0837697,0982 198 511 ,100000,"100,000",4.1,Coffee Shop,Restaurant,https://www.google.com/maps/place/Havana+Coffee/data=!4m7!3m6!1s0x31756fc5fc85bae7:0x2a634a07442196df!8m2!3d10.3660049!4d107.0837697!16s%2Fg%2F11c1xfxztf!19sChIJ57qF_MVvdTER35YhRAdKYyo?authuser=0&hl=en&rclk=1,https://www.facebook.com/havanavtcoffee/
restaurant01292,Letto,letto,restaurant,"88 Lê Hồng Phong, Phường 4, Vũng Tàu, Bà Rịa - Vũng Tàu",Bà Rịa - Vũng Tàu,ba ria vung tau,10.3595861,107.0782458,0833 444 246 ,100000,"100,000",4.6,Coffee Shop,Restaurant,https://www.google.com/maps/place/Letto/data=!4m7!3m6!1s0x31756fc1faf14f49:0x5dadc44a98c7acfc!8m2!3d10.3595861!4d107.0782458!16s%2Fg%2F11c4ww8y5x!19sChIJSU_x-sFvdTER_KzHmErErV0?authuser=0&hl=en&rclk=1,http://facebook.com/lettocoffee
restaurant01293,The Coffee House,the house,cafe,"5 Ba Cu, Phường 1, Vũng Tàu, Bà Rịa - Vũng Tàu 700000",Bà Rịa - Vũng Tàu,ba ria vung tau,10.3482318,107.0740896,028 7303 9079 ,100000,"100,000",4.2,Coffee Shop,Restaurant,https://www.google.com/maps/place/The+Coffee+House/data=!4m7!3m6!1s0x31756f93ac6d5a57:0xb627df0b38b5c335!8m2!3d10.3482318!4d107.0740896!16s%2Fg%2F11fyz9m5_x!19sChIJV1ptrJNvdTERNcO1OAvfJ7Y?authuser=0&hl=en&rclk=1,http://www.thecoffeehouse.com/
restaurant01294,The Hill Coffee,the hill,cafe,"2 Hải Đăng, Phường 2, Vũng Tàu, Bà Rịa - Vũng Tàu",Bà Rịa - Vũng Tàu,ba ria vung tau,10.3344487,107.073061,0968 809 868 ,100000,"100,000",4.5,Coffee Shop,Restaurant,https://www.google.com/maps/place/The+Hill+Coffee/data=!4m7!3m6!1s0x31756f5b4a499c0b:0xe792ae9e39de9b63!8m2!3d10.3344487!4d107.073061!16s%2Fg%2F11sds82h2z!19sChIJC5xJSltvdTERY5veOZ6ukuc?authuser=0&hl=en&rclk=1,https://www.facebook.com/thehillcoffeevt?mibextid=LQQJ4d
restaurant01295,Mi Amor Beach,mi amor,beach,"13 Trần Phú, Phường 5, Vũng Tàu, Bà Rịa - Vũng Tàu 790000",Bà Rịa - Vũng Tàu,ba ria vung tau,10.3623694,107.0613371,0582 379 479 ,100000,"100,000",4.2,Coffee Shop,Restaurant,https://www.google.com/maps/place/Mi+Amor+Beach/data=!4m7!3m6!1s0x31756f40e76c76eb:0xe9d8a280b41be262!8m2!3d10.3623694!4d107.0613371!16s%2Fg%2F11k3hl3dxj!19sChIJ63Zs50BvdTERYuIbtICi2Ok?authuser=0&hl=en&rclk=1,
restaurant01296,Cafe Lavender,lavender,cafe,"5a Lương Văn Can, Phường 2, Vũng Tàu, Bà Rịa - Vũng Tàu 78207",Bà Rịa - Vũng Tàu,ba ria vung tau,10.3378,107.080451,0948 568 368 ,100000,"100,000",4.9,Coffee Shop,Restaurant,https://www.google.com/maps/place/Cafe+Lavender/data=!4m7!3m6!1s0x31756fa5104456bd:0x9852a989c460f4ed!8m2!3d10.3378!4d107.080451!16s%2Fg%2F11sjls_8_t!19sChIJvVZEEKVvdTER7fRgxImpUpg?authuser=0&hl=en&rclk=1,
restaurant01297,Coffee Suối Bên Biển,suoi ben bien,cafe,"9328+99H, Vũng Tàu, Bà Rịa - Vũng Tàu 78214",Bà Rịa - Vũng Tàu,ba ria vung tau,10.3509375,107.0659375,0792 774 982 ,100000,"100,000",4.2,Coffee Shop,Restaurant,https://www.google.com/maps/place/Coffee+Su%E1%BB%91i+B%C3%AAn+Bi%E1%BB%83n/data=!4m7!3m6!1s0x31756f002296b57d:0x5f181edcd529e014!8m2!3d10.3509375!4d107.0659375!16s%2Fg%2F11vz8bzh5l!19sChIJfbWWIgBvdTERFOAp1dweGF8?authuser=0&hl=en&rclk=1,
restaurant01298,Oasis Sea,oasis,beach,"1A Trần Phú, Phường 1, Vũng Tàu, Bà Rịa - Vũng Tàu 790000",Bà Rịa - Vũng Tàu,ba ria vung tau,10.3551541,107.0614119,0827 794 599 ,100000,"100,000",4.2,Coffee Shop,Restaurant,https://www.google.com/maps/place/Oasis+Sea/data=!4m7!3m6!1s0x31756f15b980327d:0x16cc11c6604077bb!8m2!3d10.3551541!4d107.0614119!16s%2Fg%2F11svf_b1bk!19sChIJfTKAuRVvdTERu3dAYMYRzBY?authuser=0&hl=en&rclk=1,https://www.facebook.com/OasisSeaCoffee/
restaurant01299,Beach Stop,stop,beach,"17 Trần Phú, Phường 5, Vũng Tàu, Bà Rịa - Vũng Tàu",Bà Rịa - Vũng Tàu,ba ria vung tau,10.3630783,107.0615534,0254 3816 668 ,100000,"100,000",4.1,Coffee Shop,Restaurant,https://www.google.com/maps/place/Beach+Stop/data=!4m7!3m6!1s0x31756fdabfa34753:0x963cf6d9f18f4797!8m2!3d10.3630783!4d107.0615534!16s%2Fg%2F11hk3_7c4_!19sChIJU0ejv9pvdTERl0eP8dn2PJY?authuser=0&hl=en&rclk=1,
restaurant01300,Cafe Artmio,artmio,cafe,"11 Lê Văn Tám, Phường 1, Vũng Tàu, Bà Rịa - Vũng Tàu",Bà Rịa - Vũng Tàu,ba ria vung tau,10.3490238,107.0759884,0363 226 919 ,100000,"100,000",4.4,Coffee Shop,Restaurant,https://www.google.com/maps/place/Cafe+Artmio/data=!4m7!3m6!1s0x31756f9315f307d5:0xdc0c3a4bd3ab5824!8m2!3d10.3490238!4d107.0759884!16s%2Fg%2F11c1rt1rj3!19sChIJ1QfzFZNvdTERJFir00s6DNw?authuser=0&hl=en&rclk=1,https://www.artmio.vn/
restaurant01301,Quán cafe sách MAKEDO,quan sach makedo,cafe,"34 Hoàng Văn Thụ, Phường 7, Vũng Tàu, Bà Rịa - Vũng Tàu",Bà Rịa - Vũng Tàu,ba ria vung tau,10.3631051,107.0864796,0397 073 369 ,100000,"100,000",4.8,Coffee Shop,Restaurant,https://www.google.com/maps/place/Qu%C3%A1n+cafe+s%C3%A1ch+MAKEDO/data=!4m7!3m6!1s0x31756f6f9f8f7831:0xb1f4b4f95f9a2b08!8m2!3d10.3631051!4d107.0864796!16s%2Fg%2F11h4bzjxpw!19sChIJMXiPn29vdTERCCuaX_m09LE?authuser=0&hl=en&rclk=1,http://facebook.com/makedobookcoffee
restaurant01302,Hayashi Coffee View Đẹp Vũng Tàu,hayashi view dep vung tau,cafe,"15 Vi Ba, Phường 1, Vũng Tàu, Bà Rịa - Vũng Tàu",Bà Rịa - Vũng Tàu,ba ria vung tau,10.3561702,107.0646935,0833 223 377 ,100000,"100,000",4.3,Coffee Shop,Restaurant,https://www.google.com/maps/place/Hayashi+Coffee+View+%C4%90%E1%BA%B9p+V%C5%A9ng+T%C3%A0u/data=!4m7!3m6!1s0x31756f005568a777:0x3435b444bc5bf996!8m2!3d10.3561702!4d107.0646935!16s%2Fg%2F11vpp4ycbj!19sChIJd6doVQBvdTERlvlbvES0NTQ?authuser=0&hl=en&rclk=1,http://hayashicoffee.com/
restaurant01303,Tiệm cà phê Dốc Trong Hẻm,tiem doc trong hem,cafe,"126/17 Trần Phú, Phường 5, Vũng Tàu, Bà Rịa - Vũng Tàu",Bà Rịa - Vũng Tàu,ba ria vung tau,10.3701773,107.0642543,0784 593 113 ,100000,"100,000",4.4,Coffee Shop,Restaurant,https://www.google.com/maps/place/Ti%E1%BB%87m+c%C3%A0+ph%C3%AA+D%E1%BB%91c+Trong+H%E1%BA%BBm/data=!4m7!3m6!1s0x31756f099b64dc45:0x151823035027399b!8m2!3d10.3701773!4d107.0642543!16s%2Fg%2F11sk3j13kx!19sChIJRdxkmwlvdTERmzknUAMjGBU?authuser=0&hl=en&rclk=1,https://www.facebook.com/tiemcaphedoctronghem
restaurant01304,Sơn Đăng Cafe,son dang,cafe,"28A Hải Đăng, Phường, Vũng Tàu, Bà Rịa - Vũng Tàu",Bà Rịa - Vũng Tàu,ba ria vung tau,10.3353781,107.0789398,,100000,"100,000",3.4,Coffee Shop,Restaurant,https://www.google.com/maps/place/S%C6%A1n+%C4%90%C4%83ng+Cafe/data=!4m7!3m6!1s0x31756f71b94caf31:0x75cbdb7d9f9f02d8!8m2!3d10.3353781!4d107.0789398!16s%2Fg%2F11rpq767dz!19sChIJMa9MuXFvdTER2AKfn33by3U?authuser=0&hl=en&rclk=1,
restaurant01305,Gazebo,gazebo,restaurant,"90 Hạ Long, Phường 2, Vũng Tàu, Bà Rịa - Vũng Tàu",Bà Rịa - Vũng Tàu,ba ria vung tau,10.3348517,107.071917,0865 459 299 ,100000,"100,000",4.1,Coffee Shop,Restaurant,https://www.google.com/maps/place/Gazebo/data=!4m7!3m6!1s0x31756f0070a5e615:0x9f4aa78c3c96b3a0!8m2!3d10.3348517!4d107.071917!16s%2Fg%2F11ft_2pdx4!19sChIJFealcABvdTERoLOWPIynSp8?authuser=0&hl=en&rclk=1,http://gazebo.com.vn/
restaurant01306,An An Coffee Station,an an station,cafe,"190 Lê Hồng Phong, Phường 7, Vũng Tàu, Bà Rịa - Vũng Tàu 79000",Bà Rịa - Vũng Tàu,ba ria vung tau,10.3572892,107.0813269,0968 162 063 ,100000,"100,000",4.7,Coffee Shop,Restaurant,https://www.google.com/maps/place/An+An+Coffee+Station/data=!4m7!3m6!1s0x31756fc1f0ebb499:0x83712a1c2defe078!8m2!3d10.3572892!4d107.0813269!16s%2Fg%2F11h9vqqqjz!19sChIJmbTr8MFvdTEReODvLRwqcYM?authuser=0&hl=en&rclk=1,
restaurant01307,An Coffee Bean,an bean,cafe,"488 Thống Nhất Mới, Phường 8, Vũng Tàu, Bà Rịa - Vũng Tàu",Bà Rịa - Vũng Tàu,ba ria vung tau,10.3605135,107.0918484,,100000,"100,000",4.2,Coffee Shop,Restaurant,https://www.google.com/maps/place/An+Coffee+Bean/data=!4m7!3m6!1s0x31756f26a502777f:0x862dba4f28db4a94!8m2!3d10.3605135!4d107.0918484!16s%2Fg%2F11fqzvmnzx!19sChIJf3cCpSZvdTERlErbKE-6LYY?authuser=0&hl=en&rclk=1,https://www.facebook.com/ancoffeebeanvt/
restaurant01308,Indochine Café,indochine,cafe,"4 Lê Quý Đôn, Phường 1, Vũng Tàu, Bà Rịa - Vũng Tàu 79000",Bà Rịa - Vũng Tàu,ba ria vung tau,10.348595,107.0732996,,100000,"100,000",3.9,Coffee Shop,Restaurant,https://www.google.com/maps/place/Indochine+Caf%C3%A9/data=!4m7!3m6!1s0x31756faf065e7ce3:0x5ef6a92b1608c797!8m2!3d10.348595!4d107.0732996!16s%2Fg%2F11q57tgkrv!19sChIJ43xeBq9vdTERl8cIFiup9l4?authuser=0&hl=en&rclk=1,https://www.facebook.com/dongduongcafe.vt
restaurant01309,GU CAFE,gu,cafe,"103 Trần Phú, Phường 5, Vũng Tàu, Bà Rịa - Vũng Tàu 790000",Bà Rịa - Vũng Tàu,ba ria vung tau,10.3700874,107.0600364,0767 278 868 ,100000,"100,000",4.4,Coffee Shop,Restaurant,https://www.google.com/maps/place/GU+CAFE/data=!4m7!3m6!1s0x31756fa5126c9d5f:0xce9a59d2aa92869d!8m2!3d10.3700874!4d107.0600364!16s%2Fg%2F11k45lxk5v!19sChIJX51sEqVvdTERnYaSqtJZms4?authuser=0&hl=en&rclk=1,
restaurant01310,She's Coffee,she s,cafe,"55 Nguyễn Tri Phương, Phường 7, Vũng Tàu, Bà Rịa - Vũng Tàu",Bà Rịa - Vũng Tàu,ba ria vung tau,10.3646379,107.0821989,,100000,"100,000",4.2,Coffee Shop,Restaurant,https://www.google.com/maps/place/She%27s+Coffee/data=!4m7!3m6!1s0x31756fc668d923f3:0x3f2f29521e0d3e2f!8m2!3d10.3646379!4d107.0821989!16s%2Fg%2F11cs3v8lf9!19sChIJ8yPZaMZvdTERLz4NHlIpLz8?authuser=0&hl=en&rclk=1,
restaurant01311,Snow Cafe,snow,cafe,"132 Hạ Long, Phường 2, Vũng Tàu, Bà Rịa - Vũng Tàu",Bà Rịa - Vũng Tàu,ba ria vung tau,10.3397457,107.072392,0896 436 828 ,100000,"100,000",4.5,Coffee Shop,Restaurant,https://www.google.com/maps/place/Snow+Cafe/data=!4m7!3m6!1s0x31756f68ebc6f131:0x53ed804b2e3ed677!8m2!3d10.3397457!4d107.072392!16s%2Fg%2F11q9j4nd5c!19sChIJMfHG62hvdTERd9Y-LkuA7VM?authuser=0&hl=en&rclk=1,https://www.facebook.com/SnOw-Cafe-V%C5%A9ng-T%C3%A0u-105149592153008
restaurant01312,Coffee Sea & Sun 1,sea sun 1,cafe,"1 Trần Phú, Phường 1, Vũng Tàu, Bà Rịa - Vũng Tàu",Bà Rịa - Vũng Tàu,ba ria vung tau,10.3554908,107.0612399,,100000,"100,000",4.1,Coffee Shop,Restaurant,https://www.google.com/maps/place/Coffee+Sea+%26+Sun+1/data=!4m7!3m6!1s0x31756fdf0df22967:0xbd82a2739f9200f5!8m2!3d10.3554908!4d107.0612399!16s%2Fg%2F11khr0rkgr!19sChIJZynyDd9vdTER9QCSn3Oigr0?authuser=0&hl=en&rclk=1,
restaurant01313,Seaside Garden Coffee,seaside garden,cafe,"28 Trần Phú, Phường 1, Vũng Tàu, Bà Rịa - Vũng Tàu 790000",Bà Rịa - Vũng Tàu,ba ria vung tau,10.3530533,107.064131,,100000,"100,000",3.7,Coffee Shop,Restaurant,https://www.google.com/maps/place/Seaside+Garden+Coffee/data=!4m7!3m6!1s0x31756feb91786935:0xddf96c1d63298854!8m2!3d10.3530533!4d107.064131!16s%2Fg%2F11v0m2l974!19sChIJNWl4ketvdTERVIgpYx1s-d0?authuser=0&hl=en&rclk=1,
restaurant01314,Ngọc Tước Book Cafe,ngoc tuoc book,cafe,"09 Đường Bùi Công Minh, Phường 8, Vũng Tàu, Bà Rịa - Vũng Tàu",Bà Rịa - Vũng Tàu,ba ria vung tau,10.3510351,107.0955049,0908 124 552 ,100000,"100,000",4.1,Coffee Shop,Restaurant,https://www.google.com/maps/place/Ng%E1%BB%8Dc+T%C6%B0%E1%BB%9Bc+Book+Cafe/data=!4m7!3m6!1s0x31756fe14ac845b7:0xc327ebee3cc75183!8m2!3d10.3510351!4d107.0955049!16s%2Fg%2F11b76tvxbd!19sChIJt0XISuFvdTERg1HHPO7rJ8M?authuser=0&hl=en&rclk=1,https://www.ngoctuocbookcafe.com/
restaurant01315,Cà phê Nét Xưa,net xua,cafe,"100 Bình Giã, Phường 8, Vũng Tàu, Bà Rịa - Vũng Tàu",Bà Rịa - Vũng Tàu,ba ria vung tau,10.3539364,107.0914754,0918 753 584 ,100000,"100,000",4.3,Coffee Shop,Restaurant,https://www.google.com/maps/place/C%C3%A0+ph%C3%AA+N%C3%A9t+X%C6%B0a/data=!4m7!3m6!1s0x31756fe797985301:0x53e6294f1cd1a8bb!8m2!3d10.3539364!4d107.0914754!16s%2Fg%2F11b6z6y46h!19sChIJAVOYl-dvdTERu6jRHE8p5lM?authuser=0&hl=en&rclk=1,
restaurant01316,The Station Of Life 5 - Trạm Dừng Mùa Hạ,the station of life 5 tram dung mua ha,restaurant,"430 Thống Nhất Mới, Phường 8, Vũng Tàu, Bà Rịa - Vũng Tàu 78000",Bà Rịa - Vũng Tàu,ba ria vung tau,10.3589254,107.0907538,0886 604 947 ,100000,"100,000",4.2,Coffee Shop,Restaurant,https://www.google.com/maps/place/The+Station+Of+Life+5+-+Tr%E1%BA%A1m+D%E1%BB%ABng+M%C3%B9a+H%E1%BA%A1/data=!4m7!3m6!1s0x31756feb9d179a01:0x292c8cee2a93b431!8m2!3d10.3589254!4d107.0907538!16s%2Fg%2F11s78r3x73!19sChIJAZoXnetvdTERMbSTKu6MLCk?authuser=0&hl=en&rclk=1,
restaurant01317,1991's Coffee & Beer,1991 s beer,cafe,"Đ. Hai Bà Trưng, TT. Long Hải, Long Điền, Bà Rịa - Vũng Tàu 78412",Bà Rịa - Vũng Tàu,ba ria vung tau,10.3907967,107.2299278,0888 835 088 ,100000,"100,000",4.3,Coffee Shop,Restaurant,https://www.google.com/maps/place/1991%27s+Coffee+%26+Beer/data=!4m7!3m6!1s0x3175776fcfe124ab:0xfa72f7c77fd3fdc0!8m2!3d10.3907967!4d107.2299278!16s%2Fg%2F11lg2_wfw0!19sChIJqyThz293dTERwP3Tf8f3cvo?authuser=0&hl=en&rclk=1,https://www.facebook.com/1991s.Coffee/
restaurant01318,The View Hải Đăng,the view hai dang,restaurant,"City, 12 Hải Đăng, Phường 2, Vũng Tàu, Bà Rịa - Vũng Tàu 78000",Bà Rịa - Vũng Tàu,ba ria vung tau,10.3399685,107.0743088,0907 050 653 ,100000,"100,000",4.3,Coffee Shop,Restaurant,https://www.google.com/maps/place/The+View+H%E1%BA%A3i+%C4%90%C4%83ng/data=!4m7!3m6!1s0x31756f3fe77d7aeb:0xb9abb5e63778f6c1!8m2!3d10.3399685!4d107.0743088!16s%2Fg%2F11swy1fr_0!19sChIJ63p95z9vdTERwfZ4N-a1q7k?authuser=0&hl=en&rclk=1,
restaurant01319,E COFFEE,e,cafe,"Công viên, C1-B1 Đường Sách, Quang Trung, Phường 1, Vũng Tàu, Bà Rịa - Vũng Tàu",Bà Rịa - Vũng Tàu,ba ria vung tau,10.3472456,107.0729893,0789 860 068 ,100000,"100,000",4.1,Coffee Shop,Restaurant,https://www.google.com/maps/place/E+COFFEE/data=!4m7!3m6!1s0x31756f5da08def87:0x129bfe9f9ab6dddf!8m2!3d10.3472456!4d107.0729893!16s%2Fg%2F11lq6dq9d1!19sChIJh--NoF1vdTER3922mp_-mxI?authuser=0&hl=en&rclk=1,
restaurant01320,Highlands Coffee,highlands,cafe,"75 Thùy Vân, P.2, Vũng Tàu, Bà Rịa - Vũng Tàu 78000",Bà Rịa - Vũng Tàu,ba ria vung tau,10.3322911,107.0890383,0254 7302 026 ,100000,"100,000",4.4,Coffee Shop,Restaurant,https://www.google.com/maps/place/Highlands+Coffee/data=!4m7!3m6!1s0x31756539f0292a39:0xe1c22cfbee8cbf54!8m2!3d10.3322911!4d107.0890383!16s%2Fg%2F11s8j53k7z!19sChIJOSop8DlldTERVL-M7vsswuE?authuser=0&hl=en&rclk=1,https://www.highlandscoffee.com.vn/
restaurant01321,Salt Water,salt water,restaurant,"1 Trương Vĩnh Ký, Phường 1, Vũng Tàu, Bà Rịa - Vũng Tàu 78000",Bà Rịa - Vũng Tàu,ba ria vung tau,10.350408,107.0718109,0908 115 253 ,100000,"100,000",4.4,Coffee Shop,Restaurant,https://www.google.com/maps/place/Salt+Water/data=!4m7!3m6!1s0x31756fce22f9208b:0xcc74658cd06b9b8f!8m2!3d10.350408!4d107.0718109!16s%2Fg%2F11qn167yd2!19sChIJiyD5Is5vdTERj5tr0IxldMw?authuser=0&hl=en&rclk=1,
restaurant01322,Highlands Coffee Hoang Hoa Tham Vung Tau,highlands hoang hoa tham vung tau,cafe,"148 Hoàng Hoa Thám, Phường 2, Vũng Tàu, Bà Rịa - Vũng Tàu",Bà Rịa - Vũng Tàu,ba ria vung tau,10.3356662,107.0863938,0254 3810 898 ,100000,"100,000",4.2,Coffee Shop,Restaurant,https://www.google.com/maps/place/Highlands+Coffee+Hoang+Hoa+Tham+Vung+Tau/data=!4m7!3m6!1s0x31756ff65353a099:0xcf0fa32120a38edb!8m2!3d10.3356662!4d107.0863938!16s%2Fg%2F11c2022svb!19sChIJmaBTU_ZvdTER246jICGjD88?authuser=0&hl=en&rclk=1,https://www.highlandscoffee.com.vn/
restaurant01323,Hải Đăng Cafe,hai dang,cafe,"24 Hải Đăng, Phường 2, Vũng Tàu, Bà Rịa - Vũng Tàu",Bà Rịa - Vũng Tàu,ba ria vung tau,10.3383898,107.0765978,0933 802 029 ,100000,"100,000",4.3,Coffee Shop,Restaurant,https://www.google.com/maps/place/H%E1%BA%A3i+%C4%90%C4%83ng+Cafe/data=!4m7!3m6!1s0x31756f8b4ae78793:0xfc118c60a9d1a527!8m2!3d10.3383898!4d107.0765978!16s%2Fg%2F11b6mr0hhk!19sChIJk4fnSotvdTERJ6XRqWCMEfw?authuser=0&hl=en&rclk=1,
restaurant01324,NaLi Beach,nali,beach,"39 Trần Phú, Phường 5, Vũng Tàu, Bà Rịa - Vũng Tàu",Bà Rịa - Vũng Tàu,ba ria vung tau,10.3657282,107.0624833,0934 496 778 ,100000,"100,000",4.0,Coffee Shop,Restaurant,https://www.google.com/maps/place/NaLi+Beach/data=!4m7!3m6!1s0x31756ff2beb7f0b3:0x9a0b9906d0224462!8m2!3d10.3657282!4d107.0624833!16s%2Fg%2F11s5mnf0mv!19sChIJs_C3vvJvdTERYkQi0AaZC5o?authuser=0&hl=en&rclk=1,
restaurant01325,Drink Me Coffee,drink me,cafe,"19 Thanh Tịnh, Phường 10, Vũng Tàu, Bà Rịa - Vũng Tàu",Bà Rịa - Vũng Tàu,ba ria vung tau,10.3794222,107.1138629,0982 919 932 ,100000,"100,000",4.4,Coffee Shop,Restaurant,https://www.google.com/maps/place/Drink+Me+Coffee/data=!4m7!3m6!1s0x317571cd9214ec8b:0x7e8927bc280f2339!8m2!3d10.3794222!4d107.1138629!16s%2Fg%2F11c1pr9ggl!19sChIJi-wUks1xdTEROSMPKLwniX4?authuser=0&hl=en&rclk=1,
restaurant01326,Tema Cafe,tema,cafe,"422 Lê Hồng Phong, Phường 8, Vũng Tàu, Bà Rịa - Vũng Tàu 78000",Bà Rịa - Vũng Tàu,ba ria vung tau,10.3504966,107.0902335,,100000,"100,000",4.7,Coffee Shop,Restaurant,https://www.google.com/maps/place/Tema+Cafe/data=!4m7!3m6!1s0x31756f006ba7012d:0x6138f2c61a36b28d!8m2!3d10.3504966!4d107.0902335!16s%2Fg%2F11vscvx2x_!19sChIJLQGnawBvdTERjbI2GsbyOGE?authuser=0&hl=en&rclk=1,
restaurant01327,Ly's Cafe,ly s,cafe,"82 Phan Chu Trinh, Phường 2, Vũng Tàu, Bà Rịa - Vũng Tàu",Bà Rịa - Vũng Tàu,ba ria vung tau,10.3367744,107.0807315,0986 905 052 ,200000,"200,000",4.7,Coffee Shop,Restaurant,https://www.google.com/maps/place/Ly%27s+Cafe/data=!4m7!3m6!1s0x31756ff5b5d39217:0xc3eac3f6064243ae!8m2!3d10.3367744!4d107.0807315!16s%2Fg%2F11dxc_trcr!19sChIJF5LTtfVvdTERrkNCBvbD6sM?authuser=0&hl=en&rclk=1,https://www.facebook.com/lylynguyen82/about/?_rdr
restaurant01328,Cafe Bờ Hồ,bo ho,cafe,"02 Đ. Ven Biển, Phường 12, Vũng Tàu, Bà Rịa - Vũng Tàu",Bà Rịa - Vũng Tàu,ba ria vung tau,10.4151732,107.1642691,0908 213 869 ,100000,"100,000",4.4,Coffee Shop,Restaurant,https://www.google.com/maps/place/Cafe+B%E1%BB%9D+H%E1%BB%93/data=!4m7!3m6!1s0x317571c32ec48f77:0xeb1f670c2b43dcc0!8m2!3d10.4151732!4d107.1642691!16s%2Fg%2F11rzgs30dz!19sChIJd4_ELsNxdTERwNxDKwxnH-s?authuser=0&hl=en&rclk=1,
restaurant01329,LAM KIỀU COFFEE GARDEN,lam kieu garden,cafe,"Đ. Chí Linh 26/D6-2/6 TTĐT Chí Linh, Phường 10, Vũng Tàu, Bà Rịa - Vũng Tàu 790000",Bà Rịa - Vũng Tàu,ba ria vung tau,10.3781328,107.1153709,0966 948 878 ,100000,"100,000",4.3,Coffee Shop,Restaurant,https://www.google.com/maps/place/LAM+KI%E1%BB%80U+COFFEE+GARDEN/data=!4m7!3m6!1s0x317571d0bfa9bedd:0x8a02b42b7a7d6b37!8m2!3d10.3781328!4d107.1153709!16s%2Fg%2F11v04v1jjr!19sChIJ3b6pv9BxdTERN2t9eiu0Aoo?authuser=0&hl=en&rclk=1,
restaurant01330,The Busa Park Vũng Tàu,the busa vung tau,park,"90a Hạ Long, Phường 2, Vũng Tàu, Bà Rịa - Vũng Tàu",Bà Rịa - Vũng Tàu,ba ria vung tau,10.33501,107.0720173,0918 176 878 ,100000,"100,000",2.8,Coffee Shop,Restaurant,https://www.google.com/maps/place/The+Busa+Park+V%C5%A9ng+T%C3%A0u/data=!4m7!3m6!1s0x31756fcf25b58a4d:0xc57843ff445e95b3!8m2!3d10.33501!4d107.0720173!16s%2Fg%2F11tjm9r2cl!19sChIJTYq1Jc9vdTERs5VeRP9DeMU?authuser=0&hl=en&rclk=1,https://www.facebook.com/thebusaparkvungtau
restaurant01331,Sea & Sun 2,sun 2,beach,"9346+Q45, Trần Phú, Phường 5, Vũng Tàu, Bà Rịa - Vũng Tàu",Bà Rịa - Vũng Tàu,ba ria vung tau,10.3567619,107.0605391,0971 646 812 ,100000,"100,000",3.9,Coffee Shop,Restaurant,https://www.google.com/maps/place/Sea+%26+Sun+2/data=!4m7!3m6!1s0x31756f7581fd0f31:0x2096830c83e8c60a!8m2!3d10.3567619!4d107.0605391!16s%2Fg%2F11kpf6_3vp!19sChIJMQ_9gXVvdTERCsbogwyDliA?authuser=0&hl=en&rclk=1,
restaurant01332,Vườn của Giấy Coffee & Tea,vuon cua giay tea,cafe,"C46X+PM2, Phường 12, Vũng Tàu, Bà Rịa - Vũng Tàu 78200",Bà Rịa - Vũng Tàu,ba ria vung tau,10.4123052,107.149856,,100000,"100,000",5.0,Coffee Shop,Restaurant,https://www.google.com/maps/place/V%C6%B0%E1%BB%9Dn+c%E1%BB%A7a+Gi%E1%BA%A5y+Coffee+%26+Tea/data=!4m7!3m6!1s0x3175710064ea387d:0xb1669e8b451a6242!8m2!3d10.4123052!4d107.149856!16s%2Fg%2F11y99__bv2!19sChIJfTjqZABxdTERQmIaRYueZrE?authuser=0&hl=en&rclk=1,
restaurant01333,Cafe Hội Ngộ,hoi ngo,cafe,"62 Cù Chính Lan, Nguyễn An Ninh, Vũng Tàu, Bà Rịa - Vũng Tàu",Bà Rịa - Vũng Tàu,ba ria vung tau,10.3783558,107.1104507,0969 760 333 ,100000,"100,000",4.1,Coffee Shop,Restaurant,https://www.google.com/maps/place/Cafe+H%E1%BB%99i+Ng%E1%BB%99/data=!4m7!3m6!1s0x3175719b72d64cdd:0x5c797e9768bc67bc!8m2!3d10.3783558!4d107.1104507!16s%2Fg%2F11p3v_y9jd!19sChIJ3UzWcptxdTERvGe8aJd-eVw?authuser=0&hl=en&rclk=1,
restaurant01334,Mộng coffee,mong,cafe,"23 Huyền Trân Công Chúa, Phường 8, Vũng Tàu, Bà Rịa - Vũng Tàu",Bà Rịa - Vũng Tàu,ba ria vung tau,10.3550697,107.0865115,0974 538 604 ,100000,"100,000",4.3,Coffee Shop,Restaurant,https://www.google.com/maps/place/M%E1%BB%99ng+coffee/data=!4m7!3m6!1s0x31756fe82c8d4553:0xff488365c32ae63d!8m2!3d10.3550697!4d107.0865115!16s%2Fg%2F11f122yczq!19sChIJU0WNLOhvdTERPeYqw2WDSP8?authuser=0&hl=en&rclk=1,
restaurant01335,Cộng Cà phê,cong,cafe,"69 Ba Cu, Phường 4, Vũng Tàu, Bà Rịa - Vũng Tàu",Bà Rịa - Vũng Tàu,ba ria vung tau,10.3506396,107.0777877,0911 791 148 ,100000,"100,000",4.2,Coffee Shop,Restaurant,https://www.google.com/maps/place/C%E1%BB%99ng+C%C3%A0+ph%C3%AA/data=!4m7!3m6!1s0x31756fc2af120b15:0x212ace872e17b285!8m2!3d10.3506396!4d107.0777877!16s%2Fg%2F11l7wgj0wd!19sChIJFQsSr8JvdTERhbIXLofOKiE?authuser=0&hl=en&rclk=1,https://congcaphe.com/
restaurant01336,Sea & Sun 3 Coffee,sea sun 3,cafe,"47 Trần Phú, Phường 5, Vũng Tàu, Bà Rịa - Vũng Tàu 790000",Bà Rịa - Vũng Tàu,ba ria vung tau,10.3664001,107.0626389,0971 646 812 ,100000,"100,000",3.7,Coffee Shop,Restaurant,https://www.google.com/maps/place/Sea+%26+Sun+3+Coffee/data=!4m7!3m6!1s0x31756f21c5010fdd:0x6c3bbb10bb8947f8!8m2!3d10.3664001!4d107.0626389!16s%2Fg%2F11l394z7bq!19sChIJ3Q8BxSFvdTER-EeJuxC7O2w?authuser=0&hl=en&rclk=1,
restaurant01337,Cafe Khang Linh,khang linh,cafe,"Bình Giã/780/8 Đ. 2 Tháng 9, Phường 10, Vũng Tàu, Bà Rịa - Vũng Tàu",Bà Rịa - Vũng Tàu,ba ria vung tau,10.3861403,107.1196781,0336 858 858 ,100000,"100,000",4.5,Coffee Shop,Restaurant,https://www.google.com/maps/place/Cafe+Khang+Linh/data=!4m7!3m6!1s0x317571afc4bdba81:0x3978dc491a4ee8e8!8m2!3d10.3861403!4d107.1196781!16s%2Fg%2F11jzbm2w_r!19sChIJgbq9xK9xdTER6OhOGknceDk?authuser=0&hl=en&rclk=1,https://www.nhaxevuongkieuvungtau72.com/
restaurant01338,Cộng Cà Phê,cong,cafe,"4 Thống Nhất, Phường 1, Vũng Tàu, Bà Rịa - Vũng Tàu 78000",Bà Rịa - Vũng Tàu,ba ria vung tau,10.3455316,107.0770571,0911 186 620 ,100000,"100,000",4.1,Coffee Shop,Restaurant,https://www.google.com/maps/place/C%E1%BB%99ng+C%C3%A0+Ph%C3%AA/data=!4m7!3m6!1s0x31756f15871d208b:0x481d2495f75af92d!8m2!3d10.3455316!4d107.0770571!16s%2Fg%2F11swl413mh!19sChIJiyAdhxVvdTERLfla95UkHUg?authuser=0&hl=en&rclk=1,https://congcaphe.com/
restaurant01339,Forny with nuts,forny with nuts,restaurant,"206 Nguyễn Hữu Cảnh, Phường Thống Nhất, Vũng Tàu, Bà Rịa - Vũng Tàu",Bà Rịa - Vũng Tàu,ba ria vung tau,10.3878734,107.1062573,,100000,"100,000",4.5,Coffee Shop,Restaurant,https://www.google.com/maps/place/Forny+with+nuts/data=!4m7!3m6!1s0x3175716d85fe051f:0x527d839ed2d4755!8m2!3d10.3878734!4d107.1062573!16s%2Fg%2F11pz2qm3sv!19sChIJHwX-hW1xdTERVUct7TnYJwU?authuser=0&hl=en&rclk=1,
restaurant01340,Cà phê ông già,ong gia,cafe,"66 Trần Hưng Đạo, Phường 1, Vũng Tàu, Bà Rịa - Vũng Tàu 02543",Bà Rịa - Vũng Tàu,ba ria vung tau,10.3474362,107.0759877,0908 850 205 ,100000,"100,000",4.3,Coffee Shop,Restaurant,https://www.google.com/maps/place/C%C3%A0+ph%C3%AA+%C3%B4ng+gi%C3%A0/data=!4m7!3m6!1s0x31756fb8072fbb63:0xf732ad232dccbb82!8m2!3d10.3474362!4d107.0759877!16s%2Fg%2F11h1c3gvt3!19sChIJY7svB7hvdTERgrvMLSOtMvc?authuser=0&hl=en&rclk=1,
restaurant01341,Sarang Coffee & Nail Spa,sarang nail spa,cafe,"778a Đ. 30 Tháng 4, Phường 11, Vũng Tàu, Bà Rịa - Vũng Tàu",Bà Rịa - Vũng Tàu,ba ria vung tau,10.4037732,107.1252169,0356 856 686 ,100000,"100,000",5.0,Coffee Shop,Restaurant,https://www.google.com/maps/place/Sarang+Coffee+%26+Nail+Spa/data=!4m7!3m6!1s0x317571f39f32859d:0x2fa34091077dae09!8m2!3d10.4037732!4d107.1252169!16s%2Fg%2F11kh__l8w5!19sChIJnYUyn_NxdTERCa59B5FAoy8?authuser=0&hl=en&rclk=1,
restaurant01342,Tuệ Coffee - Tuepuccino,tue tuepuccino,cafe,"484/13 Đ. 30 Tháng 4, Phường Rạch Rừa, Vũng Tàu, Bà Rịa - Vũng Tàu 790000",Bà Rịa - Vũng Tàu,ba ria vung tau,10.3964097,107.1148589,0948 270 470 ,100000,"100,000",4.9,Coffee Shop,Restaurant,https://www.google.com/maps/place/Tu%E1%BB%87+Coffee+-+Tuepuccino/data=!4m7!3m6!1s0x317571d43d96f3d5:0x6570a2d38ce40c80!8m2!3d10.3964097!4d107.1148589!16s%2Fg%2F11v63bm7nm!19sChIJ1fOWPdRxdTERgAzkjNOicGU?authuser=0&hl=en&rclk=1,
restaurant01343,Arobi Coffee,arobi,cafe,"70 Nơ Trang Long, Phường Rạch Rừa, Vũng Tàu, Bà Rịa - Vũng Tàu",Bà Rịa - Vũng Tàu,ba ria vung tau,10.3942845,107.1119249,,100000,"100,000",4.4,Coffee Shop,Restaurant,https://www.google.com/maps/place/Arobi+Coffee/data=!4m7!3m6!1s0x317571cbdba04053:0x56d63749ef2126c!8m2!3d10.3942845!4d107.1119249!16s%2Fg%2F11k3y43xly!19sChIJU0Cg28txdTERbBLynnRjbQU?authuser=0&hl=en&rclk=1,
restaurant01344,UP Garden Cafe,up garden,cafe,"381/4 Cách Mạng Tháng Tám, Phước Nguyễn, Bà Rịa, Bà Rịa - Vũng Tàu 78000",Bà Rịa - Vũng Tàu,ba ria vung tau,10.4946472,107.1784921,0907 110 974 ,100000,"100,000",4.4,Coffee Shop,Restaurant,https://www.google.com/maps/place/UP+Garden+Cafe/data=!4m7!3m6!1s0x3175734ed1eb91af:0xa7bca9c7e1330906!8m2!3d10.4946472!4d107.1784921!16s%2Fg%2F11b6dpnpv7!19sChIJr5Hr0U5zdTERBgkz4cepvKc?authuser=0&hl=en&rclk=1,http://upgardencafe.com/
restaurant01345,Xưởng Kem Hoa Dalat - VŨNG TÀU,xuong kem a dalat vung tau,lake,"21B2 Đ. 3 Tháng 2, Phường 8, Vũng Tàu, Bà Rịa - Vũng Tàu 79000",Bà Rịa - Vũng Tàu,ba ria vung tau,10.3518262,107.0934914,0972 197 347 ,100000,"100,000",4.3,Coffee Shop,Restaurant,https://www.google.com/maps/place/X%C6%B0%E1%BB%9Fng+Kem+Hoa+Dalat+-+V%C5%A8NG+T%C3%80U/data=!4m7!3m6!1s0x31756fa5a0bfa7c7:0xcd3286feae5d21fd!8m2!3d10.3518262!4d107.0934914!16s%2Fg%2F11s5vbg0cm!19sChIJx6e_oKVvdTER_SFdrv6GMs0?authuser=0&hl=en&rclk=1,
restaurant01346,GIGISUSU CAFÉ,gigisusu,cafe,"629 Đ. 30 Tháng 4, Phường Rạch Rừa, Vũng Tàu, Bà Rịa - Vũng Tàu",Bà Rịa - Vũng Tàu,ba ria vung tau,10.3996053,107.116049,0937 836 499 ,100000,"100,000",5.0,Coffee Shop,Restaurant,https://www.google.com/maps/place/GIGISUSU+CAF%C3%89/data=!4m7!3m6!1s0x3175710afe95db1f:0xfd374acfb81b0635!8m2!3d10.3996053!4d107.116049!16s%2Fg%2F11y25153kh!19sChIJH9uV_gpxdTERNQYbuM9KN_0?authuser=0&hl=en&rclk=1,
restaurant01347,Highlands Coffee Kim Minh Plaza Vung Tau,highlands kim minh plaza vung tau,cafe,"54 Trần Hưng Đạo, Phường 1, Vũng Tàu, Bà Rịa - Vũng Tàu",Bà Rịa - Vũng Tàu,ba ria vung tau,10.3460771,107.0764671,0254 3810 988 ,100000,"100,000",4.1,Coffee Shop,Restaurant,https://www.google.com/maps/place/Highlands+Coffee+Kim+Minh+Plaza+Vung+Tau/data=!4m7!3m6!1s0x31756f92bbc21efd:0x2662b551936617fe!8m2!3d10.3460771!4d107.0764671!16s%2Fg%2F11bzr876s4!19sChIJ_R7Cu5JvdTER_hdmk1G1YiY?authuser=0&hl=en&rclk=1,https://www.highlandscoffee.com.vn/
restaurant01348,Lermalermer,lermalermer,restaurant,"16 Ng. Yên Thế, Văn Miếu – Quốc Tử Giám, Đống Đa, Hà Nội",Hà Nội,ha noi,21.0286573,105.8402251,024 3276 7123 ,100000,"100,000",4.7,Coffee Shop,Restaurant,https://www.google.com/maps/place/Lermalermer/data=!4m7!3m6!1s0x3135ab76bfb0291f:0x9d4a17b6b0f70c64!8m2!3d21.0286573!4d105.8402251!16s%2Fg%2F11fmyj_6lv!19sChIJHymwv3arNTERZAz3sLYXSp0?authuser=0&hl=en&rclk=1,
restaurant01349,Xofa Cafe,xofa,cafe,"14 P. Tống Duy Tân, Hàng Bông, Hoàn Kiếm, Hà Nội",Hà Nội,ha noi,21.0293721,105.8435468,024 3717 1555 ,200000,"200,000",4.4,Coffee Shop,Restaurant,https://www.google.com/maps/place/Xofa+Cafe/data=!4m7!3m6!1s0x3135ab97b31767df:0x68fa0f477f55a7b2!8m2!3d21.0293721!4d105.8435468!16s%2Fg%2F11bytmqbwv!19sChIJ32cXs5erNTERsqdVf0cP-mg?authuser=0&hl=en&rclk=1,https://www.facebook.com/xofacafe
restaurant01350,Trill Rooftop Cafe,trill rooftop,cafe,"Hei Tower, 1 P. Ngụy Như Kon Tum, Nhân Chính, Thanh Xuân, Hà Nội",Hà Nội,ha noi,21.0031028,105.805544,024 3203 4999 ,100000,"100,000",4.2,Coffee Shop,Restaurant,https://www.google.com/maps/place/Trill+Rooftop+Cafe/data=!4m7!3m6!1s0x3135ac987f479bbb:0x785752ff6f1c697b!8m2!3d21.0031028!4d105.805544!16s%2Fg%2F11cpp5bgdt!19sChIJu5tHf5isNTERe2kcb_9SV3g?authuser=0&hl=en&rclk=1,https://m.facebook.com/trillgroup/?locale2=vi_VN
restaurant01351,Ta Coffee,ta,cafe,"4A Ng. Gạch, Hàng Buồm, Hoàn Kiếm, Hà Nội",Hà Nội,ha noi,21.0363616,105.8506091,0359 943 398 ,100000,"100,000",4.8,Coffee Shop,Restaurant,https://www.google.com/maps/place/Ta+Coffee/data=!4m7!3m6!1s0x3135abc281187c17:0x89298dc6db16a62f!8m2!3d21.0363616!4d105.8506091!16s%2Fg%2F11fm7dwgm3!19sChIJF3wYgcKrNTERL6YW28aNKYk?authuser=0&hl=en&rclk=1,https://www.tacaphe.vn/
restaurant01352,Cafe Giảng,giang,cafe,"39 P. Nguyễn Hữu Huân, Lý Thái Tổ, Hoàn Kiếm, Hà Nội",Hà Nội,ha noi,21.0334664,105.854518,0989 892 298 ,100000,"100,000",4.4,Coffee Shop,Restaurant,https://www.google.com/maps/place/Cafe+Gi%E1%BA%A3ng/data=!4m7!3m6!1s0x3135abc0ee85335d:0xfca3408ac50e7363!8m2!3d21.0334664!4d105.854518!16s%2Fg%2F11bxg4n3g3!19sChIJXTOF7sCrNTERY3MOxYpAo_w?authuser=0&hl=en&rclk=1,http://cafegiang.vn/
restaurant01353,Cafe de Flore 46,de flore 46,cafe,"46A P. Nguyễn Trường Tộ, Trúc Bạch, Ba Đình, Hà Nội 100000",Hà Nội,ha noi,21.0430581,105.843877,024 6668 3399 ,100000,"100,000",4.7,Coffee Shop,Restaurant,https://www.google.com/maps/place/Cafe+de+Flore+46/data=!4m7!3m6!1s0x3135abae1a01f7fb:0xec4ca7a857d12cd!8m2!3d21.0430581!4d105.843877!16s%2Fg%2F11hzymydr7!19sChIJ-_cBGq6rNTERzRJ9hXrKxA4?authuser=0&hl=en&rclk=1,https://facebook.com/cafedeflore46
restaurant01354,Serein Cafe & Lounge,serein lounge,cafe,"16 Tập thể Ga Long Biên, Đồng Xuân, Hoàn Kiếm, Hà Nội",Hà Nội,ha noi,21.0399886,105.8504591,0965 990 956 ,200000,"200,000",4.1,Coffee Shop,Restaurant,https://www.google.com/maps/place/Serein+Cafe+%26+Lounge/data=!4m7!3m6!1s0x3135abb85b3af547:0xa59c2bb413688fbc!8m2!3d21.0399886!4d105.8504591!16s%2Fg%2F11c6q788d9!19sChIJR_U6W7irNTERvI9oE7QrnKU?authuser=0&hl=en&rclk=1,
restaurant01355,Bấc Cafe & Chill,bac chill,cafe,"12 ngách 31 Ng. 189 Đ. Hoàng Hoa Thám, Ngọc Hồ, Ba Đình, Hà Nội 100000",Hà Nội,ha noi,21.0404152,105.8202352,0968 655 390 ,100000,"100,000",4.8,Coffee Shop,Restaurant,https://www.google.com/maps/place/B%E1%BA%A5c+Cafe+%26+Chill/data=!4m7!3m6!1s0x3135abd6deffb2c7:0x7d0532f472710b89!8m2!3d21.0404152!4d105.8202352!16s%2Fg%2F11j13y858c!19sChIJx7L_3tarNTERiQtxcvQyBX0?authuser=0&hl=en&rclk=1,
restaurant01356,Nhà Cafe - Hà Nội,nha ha noi,cafe,"Ng. 26 Đ. Nguyên Hồng/40 Huỳnh Thúc Kháng, Láng Hạ, Ba Đình, Hà Nội 11016",Hà Nội,ha noi,21.018179,105.809972,0945 946 060 ,100000,"100,000",4.5,Coffee Shop,Restaurant,https://www.google.com/maps/place/Nh%C3%A0+Cafe+-+H%C3%A0+N%E1%BB%99i/data=!4m7!3m6!1s0x3135ab109ff220b7:0x7dbfbf8ae9980d60!8m2!3d21.018179!4d105.809972!16s%2Fg%2F11sdb809gk!19sChIJtyDynxCrNTERYA2Y6Yq_v30?authuser=0&hl=en&rclk=1,https://www.facebook.com/nhacafe.hanoi
restaurant01357,Bonjour Cafe,bonjour,cafe,"129 P. Nguyễn Đình Thi, Thuỵ Khuê, Tây Hồ, Hà Nội",Hà Nội,ha noi,21.044112,105.8207744,0852 596 666 ,100000,"100,000",4.5,Coffee Shop,Restaurant,https://www.google.com/maps/place/Bonjour+Cafe/data=!4m7!3m6!1s0x3135abdca5338261:0x1ce85c0df056b6b3!8m2!3d21.044112!4d105.8207744!16s%2Fg%2F11lr3xw5q_!19sChIJYYIzpdyrNTERs7ZW8A1c6Bw?authuser=0&hl=en&rclk=1,https://www.facebook.com/bonjourcafe129
restaurant01358,Lofita Cafe,lofita,cafe,"30A Trần Hưng Đạo, Phan Chu Trinh, Hoàn Kiếm, Hà Nội 11019",Hà Nội,ha noi,21.0204289,105.8546547,1800 6503 ,100000,"100,000",4.5,Coffee Shop,Restaurant,https://www.google.com/maps/place/Lofita+Cafe/data=!4m7!3m6!1s0x3135ab49217355cb:0x44a701b32b36e5f!8m2!3d21.0204289!4d105.8546547!16s%2Fg%2F11j34jbbbb!19sChIJy1VzIUmrNTERX26zMhtwSgQ?authuser=0&hl=en&rclk=1,http://www.lofita.vn/
restaurant01359,Rauta House Cafe,rauta house,cafe,"1 Ngõ 97 Nguyễn Chí Thanh, Láng Hạ, Đống Đa, Hà Nội",Hà Nội,ha noi,21.0185575,105.8078994,,100000,"100,000",4.4,Coffee Shop,Restaurant,https://www.google.com/maps/place/Rauta+House+Cafe/data=!4m7!3m6!1s0x3135ab6723103cd1:0xb41f3c59e1fe504b!8m2!3d21.0185575!4d105.8078994!16s%2Fg%2F1q64phjzh!19sChIJ0TwQI2erNTERS1D-4Vk8H7Q?authuser=0&hl=en&rclk=1,https://www.foody.vn/ha-noi/rauta-house-cafe-nguyen-chi-thanh
restaurant01360,Tranquil Books & Coffee - 5 Nguyễn Quang Bích,tranquil books 5 nguyen quang bich,cafe,"5 P. Nguyễn Quang Bích, Cửa Đông, Hoàn Kiếm, Hà Nội",Hà Nội,ha noi,21.0325127,105.845655,0395 049 075 ,100000,"100,000",4.7,Coffee Shop,Restaurant,https://www.google.com/maps/place/Tranquil+Books+%26+Coffee+-+5+Nguy%E1%BB%85n+Quang+B%C3%ADch/data=!4m7!3m6!1s0x3135abbde9063369:0xbf96ad80074120f2!8m2!3d21.0325127!4d105.845655!16s%2Fg%2F11b86hfnd5!19sChIJaTMG6b2rNTER8iBBB4Ctlr8?authuser=0&hl=en&rclk=1,https://www.facebook.com/cafetranquil/
restaurant01361,The Coffee House,the house,cafe,"23M P. Hai Bà Trưng, Hàng Bài, Hoàn Kiếm, Hà Nội 100000",Hà Nội,ha noi,21.0239774,105.8530593,1800 6936 ,100000,"100,000",4.4,Coffee Shop,Restaurant,https://www.google.com/maps/place/The+Coffee+House/data=!4m7!3m6!1s0x3135abecaf03fbc3:0x7e781997d56b4e86!8m2!3d21.0239774!4d105.8530593!16s%2Fg%2F11cjkvkv5h!19sChIJw_sDr-yrNTERhk5r1ZcZeH4?authuser=0&hl=en&rclk=1,https://thecoffeehouse.com/
restaurant01362,RAAW Coffee hàng buồm,raaw hang buom,cafe,"15 hàng buồm hà nội, Hanoi City, 100000",,,21.0359034,105.8523967,0984 881 946 ,100000,"100,000",4.8,Coffee Shop,Restaurant,https://www.google.com/maps/place/RAAW+Coffee+h%C3%A0ng+bu%E1%BB%93m/data=!4m7!3m6!1s0x3135ab4407f2377f:0xdc0debed27cbedd8!8m2!3d21.0359034!4d105.8523967!16s%2Fg%2F11rtslvmwl!19sChIJfzfyB0SrNTER2O3LJ-3rDdw?authuser=0&hl=en&rclk=1,http://raaw.coffee/
restaurant01363,Cafe Minh,minh,cafe,"53 B P. Lương Ngọc Quyến, Hàng Buồm, Hoàn Kiếm, Hà Nội",Hà Nội,ha noi,21.034759,105.851802,0912 513 894 ,100000,"100,000",5.0,Coffee Shop,Restaurant,https://www.google.com/maps/place/Cafe+Minh/data=!4m7!3m6!1s0x3135ab8fb8af4a13:0x173867f93af3761e!8m2!3d21.034759!4d105.851802!16s%2Fg%2F11tmzbm8yy!19sChIJE0qvuI-rNTERHnbzOvlnOBc?authuser=0&hl=en&rclk=1,
restaurant01364,All Day Coffee,all day,cafe,"55 P. Hàng Bún, Quán Thánh, Ba Đình, Hà Nội",Hà Nội,ha noi,21.0410117,105.844568,024 6661 5616 ,100000,"100,000",4.4,Coffee Shop,Restaurant,https://www.google.com/maps/place/All+Day+Coffee/data=!4m7!3m6!1s0x3135ab1e9829bded:0x4af815d85057b7e2!8m2!3d21.0410117!4d105.844568!16s%2Fg%2F11j7gl2l93!19sChIJ7b0pmB6rNTER4rdXUNgV-Eo?authuser=0&hl=en&rclk=1,http://facebook.com/alldaycoffeevn/
restaurant01365,THE WISELANDS Coffee,the wiselands,cafe,"17 Xóm Hà Hồi, Trần Hưng Đạo, Hoàn Kiếm, Hà Nội",Hà Nội,ha noi,21.0211171,105.8476485,0911 660 177 ,100000,"100,000",4.6,Coffee Shop,Restaurant,https://www.google.com/maps/place/THE+WISELANDS+Coffee/data=!4m7!3m6!1s0x3135ab4057848539:0xe96a4b2062e1ccb0!8m2!3d21.0211171!4d105.8476485!16s%2Fg%2F11pv4xm3y6!19sChIJOYWEV0CrNTERsMzhYiBLauk?authuser=0&hl=en&rclk=1,https://wiselands.vn/
restaurant01366,THAIYEN CAFE Quán Thánh,thaiyen quan thanh,cafe,"182- 184, 182 P. Quán Thánh, Quán Thánh, Ba Đình, Hà Nội 10000",Hà Nội,ha noi,21.042939,105.8391546,0989 750 180 ,100000,"100,000",4.7,Coffee Shop,Restaurant,https://www.google.com/maps/place/THAIYEN+CAFE+Qu%C3%A1n+Th%C3%A1nh/data=!4m7!3m6!1s0x3135aba565d60de5:0x649f509cf7ad9562!8m2!3d21.042939!4d105.8391546!16s%2Fg%2F11g72699m6!19sChIJ5Q3WZaWrNTERYpWt95xQn2Q?authuser=0&hl=en&rclk=1,https://thaiyencafe.com/
restaurant01367,Bancông Cafe & Restaurant,bancong cafe,restaurant,"Số 2 P. Đinh Liệt, Hàng Đào, Hoàn Kiếm, Hà Nội 100000",Hà Nội,ha noi,21.0337234,105.8519764,0965 300 860 ,200000,"200,000",4.8,Coffee Shop,Restaurant,https://www.google.com/maps/place/Banc%C3%B4ng+Cafe+%26+Restaurant/data=!4m7!3m6!1s0x3135abb2f0780dd1:0xe1da2a3e23851876!8m2!3d21.0337234!4d105.8519764!16s%2Fg%2F11h5411lf0!19sChIJ0Q148LKrNTERdhiFIz4q2uE?authuser=0&hl=en&rclk=1,http://www.banconghanoi.com/
restaurant01368,The Little Plan café - Kế Hoạch Nhỏ café,the little plan ke hoach nho,cafe,"11 Phủ Doãn Hà Nội Hanoi City, 110212",Hà Nội,ha noi,21.0298978,105.8478322,0944 529 643 ,100000,"100,000",4.7,Coffee Shop,Restaurant,https://www.google.com/maps/place/The+Little+Plan+caf%C3%A9+-+K%E1%BA%BF+Ho%E1%BA%A1ch+Nh%E1%BB%8F+caf%C3%A9/data=!4m7!3m6!1s0x3135ab95ee9c773d:0xba50b8f1390f6ef9!8m2!3d21.0298978!4d105.8478322!16s%2Fg%2F11f39__kb4!19sChIJPXec7pWrNTER-W4POfG4ULo?authuser=0&hl=en&rclk=1,http://www.facebook.com/thelittleplan.cafe/
restaurant01369,Cafe Phố Cổ,pho co,cafe,"11 P. Hàng Gai, Hàng Trống, Hoàn Kiếm, Hà Nội 10000",Hà Nội,ha noi,21.0322129,105.8510511,024 3928 8153 ,100000,"100,000",4.3,Coffee Shop,Restaurant,https://www.google.com/maps/place/Cafe+Ph%E1%BB%91+C%E1%BB%95/data=!4m7!3m6!1s0x3135abbeed1a0639:0x1aa441a5b73b8bce!8m2!3d21.0322129!4d105.8510511!16s%2Fg%2F1tg4hvx2!19sChIJOQYa7b6rNTERzos7t6VBpBo?authuser=0&hl=en&rclk=1,
restaurant01370,Blackbird Coffee,blackbird,cafe,"5 P. Chân Cầm, Hàng Trống, Hoàn Kiếm, Hà Nội",Hà Nội,ha noi,21.0303182,105.8485126,0389 513 053 ,100000,"100,000",4.6,Coffee Shop,Restaurant,https://www.google.com/maps/place/Blackbird+Coffee/data=!4m7!3m6!1s0x3135ab4ceeff3cbb:0xca4f0cd2de5c07dc!8m2!3d21.0303182!4d105.8485126!16s%2Fg%2F11f62dzqyq!19sChIJuzz_7kyrNTER3Adc3tIMT8o?authuser=0&hl=en&rclk=1,http://www.facebook.com/blackbirdcoffeevn
restaurant01371,All Day Coffee,all day,cafe,"37 P. Quang Trung, Trần Hưng Đạo, Hoàn Kiếm, Hà Nội",Hà Nội,ha noi,21.0205794,105.8483609,024 6686 8090 ,100000,"100,000",4.3,Coffee Shop,Restaurant,https://www.google.com/maps/place/All+Day+Coffee/data=!4m7!3m6!1s0x3135ab00461c9e1b:0xe1d3929b1f819e55!8m2!3d21.0205794!4d105.8483609!16s%2Fg%2F11w3knmyl0!19sChIJG54cRgCrNTERVZ6BH5uS0-E?authuser=0&hl=en&rclk=1,https://www.facebook.com/alldaycoffeevn
restaurant01372,Hanoi Coffee Culture,hanoi culture,cafe,"45 P. Nguyễn Hữu Huân, Phố cổ Hà Nội, Hoàn Kiếm, Hà Nội",Hà Nội,ha noi,21.0333014,105.8545476,0985 635 645 ,100000,"100,000",4.8,Coffee Shop,Restaurant,https://www.google.com/maps/place/Hanoi+Coffee+Culture/data=!4m7!3m6!1s0x3135ab95a12244f1:0x377e0b79ace56b25!8m2!3d21.0333014!4d105.8545476!16s%2Fg%2F11vf58jdm2!19sChIJ8UQioZWrNTERJWvlrHkLfjc?authuser=0&hl=en&rclk=1,
restaurant01373,LA Cà Phê,la,cafe,"44 P. Phùng Hưng, Hàng Bông, Hoàn Kiếm, Hà Nội",Hà Nội,ha noi,21.0292886,105.844419,0977 387 373 ,100000,"100,000",4.9,Coffee Shop,Restaurant,https://www.google.com/maps/place/LA+C%C3%A0+Ph%C3%AA/data=!4m7!3m6!1s0x3135abd81799355d:0xcc99f788f641cf71!8m2!3d21.0292886!4d105.844419!16s%2Fg%2F11twtxj_mn!19sChIJXTWZF9irNTERcc9B9oj3mcw?authuser=0&hl=en&rclk=1,
restaurant01374,Cafe Thai,thai,cafe,"27 P. Triệu Việt Vương, Nguyễn Du, Hai Bà Trưng, Hà Nội",Hà Nội,ha noi,21.0173681,105.850484,0903 451 608 ,100000,"100,000",4.3,Coffee Shop,Restaurant,https://www.google.com/maps/place/Cafe+Thai/data=!4m7!3m6!1s0x3135ab8d1033d6cd:0x69b81d18c5d7af84!8m2!3d21.0173681!4d105.850484!16s%2Fg%2F1tw1b98f!19sChIJzdYzEI2rNTERhK_XxRgduGk?authuser=0&hl=en&rclk=1,https://www.facebook.com/CafeThai27TrieuVietVuong/
restaurant01375,Maison de Éte,maison de ete,temple,"17 Ng. 4C P. Đặng Văn Ngữ, D3 tập thể, Đống Đa, Hà Nội",Hà Nội,ha noi,21.0101299,105.8320565,0364 480 986 ,100000,"100,000",4.6,Coffee Shop,Restaurant,https://www.google.com/maps/place/Maison+de+%C3%89te/data=!4m7!3m6!1s0x3135abbc62cadeed:0x245f3b37473907ed!8m2!3d21.0101299!4d105.8320565!16s%2Fg%2F11hzn3_nps!19sChIJ7d7KYryrNTER7Qc5Rzc7XyQ?authuser=0&hl=en&rclk=1,https://www.foody.vn/ha-noi/maison-de-ete
restaurant01376,80plus Coffee Roastery Nguyễn Thái Học,80plus roastery nguyen thai hoc,cafe,"66 P. Nguyễn Thái Học, Điện Biên, Ba Đình, Hà Nội 11156",Hà Nội,ha noi,21.0305244,105.8365929,0338 013 266 ,100000,"100,000",4.7,Coffee Shop,Restaurant,https://www.google.com/maps/place/80plus+Coffee+Roastery+Nguy%E1%BB%85n+Th%C3%A1i+H%E1%BB%8Dc/data=!4m7!3m6!1s0x3135ab9a27679ce1:0xdf2ab774636b7f84!8m2!3d21.0305244!4d105.8365929!16s%2Fg%2F11krs_3bm4!19sChIJ4ZxnJ5qrNTERhH9rY3S3Kt8?authuser=0&hl=en&rclk=1,https://www.facebook.com/80pluscoffeeroastery
restaurant01377,Hanoi Egg Coffee,hanoi egg,cafe,"8 P. Gia Ngư, Hàng Bạc, Hoàn Kiếm, Hà Nội 08404",Hà Nội,ha noi,21.033105,105.853256,0966 960 288 ,100000,"100,000",4.6,Coffee Shop,Restaurant,https://www.google.com/maps/place/Hanoi+Egg+Coffee/data=!4m7!3m6!1s0x3135abc0c29a6681:0x666eae5ebaaa5edb!8m2!3d21.033105!4d105.853256!16s%2Fg%2F11f57fwzt6!19sChIJgWaawsCrNTER216qul6ubmY?authuser=0&hl=en&rclk=1,http://www.hanoieggcoffee.com/
restaurant01378,Cafe Hà,ha,cafe,"Số 3 ngõ 135/31, Đội Cấn, Ba Đình, Hà Nội 100000",Hà Nội,ha noi,21.0354314,105.8278484,,100000,"100,000",4.7,Coffee Shop,Restaurant,https://www.google.com/maps/place/Cafe+H%C3%A0/data=!4m7!3m6!1s0x3135ab7c255174b1:0x8d950a6b6d61c732!8m2!3d21.0354314!4d105.8278484!16s%2Fg%2F11qmnns290!19sChIJsXRRJXyrNTERMsdhbWsKlY0?authuser=0&hl=en&rclk=1,
restaurant01379,C’est Si Bon,c est si bon,restaurant,"276 P. Thái Hà, Chợ Dừa, Đống Đa, Hà Nội",Hà Nội,ha noi,21.0148132,105.8179428,0982 596 393 ,200000,"200,000",4.2,Coffee Shop,Restaurant,https://www.google.com/maps/place/C%E2%80%99est+Si+Bon/data=!4m7!3m6!1s0x3135ab63492bc76f:0xb181e6886c1f0299!8m2!3d21.0148132!4d105.8179428!16s%2Fg%2F11d_9df98c!19sChIJb8crSWOrNTERmQIfbIjmgbE?authuser=0&hl=en&rclk=1,
restaurant01380,Cư Xá,cu xa,bridge,"A11 P. Tôn Thất Tùng, Kim Liên, Đống Đa, Hà Nội",Hà Nội,ha noi,21.0051663,105.8308154,0984 696 993 ,100000,"100,000",4.6,Coffee Shop,Restaurant,https://www.google.com/maps/place/C%C6%B0+X%C3%A1/data=!4m7!3m6!1s0x3135ada9d3bde79d:0x93e4be63c96c5d7!8m2!3d21.0051663!4d105.8308154!16s%2Fg%2F11pcwth875!19sChIJnee906mtNTER18WWPOZLPgk?authuser=0&hl=en&rclk=1,https://www.facebook.com/cuxaspace
restaurant01381,Sociō Coffee,socio,cafe,"118A P. Quán Thánh, Quán Thánh, Ba Đình, Hà Nội",Hà Nội,ha noi,21.0423785,105.8430617,,100000,"100,000",4.7,Coffee Shop,Restaurant,https://www.google.com/maps/place/Soci%C5%8D+Coffee/data=!4m7!3m6!1s0x3135ab11aa8f801f:0xfe6efa8e7a86f1a2!8m2!3d21.0423785!4d105.8430617!16s%2Fg%2F11mwv8blrg!19sChIJH4CPqhGrNTERovGGeo76bv4?authuser=0&hl=en&rclk=1,https://www.facebook.com/sociocoffee.hanoi
restaurant01382,Ro Coffee,ro,cafe,"7A P. Tống Duy Tân, Hàng Bông, Hoàn Kiếm, Hà Nội",Hà Nội,ha noi,21.0294425,105.8438564,0942 591 665 ,100000,"100,000",4.8,Coffee Shop,Restaurant,https://www.google.com/maps/place/Ro+Coffee/data=!4m7!3m6!1s0x3135abcf7a0f599b:0x1bf28d941fc8198c!8m2!3d21.0294425!4d105.8438564!16s%2Fg%2F11qbxyr7l4!19sChIJm1kPes-rNTERjBnIH5SN8hs?authuser=0&hl=en&rclk=1,
restaurant01383,Phin bar by refined,phin bar by refined,restaurant,"43 P. Văn Miếu, Văn Miếu – Quốc Tử Giám, Đống Đa, Hà Nội",Hà Nội,ha noi,21.028107,105.8362971,,100000,"100,000",4.9,Bar/Pub,Restaurant,https://www.google.com/maps/place/Phin+bar+by+refined./data=!4m7!3m6!1s0x3135abf7c8516101:0x6d0562287e6a683b!8m2!3d21.028107!4d105.8362971!16s%2Fg%2F11r9g75560!19sChIJAWFRyPerNTERO2hqfihiBW0?authuser=0&hl=en&rclk=1,http://refined.vn/
restaurant01384,Kafela Cafe,kafela,cafe,"16 Ngõ 2 Giảng Võ, Kim Mã, Ba Đình, Hà Nội",Hà Nội,ha noi,21.0316788,105.8292885,0865 952 586 ,100000,"100,000",4.7,Coffee Shop,Restaurant,https://www.google.com/maps/place/Kafela+Cafe/data=!4m7!3m6!1s0x3135ab3985452757:0xc660a5bf0ffb5f7d!8m2!3d21.0316788!4d105.8292885!16s%2Fg%2F11nlg6cn9k!19sChIJVydFhTmrNTERfV_7D7-lYMY?authuser=0&hl=en&rclk=1,https://kafela.vn/
restaurant01385,Loading T café,loading t,cafe,"8 P. Chân Cầm, Hàng Trống, Hoàn Kiếm, Hà Nội",Hà Nội,ha noi,21.0305219,105.8485013,0903 342 000 ,100000,"100,000",4.8,Coffee Shop,Restaurant,https://www.google.com/maps/place/Loading+T+caf%C3%A9/data=!4m7!3m6!1s0x3135abdb9ffc1219:0x97909dbd1492fbf6!8m2!3d21.0305219!4d105.8485013!16s%2Fg%2F11t9c6wpd3!19sChIJGRL8n9urNTER9vuSFL2dkJc?authuser=0&hl=en&rclk=1,http://www.loadingtcafe.com/
restaurant01386,The Beginning Coffee,the beginning,cafe,"51C, Văn Miếu – Quốc Tử Giám, Đống Đa, Hà Nội 10000",Hà Nội,ha noi,21.0278287,105.8364575,0986 271 392 ,100000,"100,000",4.6,Coffee Shop,Restaurant,https://www.google.com/maps/place/The+Beginning+Coffee/data=!4m7!3m6!1s0x3135ab3b5f318c29:0xed1b7444d66a1d6a!8m2!3d21.0278287!4d105.8364575!16s%2Fg%2F11v07h_t_z!19sChIJKYwxXzurNTERah1q1kR0G-0?authuser=0&hl=en&rclk=1,https://www.instagram.com/thebeginning.scs/
restaurant01387,Cafe đường tàu,duong tau,cafe,"Đường Tàu/28, P. Khâm Thiên, LiênĐống Đa, Hà Nội 100000",Hà Nội,ha noi,21.0190906,105.8391621,,100000,"100,000",4.4,Coffee Shop,Restaurant,https://www.google.com/maps/place/Cafe+%C4%91%C6%B0%E1%BB%9Dng+t%C3%A0u/data=!4m7!3m6!1s0x3135ab81539731d5:0xbc8deb08e222a16d!8m2!3d21.0190906!4d105.8391621!16s%2Fg%2F11t_hx2v4t!19sChIJ1TGXU4GrNTERbaEi4gjrjbw?authuser=0&hl=en&rclk=1,
restaurant01388,OiA Coffee,oia,cafe,"73 P. Trần Quốc Toản, Trần Hưng Đạo, Hoàn Kiếm, Hà Nội",Hà Nội,ha noi,21.0204787,105.8463234,024 2233 7373 ,100000,"100,000",4.6,Coffee Shop,Restaurant,https://www.google.com/maps/place/OiA+Coffee/data=!4m7!3m6!1s0x3135abf40ff37075:0x8d6e41454d13dcda!8m2!3d21.0204787!4d105.8463234!16s%2Fg%2F11n0mkfkzh!19sChIJdXDzD_SrNTER2twTTUVBbo0?authuser=0&hl=en&rclk=1,
restaurant01389,Tiny Cafe| Đội Cấn,tiny doi can,cafe,"ngõ 154 Đội Cấn, Liễu Giai, Ba Đình, Hà Nội",Hà Nội,ha noi,21.0344581,105.8258833,0378 668 000 ,100000,"100,000",4.6,Coffee Shop,Restaurant,https://www.google.com/maps/place/Tiny+Cafe%7C+%C4%90%E1%BB%99i+C%E1%BA%A5n/data=!4m7!3m6!1s0x3135ab0d174c2367:0x3710ebd5680fb737!8m2!3d21.0344581!4d105.8258833!16s%2Fg%2F11ggz75yy_!19sChIJZyNMFw2rNTERN7cPaNXrEDc?authuser=0&hl=en&rclk=1,https://www.foody.vn/ha-noi/tiny-cafe-doi-can
restaurant01390,Soul Specialty Coffee,soul specialty,cafe,"12 P. Đường Thành, Cửa Đông, Hoàn Kiếm, Hà Nội 10000",Hà Nội,ha noi,21.0327026,105.8462588,0902 853 500 ,100000,"100,000",4.7,Coffee Shop,Restaurant,https://www.google.com/maps/place/Soul+Specialty+Coffee/data=!4m7!3m6!1s0x3135ab4d61071211:0xf038438560be10cf!8m2!3d21.0327026!4d105.8462588!16s%2Fg%2F11t7z8_s5r!19sChIJERIHYU2rNTERzxC-YIVDOPA?authuser=0&hl=en&rclk=1,http://soulcoffee.vn/
restaurant01391,Cafe Hanoi Moment,hanoi moment,cafe,"62 P. Nguyễn Thái Học, Điện Biên, Ba Đình, Hà Nội 11156",Hà Nội,ha noi,21.0301109,105.8373146,0862 594 003 ,100000,"100,000",4.7,Coffee Shop,Restaurant,https://www.google.com/maps/place/Cafe+Hanoi+Moment/data=!4m7!3m6!1s0x3135ab143a4db88f:0x395b1d971f3dc65!8m2!3d21.0301109!4d105.8373146!16s%2Fg%2F11x2snj2b2!19sChIJj7hNOhSrNTERZdzzcdmxlQM?authuser=0&hl=en&rclk=1,http://www.cafehanoimoment.com/
restaurant01392,The Running Bean Nhà Thờ - Coffee and Brunch,the running bean nha tho and brunch,cafe,"22 P. Nhà Thờ, Phường, Hoàn Kiếm, Hà Nội 100000",Hà Nội,ha noi,21.0290723,105.8496485,024 7308 8066 ,300000,"300,000",4.7,Coffee Shop,Restaurant,https://www.google.com/maps/place/The+Running+Bean+Nh%C3%A0+Th%E1%BB%9D+-+Coffee+and+Brunch/data=!4m7!3m6!1s0x3135ab88754e04fd:0x816df5e0d8e304cf!8m2!3d21.0290723!4d105.8496485!16s%2Fg%2F11rnnv75k0!19sChIJ_QROdYirNTERzwTj2OD1bYE?authuser=0&hl=en&rclk=1,http://facebook.com/therunningbeanhanoi/
restaurant01393,Căng-tin Caphe,cang tin caphe,cafe,"Đối diện, Ngách 180/29 Kim Hoa, Phương Liên, Đống Đa, Hà Nội",Hà Nội,ha noi,21.0119939,105.8378981,0372 099 359 ,100000,"100,000",4.4,Coffee Shop,Restaurant,https://www.google.com/maps/place/C%C4%83ng-tin+Caphe/data=!4m7!3m6!1s0x3135ab86564863cb:0xe44b753bd8a366d6!8m2!3d21.0119939!4d105.8378981!16s%2Fg%2F11bc741453!19sChIJy2NIVoarNTER1maj2Dt1S-Q?authuser=0&hl=en&rclk=1,
restaurant01394,Kafeville,kafeville,restaurant,"23 P. Yên Ninh, Trúc Bạch, Ba Đình, Hà Nội",Hà Nội,ha noi,21.0430417,105.8444074,0936 425 606 ,100000,"100,000",4.8,Coffee Shop,Restaurant,https://www.google.com/maps/place/Kafeville/data=!4m7!3m6!1s0x3135abb994dd0f21:0x7899ada78c5c94e0!8m2!3d21.0430417!4d105.8444074!16s%2Fg%2F11cmsz8_k1!19sChIJIQ_dlLmrNTER4JRcjKetmXg?authuser=0&hl=en&rclk=1,http://kafeville.com/
restaurant01395,Railway coffee street,railway street,cafe,"2RJW+W36, P. Phùng Hưng, Hàng Mã, Hoàn Kiếm, Hà Nội",Hà Nội,ha noi,21.0322784,105.845134,,100000,"100,000",4.4,Coffee Shop,Restaurant,https://www.google.com/maps/place/Railway+coffee+street/data=!4m7!3m6!1s0x3135ab96fc6b79d9:0x25e21c54dbf31a68!8m2!3d21.0322784!4d105.845134!16s%2Fg%2F11frsyhbmp!19sChIJ2Xlr_JarNTERaBrz21Qc4iU?authuser=0&hl=en&rclk=1,
restaurant01396,Cedar Coffee & Tea,cedar tea,cafe,"63A P.Tôn Đức Thắng, Văn Miếu – Quốc Tử Giám, Đống Đa, Hà Nội 100000",Hà Nội,ha noi,21.0258932,105.833482,0936 120 382 ,100000,"100,000",4.5,Coffee Shop,Restaurant,https://www.google.com/maps/place/Cedar+Coffee+%26+Tea/data=!4m7!3m6!1s0x3135abc8721a9767:0xd24f0e9a5380a8ee!8m2!3d21.0258932!4d105.833482!16s%2Fg%2F11k48jy_0p!19sChIJZ5cacsirNTER7qiAU5oOT9I?authuser=0&hl=en&rclk=1,https://www.facebook.com/profile.php?id=100088843572030
restaurant01397,Cà phê Nhà Kho,nha kho,cafe,"599 Đ. La Thành, Thành Công, Ba Đình, Hà Nội",Hà Nội,ha noi,21.023713,105.8169556,0988 453 811 ,100000,"100,000",4.5,Coffee Shop,Restaurant,https://www.google.com/maps/place/C%C3%A0+ph%C3%AA+Nh%C3%A0+Kho/data=!4m7!3m6!1s0x3135abc21a4ce823:0xfc26d6e4a88129f6!8m2!3d21.023713!4d105.8169556!16s%2Fg%2F11s0t255gj!19sChIJI-hMGsKrNTER9imBqOTWJvw?authuser=0&hl=en&rclk=1,https://www.facebook.com/nhakho599
restaurant01398,Hanoi Coffee Station & Restaurant,hanoi coffee station,restaurant,"44 P. Hàng Bè, Hàng Bạc, Hoàn Kiếm, Hà Nội 11011",Hà Nội,ha noi,21.0327955,105.8537521,0943 887 623 ,200000,"200,000",4.7,Coffee Shop,Restaurant,https://www.google.com/maps/place/Hanoi+Coffee+Station+%26+Restaurant/data=!4m7!3m6!1s0x3135ab61b9dde93b:0xc36853902fe5a05f!8m2!3d21.0327955!4d105.8537521!16s%2Fg%2F11srgclqfp!19sChIJO-nduWGrNTERX6DlL5BTaMM?authuser=0&hl=en&rclk=1,https://www.facebook.com/hanoicofffeestation/
restaurant01399,An's Garden Cafe,an s garden,cafe,"Đường 19/5, P. Văn Quán, Hà Đông, Hà Nội",Hà Nội,ha noi,20.9773537,105.7923162,0909 385 656 ,100000,"100,000",4.2,Coffee Shop,Restaurant,https://www.google.com/maps/place/An%27s+Garden+Cafe/data=!4m7!3m6!1s0x3135acd03cd8e831:0xb09872c2ada62b1f!8m2!3d20.9773537!4d105.7923162!16s%2Fg%2F11dfknwfpy!19sChIJMejYPNCsNTERHyumrcJymLA?authuser=0&hl=en&rclk=1,
restaurant01400,Drop In Cafe,drop in,cafe,"163 P. Phùng Hưng, Cửa Đông, Hoàn Kiếm, Hà Nội 100000",Hà Nội,ha noi,21.0312583,105.8451491,,100000,"100,000",4.8,Coffee Shop,Restaurant,https://www.google.com/maps/place/Drop+In+Cafe/data=!4m7!3m6!1s0x3135ab24543e92f5:0xa104b8a4a71e6c33!8m2!3d21.0312583!4d105.8451491!16s%2Fg%2F11h_g0b4_1!19sChIJ9ZI-VCSrNTERM2wep6S4BKE?authuser=0&hl=en&rclk=1,https://www.facebook.com/dropincafevn/
restaurant01401,Moment Of Life,moment of life,restaurant,"101/7 P. Nguyễn Ngọc Doãn, Nam Đồng, Đống Đa, Hà Nội 100000",Hà Nội,ha noi,21.0073224,105.8316689,0942 898 089 ,100000,"100,000",4.3,Coffee Shop,Restaurant,https://www.google.com/maps/place/Moment+Of+Life/data=!4m7!3m6!1s0x3135ad65d36cc817:0x12c2ff1f8c90bd72!8m2!3d21.0073224!4d105.8316689!16s%2Fg%2F11tmw4_f8h!19sChIJF8hs02WtNTERcr2QjB__whI?authuser=0&hl=en&rclk=1,http://facebook.com/momentoflifecafe
restaurant01402,Gardenista Coffee,gardenista,cafe,"2 P. Lê Thạch, Tràng Tiền, Hoàn Kiếm, Hà Nội",Hà Nội,ha noi,21.0269538,105.85509,,100000,"100,000",3.8,Coffee Shop,Restaurant,https://www.google.com/maps/place/Gardenista+Coffee/data=!4m7!3m6!1s0x3135abf407cbbb23:0x55546642c4f57a1a!8m2!3d21.0269538!4d105.85509!16s%2Fg%2F11sh0mhfgl!19sChIJI7vLB_SrNTERGnr1xEJmVFU?authuser=0&hl=en&rclk=1,
restaurant01403,Casamia Cafe,casamia,cafe,"27 Ngh 74 Ng. Thịnh Hào 1, Hàng Bột, Đống Đa, Hà Nội 100000",Hà Nội,ha noi,21.0252247,105.8300558,0948 181 222 ,100000,"100,000",4.9,Coffee Shop,Restaurant,https://www.google.com/maps/place/Casamia+Cafe/data=!4m7!3m6!1s0x3135ab0046cf2c8f:0x97490b4a4c8cd4dc!8m2!3d21.0252247!4d105.8300558!16s%2Fg%2F11y4yc_rdr!19sChIJjyzPRgCrNTER3NSMTEoLSZc?authuser=0&hl=en&rclk=1,
restaurant01404,Bunny Cup Cafe,bunny cup,cafe,"15 P. Hàng Da, Hàng Bông, Hoàn Kiếm, Hà Nội 10000",Hà Nội,ha noi,21.0307462,105.8467304,,100000,"100,000",5.0,Coffee Shop,Restaurant,https://www.google.com/maps/place/Bunny+Cup+Cafe/data=!4m7!3m6!1s0x3135ab994e011d51:0x4d2c31e6b15f6ab5!8m2!3d21.0307462!4d105.8467304!16s%2Fg%2F11wjqpfy8q!19sChIJUR0BTpmrNTERtWpfseYxLE0?authuser=0&hl=en&rclk=1,https://bunnycupcafe.com/
restaurant01405,Vi Anh Coffee,vi anh,cafe,37B Nguyễn Hữu Huân Hà Nội Hanoi City,Hà Nội,ha noi,21.0335954,105.8545454,0902 368 888 ,100000,"100,000",4.8,Coffee Shop,Restaurant,https://www.google.com/maps/place/Vi+Anh+Coffee/data=!4m7!3m6!1s0x3135abf6d425798f:0x39e2ff256d425509!8m2!3d21.0335954!4d105.8545454!16s%2Fg%2F11t7z2xmk4!19sChIJj3kl1ParNTERCVVCbSX_4jk?authuser=0&hl=en&rclk=1,
restaurant01406,Cafe Tạ Hiện,ta hien,cafe,"39 P. Tạ Hiện, Hàng Buồm, Hoàn Kiếm, Hà Nội",Hà Nội,ha noi,21.034092,105.8521597,0948 741 991 ,100000,"100,000",4.2,Coffee Shop,Restaurant,https://www.google.com/maps/place/Cafe+T%E1%BA%A1+Hi%E1%BB%87n/data=!4m7!3m6!1s0x3135abbf7c9facc5:0xc2bfe8270936ce!8m2!3d21.034092!4d105.8521597!16s%2Fg%2F11c1nnyqnd!19sChIJxayffL-rNTERzjYJJ-i_wgA?authuser=0&hl=en&rclk=1,https://www.foody.vn/ha-noi/ta-hien-cafe
restaurant01407,Aries Rooftop Cafe,aries rooftop,cafe,"8 P. Ô Chợ Dừa, Chợ Dừa, Đống Đa, Hà Nội",Hà Nội,ha noi,21.0191363,105.8293086,0378 564 312 ,100000,"100,000",4.2,Coffee Shop,Restaurant,https://www.google.com/maps/place/Aries+Rooftop+Cafe/data=!4m7!3m6!1s0x3135ab326c4583cf:0x1f058e9222e51be7!8m2!3d21.0191363!4d105.8293086!16s%2Fg%2F11nn3y4q7n!19sChIJz4NFbDKrNTER5xvlIpKOBR8?authuser=0&hl=en&rclk=1,https://www.facebook.com/ariesrooftopcoffee/
restaurant01408,30Days Cafe,30days,cafe,"19 Ng. 10 P. Láng Hạ, Thành Công, Ba Đình, Hà Nội",Hà Nội,ha noi,21.0217822,105.8175016,,100000,"100,000",4.9,Coffee Shop,Restaurant,https://www.google.com/maps/place/30Days+Cafe/data=!4m7!3m6!1s0x3135ab0000839c47:0x246d78b3492ca8eb!8m2!3d21.0217822!4d105.8175016!16s%2Fg%2F11wx9mxctn!19sChIJR5yDAACrNTER66gsSbN4bSQ?authuser=0&hl=en&rclk=1,
restaurant01409,Cafe nhà 41,nha 41,cafe,"41 Ng. 41 P. Thái Hà, Trung Liệt, Đống Đa, Hà Nội",Hà Nội,ha noi,21.010167,105.8209202,,100000,"100,000",4.9,Coffee Shop,Restaurant,https://www.google.com/maps/place/Cafe+nh%C3%A0+41/data=!4m7!3m6!1s0x3135ad8138eedf5f:0x624c8d763ccf2d7d!8m2!3d21.010167!4d105.8209202!16s%2Fg%2F11l7456h3p!19sChIJX9_uOIGtNTERfS3PPHaNTGI?authuser=0&hl=en&rclk=1,
restaurant01410,Cong Caphe Thai Ha,cong caphe thai ha,cafe,"8 P. Thái Hà, Trung Liệt, Đống Đa, Hà Nội 100000",Hà Nội,ha noi,21.0101667,105.8231882,0911 811 137 ,100000,"100,000",4.1,Coffee Shop,Restaurant,https://www.google.com/maps/place/Cong+Caphe+Thai+Ha/data=!4m7!3m6!1s0x3135ab7e00118a9d:0xb00c21ef4334671c!8m2!3d21.0101667!4d105.8231882!16s%2Fg%2F11bccjswv6!19sChIJnYoRAH6rNTERHGc0Q-8hDLA?authuser=0&hl=en&rclk=1,http://congcaphe.com/
restaurant01411,9room Cafe & Decor,9room decor,cafe,"39 Ng. 82 P. Chùa Láng, Láng Thượng, Đống Đa, Hà Nội",Hà Nội,ha noi,21.0248381,105.8057773,0945 631 988 ,100000,"100,000",4.6,Coffee Shop,Restaurant,https://www.google.com/maps/place/9room+Cafe+%26+Decor/data=!4m7!3m6!1s0x3135abb0d7168e47:0x8a81a7102b530ef8!8m2!3d21.0248381!4d105.8057773!16s%2Fg%2F11tdhshxnd!19sChIJR44W17CrNTER-A5TKxCngYo?authuser=0&hl=en&rclk=1,https://www.instagram.com/9room.concept/
restaurant01412,Thọ Cafe,tho,cafe,"117 P. Triệu Việt Vương, Nguyễn Du, Hai Bà Trưng, Hà Nội",Hà Nội,ha noi,21.014064,105.8505738,024 6292 9597 ,100000,"100,000",4.2,Coffee Shop,Restaurant,https://www.google.com/maps/place/Th%E1%BB%8D+Cafe/data=!4m7!3m6!1s0x3135ab8c9a27f873:0x787aab79e61b27b3!8m2!3d21.014064!4d105.8505738!16s%2Fg%2F11x9bbs7m!19sChIJc_gnmoyrNTERsycb5nmreng?authuser=0&hl=en&rclk=1,https://www.facebook.com/cafetho
restaurant01413,Hino Cafe by La Capo Cafe,hino by la capo,cafe,"53 P. Văn Miếu, Văn Miếu – Quốc Tử Giám, Đống Đa, Hà Nội",Hà Nội,ha noi,21.0277425,105.8361513,0946 722 588 ,100000,"100,000",4.8,Coffee Shop,Restaurant,https://www.google.com/maps/place/Hino+Cafe+by+La+Capo+Cafe/data=!4m7!3m6!1s0x3135ab949caa933d:0x3800a4091905b502!8m2!3d21.0277425!4d105.8361513!16s%2Fg%2F11w3gj10yb!19sChIJPZOqnJSrNTERArUFGQmkADg?authuser=0&hl=en&rclk=1,
restaurant01414,Quán Cầm,quan cam,restaurant,"Gác 3, 06 P. Nguyễn Thượng Hiền, Nguyễn Du, Hai Bà Trưng, Hà Nội 10000",Hà Nội,ha noi,21.0190275,105.843653,0822 646 482 ,100000,"100,000",4.6,Restaurant,Restaurant,https://www.google.com/maps/place/Qu%C3%A1n+C%E1%BA%A7m/data=!4m7!3m6!1s0x3135ab793cee88d9:0xb319db9349991579!8m2!3d21.0190275!4d105.843653!16s%2Fg%2F11f62vkqds!19sChIJ2YjuPHmrNTEReRWZSZPbGbM?authuser=0&hl=en&rclk=1,https://www.facebook.com/quannhaccam
restaurant01415,Clubhouse cafe,clubhouse,cafe,"6 Ng. Hàng Cháo, Cát Linh, Đống Đa, Hà Nội",Hà Nội,ha noi,21.0306102,105.8340522,0948 989 095 ,100000,"100,000",4.5,Coffee Shop,Restaurant,https://www.google.com/maps/place/Clubhouse+cafe/data=!4m7!3m6!1s0x3135ab39e0b8c899:0x7fde704bdc6472d1!8m2!3d21.0306102!4d105.8340522!16s%2Fg%2F11t9q28dg4!19sChIJmci44DmrNTER0XJk3Etw3n8?authuser=0&hl=en&rclk=1,
restaurant01416,Papa's Dessert & Cafe,papa s dessert,cafe,"10 P. Khúc Hạo, Điện Biên, Ba Đình, Hà Nội",Hà Nội,ha noi,21.031998,105.8370746,0941 081 194 ,100000,"100,000",3.9,Coffee Shop,Restaurant,https://www.google.com/maps/place/Papa%27s+Dessert+%26+Cafe/data=!4m7!3m6!1s0x3135ab989cd916af:0x593404a108e6a900!8m2!3d21.031998!4d105.8370746!16s%2Fg%2F11cm3v6_cc!19sChIJrxbZnJirNTERAKnmCKEENFk?authuser=0&hl=en&rclk=1,https://www.facebook.com/papadessertcafe
restaurant01417,Cà Phê Thư Báo,thu bao,cafe,"27 Ng. 198 P. Thái Thịnh, Láng Hạ, Đống Đa, Hà Nội",Hà Nội,ha noi,21.0143126,105.8150238,0981 015 558 ,100000,"100,000",4.7,Coffee Shop,Restaurant,https://www.google.com/maps/place/C%C3%A0+Ph%C3%AA+Th%C6%B0+B%C3%A1o/data=!4m7!3m6!1s0x3135aba389ac80c1:0xc7be4c7aabe4df4c!8m2!3d21.0143126!4d105.8150238!16s%2Fg%2F11sjk035jq!19sChIJwYCsiaOrNTERTN_kq3pMvsc?authuser=0&hl=en&rclk=1,
restaurant01418,Moments Hoi An,moments i an,lake,"47 Lê Lợi, Phường Minh An, Hội An, Quảng Nam 51000",Hội An,hoi an,15.877027,108.3286748,0792 365 911 ,100000,"100,000",4.8,Coffee Shop,Restaurant,https://www.google.com/maps/place/Moments+Hoi+An/data=!4m7!3m6!1s0x31420f79f59cb6fd:0x87be2907c6a7ffd!8m2!3d15.877027!4d108.3286748!16s%2Fg%2F11v15z8gr8!19sChIJ_bac9XkPQjER_X9qfJDiewg?authuser=0&hl=en&rclk=1,https://www.facebook.com/moments.hoian
restaurant01419,Rosie's cafe / Coffee & Brunch,rosie s brunch,cafe,"02 Mạc Đĩnh Chi, Cẩm Sơn, Hội An, Quảng Nam 560000",Hội An,hoi an,15.8877761,108.3303339,0774 599 545 ,200000,"200,000",4.7,Coffee Shop,Restaurant,https://www.google.com/maps/place/Rosie%27s+cafe+%2F+Coffee+%26+Brunch/data=!4m7!3m6!1s0x31420e7c348f6f45:0x6d0dde7bd8010e4f!8m2!3d15.8877761!4d108.3303339!16s%2Fg%2F11bzt7tc93!19sChIJRW-PNHwOQjERTw4B2HveDW0?authuser=0&hl=en&rclk=1,https://rosiecafe.vn/
restaurant01420,Hoi An Coffee Hub,hoi an hub,cafe,"Hẻm 11 Nguyễn Thái Học, Phường Minh An, Hội An, Quảng Nam 56000",Hội An,hoi an,15.8764324,108.3306808,0913 786 626 ,100000,"100,000",4.9,Coffee Shop,Restaurant,https://www.google.com/maps/place/Hoi+An+Coffee+Hub/data=!4m7!3m6!1s0x31420e7f46a31bd9:0xe94339fc7e01bfa2!8m2!3d15.8764324!4d108.3306808!16s%2Fg%2F11j00s4y77!19sChIJ2RujRn8OQjERor8Bfvw5Q-k?authuser=0&hl=en&rclk=1,
restaurant01421,Faifo Coffee,faifo,cafe,"130 Trần Phú, Old Town, Hội An, Quảng Nam",Hội An,hoi an,15.877208,108.3281008,0913 495 378 ,100000,"100,000",4.1,Coffee Shop,Restaurant,https://www.google.com/maps/place/Faifo+Coffee/data=!4m7!3m6!1s0x31420dd58ae570e5:0xde0787f442f2b10f!8m2!3d15.877208!4d108.3281008!16s%2Fg%2F11bx0blzxw!19sChIJ5XDlitUNQjERD7HyQvSHB94?authuser=0&hl=en&rclk=1,
restaurant01422,Mê Hội An Rooftop Coffee & Kitchen,me hoi an rooftop kitchen,cafe,"166 Trần Phú, Phường Minh An, Hội An, Quảng Nam 560000",Hội An,hoi an,15.8771366,108.3269249,0374 099 375 ,100000,"100,000",4.9,Coffee Shop,Restaurant,https://www.google.com/maps/place/M%C3%AA+H%E1%BB%99i+An+Rooftop+Coffee+%26+Kitchen/data=!4m7!3m6!1s0x31420fb139ebf16f:0xc6d29fcb4f5ef7eb!8m2!3d15.8771366!4d108.3269249!16s%2Fg%2F11v9yb7fl9!19sChIJb_HrObEPQjER6_deT8uf0sY?authuser=0&hl=en&rclk=1,https://mehoian.com/
restaurant01423,Dudu Cafe Hoi An,dudu hoi an,cafe,"11 Trần Phú, Cẩm Châu, Hội An, Quảng Nam 560000",Hội An,hoi an,15.8774808,108.3317516,0392 796 890 ,100000,"100,000",4.8,Coffee Shop,Restaurant,https://www.google.com/maps/place/Dudu+Cafe+Hoi+An/data=!4m7!3m6!1s0x31420f83321b61d3:0x2a81213e05016aeb!8m2!3d15.8774808!4d108.3317516!16s%2Fg%2F11s78p83sk!19sChIJ02EbMoMPQjER62oBBT4hgSo?authuser=0&hl=en&rclk=1,https://facebook.com/duducafe1
restaurant01424,U Cafe Hoi An,u hoi an,cafe,"120 Huyền Trân Công Chúa, t.p, Hội An, Quảng Nam",Hội An,hoi an,15.8767175,108.3418874,0788 581 270 ,100000,"100,000",4.7,Coffee Shop,Restaurant,https://www.google.com/maps/place/U+Cafe+Hoi+An/data=!4m7!3m6!1s0x31420dd215fad001:0x5a292057b9a5a307!8m2!3d15.8767175!4d108.3418874!16s%2Fg%2F1tdjnmjt!19sChIJAdD6FdINQjERB6OluVcgKVo?authuser=0&hl=en&rclk=1,https://ucafehoian.wordpress.com/
restaurant01425,Mia Coffee,mia,cafe,"20 Đường Phan Bội Châu, Cẩm Châu, Hội An, Quảng Nam",Hội An,hoi an,15.8771777,108.3344677,0905 552 061 ,100000,"100,000",4.5,Coffee Shop,Restaurant,https://www.google.com/maps/place/Mia+Coffee/data=!4m7!3m6!1s0x31420dd5bc90441d:0xf1ec48e2a0360af5!8m2!3d15.8771777!4d108.3344677!16s%2Fg%2F1ptyk175s!19sChIJHUSQvNUNQjER9Qo2oOJI7PE?authuser=0&hl=en&rclk=1,
restaurant01426,Coconut Coffee Hội An,coconut hoi an,cafe,"Đường Phan Bội Châu, Cẩm Châu, Hội An, Quảng Nam",Hội An,hoi an,15.8776307,108.3370572,0777 467 193 ,100000,"100,000",4.9,Coffee Shop,Restaurant,https://www.google.com/maps/place/Coconut+Coffee+H%E1%BB%99i+An/data=!4m7!3m6!1s0x31420dd43fb5760d:0x5a65e838b1357ef1!8m2!3d15.8776307!4d108.3370572!16s%2Fg%2F11spp2lngp!19sChIJDXa1P9QNQjER8X41sTjoZVo?authuser=0&hl=en&rclk=1,
restaurant01427,Hoi An Roastery Espresso & Coffee House I,hoi an roastery espresso house i,cafe,"135 Trần Phú, Phường Minh An, Hội An, Quảng Nam",Hội An,hoi an,15.8770589,108.3270778,0235 3927 772 ,100000,"100,000",4.2,Coffee Shop,Restaurant,https://www.google.com/maps/place/Hoi+An+Roastery+Espresso+%26+Coffee+House+I/data=!4m7!3m6!1s0x31420e7e89789f5d:0x1b62eeaaf130d76b!8m2!3d15.8770589!4d108.3270778!16s%2Fg%2F11b7qwkwfg!19sChIJXZ94iX4OQjERa9cw8aruYhs?authuser=0&hl=en&rclk=1,http://hoianroastery.com/
restaurant01428,ART COFFEE HỘI AN,art hoi an,cafe,"43 Bà Triệu, Phường Cẩm Phổ, Hội An, Quảng Nam",Hội An,hoi an,15.8821409,108.3246562,0774 723 169 ,100000,"100,000",5.0,Coffee Shop,Restaurant,https://www.google.com/maps/place/ART+COFFEE+H%E1%BB%98I+AN/data=!4m7!3m6!1s0x31420f007d208f11:0xd020409824590d60!8m2!3d15.8821409!4d108.3246562!16s%2Fg%2F11y67_7xd0!19sChIJEY8gfQAPQjERYA1ZJJhAINA?authuser=0&hl=en&rclk=1,
restaurant01429,Ren Rứa Cafe,ren rua,cafe,"hẻm 144 Nguyễn Trường Tộ, Phường Minh An, Hội An, Quảng Nam",Hội An,hoi an,15.8808157,108.3285627,0961 294 729 ,100000,"100,000",4.9,Coffee Shop,Restaurant,https://www.google.com/maps/place/Ren+R%E1%BB%A9a+Cafe/data=!4m7!3m6!1s0x31420f4ab6edb20d:0x2ae1321283cfb1db!8m2!3d15.8808157!4d108.3285627!16s%2Fg%2F11kj5tzfrw!19sChIJDbLttkoPQjER27HPgxIy4So?authuser=0&hl=en&rclk=1,
restaurant01430,son Cafe Hoi An,son hoi an,cafe,"49/10 Trần Hưng Đạo, Phường Minh An, Hội An, Quảng Nam",Hội An,hoi an,15.8793453,108.3294367,0935 911 011 ,100000,"100,000",5.0,Coffee Shop,Restaurant,https://www.google.com/maps/place/son+Cafe+Hoi+An/data=!4m7!3m6!1s0x31420f1115b4a3c5:0xabffb00f73e0013!8m2!3d15.8793453!4d108.3294367!16s%2Fg%2F11k4k3hxnr!19sChIJxaO0FREPQjEREwA-9wD7vwo?authuser=0&hl=en&rclk=1,https://www.facebook.com/soncafehoian
restaurant01431,25s Cafe & Brunch,25s brunch,cafe,"25 Nguyễn Thái Học, Old Town, Hội An, Quảng Nam",Hội An,hoi an,15.8766114,108.3302344,0368 816 688 ,100000,"100,000",4.8,Coffee Shop,Restaurant,https://www.google.com/maps/place/25s+Cafe+%26+Brunch/data=!4m7!3m6!1s0x31420f9a590d5c51:0x35e117b487680d42!8m2!3d15.8766114!4d108.3302344!16s%2Fg%2F11scnlzxty!19sChIJUVwNWZoPQjERQg1oh7QX4TU?authuser=0&hl=en&rclk=1,https://www.instagram.com/25scafe/
restaurant01432,MISS HOI AN CAFE,miss hoi an,cafe,"V8WR+M9V Trái Tim Lúa, An Mỹ, Hội An, Quảng Nam",Hội An,hoi an,15.8973326,108.3396403,,100000,"100,000",4.7,Coffee Shop,Restaurant,https://www.google.com/maps/place/MISS+HOI+AN+CAFE/data=!4m7!3m6!1s0x31420d5b6c4e3c89:0x58f29bd41dc0e5cc!8m2!3d15.8973326!4d108.3396403!16s%2Fg%2F11vb5xpkx_!19sChIJiTxObFsNQjERzOXAHdSb8lg?authuser=0&hl=en&rclk=1,http://misshacafe.com/
restaurant01433,Olivier Coffee,olivier,cafe,"9 Trần Trung Tri, Cẩm Nam, Hội An, Quảng Nam",Hội An,hoi an,15.8721956,108.3318154,0905 259 966 ,100000,"100,000",4.9,Coffee Shop,Restaurant,https://www.google.com/maps/place/Olivier+Coffee/data=!4m7!3m6!1s0x31420e7c78d3f849:0xe3dd5677ba57524e!8m2!3d15.8721956!4d108.3318154!16s%2Fg%2F11c1wwyz61!19sChIJSfjTeHwOQjERTlJXundW3eM?authuser=0&hl=en&rclk=1,http://oliviercoffee.com/
restaurant01434,KHA MY CAFE,kha my,cafe,"40 Huyền Trân Công Chúa, Cẩm Châu, Hội An, Quảng Nam",Hội An,hoi an,15.875304,108.3460297,,100000,"100,000",4.9,Coffee Shop,Restaurant,https://www.google.com/maps/place/KHA+MY+CAFE/data=!4m7!3m6!1s0x31420dc0fa2f0797:0xbbf496baffee8506!8m2!3d15.875304!4d108.3460297!16s%2Fg%2F11l1m_c7ct!19sChIJlwcv-sANQjERBoXu_7qW9Ls?authuser=0&hl=en&rclk=1,
restaurant01435,Cam Coffee n More,cam n more,cafe,"45 Đào Duy Từ, Phường Cẩm Phổ, Hội An, Quảng Nam",Hội An,hoi an,15.8768922,108.3195189,0984 809 310 ,100000,"100,000",4.9,Coffee Shop,Restaurant,https://www.google.com/maps/place/Cam+Coffee+n+More/data=!4m7!3m6!1s0x31420f267f34453b:0x28855ac01409729e!8m2!3d15.8768922!4d108.3195189!16s%2Fg%2F11j11tv7zq!19sChIJO0U0fyYPQjERnnIJFMBahSg?authuser=0&hl=en&rclk=1,https://www.facebook.com/camcoffeehoian
restaurant01436,Hoi An Roastery Espresso & Coffee House,hoi an roastery espresso house,cafe,"89 Trần Phú, Phường Minh An, Hội An, Quảng Nam",Hội An,hoi an,15.8770683,108.3288569,0235 3927 727 ,100000,"100,000",4.8,Coffee Shop,Restaurant,https://www.google.com/maps/place/Hoi+An+Roastery+Espresso+%26+Coffee+House/data=!4m7!3m6!1s0x31420f000f111545:0x50b177c03425d882!8m2!3d15.8770683!4d108.3288569!16s%2Fg%2F11ld2r6zb4!19sChIJRRURDwAPQjERgtglNMB3sVA?authuser=0&hl=en&rclk=1,http://hoianroastery.com/
restaurant01437,Homelody Coffee & Brunch Hoi An,homelody brunch hoi an,cafe,"100 Lý Thường Kiệt, Cẩm Châu, Hội An, Quảng Nam 51307",Hội An,hoi an,15.8815697,108.3379925,0935 983 263 ,100000,"100,000",4.8,Coffee Shop,Restaurant,https://www.google.com/maps/place/Homelody+Coffee+%26+Brunch+Hoi+An/data=!4m7!3m6!1s0x31420d9a44676551:0x8cc83eb21a505ba7!8m2!3d15.8815697!4d108.3379925!16s%2Fg%2F11wj47gg6n!19sChIJUWVnRJoNQjERp1tQGrI-yIw?authuser=0&hl=en&rclk=1,https://www.facebook.com/Homelody.coffee
restaurant01438,The Espresso Station,the espresso station,restaurant,"28/2 Trần Hưng Đạo, Sơn Phong, Hội An, Quảng Nam",Hội An,hoi an,15.8801455,108.3282775,0325 505 506 ,100000,"100,000",4.7,Coffee Shop,Restaurant,https://www.google.com/maps/place/The+Espresso+Station/data=!4m7!3m6!1s0x31420e7935f9201d:0x3a28f08a80f92a01!8m2!3d15.8801455!4d108.3282775!16s%2Fg%2F11f330nhtk!19sChIJHSD5NXkOQjERASr5gIrwKDo?authuser=0&hl=en&rclk=1,https://www.facebook.com/TheEspressoStation/
restaurant01439,Namto House Coffee HoiAn,namto house hoian,cafe,"112 Đ. Phan Chu Trinh, Phường Minh An, Hội An, Quảng Nam",Hội An,hoi an,15.8786036,108.3233734,0948 877 777 ,100000,"100,000",4.6,Coffee Shop,Restaurant,https://www.google.com/maps/place/Namto+House+Coffee+HoiAn/data=!4m7!3m6!1s0x31420f3d5768da0b:0x8d424deace2f3bf7!8m2!3d15.8786036!4d108.3233734!16s%2Fg%2F11srtx9sn7!19sChIJC9poVz0PQjER9zsvzupNQo0?authuser=0&hl=en&rclk=1,https://www.facebook.com/profile.php?id=100089563686204
restaurant01440,Memories Bistro & Cafe' Hoi An By Amber,memories bistro hoi an by amber,cafe,"30 Nguyễn Thái Học, Phường Minh An, Hội An, Quảng Nam",Hội An,hoi an,15.8767567,108.3302429,0914 323 056 ,100000,"100,000",4.8,Coffee Shop,Restaurant,https://www.google.com/maps/place/Memories+Bistro+%26+Cafe%27+Hoi+An+By+Amber/data=!4m7!3m6!1s0x31420de10450665b:0xf9b113cddbab1bca!8m2!3d15.8767567!4d108.3302429!16s%2Fg%2F11stj2g3hd!19sChIJW2ZQBOENQjERyhur280Tsfk?authuser=0&hl=en&rclk=1,https://www.instagram.com/memoriescafe.hoian/
restaurant01441,Magnolia Cafe Hoi An,magnolia hoi an,cafe,"121/2 Nguyễn Duy Hiệu, Cẩm Châu, Hội An, Quảng Nam 560900",Hội An,hoi an,15.880414,108.346994,0974 989 039 ,100000,"100,000",4.5,Coffee Shop,Restaurant,https://www.google.com/maps/place/Magnolia+Cafe+Hoi+An/data=!4m7!3m6!1s0x31420dcfad27e977:0xd25bfd1dedad8fc9!8m2!3d15.880414!4d108.346994!16s%2Fg%2F11clgtn__p!19sChIJd-knrc8NQjERyY-t7R39W9I?authuser=0&hl=en&rclk=1,https://sites.google.com/view/quancafemoclanhoian/trang-ch%E1%BB%A7
restaurant01442,Trốn Hội An Coffee,tron hoi an,cafe,"151 Trần Hưng Đạo, Phường Cẩm Phổ, Hội An, Quảng Nam 560000",Hội An,hoi an,15.8796635,108.3241314,0988 001 056 ,100000,"100,000",4.8,Coffee Shop,Restaurant,https://www.google.com/maps/place/Tr%E1%BB%91n+H%E1%BB%99i+An+Coffee/data=!4m7!3m6!1s0x31420f2a75ac7785:0x96cab44c31be356f!8m2!3d15.8796635!4d108.3241314!16s%2Fg%2F11vm3n2kfp!19sChIJhXesdSoPQjERbzW-MUy0ypY?authuser=0&hl=en&rclk=1,
restaurant01443,Uncle huan coffee,uncle huan,cafe,"675 Đ. Hai Bà Trưng, Phường Minh An, Hội An, Quảng Nam",Hội An,hoi an,15.8780132,108.3267862,0905 417 794 ,100000,"100,000",4.8,Coffee Shop,Restaurant,https://www.google.com/maps/place/Uncle+huan+coffee/data=!4m7!3m6!1s0x31420f7009afde29:0x40dec9e37f5e94!8m2!3d15.8780132!4d108.3267862!16s%2Fg%2F11tp05d8ym!19sChIJKd6vCXAPQjERlF5_48neQAA?authuser=0&hl=en&rclk=1,https://www.instagram.com/unclehuan.coffee?igsh=OXJkdnJ6OXZnYXlw
restaurant01444,Phin Coffee Restaurant,phin coffee,restaurant,"132/7 Trần Phú, Phường Minh An, Hội An, Quảng Nam",Hội An,hoi an,15.8777201,108.3279503,0919 882 783 ,200000,"200,000",4.8,Coffee Shop,Restaurant,https://www.google.com/maps/place/Phin+Coffee+Restaurant/data=!4m7!3m6!1s0x31420e7ee5c4f655:0x357f5a19fe298f96!8m2!3d15.8777201!4d108.3279503!16s%2Fg%2F11c6w0vqhh!19sChIJVfbE5X4OQjERlo8p_hlafzU?authuser=0&hl=en&rclk=1,http://www.phincoffeehoian.com/
restaurant01445,LYN’S Coffee & Tea / Hội An,lyn s tea hoi an,cafe,"23 Trần Hưng Đạo, Phường Minh An, Hội An, Quảng Nam",Hội An,hoi an,15.8797553,108.3301118,0935 641 136 ,100000,"100,000",4.9,Coffee Shop,Restaurant,https://www.google.com/maps/place/LYN%E2%80%99S+Coffee+%26+Tea+%2F+H%E1%BB%99i+An/data=!4m7!3m6!1s0x31420f92add86ed9:0x6c87ce6097ecd030!8m2!3d15.8797553!4d108.3301118!16s%2Fg%2F11tmzv8vqt!19sChIJ2W7YrZIPQjERMNDsl2DOh2w?authuser=0&hl=en&rclk=1,
restaurant01446,92 station restaurant & cafe,92 station cafe,restaurant,"92 Trần Phú, Phường Minh An, Hội An, Quảng Nam 564007",Hội An,hoi an,15.8772232,108.3292845,0905 063 199 ,100000,"100,000",4.4,Coffee Shop,Restaurant,https://www.google.com/maps/place/92+station+restaurant+%26+cafe/data=!4m7!3m6!1s0x31420f7fdfc3cbb9:0xa791cddd10dcbbc6!8m2!3d15.8772232!4d108.3292845!16s%2Fg%2F11gy9k0kts!19sChIJucvD338PQjERxrvcEN3Nkac?authuser=0&hl=en&rclk=1,
restaurant01447,Cong Caphe,cong caphe,cafe,"64 Công Nữ Ngọc Hoa, Phường Minh An, Hội An, Quảng Nam",Hội An,hoi an,15.8771677,108.3247957,0949 792 152 ,100000,"100,000",4.3,Coffee Shop,Restaurant,https://www.google.com/maps/place/Cong+Caphe/data=!4m7!3m6!1s0x31420e7c4c9d7887:0x6c0b43733b24aee9!8m2!3d15.8771677!4d108.3247957!16s%2Fg%2F11f15h85mv!19sChIJh3idTHwOQjER6a4kO3NDC2w?authuser=0&hl=en&rclk=1,http://congcaphe.com/
restaurant01448,FinAqua's Cafe Hoi An Coffee & Healthy Food,finaqua s cafe hoi an coffee healthy,restaurant,"137 Nguyễn Duy Hiệu, Cẩm Châu, Hội An, Quảng Nam 560000",Hội An,hoi an,15.8803334,108.3459677,0911 426 357 ,200000,"200,000",4.9,Coffee Shop,Restaurant,https://www.google.com/maps/place/FinAqua%27s+Cafe+Hoi+An+Coffee+%26+Healthy+Food/data=!4m7!3m6!1s0x31420f7b7bf6e237:0x587fdfd82c4a5ca5!8m2!3d15.8803334!4d108.3459677!16s%2Fg%2F11smrbvpl3!19sChIJN-L2e3sPQjERpVxKLNjff1g?authuser=0&hl=en&rclk=1,https://www.finaquacafehoian.com/
restaurant01449,Coffee Xóm Chiêu,xom chieu,cafe,"55 Lê Thánh Tông, Cẩm Sơn, Hội An, Quảng Nam",Hội An,hoi an,15.8938471,108.3466842,,100000,"100,000",4.8,Coffee Shop,Restaurant,https://www.google.com/maps/place/Coffee+X%C3%B3m+Chi%C3%AAu/data=!4m7!3m6!1s0x31420d48b1ce0ee1:0x67a206f198879070!8m2!3d15.8938471!4d108.3466842!16s%2Fg%2F11jn_ndng6!19sChIJ4Q7OsUgNQjERcJCHmPEGomc?authuser=0&hl=en&rclk=1,
restaurant01450,Café Slow Hội An,slow hoi an,cafe,"Thôn Trà Quế, Cẩm Hà, Hội An, Quảng Nam",Hội An,hoi an,15.9022847,108.3396308,0981 063 880 ,100000,"100,000",4.6,Coffee Shop,Restaurant,https://www.google.com/maps/place/Caf%C3%A9+Slow+H%E1%BB%99i+An/data=!4m7!3m6!1s0x31420d3aa9b1d727:0x9f8560cfeaaa004a!8m2!3d15.9022847!4d108.3396308!16s%2Fg%2F11vf2_1lzp!19sChIJJ9exqToNQjERSgCq6s9ghZ8?authuser=0&hl=en&rclk=1,
restaurant01451,Bill Coffee & Tea,bill tea,cafe,"22 Trần Hưng Đạo, Phường Minh An, Hội An, Quảng Nam",Hội An,hoi an,15.8799529,108.3284493,0702 605 589 ,100000,"100,000",4.7,Coffee Shop,Restaurant,https://www.google.com/maps/place/Bill+Coffee+%26+Tea/data=!4m7!3m6!1s0x31420f0a261431d7:0xe8f3c8524722b022!8m2!3d15.8799529!4d108.3284493!16s%2Fg%2F11gh2vzbqp!19sChIJ1zEUJgoPQjERIrAiR1LI8-g?authuser=0&hl=en&rclk=1,
restaurant01452,"Cocobox - Juice Bar, Café & Farm Shop",cocobox juice bar farm shop,cafe,"94 Lê Lợi, Phường Minh An, Hội An, Quảng Nam",Hội An,hoi an,15.8766569,108.3285554,0235 3862 000 ,100000,"100,000",4.2,Bar/Pub,Restaurant,"https://www.google.com/maps/place/Cocobox+-+Juice+Bar,+Caf%C3%A9+%26+Farm+Shop/data=!4m7!3m6!1s0x31420e7ef47e8f21:0xe78fd70d3589347e!8m2!3d15.8766569!4d108.3285554!16s%2Fg%2F11b6p2_y8f!19sChIJIY9-9H4OQjERfjSJNQ3Xj-c?authuser=0&hl=en&rclk=1",https://www.facebook.com/cocoboxvietnam
restaurant01453,Dirty Lips Cafe Hoi An,dirty lips hoi an,cafe,"242 Cửa Đại, Cẩm Sơn, Hội An, Quảng Nam 560000",Hội An,hoi an,15.8890788,108.3541829,0911 969 617 ,100000,"100,000",5.0,Coffee Shop,Restaurant,https://www.google.com/maps/place/Dirty+Lips+Cafe+Hoi+An/data=!4m7!3m6!1s0x31420d5f692f3d3d:0x6f64f1daaa51f9d7!8m2!3d15.8890788!4d108.3541829!16s%2Fg%2F11y7178z9d!19sChIJPT0vaV8NQjER1_lRqtrxZG8?authuser=0&hl=en&rclk=1,
restaurant01454,Ancient House Coffee Shop - Bar Hoi An,ancient house shop bar hoi an,cafe,"22 Nguyễn Thái Học, Phường Minh An, Hội An, Quảng Nam",Hội An,hoi an,15.8767581,108.3304943,0905 707 810 ,100000,"100,000",5.0,Coffee Shop,Restaurant,https://www.google.com/maps/place/Ancient+House+Coffee+Shop+-+Bar+Hoi+An/data=!4m7!3m6!1s0x31420f3686a1aa57:0x7d1a36d86a938a30!8m2!3d15.8767581!4d108.3304943!16s%2Fg%2F11tss2xpgt!19sChIJV6qhhjYPQjERMIqTatg2Gn0?authuser=0&hl=en&rclk=1,https://ancienthousecoffee.com.vn/
restaurant01455,Bông Son Hội An Cafe,bong son hoi an,cafe,"170/6 Cửa Đại, Cẩm Sơn, Hội An, Quảng Nam",Hội An,hoi an,15.8906777,108.3570073,0905 101 337 ,100000,"100,000",4.8,Coffee Shop,Restaurant,https://www.google.com/maps/place/B%C3%B4ng+Son+H%E1%BB%99i+An+Cafe/data=!4m7!3m6!1s0x31420d8015e0f971:0xd9d5089888fc115!8m2!3d15.8906777!4d108.3570073!16s%2Fg%2F11n76hlbv7!19sChIJcfngFYANQjERFcGPiIlQnQ0?authuser=0&hl=en&rclk=1,
restaurant01456,Mr Viet Coffee - The Best bike coffee take away in Hoi An,mr viet the best bike take away in hoi an,cafe,"119 Đ. Trần Cao Vân, Phường Minh An, Hội An, Quảng Nam",Hội An,hoi an,15.8802525,108.3278742,0349 841 397 ,100000,"100,000",5.0,Coffee Shop,Restaurant,https://www.google.com/maps/place/Mr+Viet+Coffee+-+The+Best+bike+coffee+take+away+in+Hoi+An./data=!4m7!3m6!1s0x31420f00629933b9:0x3606f4fb1ed2627e!8m2!3d15.8802525!4d108.3278742!16s%2Fg%2F11vx2pdhgz!19sChIJuTOZYgAPQjERfmLSHvv0BjY?authuser=0&hl=en&rclk=1,
restaurant01457,Hoi An Roastery Espresso & Coffee House III,hoi an roastery espresso house iii,cafe,"84 Đ. Trần Cao Vân, Phường Minh An, Hội An, Quảng Nam",Hội An,hoi an,15.881609,108.3279296,0235 3927 729 ,100000,"100,000",4.4,Coffee Shop,Restaurant,https://www.google.com/maps/place/Hoi+An+Roastery+Espresso+%26+Coffee+House+III/data=!4m7!3m6!1s0x31420f001fb2e42b:0x59b316cd3e4d0b13!8m2!3d15.881609!4d108.3279296!16s%2Fg%2F11vpksyqz_!19sChIJK-SyHwAPQjEREwtNPs0Ws1k?authuser=0&hl=en&rclk=1,http://www.hoianroastery.com/
restaurant01458,Rio Garden Coffee Hội An,rio garden hoi an,cafe,"106 Lý Thái Tổ, Sơn Phong, Hội An, Quảng Nam",Hội An,hoi an,15.8856453,108.3345495,0703 007 999 ,100000,"100,000",4.3,Coffee Shop,Restaurant,https://www.google.com/maps/place/Rio+Garden+Coffee+H%E1%BB%99i+An/data=!4m7!3m6!1s0x31420d0016772f15:0xea59f7191651835b!8m2!3d15.8856453!4d108.3345495!16s%2Fg%2F11vz7y16_1!19sChIJFS93FgANQjERW4NRFhn3Weo?authuser=0&hl=en&rclk=1,https://www.facebook.com/profile.php?id=61558269692941&mibextid=LQQJ4d
restaurant01459,À MYA HỘI AN COFFEE & MILK TEA,a mya hoi an milk tea,cafe,"76 Nguyễn Duy Hiệu, Cẩm Châu, Hội An, Quảng Nam 51000",Hội An,hoi an,15.8826666,108.3500896,0961 122 233 ,100000,"100,000",4.9,Coffee Shop,Restaurant,https://www.google.com/maps/place/%C3%80+MYA+H%E1%BB%98I+AN+COFFEE+%26+MILK+TEA/data=!4m7!3m6!1s0x31420d28df5a90e9:0xd7fda5c5e5dcdcf9!8m2!3d15.8826666!4d108.3500896!16s%2Fg%2F11sv0zf3st!19sChIJ6ZBa3ygNQjER-dzc5cWl_dc?authuser=0&hl=en&rclk=1,
restaurant01460,Vintage Taste Deli Cafe Hoi An,vintage taste deli hoi an,cafe,"39 Lê Quý Đôn, Phường Cẩm Phổ, Hội An, Quảng Nam 51309",Hội An,hoi an,15.8799659,108.3232841,0866 008 739 ,100000,"100,000",5.0,Coffee Shop,Restaurant,https://www.google.com/maps/place/Vintage+Taste+Deli+Cafe+Hoi+An/data=!4m7!3m6!1s0x31420f338919c65f:0x5f42aa9d6ef9109!8m2!3d15.8799659!4d108.3232841!16s%2Fg%2F11x373xf3d!19sChIJX8YZiTMPQjERCZHv1qkq9AU?authuser=0&hl=en&rclk=1,https://vintagetastedeli.cafe/
restaurant01461,Cà phê Hoa Lúa,hoa lua,cafe,"khối, An Mỹ, Hội An, Quảng Nam 51000",Hội An,hoi an,15.8906785,108.3468523,0935 231 356 ,100000,"100,000",4.7,Coffee Shop,Restaurant,https://www.google.com/maps/place/C%C3%A0+ph%C3%AA+Hoa+L%C3%BAa/data=!4m7!3m6!1s0x31420f5460ba0089:0xff6b02cacb681fec!8m2!3d15.8906785!4d108.3468523!16s%2Fg%2F11ns4tzy4m!19sChIJiQC6YFQPQjER7B9oy8oCa_8?authuser=0&hl=en&rclk=1,
restaurant01462,"Du Ca Hội An - Tiệm Bánh, Cafe & Milk Tea",du ca hoi an tiem banh milk tea,cafe,"15 Huỳnh Ngọc Huệ, Tân An, Hội An, Quảng Nam 51300",Hội An,hoi an,15.8912092,108.3161759,0918 424 069 ,100000,"100,000",5.0,Coffee Shop,Restaurant,"https://www.google.com/maps/place/Du+Ca+H%E1%BB%99i+An+-+Ti%E1%BB%87m+B%C3%A1nh,+Cafe+%26+Milk+Tea/data=!4m7!3m6!1s0x31420f001fe4d517:0x6e39b8ff7ae97a8!8m2!3d15.8912092!4d108.3161759!16s%2Fg%2F11ld3ywxdl!19sChIJF9XkHwAPQjERqJeu94-b4wY?authuser=0&hl=en&rclk=1",
restaurant01463,Sound Of Silence Coffee Shop,sound of silence shop,cafe,"40 Nguyễn Phan Vinh, Cẩm An, Hội An, Quảng Nam 560000",Hội An,hoi an,15.9086549,108.3474429,0866 774 962 ,100000,"100,000",4.5,Coffee Shop,Restaurant,https://www.google.com/maps/place/Sound+Of+Silence+Coffee+Shop/data=!4m7!3m6!1s0x31420df054602781:0xc029938b7140feae!8m2!3d15.9086549!4d108.3474429!16s%2Fg%2F11bzzyqt37!19sChIJgSdgVPANQjERrv5AcYuTKcA?authuser=0&hl=en&rclk=1,https://wa.me/qr/KB4IBHD7OU4JC1
restaurant01464,Trình cafe & bistro Hội An,trinh bistro hoi an,cafe,"Đường Ven sông Cẩm Nam, Cẩm Nam, Hội An, Quảng Nam",Hội An,hoi an,15.8736621,108.3371066,,100000,"100,000",4.9,Coffee Shop,Restaurant,https://www.google.com/maps/place/Tr%C3%ACnh+cafe+%26+bistro+H%E1%BB%99i+An/data=!4m7!3m6!1s0x31420d0062d81a47:0xe92f357c8cd3e00a!8m2!3d15.8736621!4d108.3371066!16s%2Fg%2F11y6b4qfpr!19sChIJRxrYYgANQjERCuDTjHw1L-k?authuser=0&hl=en&rclk=1,
restaurant01465,CAFE INN Hoi An (카페 인 호이안),inn hoi an kape in hoian,cafe,"19A Công Nữ Ngọc Hoa, Phường Minh An, Hội An, Quảng Nam 560000",Hội An,hoi an,15.8769905,108.3254109,0962 744 613 ,100000,"100,000",4.8,Coffee Shop,Restaurant,https://www.google.com/maps/place/CAFE+INN+Hoi+An+%28%EC%B9%B4%ED%8E%98+%EC%9D%B8+%ED%98%B8%EC%9D%B4%EC%95%88%29/data=!4m7!3m6!1s0x31420f1996dadc11:0x651b101261578d32!8m2!3d15.8769905!4d108.3254109!16s%2Fg%2F11v5_k4y2y!19sChIJEdzalhkPQjERMo1XYRIQG2U?authuser=0&hl=en&rclk=1,
restaurant01466,Nắng Coffee Hội An,nang hoi an,cafe,"45 Thích Quảng Đức, Cẩm Sơn, Hội An, Quảng Nam",Hội An,hoi an,15.8899854,108.328399,0235 3921 921 ,100000,"100,000",4.4,Coffee Shop,Restaurant,https://www.google.com/maps/place/N%E1%BA%AFng+Coffee+H%E1%BB%99i+An/data=!4m7!3m6!1s0x31420fafd556edad:0xf82c4bc08eed9c8f!8m2!3d15.8899854!4d108.328399!16s%2Fg%2F11tj2_gwgh!19sChIJre1W1a8PQjERj5ztjsBLLPg?authuser=0&hl=en&rclk=1,https://www.facebook.com/nangcoffeehoian
restaurant01467,"Phê La - Phan Châu Trinh, Hội An",phe la phan chau trinh i an,lake,"10 Đ. Phan Chu Trinh, Cẩm Châu, Hội An, Quảng Nam 51000",Hội An,hoi an,15.8784922,108.331266,1900 3013 ,100000,"100,000",4.2,Coffee Shop,Restaurant,"https://www.google.com/maps/place/Ph%C3%AA+La+-+Phan+Ch%C3%A2u+Trinh,+H%E1%BB%99i+An/data=!4m7!3m6!1s0x31420f98fb2ee217:0xfc533cfe16a0cff9!8m2!3d15.8784922!4d108.331266!16s%2Fg%2F11kp_kdkx7!19sChIJF-Iu-5gPQjER-c-gFv48U_w?authuser=0&hl=en&rclk=1",https://phela.vn/
restaurant01468,An’s Coffee & Milktea,an s milktea,cafe,"686 Đ. Hai Bà Trưng, Phường Minh An, Hội An, Quảng Nam 550000",Hội An,hoi an,15.8812522,108.3260589,0903 511 100 ,100000,"100,000",4.7,Coffee Shop,Restaurant,https://www.google.com/maps/place/An%E2%80%99s+Coffee+%26+Milktea/data=!4m7!3m6!1s0x31420f0c935c7b2d:0x65361ddf20344027!8m2!3d15.8812522!4d108.3260589!16s%2Fg%2F11rncz9drn!19sChIJLXtckwwPQjERJ0A0IN8dNmU?authuser=0&hl=en&rclk=1,
restaurant01469,11 Ca Phe,11,cafe,"17 Nguyễn Phúc Chu, An Hội, Hội An, Quảng Nam",Hội An,hoi an,15.8756429,108.3273662,,100000,"100,000",4.8,Coffee Shop,Restaurant,https://www.google.com/maps/place/11+Ca+Phe/data=!4m7!3m6!1s0x31420ff5bba53e49:0xfee718a082d4d261!8m2!3d15.8756429!4d108.3273662!16s%2Fg%2F11syrc7zyf!19sChIJST6lu_UPQjERYdLUgqAY5_4?authuser=0&hl=en&rclk=1,
restaurant01470,FeFe Coffee,fefe,cafe,"Tổ 16 thôn bến trễ, An Hội Tây, Hội An, Đà Nẵng 560000",Đà Nẵng,da nang,15.9003556,108.3070381,0905 997 350 ,100000,"100,000",4.7,Coffee Shop,Restaurant,https://www.google.com/maps/place/FeFe+Coffee/data=!4m7!3m6!1s0x31420fea00d2d483:0x37a0b034ce438ffd!8m2!3d15.9003556!4d108.3070381!16s%2Fg%2F11h11fk_bw!19sChIJg9TSAOoPQjER_Y9DzjSwoDc?authuser=0&hl=en&rclk=1,http://www.facebook.com/fefecoffee.com.ltd
restaurant01471,V LANTERN CAFE - Quán cà phê lồng đèn Hội An,v lantern quan long den hoi an,cafe,"127 Đ. Phan Chu Trinh, Phường Minh An, Hội An, Quảng Nam",Hội An,hoi an,15.8783942,108.3250742,0905 721 704 ,100000,"100,000",4.7,Coffee Shop,Restaurant,https://www.google.com/maps/place/V+LANTERN+CAFE+-+Qu%C3%A1n+c%C3%A0+ph%C3%AA+l%E1%BB%93ng+%C4%91%C3%A8n+H%E1%BB%99i+An/data=!4m7!3m6!1s0x31420f006bfc62c1:0x49a55ce956ddffe5!8m2!3d15.8783942!4d108.3250742!16s%2Fg%2F11y48x9t9n!19sChIJwWL8awAPQjER5f_dVulcpUk?authuser=0&hl=en&rclk=1,
restaurant01472,Chu An Cafe,chu an,cafe,"136 Nguyễn Thái Học, Phường Minh An, Hội An, Quảng Nam 51000",Hội An,hoi an,15.876701,108.3265492,0905 903 939 ,100000,"100,000",3.8,Coffee Shop,Restaurant,https://www.google.com/maps/place/Chu+An+Cafe/data=!4m7!3m6!1s0x31420f325de3d247:0xb2f8dcca2cf9a006!8m2!3d15.876701!4d108.3265492!16s%2Fg%2F11pv4t8knw!19sChIJR9LjXTIPQjERBqD5LMrc-LI?authuser=0&hl=en&rclk=1,https://www.facebook.com/ChuAnHoiAn?mibextid=LQQJ4d
restaurant01473,Hoachampa Coffee & Tea House,hoachampa tea house,cafe,"43 Đ. Phan Chu Trinh, Phường Minh An, Hội An, Quảng Nam",Hội An,hoi an,15.8783925,108.3297869,0235 3910 678 ,100000,"100,000",4.8,Coffee Shop,Restaurant,https://www.google.com/maps/place/Hoachampa+Coffee+%26+Tea+House/data=!4m7!3m6!1s0x31420e7edf3cd7d7:0x9eaca6b2e17b13a6!8m2!3d15.8783925!4d108.3297869!16s%2Fg%2F11bxc3zz5w!19sChIJ19c8334OQjERphN74bKmrJ4?authuser=0&hl=en&rclk=1,
restaurant01474,Hoi An Home Coffee & Restaurant,hoi an home coffee,restaurant,"93 Đ. Phan Chu Trinh, Old Town, Hội An, Quảng Nam 560000",Hội An,hoi an,15.8784047,108.3268155,0976 496 456 ,100000,"100,000",4.9,Coffee Shop,Restaurant,https://www.google.com/maps/place/Hoi+An+Home+Coffee+%26+Restaurant/data=!4m7!3m6!1s0x31420f005a641835:0xe7656fef8cd0ba6f!8m2!3d15.8784047!4d108.3268155!16s%2Fg%2F11xsg5fv7t!19sChIJNRhkWgAPQjERb7rQjO9vZec?authuser=0&hl=en&rclk=1,
restaurant01475,Roving Chill house,roving chill use,lake,"Nguyễn Trãi Thanh Tây, Hội An, Quảng Nam",Hội An,hoi an,15.8924806,108.3521813,0708 123 045 ,200000,"200,000",4.5,Coffee Shop,Restaurant,https://www.google.com/maps/place/Roving+Chill+house/data=!4m7!3m6!1s0x31420da45adf7b5f:0x5538f7fc5de6c093!8m2!3d15.8924806!4d108.3521813!16s%2Fg%2F11j1_j1w1w!19sChIJX3vfWqQNQjERk8DmXfz3OFU?authuser=0&hl=en&rclk=1,https://www.facebook.com/RovingChillhouseHoiAn/
restaurant01476,96 Coffee Hoi An Riverside,96 hoi an riverside,cafe,"96 Nguyễn Du, Phường Cẩm Phổ, Hội An, Quảng Nam",Hội An,hoi an,15.8766577,108.3172309,0901 999 610 ,100000,"100,000",4.6,Coffee Shop,Restaurant,https://www.google.com/maps/place/96+Coffee+Hoi+An+Riverside/data=!4m7!3m6!1s0x31420f4ec1b41bab:0x50663b3ca3e0e5f7!8m2!3d15.8766577!4d108.3172309!16s%2Fg%2F11q9tdnqtq!19sChIJqxu0wU4PQjER9-Xgozw7ZlA?authuser=0&hl=en&rclk=1,
restaurant01477,RAWCOCO COFFEE,rawcoco,cafe,"83 Đ. Phan Chu Trinh, Old Town, Hội An, Quảng Nam",Hội An,hoi an,15.878407,108.3272878,0913 486 878 ,100000,"100,000",4.2,Coffee Shop,Restaurant,https://www.google.com/maps/place/RAWCOCO+COFFEE/data=!4m7!3m6!1s0x31420f654ab8c855:0x1052e7c6def8b2ba!8m2!3d15.878407!4d108.3272878!16s%2Fg%2F11jt11tw46!19sChIJVci4SmUPQjERurL43sbnUhA?authuser=0&hl=en&rclk=1,
restaurant01478,Lanterns Cafe,lanterns,cafe,"103 Trần Phú, Phường Minh An, Hội An, Quảng Nam",Hội An,hoi an,15.8770744,108.3282404,0905 133 822 ,200000,"200,000",4.8,Coffee Shop,Restaurant,https://www.google.com/maps/place/Lanterns+Cafe.Healthy+Brunch/data=!4m7!3m6!1s0x31420e7ef4ec04e1:0xa68b6e56e2d26829!8m2!3d15.8770744!4d108.3282404!16s%2Fg%2F1pp2wy1sg!19sChIJ4QTs9H4OQjERKWjS4lZui6Y?authuser=0&hl=en&rclk=1,
restaurant01479,Zip Lounge Hoi An,zip lounge i an,lake,"Lê Hồng Phong, Phường Cẩm Phổ, Hội An, Quảng Nam",Hội An,hoi an,15.8858848,108.3209233,0905 222 538 ,100000,"100,000",4.6,Bar/Pub,Restaurant,https://www.google.com/maps/place/Zip+Lounge+Hoi+An/data=!4m7!3m6!1s0x31420fe32ac6e013:0xfe6dfc036542fc43!8m2!3d15.8858848!4d108.3209233!16s%2Fg%2F11tmys41l_!19sChIJE-DGKuMPQjERQ_xCZQP8bf4?authuser=0&hl=en&rclk=1,
restaurant01480,Tiệm cà phơ Nàng Ther,tiem ca p nang ther,lake,"275 Cửa Đại, Cẩm Châu, Hội An, Quảng Nam",Hội An,hoi an,15.8838955,108.3480298,0935 535 138 ,100000,"100,000",4.8,Coffee Shop,Restaurant,https://www.google.com/maps/place/Ti%E1%BB%87m+c%C3%A0+ph%C6%A1+N%C3%A0ng+Ther/data=!4m7!3m6!1s0x31420d06943233a1:0x710763690c5bc6c1!8m2!3d15.8838955!4d108.3480298!16s%2Fg%2F11rtlxztz3!19sChIJoTMylAYNQjERwcZbDGljB3E?authuser=0&hl=en&rclk=1,https://instagram.com/tiemcaphonangther?igshid=YmMyMTA2M2Y=
restaurant01481,Son An Café,son an,cafe,"05 Châu Thượng Văn, Phường Minh An, Hội An, Quảng Nam",Hội An,hoi an,15.8768629,108.3265984,0777 601 777 ,100000,"100,000",4.7,Coffee Shop,Restaurant,https://www.google.com/maps/place/Son+An+Caf%C3%A9/data=!4m7!3m6!1s0x31420fdff65e4c89:0x745595fcfcd69dfb!8m2!3d15.8768629!4d108.3265984!16s%2Fg%2F11kqsrr836!19sChIJiUxe9t8PQjER-53W_PyVVXQ?authuser=0&hl=en&rclk=1,https://www.facebook.com/sonancafe
restaurant01482,Tháng Hai Hoian,thang hai ian,lake,"119 Tôn Đức Thắng, Tân An, Hội An, Quảng Nam",Hội An,hoi an,15.8880283,108.3266999,0935 689 608 ,100000,"100,000",5.0,Coffee Shop,Restaurant,https://www.google.com/maps/place/Th%C3%A1ng+Hai+Hoian/data=!4m7!3m6!1s0x31420f52a29c53e5:0x362cf6f7f321dd6d!8m2!3d15.8880283!4d108.3266999!16s%2Fg%2F11fqqtlns8!19sChIJ5VOcolIPQjERbd0h8_f2LDY?authuser=0&hl=en&rclk=1,https://www.facebook.com/Th%C3%A1ng-Hai-Hoian-103040577804875/?epa=SEARCH_BOX
restaurant01483,Mate Restaurant and Coffee,mate and coffee,restaurant,"Âu Cơ, Cửa Đại, Hội An, Quảng Nam 560000",Hội An,hoi an,15.8899446,108.3771456,0349 786 659 ,200000,"200,000",5.0,Coffee Shop,Restaurant,https://www.google.com/maps/place/Mate+Restaurant+and+Coffee/data=!4m7!3m6!1s0x31420dbaeb904751:0xde43482e0ed06954!8m2!3d15.8899446!4d108.3771456!16s%2Fg%2F11fc8c04b2!19sChIJUUeQ67oNQjERVGnQDi5IQ94?authuser=0&hl=en&rclk=1,https://materes.com/
restaurant01484,Bonte Cafe & Food (air condition working space),bonte cafe air condition working space,restaurant,"99 Lê Hồng Phong, Tân An, Hội An, Quảng Nam 560000",Hội An,hoi an,15.8900259,108.3235269,,100000,"100,000",4.5,Coffee Shop,Restaurant,https://www.google.com/maps/place/Bonte+Cafe+%26+Food+%28air+condition+working+space%29/data=!4m7!3m6!1s0x31420f5a120bb771:0xd15d4bea1c9f2975!8m2!3d15.8900259!4d108.3235269!16s%2Fg%2F11jn3v8nj3!19sChIJcbcLEloPQjERdSmfHOpLXdE?authuser=0&hl=en&rclk=1,https://www.facebook.com/bontecafehoian?mibextid=LQQJ4d
restaurant01485,Cafe Bi,bi,cafe,"V8FG+978, An Hội, Hội An, Quảng Nam",Hội An,hoi an,15.8734055,108.3257049,,100000,"100,000",4.8,Coffee Shop,Restaurant,https://www.google.com/maps/place/Cafe+Bi/data=!4m7!3m6!1s0x31420f454345fdd5:0xe05ab8d0a76300b0!8m2!3d15.8734055!4d108.3257049!16s%2Fg%2F11tspjr66x!19sChIJ1f1FQ0UPQjERsABjp9C4WuA?authuser=0&hl=en&rclk=1,
restaurant01486,CAFE LIA,lia,cafe,"54c Đ. Phan Chu Trinh, Phường Minh An, Hội An, Quảng Nam",Hội An,hoi an,15.8785168,108.3282693,0905 373 439 ,100000,"100,000",4.8,Coffee Shop,Restaurant,https://www.google.com/maps/place/CAFE+LIA/data=!4m7!3m6!1s0x31420e7c17953ff7:0x1286c8642b1e7f34!8m2!3d15.8785168!4d108.3282693!16s%2Fg%2F11dxddgnl3!19sChIJ9z-VF3wOQjERNH8eK2TIhhI?authuser=0&hl=en&rclk=1,
restaurant01487,XOFA Coffee,xofa,cafe,"196 Nguyễn Duy Hiệu, Cẩm Châu, Hội An, Quảng Nam",Hội An,hoi an,15.8796526,108.3430778,0917 171 161 ,100000,"100,000",4.2,Coffee Shop,Restaurant,https://www.google.com/maps/place/XOFA+Coffee/data=!4m7!3m6!1s0x31420dd17eb47589:0x862d0cd322c4da23!8m2!3d15.8796526!4d108.3430778!16s%2Fg%2F11csrsx0hf!19sChIJiXW0ftENQjERI9rEItMMLYY?authuser=0&hl=en&rclk=1,https://www.facebook.com/profile.php?id=100082046320948&mibextid=LQQJ4d
restaurant01488,Cafe Đồng Xanh - Yến sào Tâm Đức,dong xanh yen sao tam duc,cafe,"ĐX18, Cẩm Thanh, Hội An, Quảng Nam",Hội An,hoi an,15.8751483,108.3625051,0345 624 166 ,100000,"100,000",4.9,Coffee Shop,Restaurant,https://www.google.com/maps/place/Cafe+%C4%90%E1%BB%93ng+Xanh+-+Y%E1%BA%BFn+s%C3%A0o+T%C3%A2m+%C4%90%E1%BB%A9c/data=!4m7!3m6!1s0x31420d8351e27b5f:0xae158f02af0cdaa!8m2!3d15.8751483!4d108.3625051!16s%2Fg%2F11r0_vx_ht!19sChIJX3viUYMNQjERqs3wKvBY4Qo?authuser=0&hl=en&rclk=1,
restaurant01489,G-Coffee house,g house,cafe,"122 Nguyễn Trường Tộ, Phường Minh An, Hội An, Quảng Nam",Hội An,hoi an,15.881701,108.3291537,0905 404 495 ,100000,"100,000",5.0,Coffee Shop,Restaurant,https://www.google.com/maps/place/G-Coffee+house/data=!4m7!3m6!1s0x31420f962edc0459:0xfe5db1ca63068a8e!8m2!3d15.881701!4d108.3291537!16s%2Fg%2F11s590yy15!19sChIJWQTcLpYPQjERjooGY8qxXf4?authuser=0&hl=en&rclk=1,
restaurant01490,Coco Coffee,coco,cafe,"75 Nguyễn Tất Thành, Phường Cẩm Phổ, Hội An, Quảng Nam",Hội An,hoi an,15.8861078,108.3207207,0972 024 133 ,100000,"100,000",4.3,Coffee Shop,Restaurant,https://www.google.com/maps/place/Coco+Coffee/data=!4m7!3m6!1s0x31420fffa4d8a4c7:0x79caeae869cba321!8m2!3d15.8861078!4d108.3207207!16s%2Fg%2F11ll7wjslz!19sChIJx6TYpP8PQjERIaPLaejqynk?authuser=0&hl=en&rclk=1,
restaurant01491,Cà phê Bảo,bao,cafe,"72 Lê Hồng Phong, Cẩm Hà, Hội An, Quảng Nam",Hội An,hoi an,15.8906789,108.3235222,0906 533 737 ,100000,"100,000",4.4,Coffee Shop,Restaurant,https://www.google.com/maps/place/C%C3%A0+ph%C3%AA+B%E1%BA%A3o/data=!4m7!3m6!1s0x31420f8169c33381:0x54edbf83175c0e6!8m2!3d15.8906789!4d108.3235222!16s%2Fg%2F11ngt3_svx!19sChIJgTPDaYEPQjER5sB1MfjbTgU?authuser=0&hl=en&rclk=1,
restaurant01492,Boulevard Gelato & Coffee,boulevard gelato,cafe,"05 Châu Thượng Văn, Phường Minh An, Hội An, Quảng Nam",Hội An,hoi an,15.8768629,108.3265984,0774 404 175 ,200000,"200,000",4.5,Coffee Shop,Restaurant,https://www.google.com/maps/place/Boulevard+Gelato+%26+Coffee/data=!4m7!3m6!1s0x31420f60e08df129:0xfae46ad180ef5939!8m2!3d15.8768629!4d108.3265984!16s%2Fg%2F11gbpcz_ks!19sChIJKfGN4GAPQjEROVnvgNFq5Po?authuser=0&hl=en&rclk=1,https://www.facebook.com/boulevardgelato
restaurant01493,Hoi An Roastery Espresso and Coffee House IV,hoi an roastery espresso and house iv,cafe,"32 Thanh Hóa, Tân An, Hội An, Quảng Nam 560000",Hội An,hoi an,15.8910081,108.3204952,0772 544 750 ,100000,"100,000",5.0,Coffee Shop,Restaurant,https://www.google.com/maps/place/Hoi+An+Roastery+Espresso+and+Coffee+House+IV/data=!4m7!3m6!1s0x31420fe98d1e2181:0x1529289eeb36ac03!8m2!3d15.8910081!4d108.3204952!16s%2Fg%2F11wthw7y7k!19sChIJgSEejekPQjERA6w2654oKRU?authuser=0&hl=en&rclk=1,https://hoianroastery.com/
restaurant01494,1989 Cafe & Bistro,1989 bistro,cafe,"97 Nguyễn Trường Tộ, Phường Minh An, Hội An, Quảng Nam",Hội An,hoi an,15.8837858,108.330152,,100000,"100,000",4.3,Coffee Shop,Restaurant,https://www.google.com/maps/place/1989+Cafe+%26+Bistro/data=!4m7!3m6!1s0x31420ff856a2688f:0x50c010bdf2244d1d!8m2!3d15.8837858!4d108.330152!16s%2Fg%2F11p3hmgdt8!19sChIJj2iiVvgPQjERHU0k8r0QwFA?authuser=0&hl=en&rclk=1,https://www.facebook.com/1989CafeBistro/
restaurant01495,Highlands Coffee Phan Chu Trinh Hoi An,highlands phan chu trinh hoi an,cafe,"78A Đ. Phan Chu Trinh, Phường Minh An, Hội An, Quảng Nam 51000",Hội An,hoi an,15.8785872,108.3263208,0235 7300 225 ,100000,"100,000",4.2,Coffee Shop,Restaurant,https://www.google.com/maps/place/Highlands+Coffee+Phan+Chu+Trinh+Hoi+An/data=!4m7!3m6!1s0x31420f3ddd3af357:0xe5897ea31e0be4c1!8m2!3d15.8785872!4d108.3263208!16s%2Fg%2F11vj1b4kg5!19sChIJV_M63T0PQjERweQLHqN-ieU?authuser=0&hl=en&rclk=1,https://www.highlandscoffee.com.vn/
restaurant01496,Starbucks Trần Hưng Đạo Hội An,starbucks tran hung dao i an,lake,"40 Trần Hưng Đạo, Phường Minh An, Hội An, Quảng Nam 51000",Hội An,hoi an,15.8799767,108.3279498,0235 3525 021 ,200000,"200,000",4.4,Coffee Shop,Restaurant,https://www.google.com/maps/place/Starbucks+Tr%E1%BA%A7n+H%C6%B0ng+%C4%90%E1%BA%A1o+H%E1%BB%99i+An/data=!4m7!3m6!1s0x31420fcd7707430b:0xdd5e74ae9215501a!8m2!3d15.8799767!4d108.3279498!16s%2Fg%2F11k3nlzp2y!19sChIJC0MHd80PQjERGlAVkq50Xt0?authuser=0&hl=en&rclk=1,https://starbucks.vn/
restaurant01497,Highlands Coffee Nguyen Phuc Chu,highlands nguyen phuc chu,cafe,"67-69 Nguyễn Phúc Chu, An Hội, Hội An, Quảng Nam",Hội An,hoi an,15.8760974,108.3246166,0235 7302 028 ,100000,"100,000",4.4,Coffee Shop,Restaurant,https://www.google.com/maps/place/Highlands+Coffee+Nguyen+Phuc+Chu/data=!4m7!3m6!1s0x31420ff070f09b0b:0xfed1ab81864ff315!8m2!3d15.8760974!4d108.3246166!16s%2Fg%2F11s7r9y4p2!19sChIJC5vwcPAPQjERFfNPhoGr0f4?authuser=0&hl=en&rclk=1,http://www.highlandscoffee.com.vn/
restaurant01498,Cafe Phai Phố,phai pho,cafe,"04 Nguyễn Văn Cừ, Tân An, Hội An, Quảng Nam",Hội An,hoi an,15.891931,108.3206748,,100000,"100,000",4.6,Coffee Shop,Restaurant,https://www.google.com/maps/place/Cafe+Phai+Ph%E1%BB%91/data=!4m7!3m6!1s0x31420e7edcb899fd:0x507900f7fbbc02a1!8m2!3d15.891931!4d108.3206748!16s%2Fg%2F11c6w037sd!19sChIJ_Zm43H4OQjERoQK8-_cAeVA?authuser=0&hl=en&rclk=1,
restaurant01499,Cafe khách sạn hội an,khach san hoi an,cafe,"33 Trần Hưng Đạo, Street, Hội An, Quảng Nam",Hội An,hoi an,15.8796837,108.3298597,0971 427 463 ,100000,"100,000",4.0,Coffee Shop,Restaurant,https://www.google.com/maps/place/Cafe+kh%C3%A1ch+s%E1%BA%A1n+h%E1%BB%99i+an/data=!4m7!3m6!1s0x31420e78cefd36ef:0xe667210add66dadd!8m2!3d15.8796837!4d108.3298597!16s%2Fg%2F11g8nz5zf6!19sChIJ7zb9zngOQjER3dpm3QohZ-Y?authuser=0&hl=en&rclk=1,http://www.hoianhistorichotel.com.vn/services-facilities/
restaurant01500,Tiệm Cà Phê Nhà Mình,tiem nha minh,cafe,"102 Đ. Bạch Đằng, Old Town, Hội An, Quảng Nam",Hội An,hoi an,15.8762967,108.3274767,,100000,"100,000",3.5,Coffee Shop,Restaurant,https://www.google.com/maps/place/Ti%E1%BB%87m+C%C3%A0+Ph%C3%AA+Nh%C3%A0+M%C3%ACnh/data=!4m7!3m6!1s0x31420fa2287bbad9:0xd59d8b900556a957!8m2!3d15.8762967!4d108.3274767!16s%2Fg%2F11n8qjtgjd!19sChIJ2bp7KKIPQjERV6lWBZCLndU?authuser=0&hl=en&rclk=1,
restaurant01501,Cà Phê 99,99,cafe,"99 Đ. Trần Cao Vân, Phường Minh An, Hội An, Quảng Nam",Hội An,hoi an,15.8809142,108.3279836,,100000,"100,000",4.9,Coffee Shop,Restaurant,https://www.google.com/maps/place/C%C3%A0+Ph%C3%AA+99/data=!4m7!3m6!1s0x31420e79416db4d7:0x3de1ebcbc024a464!8m2!3d15.8809142!4d108.3279836!16s%2Fg%2F11b67qv4m0!19sChIJ17RtQXkOQjERZKQkwMvr4T0?authuser=0&hl=en&rclk=1,
restaurant01502,Ngon Garden,ngon gar,temple,"326 Lý Thường Kiệt, Tân An, Hội An, Quảng Nam 560000",Hội An,hoi an,15.8836803,108.3275018,0235 3666 888 ,100000,"100,000",4.5,Coffee Shop,Restaurant,https://www.google.com/maps/place/Ngon+Garden/data=!4m7!3m6!1s0x31420fd5e265ec7f:0xd36fbbb4122f2803!8m2!3d15.8836803!4d108.3275018!16s%2Fg%2F11sb6p3z68!19sChIJf-xl4tUPQjERAygvErS7b9M?authuser=0&hl=en&rclk=1,
restaurant01503,Rocks Ha Giang Restaurant Beer & Pub,rocks ha giang beer pub,restaurant,"Dai, lo Huu Nghi, Phương Thiện, Hà Giang, 100000",,,22.8050849,104.9760502,0867 200 389 ,100000,"100,000",4.7,Bar/Pub,Restaurant,https://www.google.com/maps/place/Rocks+Ha+Giang+Restaurant+Beer+%26+Pub/data=!4m7!3m6!1s0x36cc79cd197a8f33:0x97e33d8061cc8fc4!8m2!3d22.8050849!4d104.9760502!16s%2Fg%2F11l2bxqcnd!19sChIJM496Gc15zDYRxI_MYYA945c?authuser=0&hl=en&rclk=1,http://rockshagiang.com/
restaurant01504,Wanderlust Restaurant,wanderlust,restaurant,"134c Lý Tự Trọng, P. Minh Khai, Hà Giang, 31000",,,22.8236797,104.9895586,0983 809 519 ,200000,"200,000",4.9,Restaurant,Restaurant,https://www.google.com/maps/place/Wanderlust+Restaurant/data=!4m7!3m6!1s0x36cc797b3753e4c5:0x9dc2f960f3375b21!8m2!3d22.8236797!4d104.9895586!16s%2Fg%2F11w58j6d0s!19sChIJxeRTN3t5zDYRIVs382D5wp0?authuser=0&hl=en&rclk=1,
restaurant01505,Cuong coi pho Gia truyen Nam Dinh,cuong coi p gia truyen nam dinh,lake,"18 Nguyễn Trãi, P. Nguyễn Trãi, Hà Giang",Hà Giang,ha giang,22.8064707,104.978938,0363 976 532 ,100000,"100,000",4.9,Restaurant,Restaurant,https://www.google.com/maps/place/Cuong+coi+pho+Gia+truyen+Nam+Dinh/data=!4m7!3m6!1s0x36cc797f32ea4a61:0x5d5af08b472043aa!8m2!3d22.8064707!4d104.978938!16s%2Fg%2F11vjgc8m6d!19sChIJYUrqMn95zDYRqkMgR4vwWl0?authuser=0&hl=en&rclk=1,
restaurant01506,Quảng Trường pizza&pasta,pizza pasta,square,"55A Đ. Lê Quý Đôn, P. Nguyễn Trãi, Hà Giang",Hà Giang,ha giang,22.8267877,104.9819247,,200000,"200,000",4.9,Restaurant,Restaurant,https://www.google.com/maps/place/Qu%E1%BA%A3ng+Tr%C6%B0%E1%BB%9Dng+pizza%26pasta/data=!4m7!3m6!1s0x36cc79db7cad4e43:0x9c0a1d6d6a0cac3!8m2!3d22.8267877!4d104.9819247!16s%2Fg%2F11xsh4m4x_!19sChIJQ06tfNt5zDYRw8qg1tahwAk?authuser=0&hl=en&rclk=1,
restaurant01507,L'Telle Eatery,l telle,restaurant,"08 Mai Hắc Đế, P. Nguyễn Trãi, Hà Giang",Hà Giang,ha giang,22.8141643,104.9796545,0898 082 138 ,200000,"200,000",4.9,Restaurant,Restaurant,https://www.google.com/maps/place/L%27Telle+Eatery/data=!4m7!3m6!1s0x36cc790027c0bf85:0x90bf6fceff974488!8m2!3d22.8141643!4d104.9796545!16s%2Fg%2F11ydh22zf4!19sChIJhb_AJwB5zDYRiESX_85vv5A?authuser=0&hl=en&rclk=1,
restaurant01508,Nhà Hàng Đức Dương Restaurant,duc duong,restaurant,"Ngã 3, Nàm Luồng, Quản Bạ, Hà Giang 20367",Hà Giang,ha giang,22.9937892,105.0755935,0862 819 621 ,100000,"100,000",4.7,Restaurant,Restaurant,https://www.google.com/maps/place/Nh%C3%A0+H%C3%A0ng+%C4%90%E1%BB%A9c+D%C6%B0%C6%A1ng+Restaurant/data=!4m7!3m6!1s0xa0fdf441c0d60af5:0x8343e727e72beeed!8m2!3d22.9937892!4d105.0755935!16s%2Fg%2F11nxpz8djy!19sChIJ9QrWwEH0_aAR7e4r5yfnQ4M?authuser=0&hl=en&rclk=1,https://nha-hang-duc-duong.jimdosite.com/
restaurant01509,Km0 Hà Giang,km0 ha giang,restaurant,"517 Nguyễn Trãi, P. Nguyễn Trãi, Hà Giang",Hà Giang,ha giang,22.8293417,104.9843508,,100000,"100,000",4.7,Restaurant,Restaurant,https://www.google.com/maps/place/Km0+H%C3%A0+Giang/data=!4m7!3m6!1s0x36cc79002c65fd43:0xe45b9b25932a5564!8m2!3d22.8293417!4d104.9843508!16s%2Fg%2F11wh_r_506!19sChIJQ_1lLAB5zDYRZFUqkyWbW-Q?authuser=0&hl=en&rclk=1,
restaurant01510,Bún Chả Tân Sơn - Hà Giang,bun cha tan son ha giang,pagoda,"69 Lê Hồng Phong, P. Minh Khai, Hà Giang, 310000",,,22.8250805,104.9879191,0838 277 833 ,100000,"100,000",4.6,Restaurant,Restaurant,https://www.google.com/maps/place/B%C3%BAn+Ch%E1%BA%A3+T%C3%A2n+S%C6%A1n+-+H%C3%A0+Giang/data=!4m7!3m6!1s0x36cc784c81ea82dd:0x89223387395ef6ea!8m2!3d22.8250805!4d104.9879191!16s%2Fg%2F11c1t54yzj!19sChIJ3YLqgUx4zDYR6vZeOYczIok?authuser=0&hl=en&rclk=1,
restaurant01511,Tha Kitchen & Cafe,tha kitchen,cafe,"Thôn Tha, Ha Giang, Hà Giang",Hà Giang,ha giang,22.8355024,104.9487854,0378 454 000 ,200000,"200,000",4.9,Coffee Shop,Restaurant,https://www.google.com/maps/place/Tha+Kitchen+%26+Cafe/data=!4m7!3m6!1s0x36cc7927c40d814d:0x39d166a5aac65709!8m2!3d22.8355024!4d104.9487854!16s%2Fg%2F11l6bds3xw!19sChIJTYENxCd5zDYRCVfGqqVm0Tk?authuser=0&hl=en&rclk=1,
restaurant01512,PIZZA HERE,pizza here,restaurant,"96 Lâm Đồng, Phương Thiện, Hà Giang, 310000",,,22.806147,104.9752445,0869 222 174 ,200000,"200,000",4.9,Restaurant,Restaurant,https://www.google.com/maps/place/PIZZA+HERE/data=!4m7!3m6!1s0x36cc79481f398149:0x20db5eaed9869d66!8m2!3d22.806147!4d104.9752445!16s%2Fg%2F11ssh6dc8t!19sChIJSYE5H0h5zDYRZp2G2a5e2yA?authuser=0&hl=en&rclk=1,
restaurant01513,Phở Hà Giang - Phở Thơm,p ha giang p tm,lake,"37 P. Trường Chinh, P. Trần Phú, Hà Giang",Hà Giang,ha giang,22.8318704,104.9889606,0344 746 455 ,100000,"100,000",4.9,Restaurant,Restaurant,https://www.google.com/maps/place/Ph%E1%BB%9F+H%C3%A0+Giang+-+Ph%E1%BB%9F+Th%C6%A1m/data=!4m7!3m6!1s0x36cc793c45e3bfcd:0xbbdf25212940960f!8m2!3d22.8318704!4d104.9889606!16s%2Fg%2F11sb1377xl!19sChIJzb_jRTx5zDYRD5ZAKSEl37s?authuser=0&hl=en&rclk=1,
restaurant01514,Pao Kitchen Hà Giang,pao kitchen ha giang,restaurant,"139 Nguyễn Thái Học, P. Minh Khai, Hà Giang",Hà Giang,ha giang,22.8260441,104.9855149,0866 803 412 ,200000,"200,000",4.3,Restaurant,Restaurant,https://www.google.com/maps/place/Pao+Kitchen+H%C3%A0+Giang/data=!4m7!3m6!1s0x36cc79ce47f0c0ff:0xfd668edd559bf191!8m2!3d22.8260441!4d104.9855149!16s%2Fg%2F11vcwfwvg7!19sChIJ_8DwR855zDYRkfGbVd2OZv0?authuser=0&hl=en&rclk=1,https://www.facebook.com/paokitchen.hg?mibextid=LQQJ4d
restaurant01515,"Mộc Quán (coffee, fast food, ice-cream)",moc quan coffee fast ice cream,restaurant,"Mộc Quán (coffee, fast food, ice-cream, 97a Nguyễn Trãi, P. Nguyễn Trãi, Hà Giang",Hà Giang,ha giang,22.8122911,104.9800495,0963 427 860 ,100000,"100,000",4.7,Coffee Shop,Restaurant,"https://www.google.com/maps/place/M%E1%BB%99c+Qu%C3%A1n+%28coffee,+fast+food,+ice-cream%29/data=!4m7!3m6!1s0x36cc79005cbf9d1d:0x8be670b46c2be32b!8m2!3d22.8122911!4d104.9800495!16s%2Fg%2F11x5qx1fry!19sChIJHZ2_XAB5zDYRK-MrbLRw5os?authuser=0&hl=en&rclk=1",
restaurant01516,Le Restaurant & café,le cafe,restaurant,"Mường Hoa, Sa Pa, Lao Cai 33000",Lao Cai,lao cai,22.2996125,103.9152711,0986 146 476 ,200000,"200,000",5.0,Restaurant,Restaurant,https://www.google.com/maps/place/Le+Restaurant+%26+caf%C3%A9/data=!4m7!3m6!1s0x36cd3922073359f1:0x1993e7694b81e7e4!8m2!3d22.2996125!4d103.9152711!16s%2Fg%2F11ss9tcl12!19sChIJ8VkzByI5zTYR5OeBS2nnkxk?authuser=0&hl=en&rclk=1,
restaurant01517,Tả Van Restaurant,ta van,restaurant,"Ta Van, Sa Pa, Lao Cai",Lao Cai,lao cai,22.3035,103.8869928,0389 395 559 ,200000,"200,000",4.8,Restaurant,Restaurant,https://www.google.com/maps/place/T%E1%BA%A3+Van+Restaurant/data=!4m7!3m6!1s0x36cd414d78d6d941:0x7433aaff1a52d4fd!8m2!3d22.3035!4d103.8869928!16s%2Fg%2F11sj66hyb2!19sChIJQdnWeE1BzTYR_dRSGv-qM3Q?authuser=0&hl=en&rclk=1,
restaurant01518,Black H'mông restaurants view,black h mong s view,restaurant,"Thôn hàng, Sa Pa, Lao Cai",Lao Cai,lao cai,22.3094131,103.8762331,0962 246 389 ,100000,"100,000",4.8,Restaurant,Restaurant,https://www.google.com/maps/place/Black+H%27m%C3%B4ng+restaurants+view/data=!4m7!3m6!1s0x36cd41360eebc245:0x263f0ef8e63fa792!8m2!3d22.3094131!4d103.8762331!16s%2Fg%2F11sc45clft!19sChIJRcLrDjZBzTYRkqc_5vgOPyY?authuser=0&hl=en&rclk=1,
restaurant01519,Toàn Mán Restaurant,toan man,restaurant,"Ta Van, Sa Pa, Lao Cai",Lao Cai,lao cai,22.3027001,103.8893108,0934 498 688 ,200000,"200,000",4.9,Restaurant,Restaurant,https://www.google.com/maps/place/To%C3%A0n+M%C3%A1n+Restaurant/data=!4m7!3m6!1s0x36cd413715273e5f:0x64111e1448c362f!8m2!3d22.3027001!4d103.8893108!16s%2Fg%2F11tdmnmkd3!19sChIJXz4nFTdBzTYRLzaMROERQQY?authuser=0&hl=en&rclk=1,https://www.facebook.com/toanmanrestaurant
restaurant01520,The Wildbeast - Restaurant & Music Cocktails Bar,the wildbeast music cocktails bar,restaurant,"Dáy 1, Sa Pa, Lao Cai 330000",Lao Cai,lao cai,22.3003021,103.8936314,0339 809 197 ,200000,"200,000",4.9,Bar/Pub,Restaurant,https://www.google.com/maps/place/The+Wildbeast+-+Restaurant+%26+Music+Cocktails+Bar/data=!4m7!3m6!1s0x36cd47a7b6384017:0x4a6a9718f5be666d!8m2!3d22.3003021!4d103.8936314!16s%2Fg%2F11fsvsgfg_!19sChIJF0A4tqdHzTYRbWa-9RiXako?authuser=0&hl=en&rclk=1,https://www.instagram.com/wildbeast.tavan/?hl=vi
restaurant01521,Laxsik Ecolodge,laxsik ecolodge,restaurant,"TL152, Bản, Sa Pa, Lào Cai 330000",Lào Cai,lao cai,22.3142143,103.8840809,0974 895 992 ,500000,"500,000",4.5,Restaurant,Restaurant,https://www.google.com/maps/place/Laxsik+Ecolodge/data=!4m7!3m6!1s0x36cd4165ec2bb01f:0xfa60fc47d4f629ff!8m2!3d22.3142143!4d103.8840809!16s%2Fg%2F11j8htrztp!19sChIJH7Ar7GVBzTYR_yn21Ef8YPo?authuser=0&hl=en&rclk=1,
restaurant01522,A PHỦ LOCAL RESTAURANT,a phu local,restaurant,"Thôn lồ Xã hoàng liên, Tx, Sa Pa, Lào Cai",Lào Cai,lao cai,22.3094927,103.8760799,0962 329 795 ,200000,"200,000",4.8,Restaurant,Restaurant,https://www.google.com/maps/place/A+PH%E1%BB%A6+LOCAL+RESTAURANT/data=!4m7!3m6!1s0x36cd41d4988251e1:0x76e6769cbc5e0cf0!8m2!3d22.3094927!4d103.8760799!16s%2Fg%2F11h940n1qm!19sChIJ4VGCmNRBzTYR8AxevJx25nY?authuser=0&hl=en&rclk=1,
restaurant01523,Sa Mu Coffee & Restaurants,sa mu coffee s,restaurant,"8V2R+P23, Tả Van, Sa Pa, Lào Cai",Lào Cai,lao cai,22.301843,103.8902333,0868 813 426 ,200000,"200,000",4.9,Coffee Shop,Restaurant,https://www.google.com/maps/place/Sa+Mu+Coffee+%26+Restaurants/data=!4m7!3m6!1s0x36cd4700161e66b3:0x1be5736d6d7e666d!8m2!3d22.301843!4d103.8902333!16s%2Fg%2F11vppnqsn0!19sChIJs2YeFgBHzTYRbWZ-bW1z5Rs?authuser=0&hl=en&rclk=1,https://www.facebook.com/samucoffeesapa
restaurant01524,Thoc Restaurant and Vegetarian Options,thoc and vegetarian options,restaurant,"Thôn Ta Van, Dáy 2, Sa Pa, Lào Cai",Lào Cai,lao cai,22.3021321,103.8890076,0357 342 865 ,100000,"100,000",4.9,Vegetarian,Restaurant,https://www.google.com/maps/place/Thoc+Restaurant+and+Vegetarian+Options/data=!4m7!3m6!1s0x36cd4167cd66aefb:0xc473847d7cac28a0!8m2!3d22.3021321!4d103.8890076!16s%2Fg%2F11vbkh_ppp!19sChIJ-65mzWdBzTYRoCisfH2Ec8Q?authuser=0&hl=en&rclk=1,
restaurant01525,The Hmong Sisters - Restaurant Cafe Wine & Cocktail Bar,the hmong sisters cafe wine cocktail bar,restaurant,"Ta Van, Tả Van, Sa Pa, Lào Cai 330000",Lào Cai,lao cai,22.3003867,103.8927818,0914 852 366 ,300000,"300,000",4.7,Coffee Shop,Restaurant,https://www.google.com/maps/place/The+Hmong+Sisters+-+Restaurant+Cafe+Wine+%26+Cocktail+Bar/data=!4m7!3m6!1s0x36cd47722bb8802f:0x7e5afc273ae622be!8m2!3d22.3003867!4d103.8927818!16s%2Fg%2F11w4y474pw!19sChIJL4C4K3JHzTYRviLmOif8Wn4?authuser=0&hl=en&rclk=1,
restaurant01526,A Sinh Restaurant,a sinh,restaurant,"Lao Chai, Sa Pa, Lao Cai 330000",Lao Cai,lao cai,22.302979,103.857455,0368 849 360 ,100000,"100,000",4.8,Restaurant,Restaurant,https://www.google.com/maps/place/A+Sinh+Restaurant/data=!4m7!3m6!1s0x36cd471567e45aa3:0xba2cce9274262fb0!8m2!3d22.302979!4d103.857455!16s%2Fg%2F11fm3b0ns1!19sChIJo1rkZxVHzTYRsC8mdJLOLLo?authuser=0&hl=en&rclk=1,
restaurant01527,Sa Mộc Restaurant & Cafe Bar,sa moc cafe bar,restaurant,"Ta Van, Sa Pa, Lao Cai",Lao Cai,lao cai,22.3003893,103.8921529,0948 987 206 ,200000,"200,000",4.6,Coffee Shop,Restaurant,https://www.google.com/maps/place/Sa+M%E1%BB%99c+Restaurant+%26+Cafe+Bar/data=!4m7!3m6!1s0x36cd470ac7c9b44f:0x36fd7959a4decc28!8m2!3d22.3003893!4d103.8921529!16s%2Fg%2F11f75__1xq!19sChIJT7TJxwpHzTYRKMzepFl5_TY?authuser=0&hl=en&rclk=1,
restaurant01528,Cúc restaurant & Coffee,cuc coffee,restaurant,"8V68+6R, Lao Chải, Sa Pa, Lào Cai",Lào Cai,lao cai,22.310178,103.867921,,100000,"100,000",4.9,Coffee Shop,Restaurant,https://www.google.com/maps/place/C%C3%BAc+restaurant+%26+Coffee/data=!4m7!3m6!1s0x36cd41004e5c282d:0x6ad5057812660fc5!8m2!3d22.310178!4d103.867921!16s%2Fg%2F11vx4rqgqy!19sChIJLShcTgBBzTYRxQ9mEngF1Wo?authuser=0&hl=en&rclk=1,
restaurant01529,Muong Hoa Food & Drink,muong hoa drink,restaurant,"Hoà, Sử Pán, Mường Hoa, Sa Pa, Lào Cai",Lào Cai,lao cai,22.2947997,103.922454,0982 897 736 ,100000,"100,000",5.0,Restaurant,Restaurant,https://www.google.com/maps/place/Muong+Hoa+Food+%26+Drink/data=!4m7!3m6!1s0x36cd39672e9714f1:0x7c968261ec452059!8m2!3d22.2947997!4d103.922454!16s%2Fg%2F11svldqq49!19sChIJ8RSXLmc5zTYRWSBF7GGClnw?authuser=0&hl=en&rclk=1,https://sapahomestay-peacehome.com/restaurant-muang-hoa-food-drink/
restaurant01530,Manh Dien Restaurant,manh dien,restaurant,"8VFM+84X, Mường Hoa, Sa Pa, Lào Cai",Lào Cai,lao cai,22.3233516,103.8828583,0943 965 569 ,100000,"100,000",4.2,Restaurant,Restaurant,https://www.google.com/maps/place/Manh+Dien+Restaurant/data=!4m7!3m6!1s0x36cd40c3ac132dfb:0x2abe3a4e526c9d75!8m2!3d22.3233516!4d103.8828583!16s%2Fg%2F11f3nk1lq1!19sChIJ-y0TrMNAzTYRdZ1sUk46vio?authuser=0&hl=en&rclk=1,
restaurant01531,Hmong Farmstay Restaurant & Café,hmong farmstay cafe,restaurant,"7WWC+VG5, Mường Hoa, Sa Pa, Lào Cai",Lào Cai,lao cai,22.2971267,103.9214192,0384 590 207 ,100000,"100,000",5.0,Restaurant,Restaurant,https://www.google.com/maps/place/Hmong+Farmstay+Restaurant+%26+Caf%C3%A9/data=!4m7!3m6!1s0x36cd3900015f9263:0xfaa215bf525b5c5d!8m2!3d22.2971267!4d103.9214192!16s%2Fg%2F11xcvyfvg6!19sChIJY5JfAQA5zTYRXVxbUr8Vovo?authuser=0&hl=en&rclk=1,https://www.google.com/search?q=Hmong+farmstay&stick=H4sIAAAAAAAA_-NgU1I1qDA2S04xtkhMtkgyTDMyNTS2MqgwSTRLNTA0SzW2NDKyTEtNXMTK55Gbn5eukJZYlFtcklgJAF1BMAY6AAAA&hl=vi&mat=CVftFkAUx95_ElcBmzl_pd_VkkTkf8_PIwgUtLyqowlmCCfRWnR3ill4bmIilrSocMo6aKxbfQxq7d5BWe315zZ4dsun1ko1NcJV63r4b42YalADaf4JK1uvT4zMELm-ibs&authuser=1
restaurant01532,Eco Villas Restaurant & Café,eco villas cafe,restaurant,"Mường Hoa, Sa Pa, Lao Cai 331000",Lao Cai,lao cai,22.2934976,103.9165892,0867 616 186 ,400000,"400,000",4.7,Restaurant,Restaurant,https://www.google.com/maps/place/Eco+Villas+Restaurant+%26+Caf%C3%A9/data=!4m7!3m6!1s0x36cd39dd2f987b67:0x9f19b44006de90f9!8m2!3d22.2934976!4d103.9165892!16s%2Fg%2F11h15_hvj9!19sChIJZ3uYL905zTYR-ZDeBkC0GZ8?authuser=0&hl=en&rclk=1,
restaurant01533,Sapa Eco Restaurant & Bar,sapa eco bar,restaurant,"Ta Van, Sa Pa, Lao Cai 330000",Lao Cai,lao cai,22.3062889,103.88773,0986 447 386 ,200000,"200,000",4.4,Bar/Pub,Restaurant,https://www.google.com/maps/place/Sapa+Eco+Restaurant+%26+Bar/data=!4m7!3m6!1s0x36cd41df11c17401:0xbe8fcf80e6d9445f!8m2!3d22.3062889!4d103.88773!16s%2Fg%2F11j7ylyz9p!19sChIJAXTBEd9BzTYRX0TZ5oDPj74?authuser=0&hl=en&rclk=1,
restaurant01534,Little Restaurant,little,restaurant,"Thôn Hang Đá, Mường Hoa, Sa Pa, Lào Cai",Lào Cai,lao cai,22.3246871,103.881466,0943 530 620 ,100000,"100,000",5.0,Restaurant,Restaurant,https://www.google.com/maps/place/Little+Restaurant/data=!4m7!3m6!1s0x36cd41000395b4af:0x5573c018ce53ad50!8m2!3d22.3246871!4d103.881466!16s%2Fg%2F11w24d12nk!19sChIJr7SVAwBBzTYRUK1TzhjAc1U?authuser=0&hl=en&rclk=1,
restaurant01535,Ha Linh Restaurant,ha linh,restaurant,"8W23+3Q8, Mường Hoa, Sa Pa, Lào Cai",Lào Cai,lao cai,22.3001631,103.9044532,0335 428 472 ,100000,"100,000",3.7,Restaurant,Restaurant,https://www.google.com/maps/place/Ha+Linh+Restaurant/data=!4m7!3m6!1s0x36cd47638759cead:0xf3de2396657c78d2!8m2!3d22.3001631!4d103.9044532!16s%2Fg%2F11f60zd4mt!19sChIJrc5Zh2NHzTYR0nh8ZZYj3vM?authuser=0&hl=en&rclk=1,
restaurant01536,Ngọc Liên Restaurant,ngoc lien,restaurant,"Hoàng Liên, tt, TT. Sa Pa, Sa Pa, Lào Cai",Lào Cai,lao cai,22.3098155,103.8758942,0915 238 582 ,200000,"200,000",3.7,Restaurant,Restaurant,https://www.google.com/maps/place/Ng%E1%BB%8Dc+Li%C3%AAn+Restaurant/data=!4m7!3m6!1s0x36cd46dbffff65b7:0xb0446b4edc04fcf6!8m2!3d22.3098155!4d103.8758942!16s%2Fg%2F11g6xbhrls!19sChIJt2X__9tGzTYR9vwE3E5rRLA?authuser=0&hl=en&rclk=1,
restaurant01537,Daydream Café & Restaurant,daydream cafe,restaurant,"thôn Hòa Sử Pán 1, Sa Pa, Lào Cai 330000",Lào Cai,lao cai,22.2968094,103.9199459,0972 959 185 ,200000,"200,000",5.0,Restaurant,Restaurant,https://www.google.com/maps/place/Daydream+Caf%C3%A9+%26+Restaurant/data=!4m7!3m6!1s0x36cd39a65bac3d9b:0xa5b8f0e86149363e!8m2!3d22.2968094!4d103.9199459!16s%2Fg%2F11vx0zh1jb!19sChIJmz2sW6Y5zTYRPjZJYejwuKU?authuser=0&hl=en&rclk=1,
restaurant01538,Le Gecko Café,le gecko,cafe,"02 Ngũ Chỉ Sơn, TT. Sa Pa, Sa Pa, Lào Cai 330000",Lào Cai,lao cai,22.3366201,103.8441398,0214 3871 224 ,200000,"200,000",4.6,Coffee Shop,Restaurant,https://www.google.com/maps/place/Le+Gecko+Caf%C3%A9/data=!4m7!3m6!1s0x36cd416c8147d495:0x9422d8a2d66896cf!8m2!3d22.3366201!4d103.8441398!16s%2Fg%2F11bztvb5vq!19sChIJldRHgWxBzTYRz5Zo1qLYIpQ?authuser=0&hl=en&rclk=1,https://legeckosapa.com/
restaurant01539,Cong Coffee,cong,cafe,"37 Xuân Viên, TT. Sa Pa, Sa Pa, Lào Cai",Lào Cai,lao cai,22.3362676,103.8430089,0911 811 154 ,100000,"100,000",4.5,Coffee Shop,Restaurant,https://www.google.com/maps/place/Cong+Coffee/data=!4m7!3m6!1s0x36cd416c9914151f:0x6685956f5d3456d5!8m2!3d22.3362676!4d103.8430089!16s%2Fg%2F11fyzfptv1!19sChIJHxUUmWxBzTYR1VY0XW-VhWY?authuser=0&hl=en&rclk=1,http://congcaphe.com/
restaurant01540,Cafe 1600 — Sapa Cloud Hunting Cafe,1600 sapa cloud hunting,cafe,"8VF4+WV, Lao Chải, Sa Pa, Lào Cai",Lào Cai,lao cai,22.324836,103.857246,0932 231 199 ,300000,"300,000",4.3,Coffee Shop,Restaurant,https://www.google.com/maps/place/Cafe+1600+%E2%80%94+Sapa+Cloud+Hunting+Cafe/data=!4m7!3m6!1s0x36cd4189eaa1731b:0x880c1eaacaa9dc01!8m2!3d22.324836!4d103.857246!16s%2Fg%2F11k4rv76p2!19sChIJG3Oh6olBzTYRAdypyqoeDIg?authuser=0&hl=en&rclk=1,https://www.facebook.com/TusDeLiab
restaurant01541,THE MIST SAPA,the mist sapa,restaurant,"11A phố Thác Bạc, TT. Sa Pa, Sa Pa, Lào Cai 330000",Lào Cai,lao cai,22.3356122,103.8381765,0708 742 165 ,100000,"100,000",4.9,Coffee Shop,Restaurant,https://www.google.com/maps/place/THE+MIST+SAPA/data=!4m7!3m6!1s0x36cd415e42329ec3:0x604dfa9378e2843!8m2!3d22.3356122!4d103.8381765!16s%2Fg%2F11rpkjq3jm!19sChIJw54yQl5BzTYRQyiON6nfBAY?authuser=0&hl=en&rclk=1,https://m.facebook.com/themistsapa/
restaurant01542,Tiệm Trà Sữa Art House Sapa,tiem tra sua art use sapa,lake,"573 Đường Điện Biên Phủ, TT. Sa Pa, Sa Pa, Lào Cai",Lào Cai,lao cai,22.3384045,103.8510746,0813 014 014 ,100000,"100,000",4.9,Tea Shop,Restaurant,https://www.google.com/maps/place/Ti%E1%BB%87m+Tr%C3%A0+S%E1%BB%AFa+Art+House+Sapa/data=!4m7!3m6!1s0x36cd412bb5121a41:0x1302e36cc1ae163b!8m2!3d22.3384045!4d103.8510746!16s%2Fg%2F11n95t0v0j!19sChIJQRoStStBzTYROxauwWzjAhM?authuser=0&hl=en&rclk=1,https://www.facebook.com/arthousesapatiem026
restaurant01543,Coóng Coffee and Music,coong and music,cafe,"6 Đ. Thạch Sơn, TT. Sa Pa, Sa Pa, Lào Cai",Lào Cai,lao cai,22.3358425,103.843266,0941 058 998 ,100000,"100,000",4.2,Coffee Shop,Restaurant,https://www.google.com/maps/place/Co%C3%B3ng+Coffee+and+Music/data=!4m7!3m6!1s0x36cd4152b72f37c3:0x124c0a171948d34b!8m2!3d22.3358425!4d103.843266!16s%2Fg%2F11jyfxzkrw!19sChIJwzcvt1JBzTYRS9NIGRcKTBI?authuser=0&hl=en&rclk=1,
restaurant01544,Cà Phê Bao Cấp 1977,bao cap 1977,cafe,"073 Xuân Viên, TT. Sa Pa, Sa Pa, Lào Cai 19000",Lào Cai,lao cai,22.3372793,103.8440396,0868 268 668 ,100000,"100,000",3.8,Coffee Shop,Restaurant,https://www.google.com/maps/place/C%C3%A0+Ph%C3%AA+Bao+C%E1%BA%A5p+1977/data=!4m7!3m6!1s0x36cd4102599fa7b7:0x368d1e0f13a56f4a!8m2!3d22.3372793!4d103.8440396!16s%2Fg%2F11j253kg68!19sChIJt6efWQJBzTYRSm-lEw8ejTY?authuser=0&hl=en&rclk=1,
restaurant01545,The Pine Forest Sapa,the pine forest sapa,restaurant,"03 Nguyễn Chí Thanh, TT. Sa Pa, Sa Pa, Lào Cai 330000",Lào Cai,lao cai,22.3363648,103.8372881,0989 656 267 ,100000,"100,000",5.0,Coffee Shop,Restaurant,https://www.google.com/maps/place/The+Pine+Forest+Sapa/data=!4m7!3m6!1s0x36cd41007be42a7f:0xc6d0d2d0ce949914!8m2!3d22.3363648!4d103.8372881!16s%2Fg%2F11w485y174!19sChIJfyrkewBBzTYRFJmUztDS0MY?authuser=0&hl=en&rclk=1,
restaurant01546,Fansipan Terrace Cafe & Foods,fansipan terrace cafe s,restaurant,"67 Fansipan, TT. Sa Pa, Sa Pa, Lào Cai",Lào Cai,lao cai,22.3326387,103.8385174,0836 047 819 ,200000,"200,000",4.6,Coffee Shop,Restaurant,https://www.google.com/maps/place/Fansipan+Terrace+Cafe+%26+Foods/data=!4m7!3m6!1s0x36cd41d5a2d16d5f:0xea662cf63cf6710b!8m2!3d22.3326387!4d103.8385174!16s%2Fg%2F11thjfbwvw!19sChIJX23RotVBzTYRC3H2PPYsZuo?authuser=0&hl=en&rclk=1,https://www.facebook.com/FansipanTerraceCafe
restaurant01547,Cộng Cà Phê,cong,cafe,"27 Ng. Cầu Mây, TT. Sa Pa, Sa Pa, Lào Cai",Lào Cai,lao cai,22.3339369,103.8422,0911 606 538 ,100000,"100,000",4.7,Coffee Shop,Restaurant,https://www.google.com/maps/place/C%E1%BB%99ng+C%C3%A0+Ph%C3%AA/data=!4m7!3m6!1s0x36cd412429a31cab:0x9b31feaa42bc84fb!8m2!3d22.3339369!4d103.8422!16s%2Fg%2F11kqy4qh3f!19sChIJqxyjKSRBzTYR-4S8Qqr-MZs?authuser=0&hl=en&rclk=1,https://congcaphe.com/
restaurant01548,Hầu Thào Villa & Coffee,hau thao villa,cafe,"Unnamed Road, Lao Chải, Sa Pa, Lào Cai",Lào Cai,lao cai,22.3213759,103.8682222,0812 256 789 ,100000,"100,000",4.6,Coffee Shop,Restaurant,https://www.google.com/maps/place/H%E1%BA%A7u+Th%C3%A0o+Villa+%26+Coffee/data=!4m7!3m6!1s0x36cd41b78cfb2f9b:0x34437f9686b251e1!8m2!3d22.3213759!4d103.8682222!16s%2Fg%2F11rbp_r_r_!19sChIJmy_7jLdBzTYR4VGyhpZ_QzQ?authuser=0&hl=en&rclk=1,
restaurant01549,Viettrekking Coffee & Restaurant,viettrekking coffee,restaurant,"33 Hoàng Liên, TT. Sa Pa, Sa Pa, Lào Cai 333320",Lào Cai,lao cai,22.3338088,103.836661,,100000,"100,000",4.3,Coffee Shop,Restaurant,https://www.google.com/maps/place/Viettrekking+Coffee+%26+Restaurant/data=!4m7!3m6!1s0x36cd416bc3f69197:0xb553ed7165707e06!8m2!3d22.3338088!4d103.836661!16s%2Fg%2F11gd_1wv7_!19sChIJl5H2w2tBzTYRBn5wZXHtU7U?authuser=0&hl=en&rclk=1,
restaurant01550,Gem Valley - Art Gallery (Coffee & Homestay),gem valley art gallery homestay,cafe,"08 Cat Cat, San Sả Hồ, Sa Pa, Lào Cai",Lào Cai,lao cai,22.3309962,103.8348468,0912 849 753 ,100000,"100,000",4.9,Coffee Shop,Restaurant,https://www.google.com/maps/place/Gem+Valley+-+Art+Gallery+%28Coffee+%26+Homestay%29/data=!4m7!3m6!1s0x36cd410020a3887b:0xb142c5761326762a!8m2!3d22.3309962!4d103.8348468!16s%2Fg%2F11vpf6f7zw!19sChIJe4ijIABBzTYRKnYmE3bFQrE?authuser=0&hl=en&rclk=1,
restaurant01551,Aloha Coffee & Fastfood,aloha coffee fast,restaurant,"08B Ngũ Chỉ Sơn, TT. Sa Pa, Sa Pa, Lào Cai 330000",Lào Cai,lao cai,22.336653,103.8446176,0914 499 607 ,100000,"100,000",4.8,Coffee Shop,Restaurant,https://www.google.com/maps/place/Aloha+Coffee+%26+Fastfood/data=!4m7!3m6!1s0x36cd413c649a56e7:0x3bcf008709baf682!8m2!3d22.336653!4d103.8446176!16s%2Fg%2F11tdnv5vkc!19sChIJ51aaZDxBzTYRgva6CYcAzzs?authuser=0&hl=en&rclk=1,https://www.facebook.com/alohacoffe?mibextid=LQQJ4d
restaurant01552,Phansi Coffee,phansi,cafe,"Cầu Mây, Ngo 66 Violet, TT. Sa Pa, Sa Pa, Lào Cai 31100",Lào Cai,lao cai,22.3251667,103.8452998,0913 885 812 ,100000,"100,000",4.8,Coffee Shop,Restaurant,https://www.google.com/maps/place/Phansi+Coffee/data=!4m7!3m6!1s0x36cd41007fa3cf47:0x8fbc573fddd199a1!8m2!3d22.3251667!4d103.8452998!16s%2Fg%2F11y685fzsv!19sChIJR8-jfwBBzTYRoZnR3T9XvI8?authuser=0&hl=en&rclk=1,https://www.facebook.com/share/176RC8D1N9/
restaurant01553,"Lofita 247 Nguyen Thai Hoc - Tea & Coffee, Best View in Ha Giang",lofita 247 nguyen thai hoc tea best view in ha giang,cafe,"247 Nguyễn Thái Học, P. Trần Phú, Hà Giang",Hà Giang,ha giang,22.8295556,104.9858971,0941 145 128 ,100000,"100,000",4.9,Coffee Shop,Restaurant,"https://www.google.com/maps/place/Lofita+247+Nguyen+Thai+Hoc+-+Tea+%26+Coffee,+Best+View+in+Ha+Giang/data=!4m7!3m6!1s0x36cc79970834c019:0x150f2adf57d4dee4!8m2!3d22.8295556!4d104.9858971!16s%2Fg%2F11j37603c3!19sChIJGcA0CJd5zDYR5N7UV98qDxU?authuser=0&hl=en&rclk=1",http://lofita.vn/
restaurant01554,Old Town Coffee Dong Van,old town dong van,cafe,"02 đường Nguyễn Trãi, Đồng Văn, Hà Giang",Hà Giang,ha giang,23.279526,105.3610162,0945 051 994 ,100000,"100,000",4.2,Coffee Shop,Restaurant,https://www.google.com/maps/place/Old+Town+Coffee+Dong+Van/data=!4m7!3m6!1s0x36cbe72a63f90683:0x9a7a83a8c634b83!8m2!3d23.279526!4d105.3610162!16s%2Fg%2F1tdwnd80!19sChIJgwb5YyrnyzYRg0tjjDqopwk?authuser=0&hl=en&rclk=1,https://www.facebook.com/profile.php?id=100085573906950
restaurant01555,Lychee coffee Hà Giang,lychee ha giang,cafe,"31 Đ. Lý Thường Kiệt, Tổ 15, Hà Giang",Hà Giang,ha giang,22.8352085,104.9896229,0384 516 986 ,100000,"100,000",5.0,Coffee Shop,Restaurant,https://www.google.com/maps/place/Lychee+coffee+H%C3%A0+Giang/data=!4m7!3m6!1s0x36cc790052bdbf5d:0x43bcc225735ac889!8m2!3d22.8352085!4d104.9896229!16s%2Fg%2F11xp5z5lhg!19sChIJXb-9UgB5zDYRichacyXCvEM?authuser=0&hl=en&rclk=1,https://www.facebook.com/share/1N7LWaDo6h/?mibextid=wwXIfr
restaurant01556,H+ hà giang,h ha giang,restaurant,"545 đường Nguyễn Trãi, Tổ 5, Hà Giang, 20000",Hà Giang,ha giang,22.8309753,104.9832127,0913 978 311 ,100000,"100,000",4.1,Coffee Shop,Restaurant,https://www.google.com/maps/place/H%2B+h%C3%A0+giang/data=!4m7!3m6!1s0x36cc791525d1313f:0xa17e5a6faba5b395!8m2!3d22.8309753!4d104.9832127!16s%2Fg%2F11q_7gfg8m!19sChIJPzHRJRV5zDYRlbOlq29afqE?authuser=0&hl=en&rclk=1,https://www.facebook.com/H-H%C3%A0-Giang-106716371397246
restaurant01557,368 Coffee & Tea,368 tea,cafe,"36 Nguyễn Trãi, P. Nguyễn Trãi, Hà Giang, 20000",Hà Giang,ha giang,22.8054623,104.9789335,0833 382 323 ,100000,"100,000",4.5,Coffee Shop,Restaurant,https://www.google.com/maps/place/368+Coffee+%26+Tea/data=!4m7!3m6!1s0x36cc79bd674219f3:0x78b3e56ec8658e57!8m2!3d22.8054623!4d104.9789335!16s%2Fg%2F11llrlcgjp!19sChIJ8xlCZ715zDYRV45lyG7ls3g?authuser=0&hl=en&rclk=1,
restaurant01558,Tiamo Coffee,tiamo,cafe,"RXGM+XQF, P. Minh Khai, Hà Giang",Hà Giang,ha giang,22.8274335,104.9844154,,100000,"100,000",4.6,Coffee Shop,Restaurant,https://www.google.com/maps/place/Tiamo+Coffee/data=!4m7!3m6!1s0x36cc79083729f59f:0x46db493acb292aad!8m2!3d22.8274335!4d104.9844154!16s%2Fg%2F11g07ztc26!19sChIJn_UpNwh5zDYRrSopyzpJ20Y?authuser=0&hl=en&rclk=1,
restaurant01559,Vibe Cafe,vibe,cafe,"RXHP+CMH, P. Trần Phú, Hà Giang",Hà Giang,ha giang,22.8285534,104.9867483,0816 599 339 ,100000,"100,000",4.8,Coffee Shop,Restaurant,https://www.google.com/maps/place/Vibe+Cafe/data=!4m7!3m6!1s0x36cc79001fab88df:0x7b0abfa0ce63ec77!8m2!3d22.8285534!4d104.9867483!16s%2Fg%2F11wv_j7btq!19sChIJ34irHwB5zDYRd-xjzqC_Cns?authuser=0&hl=en&rclk=1,https://www.facebook.com/share/156zyWFZon/?mibextid=wwXIfr
restaurant01560,H”Mông Pub& Cafe,h mong pub,cafe,"237 Đường Bờ Sông, Tổ 07, Hà Giang, 310000",Hà Giang,ha giang,22.8296555,104.9851759,0972 005 989 ,100000,"100,000",4.8,Coffee Shop,Restaurant,https://www.google.com/maps/place/H%E2%80%9DM%C3%B4ng+Pub%26+Cafe/data=!4m7!3m6!1s0x36cc799fcb6392b3:0x217c42bd45e6aca1!8m2!3d22.8296555!4d104.9851759!16s%2Fg%2F11jtcnm6zj!19sChIJs5Jjy595zDYRoazmRb1CfCE?authuser=0&hl=en&rclk=1,
restaurant01561,Cafe Cuối Ngõ,cuoi ngo,cafe,"372 Lý Tự Trọng, P. Trần Phú, Hà Giang",Hà Giang,ha giang,22.8340407,104.9916905,0936 724 345 ,100000,"100,000",4.9,Coffee Shop,Restaurant,https://www.google.com/maps/place/Cafe+Cu%E1%BB%91i+Ng%C3%B5/data=!4m7!3m6!1s0x36cc79f967b7be95:0x24ca326438014cc4!8m2!3d22.8340407!4d104.9916905!16s%2Fg%2F11xclxk9tl!19sChIJlb63Z_l5zDYRxEwBOGQyyiQ?authuser=0&hl=en&rclk=1,
restaurant01562,Kingkoi 88 Coffee - Tea Hà Giang,kingkoi 88 tea ha giang,cafe,"Phương Thiện, Ha Giang, Hà Giang 310000",Hà Giang,ha giang,22.8012675,104.9773822,0946 668 234 ,100000,"100,000",4.5,Coffee Shop,Restaurant,https://www.google.com/maps/place/Kingkoi+88+Coffee+-+Tea+H%C3%A0+Giang/data=!4m7!3m6!1s0x36cc7957a03acfdf:0x5d1e4fc9d02eba6d!8m2!3d22.8012675!4d104.9773822!16s%2Fg%2F11vc25wgkp!19sChIJ3886oFd5zDYRbbou0MlPHl0?authuser=0&hl=en&rclk=1,
restaurant01563,Km0 Manh Ha Giang Cafe,km0 manh ha giang,cafe,"Cột mốc KM 0, P. Nguyễn Trãi, Hà Giang",Hà Giang,ha giang,22.827022,104.9845438,0919 513 558 ,100000,"100,000",4.3,Coffee Shop,Restaurant,https://www.google.com/maps/place/Km0+Manh+Ha+Giang+Cafe/data=!4m7!3m6!1s0x36cc79b4bea49475:0x959b609f1b77671b!8m2!3d22.827022!4d104.9845438!16s%2Fg%2F11fx8rkqgv!19sChIJdZSkvrR5zDYRG2d3G59gm5U?authuser=0&hl=en&rclk=1,
restaurant01564,Lyn Coffee,lyn,cafe,"394 Nguyễn Văn Linh, P. Quang Trung, Hà Giang",Hà Giang,ha giang,22.8466748,105.0081364,0962 781 699 ,100000,"100,000",4.9,Coffee Shop,Restaurant,https://www.google.com/maps/place/Lyn+Coffee/data=!4m7!3m6!1s0x36cc79003d94cedf:0xd788a90d0e6511aa!8m2!3d22.8466748!4d105.0081364!16s%2Fg%2F11wbcz0fl0!19sChIJ386UPQB5zDYRqhFlDg2piNc?authuser=0&hl=en&rclk=1,
restaurant01565,joie kafé,joie kafe,restaurant,"P. Trần Phú, Ha Giang, Hà Giang 20106",Hà Giang,ha giang,22.8280414,104.9851854,,100000,"100,000",4.9,Coffee Shop,Restaurant,https://www.google.com/maps/place/joie+kaf%C3%A9/data=!4m7!3m6!1s0x36cc7916d390e93d:0x381c222ae47a949d!8m2!3d22.8280414!4d104.9851854!16s%2Fg%2F11sy91g91d!19sChIJPemQ0xZ5zDYRnZR65CoiHDg?authuser=0&hl=en&rclk=1,https://www.facebook.com/Joie-kaf%C3%A9-438103163671278
restaurant01566,Pao Coffee Ngọc Hà,pao ngoc ha,cafe,"626 Đ. Lý Thường Kiệt, Ngọc Hà, Hà Giang, 310000",Hà Giang,ha giang,22.8369898,105.0160969,0963 661 499 ,200000,"200,000",4.7,Coffee Shop,Restaurant,https://www.google.com/maps/place/Pao+Coffee+Ng%E1%BB%8Dc+H%C3%A0/data=!4m7!3m6!1s0x36cc7947c8f1903d:0x2fd366e68e260761!8m2!3d22.8369898!4d105.0160969!16s%2Fg%2F11twp_6nw1!19sChIJPZDxyEd5zDYRYQcmjuZm0y8?authuser=0&hl=en&rclk=1,
restaurant01567,Chay Coffee,chay,cafe,"Phương Thiện, Hà Giang",Hà Giang,ha giang,22.800739,104.9769633,0912 932 999 ,100000,"100,000",5.0,Vegetarian,Restaurant,https://www.google.com/maps/place/Chay+Coffee/data=!4m7!3m6!1s0x36cc79e4ebd947a7:0x4b3adf8dd0f7c4b6!8m2!3d22.800739!4d104.9769633!16s%2Fg%2F11vc53tx5c!19sChIJp0fZ6-R5zDYRtsT30I3fOks?authuser=0&hl=en&rclk=1,
restaurant01568,Nhà Bên Rừng,nha ben rung,restaurant,"319b 20 Tháng 8, P. Nguyễn Trãi, Hà Giang",Hà Giang,ha giang,22.8217634,104.969309,0916 370 578 ,100000,"100,000",4.9,Coffee Shop,Restaurant,https://www.google.com/maps/place/Nh%C3%A0+B%C3%AAn+R%E1%BB%ABng/data=!4m7!3m6!1s0x36cc790027c4b471:0x658be5d78a16275f!8m2!3d22.8217634!4d104.969309!16s%2Fg%2F11wxvr1jlz!19sChIJcbTEJwB5zDYRXycWitfli2U?authuser=0&hl=en&rclk=1,https://www.facebook.com/share/19pWZWnfs3/
restaurant01569,A Pao Coffee And Tea,a pao and tea,cafe,"06 Đường Minh Khai, P. Minh Khai, Hà Giang",Hà Giang,ha giang,22.8196084,104.9835052,0974 690 781 ,100000,"100,000",4.5,Coffee Shop,Restaurant,https://www.google.com/maps/place/A+Pao+Coffee+And+Tea/data=!4m7!3m6!1s0x36cc79dfef71e98f:0xe239b31d7b3477fa!8m2!3d22.8196084!4d104.9835052!16s%2Fg%2F11jzf004x7!19sChIJj-lx7995zDYR-nc0ex2zOeI?authuser=0&hl=en&rclk=1,
restaurant01570,"Trung Nguyên E-Coffee Phạm Ngọc Thạch, Minh Khai, Hà Giang",trung nguyen e pham ngoc thach minh khai ha giang,cafe,"91 Minh Khai, P. Minh Khai, Hà Giang",Hà Giang,ha giang,22.8181841,104.9868131,0922 514 514 ,100000,"100,000",5.0,Coffee Shop,Restaurant,"https://www.google.com/maps/place/Trung+Nguy%C3%AAn+E-Coffee+Ph%E1%BA%A1m+Ng%E1%BB%8Dc+Th%E1%BA%A1ch,+Minh+Khai,+H%C3%A0+Giang/data=!4m7!3m6!1s0x36cc79005b570ed5:0xb91d12f90349d61a!8m2!3d22.8181841!4d104.9868131!16s%2Fg%2F11x1pk406l!19sChIJ1Q5XWwB5zDYRGtZJA_kSHbk?authuser=0&hl=en&rclk=1",
restaurant01571,Coffee Việt,viet,cafe,"RX3H+Q2F, QL2, P. Nguyễn Trãi, Hà Giang",Hà Giang,ha giang,22.8044477,104.9775336,0912 701 780 ,100000,"100,000",4.7,Coffee Shop,Restaurant,https://www.google.com/maps/place/Coffee+Vi%E1%BB%87t/data=!4m7!3m6!1s0x36cc79d67950951f:0xd7e2962200f961e7!8m2!3d22.8044477!4d104.9775336!16s%2Fg%2F11gjgzh24c!19sChIJH5VQedZ5zDYR52H5ACKW4tc?authuser=0&hl=en&rclk=1,
restaurant01572,Love Coffee & Tea,love tea,cafe,"Khu đô thị Vincom Tổ Dân Phố Số 17, Ha Giang, Hà Giang",Hà Giang,ha giang,22.8333078,104.9891181,0985 501 502 ,100000,"100,000",5.0,Coffee Shop,Restaurant,https://www.google.com/maps/place/Love+Coffee+%26+Tea/data=!4m7!3m6!1s0x36cc790043c218fd:0x2bb78088edf767f7!8m2!3d22.8333078!4d104.9891181!16s%2Fg%2F11vwzb_6xc!19sChIJ_RjCQwB5zDYR92f37YiAtys?authuser=0&hl=en&rclk=1,
restaurant01573,KAFA Café,kafa,cafe,"1 Trần Quốc Toản, P. Nguyễn Trãi, Hà Giang",Hà Giang,ha giang,22.8284758,104.9837702,0219 3886 555 ,100000,"100,000",3.4,Coffee Shop,Restaurant,https://www.google.com/maps/place/KAFA+Caf%C3%A9/data=!4m7!3m6!1s0x36cc7936060db00f:0x5214eea9b9d7cd06!8m2!3d22.8284758!4d104.9837702!16s%2Fg%2F11s3y0yt8b!19sChIJD7ANBjZ5zDYRBs3XuanuFFI?authuser=0&hl=en&rclk=1,http://kafa.com.vn/
restaurant01574,Cafe Cổng Trời,cong troi,cafe,"QL - 4C, Quản Bạ, Hà Giang 310000",Hà Giang,ha giang,23.049249,104.9930951,,100000,"100,000",4.4,Coffee Shop,Restaurant,https://www.google.com/maps/place/Cafe+C%E1%BB%95ng+Tr%E1%BB%9Di/data=!4m7!3m6!1s0x36cc0ad0e783d6cf:0x5274be1247d401cc!8m2!3d23.049249!4d104.9930951!16s%2Fg%2F11f4hmjh1g!19sChIJz9aD59AKzDYRzAHURxK-dFI?authuser=0&hl=en&rclk=1,
restaurant01575,Phê Coffee,phe,cafe,"28 Đ. Lê Quý Đôn, P. Nguyễn Trãi, Hà Giang",Hà Giang,ha giang,22.8271086,104.982191,0888 363 263 ,100000,"100,000",3.8,Coffee Shop,Restaurant,https://www.google.com/maps/place/Ph%C3%AA+Coffee/data=!4m7!3m6!1s0x36cc79f56e44fff9:0xe4935b50f5a26064!8m2!3d22.8271086!4d104.982191!16s%2Fg%2F11vk_plww7!19sChIJ-f9EbvV5zDYRZGCi9VBbk-Q?authuser=0&hl=en&rclk=1,
restaurant01576,LiiNa CÀFÉ,liina,cafe,"207 Nguyễn Thái Học, Tổ dân phố số 7, Hà Giang",Hà Giang,ha giang,22.828735,104.9857411,,100000,"100,000",4.6,Coffee Shop,Restaurant,https://www.google.com/maps/place/LiiNa+C%C3%80F%C3%89/data=!4m7!3m6!1s0x36cc79c15aee07b7:0xc181168b61f6650c!8m2!3d22.828735!4d104.9857411!16s%2Fg%2F11svl90g1w!19sChIJtwfuWsF5zDYRDGX2YYsWgcE?authuser=0&hl=en&rclk=1,https://www.facebook.com/profile.php?id=100093448246882
restaurant01577,Bếp Việt - Hà Giang,bep viet ha giang,restaurant,"87E Nguyễn Thái Học, P. Minh Khai, Hà Giang, 310000",Hà Giang,ha giang,22.8229623,104.9855344,0963 130 000 ,200000,"200,000",4.4,Coffee Shop,Restaurant,https://www.google.com/maps/place/B%E1%BA%BFp+Vi%E1%BB%87t+-+H%C3%A0+Giang/data=!4m7!3m6!1s0x36cc793fa7b5c4a3:0x1a6056546c745f4b!8m2!3d22.8229623!4d104.9855344!16s%2Fg%2F11rv20c3w1!19sChIJo8S1pz95zDYRS190bFRWYBo?authuser=0&hl=en&rclk=1,http://facebook.com/bepviethagiang
restaurant01578,Meow Tea - Tea & coffe,meow tea tea coffe,cafe,"188 Đ. Trần Phú, P. Minh Khai, Hà Giang",Hà Giang,ha giang,22.825084,104.9878775,0979 090 826 ,100000,"100,000",4.9,Tea Shop,Restaurant,https://www.google.com/maps/place/Meow+Tea+-+Tea+%26+coffe/data=!4m7!3m6!1s0x36cc79f15fb9341d:0x6515b82966a46664!8m2!3d22.825084!4d104.9878775!16s%2Fg%2F11y22sh0zn!19sChIJHTS5X_F5zDYRZGakZim4FWU?authuser=0&hl=en&rclk=1,
restaurant01579,Lục Thảo Food & Drinks,luc thao drinks,restaurant,"89 Nguyễn Trãi, P. Nguyễn Trãi, Hà Giang",Hà Giang,ha giang,22.8121224,104.9798309,0945 666 995 ,100000,"100,000",4.9,Coffee Shop,Restaurant,https://www.google.com/maps/place/L%E1%BB%A5c+Th%E1%BA%A3o+Food+%26+Drinks/data=!4m7!3m6!1s0x36cc7900401acb61:0x8c81f9902e3ee916!8m2!3d22.8121224!4d104.9798309!16s%2Fg%2F11x0hnzh65!19sChIJYcsaQAB5zDYRFuk-LpD5gYw?authuser=0&hl=en&rclk=1,
restaurant01580,Tiệm chè ngon - Hejiang,tiem che ngon hejiang,restaurant,"Lx2 - Khu CIC, Nguyễn Thái Học, Tp. Hà Giang, Hà Giang",Hà Giang,ha giang,22.8233048,104.9861828,0385 200 289 ,100000,"100,000",5.0,Coffee Shop,Restaurant,https://www.google.com/maps/place/Ti%E1%BB%87m+ch%C3%A8+ngon+-+Hejiang/data=!4m7!3m6!1s0x36cc79000e0e8579:0x4b0aecc04d50010e!8m2!3d22.8233048!4d104.9861828!16s%2Fg%2F11yc009ht4!19sChIJeYUODgB5zDYRDgFQTcDsCks?authuser=0&hl=en&rclk=1,https://www.facebook.com/share/1YRHra4Ue4/?mibextid=wwXIfr
restaurant01581,DT Quán,dt quan,restaurant,"195 Đ. Trần Phú, P. Minh Khai, Hà Giang",Hà Giang,ha giang,22.82534,104.9877255,0333 434 299 ,100000,"100,000",4.9,Restaurant,Restaurant,https://www.google.com/maps/place/DT+Qu%C3%A1n/data=!4m7!3m6!1s0x36cc79f2c11dabf5:0xdfeccb6e3664faf2!8m2!3d22.82534!4d104.9877255!16s%2Fg%2F11s2k6l42c!19sChIJ9asdwfJ5zDYR8vpkNm7L7N8?authuser=0&hl=en&rclk=1,
restaurant01582,Zing House Cafe,zing house,cafe,"Đối diện Vincom Plaza, 425 Đ. Trần Phú, P. Trần Phú, Hà Giang, 310000",Hà Giang,ha giang,22.8336482,104.9886302,0866 101 004 ,100000,"100,000",3.7,Coffee Shop,Restaurant,https://www.google.com/maps/place/Zing+House+Cafe/data=!4m7!3m6!1s0x36cc79026953a3f9:0x1ca3e673af4d80af!8m2!3d22.8336482!4d104.9886302!16s%2Fg%2F11w3rklqc6!19sChIJ-aNTaQJ5zDYRr4BNr3Pmoxw?authuser=0&hl=en&rclk=1,
restaurant01583,479 BAKE & BREW,479 bake brew,restaurant,"RXMQ+VQW, 04 Đ. Lý Thường Kiệt, P. Trần Phú, Hà Giang, 310000",Hà Giang,ha giang,22.8346727,104.9894967,0829 880 099 ,100000,"100,000",4.0,Coffee Shop,Restaurant,https://www.google.com/maps/place/479+BAKE+%26+BREW/data=!4m7!3m6!1s0x36cc78345783a381:0x5044b32c13820e97!8m2!3d22.8346727!4d104.9894967!16s%2Fg%2F1tvdh2sk!19sChIJgaODVzR4zDYRlw6CEyyzRFA?authuser=0&hl=en&rclk=1,
restaurant01584,Nhà hàng ngỗng K9 Hà Giang,ngong k9 ha giang,restaurant,"90 20 Tháng 8, P. Nguyễn Trãi, Hà Giang",Hà Giang,ha giang,22.8273028,104.9779997,0982 573 582 ,200000,"200,000",4.7,Restaurant,Restaurant,https://www.google.com/maps/place/Nh%C3%A0+h%C3%A0ng+ng%E1%BB%97ng+K9+H%C3%A0+Giang/data=!4m7!3m6!1s0x36cc795fe7f6b15d:0xbd578e42c86c832!8m2!3d22.8273028!4d104.9779997!16s%2Fg%2F11s8mx378m!19sChIJXbH25195zDYRMsiGLOR41Qs?authuser=0&hl=en&rclk=1,
restaurant01585,Nhà Hàng Phố Đá ( Pho Da Restaurant - 餐厅 Phố Đá ),pho da pho da an ing pho da,restaurant,"53 Nguyễn Huệ, Tổ 5, Hà Giang, 310000",Hà Giang,ha giang,22.8307807,104.9827375,0972 428 772 ,200000,"200,000",4.4,Restaurant,Restaurant,https://www.google.com/maps/place/Nh%C3%A0+H%C3%A0ng+Ph%E1%BB%91+%C4%90%C3%A1+%28+Pho+Da+Restaurant+-+%E9%A4%90%E5%8E%85+Ph%E1%BB%91+%C4%90%C3%A1+%29/data=!4m7!3m6!1s0x36cc793e8f12a9f5:0xde17b82a540a12ee!8m2!3d22.8307807!4d104.9827375!16s%2Fg%2F11ss7kt73b!19sChIJ9akSjz55zDYR7hIKVCq4F94?authuser=0&hl=en&rclk=1,
restaurant01586,Trung Nguyên E-Coffee (15 Nguyễn Thái Học),trung nguyen e 15 nguyen thai hoc,cafe,"Sky Building, No.15 Nguyễn Thái Học, Street, Hà Giang, 310000",Hà Giang,ha giang,22.8203374,104.9839402,0376 028 369 ,100000,"100,000",4.9,Coffee Shop,Restaurant,https://www.google.com/maps/place/Trung+Nguy%C3%AAn+E-Coffee+%2815+Nguy%E1%BB%85n+Th%C3%A1i+H%E1%BB%8Dc%29/data=!4m7!3m6!1s0x36cc799407564279:0xb5376f54d16b28b!8m2!3d22.8203374!4d104.9839402!16s%2Fg%2F11trwm6pf7!19sChIJeUJWB5R5zDYRi7IWTfV2Uws?authuser=0&hl=en&rclk=1,
restaurant01587,Yolo Ha Giang Local Family Restaurant,yolo ha giang local family,restaurant,"39D Cau Me, Phương Thiện, Vị Xuyên, Hà Giang 310000",Hà Giang,ha giang,22.8004488,104.9819963,0859 891 316 ,100000,"100,000",4.7,Restaurant,Restaurant,https://www.google.com/maps/place/Yolo+Ha+Giang+Local+Family+Restaurant/data=!4m7!3m6!1s0x36cc791f6aa68fd9:0x387a2079c9a382f4!8m2!3d22.8004488!4d104.9819963!16s%2Fg%2F11kjj567sx!19sChIJ2Y-mah95zDYR9IKjyXkgejg?authuser=0&hl=en&rclk=1,http://rainbowhagiang.com/services-4
restaurant01588,Mai Hương Restaurant - Nha Trang,mai huong nha trang,restaurant,"22 Trần Quang Khải, Lộc Thọ, Nha Trang, Khánh Hòa 57106",Nha Trang,nha trang,12.2333338,109.195852,0382 037 487 ,1000000,"₫1,000,000",4.9,Restaurant,Restaurant,https://www.google.com/maps/place/Mai+H%C6%B0%C6%A1ng+Restaurant+-+Nha+Trang/data=!4m7!3m6!1s0x317067a3002ce2c1:0x49158083af30d8d5!8m2!3d12.2333338!4d109.195852!16s%2Fg%2F11l773fc86!19sChIJweIsAKNncDER1dgwr4OAFUk?authuser=0&hl=en&rclk=1,https://facebook.com/MaiHuongNhaTrang
restaurant01589,Little Corner Restaurant,little corner,restaurant,"47A Đ.Mạc Đĩnh Chi, Tân Tiến, Nha Trang, Khánh Hòa 650000",Nha Trang,nha trang,12.2415244,109.1861899,0782 500 942 ,100000,"100,000",4.6,Restaurant,Restaurant,https://www.google.com/maps/place/Little+Corner+Restaurant/data=!4m7!3m6!1s0x317067bb73806169:0x32cb1e334040a13c!8m2!3d12.2415244!4d109.1861899!16s%2Fg%2F11t82f3d5d!19sChIJaWGAc7tncDERPKFAQDMeyzI?authuser=0&hl=en&rclk=1,
restaurant01590,Egoist Mediterranean Restaurant,egoist mediterranean,restaurant,"12 Nguyễn Thiện Thuật, Tân Tiến, Nha Trang, Khánh Hòa 650000",Nha Trang,nha trang,12.2422257,109.1931826,0352 077 395 ,200000,"200,000",4.6,Restaurant,Restaurant,https://www.google.com/maps/place/Egoist+Mediterranean+Restaurant/data=!4m7!3m6!1s0x317067619b57c173:0x4a48696f8459e66c!8m2!3d12.2422257!4d109.1931826!16s%2Fg%2F11ks79bm5k!19sChIJc8FXm2FncDERbOZZhG9pSEo?authuser=0&hl=en&rclk=1,
restaurant01591,Alpaca homestyle cafe,alpaca homestyle,cafe,"10/1B Nguyễn Thiện Thuật, Lộc Thọ, Nha Trang, Khánh Hòa 650000",Nha Trang,nha trang,12.2411051,109.1932393,0367 282 982 ,200000,"200,000",4.8,Coffee Shop,Restaurant,https://www.google.com/maps/place/Alpaca+homestyle+cafe/data=!4m7!3m6!1s0x3170677b90990705:0x2b1370f651e3730c!8m2!3d12.2411051!4d109.1932393!16s%2Fg%2F11bw4h5v9b!19sChIJBQeZkHtncDERDHPjUfZwEys?authuser=0&hl=en&rclk=1,https://www.facebook.com/alpacanhatrang
restaurant01592,Set cafe,set,cafe,"92/25 Hùng Vương, Lộc Thọ, Nha Trang, Khánh Hòa 650000",Nha Trang,nha trang,12.237449,109.1946736,0913 367 786 ,200000,"200,000",4.8,Coffee Shop,Restaurant,https://www.google.com/maps/place/Set+cafe/data=!4m7!3m6!1s0x31706764cbbdb589:0x919b886b99da0c4d!8m2!3d12.237449!4d109.1946736!16s%2Fg%2F11g890k2c1!19sChIJibW9y2RncDERTQzamWuIm5E?authuser=0&hl=en&rclk=1,
restaurant01593,Cactus Bogosov Mexican Food,cactus bogosov mexican,restaurant,"176 Hùng Vương, Lộc Thọ, Nha Trang, Khánh Hòa 650000",Nha Trang,nha trang,12.2344494,109.1957092,0905 806 905 ,300000,"300,000",4.5,Restaurant,Restaurant,https://www.google.com/maps/place/Cactus+Bogosov+Mexican+Food/data=!4m7!3m6!1s0x31706764c963f573:0xfc4becfa0b654323!8m2!3d12.2344494!4d109.1957092!16s%2Fg%2F11b77vwyky!19sChIJc_VjyWRncDERI0NlC_rsS_w?authuser=0&hl=en&rclk=1,
restaurant01594,YASHODA INDIAN RESTAURANT,yashoda indian,restaurant,"119 Nguyễn Thiện Thuật, Tân Tiến, Nha Trang, Khánh Hòa 650000",Nha Trang,nha trang,12.2376831,109.1938659,0946 417 000 ,200000,"200,000",4.7,Restaurant,Restaurant,https://www.google.com/maps/place/YASHODA+INDIAN+RESTAURANT/data=!4m7!3m6!1s0x3170677c82806183:0x9ba8faf453e75ada!8m2!3d12.2376831!4d109.1938659!16s%2Fg%2F11g6p2z2s9!19sChIJg2GAgnxncDER2lrnU_T6qJs?authuser=0&hl=en&rclk=1,
restaurant01595,Street Food Restaurant,street,restaurant,"1a Biệt Thự, Lộc Thọ, Nha Trang, Khánh Hòa 650000",Nha Trang,nha trang,12.2358035,109.1968428,,200000,"200,000",4.5,Restaurant,Restaurant,https://www.google.com/maps/place/Street+Food+Restaurant/data=!4m7!3m6!1s0x3170671fdf72c321:0xa97f913d23a78d52!8m2!3d12.2358035!4d109.1968428!16s%2Fg%2F11k58ct_y0!19sChIJIcNy3x9ncDERUo2nIz2Rf6k?authuser=0&hl=en&rclk=1,
restaurant01596,Tuan’s Vietnamese Cuisine,tuan s vietnamese cuisine,restaurant,"05 Trần Quang Khải, Lộc Thọ, Nha Trang, Khánh Hòa 650000",Nha Trang,nha trang,12.2333154,109.1968224,0792 881 688 ,200000,"200,000",4.7,Restaurant,Restaurant,https://www.google.com/maps/place/Tuan%E2%80%99s+Vietnamese+Cuisine/data=!4m7!3m6!1s0x317067f6ddd3a817:0x5f34be1ce3f131fa!8m2!3d12.2333154!4d109.1968224!16s%2Fg%2F11flc6gqpr!19sChIJF6jT3fZncDER-jHx4xy-NF8?authuser=0&hl=en&rclk=1,
restaurant01597,Nha Trang Restaurants,nha trang s,restaurant,"26 Trần Quang Khải, Lộc Thọ, Nha Trang, Khánh Hòa 650000",Nha Trang,nha trang,12.2333012,109.1954889,,200000,"200,000",4.7,Restaurant,Restaurant,https://www.google.com/maps/place/Nha+Trang+Restaurants/data=!4m7!3m6!1s0x31706764ed2effff:0x49d9021dc29bacb!8m2!3d12.2333012!4d109.1954889!16s%2Fg%2F11hylcz10m!19sChIJ__8u7WRncDERy7op3CGQnQQ?authuser=0&hl=en&rclk=1,
restaurant01598,COCOBAY RESTAURANT,cocobay,restaurant,"30/16 Hùng Vương, Lộc Thọ, Nha Trang, Khánh Hòa 650000",Nha Trang,nha trang,12.2395474,109.194365,0944 753 979 ,200000,"200,000",4.7,Restaurant,Restaurant,https://www.google.com/maps/place/COCOBAY+RESTAURANT/data=!4m7!3m6!1s0x317067007529e0e5:0xf5f15465305ca501!8m2!3d12.2395474!4d109.194365!16s%2Fg%2F11xn_zgmsf!19sChIJ5eApdQBncDERAaVcMGVU8fU?authuser=0&hl=en&rclk=1,
restaurant01599,LÀNG NGON - Vietnamese Cuisine & Seafood Restaurant,lang ngon vietnamese cuisine sea,restaurant,"Hẻm 83 Nguyễn Thị Minh Khai, Tân Tiến, Nha Trang, Khánh Hòa 650000",Nha Trang,nha trang,12.2360079,109.1895581,0913 504 319 ,300000,"300,000",4.5,Restaurant,Restaurant,https://www.google.com/maps/place/L%C3%80NG+NGON+-+Vietnamese+Cuisine+%26+Seafood+Restaurant/data=!4m7!3m6!1s0x3170677d366d1eb7:0xe82e9fa227c6013e!8m2!3d12.2360079!4d109.1895581!16s%2Fg%2F11cs5g2l5g!19sChIJtx5tNn1ncDERPgHGJ6KfLug?authuser=0&hl=en&rclk=1,https://langngon.com/
restaurant01600,Restaurant Cilantro,cilantro,restaurant,"113 Hùng Vương, Lộc Thọ, Nha Trang, Khánh Hòa 57000",Nha Trang,nha trang,12.2336022,109.1960995,,200000,"200,000",4.6,Restaurant,Restaurant,https://www.google.com/maps/place/Restaurant+Cilantro/data=!4m7!3m6!1s0x31706700030ddad7:0xefd52b36b1eff8cc!8m2!3d12.2336022!4d109.1960995!16s%2Fg%2F11y3mc4gb5!19sChIJ19oNAwBncDERzPjvsTYr1e8?authuser=0&hl=en&rclk=1,
restaurant01601,Armenia Nha Trang,armenia nha trang,restaurant,"120/32 Nguyễn Thiện Thuật, Tân Tiến, Nha Trang, Khánh Hòa 650000",Nha Trang,nha trang,12.2330304,109.1944048,0898 420 748 ,300000,"300,000",4.6,Restaurant,Restaurant,https://www.google.com/maps/place/Armenia+Nha+Trang/data=!4m7!3m6!1s0x3170676b619ea7f3:0x131223d881c6a472!8m2!3d12.2330304!4d109.1944048!16s%2Fg%2F11sbv96m02!19sChIJ86eeYWtncDERcqTGgdgjEhM?authuser=0&hl=en&rclk=1,
restaurant01602,SHANTARAM,shantaram,restaurant,"3 Đ. Phạm Ngọc Thạch, Vĩnh Hải, Nha Trang, Khánh Hòa 650000",Nha Trang,nha trang,12.2807677,109.2022094,0338 724 374 ,200000,"200,000",4.5,Restaurant,Restaurant,https://www.google.com/maps/place/SHANTARAM/data=!4m7!3m6!1s0x317067e53b2beb77:0xf2ebd60dcd273062!8m2!3d12.2807677!4d109.2022094!16s%2Fg%2F11fy2tgxzd!19sChIJd-srO-VncDERYjAnzQ3W6_I?authuser=0&hl=en&rclk=1,
restaurant01603,Phyto Bistro vegan & vegetarian healthy restaurant 건강식 식당,phyto bistro vegan vegetarian healthy geongangsig sigdang,restaurant,"8/16 Nguyễn Thiện Thuật, Tân Tiến, Nha Trang, Khánh Hòa 650000",Nha Trang,nha trang,12.2415445,109.192774,0852 019 016 ,200000,"200,000",5.0,Vegetarian,Restaurant,https://www.google.com/maps/place/Phyto+Bistro+vegan+%26+vegetarian+healthy+restaurant+%EA%B1%B4%EA%B0%95%EC%8B%9D+%EC%8B%9D%EB%8B%B9/data=!4m7!3m6!1s0x31705d9bace2cd49:0xce68ea8bf5bf3019!8m2!3d12.2415445!4d109.192774!16s%2Fg%2F11sshddwvy!19sChIJSc3irJtdcDERGTC_9YvqaM4?authuser=0&hl=en&rclk=1,https://www.facebook.com/phytobistronhatrang
restaurant01604,Sam Lor Thai Restaurant Nha Trang,sam lor thai nha trang,restaurant,"76 Đống Đa, Tân Tiến, Nha Trang, Khánh Hòa 650000",Nha Trang,nha trang,12.2390478,109.1920757,0931 887 289 ,300000,"300,000",4.5,Restaurant,Restaurant,https://www.google.com/maps/place/Sam+Lor+Thai+Restaurant+Nha+Trang/data=!4m7!3m6!1s0x3170674e11d120a5:0xdb34a6b586005797!8m2!3d12.2390478!4d109.1920757!16s%2Fg%2F11j0w944_z!19sChIJpSDREU5ncDERl1cAhrWmNNs?authuser=0&hl=en&rclk=1,https://www.facebook.com/nhahangthaituktuknhatrang/
restaurant01605,man restaurant,man,restaurant,"47 Đống Đa, Tân Tiến, Nha Trang, Khánh Hòa 650000",Nha Trang,nha trang,12.2401642,109.1910975,0912 009 009 ,200000,"200,000",4.8,Restaurant,Restaurant,https://www.google.com/maps/place/man+restaurant/data=!4m7!3m6!1s0x3170670ba892b939:0x720af7f3f501d4a!8m2!3d12.2401642!4d109.1910975!16s%2Fg%2F11l5cf3zyb!19sChIJObmSqAtncDERSh1QP3-vIAc?authuser=0&hl=en&rclk=1,
restaurant01606,Taco Tim's,taco tim s,restaurant,"105 Nguyễn Thiện Thuật, Lộc Thọ, Nha Trang, Khánh Hòa 650000",Nha Trang,nha trang,12.2380861,109.1937331,0935 773 856 ,200000,"200,000",4.4,Restaurant,Restaurant,https://www.google.com/maps/place/Taco+Tim%27s/data=!4m7!3m6!1s0x317067b3d720fac3:0x3e857aa92dcf07ba!8m2!3d12.2380861!4d109.1937331!16s%2Fg%2F11t4_dglrj!19sChIJw_og17NncDERugfPLal6hT4?authuser=0&hl=en&rclk=1,
restaurant01607,I Like Buffet Restaurant,i like buffet,restaurant,"61 Đặng Tất, Vĩnh Phước, Nha Trang, Khánh Hòa 650000",Nha Trang,nha trang,12.2762557,109.1992034,0886 838 000 ,300000,"300,000",4.9,Restaurant,Restaurant,https://www.google.com/maps/place/I+Like+Buffet+Restaurant/data=!4m7!3m6!1s0x3170676263f002fd:0xaf69315a64629364!8m2!3d12.2762557!4d109.1992034!16s%2Fg%2F11fm3cx9_l!19sChIJ_QLwY2JncDERZJNiZFoxaa8?authuser=0&hl=en&rclk=1,https://ilikebuffet.com/
restaurant01608,indy’s kitchen,indy s kitchen,restaurant,"39 Đ. Phạm Ngọc Thạch, Vĩnh Hải, Nha Trang, Khánh Hòa 650000",Nha Trang,nha trang,12.2807814,109.2004504,,300000,"300,000",4.7,Restaurant,Restaurant,https://www.google.com/maps/place/indy%E2%80%99s+kitchen/data=!4m7!3m6!1s0x317067ddd7a06669:0x97f065447d6c2475!8m2!3d12.2807814!4d109.2004504!16s%2Fg%2F11hdj73n5b!19sChIJaWag191ncDERdSRsfURl8Jc?authuser=0&hl=en&rclk=1,http://pf.kakao.com/_bfrUn
restaurant01609,I'm Steak Restaurant,i m steak,restaurant,"174A, Ngô Gia Tự, Nha Trang, Khánh Hòa 57124",Nha Trang,nha trang,12.2408451,109.1878249,0914 991 649 ,200000,"200,000",4.4,Tea Shop,Restaurant,https://www.google.com/maps/place/I%27m+Steak+Restaurant/data=!4m7!3m6!1s0x31705d7aff54c6ff:0x406d9bcfaf9fdac6!8m2!3d12.2408451!4d109.1878249!16s%2Fg%2F11l06g_jfj!19sChIJ_8ZU_3pdcDERxtqfr8-bbUA?authuser=0&hl=en&rclk=1,https://www.facebook.com/imsteaknhatrang/
restaurant01610,V87 Restaurant & Craft Beer,v87 craft beer,restaurant,"144 Nguyễn Thiện Thuật, Lộc Thọ, Nha Trang, Khánh Hòa 650000",Nha Trang,nha trang,12.2327423,109.1950437,0823 929 841 ,200000,"200,000",4.4,Restaurant,Restaurant,https://www.google.com/maps/place/V87+Restaurant+%26+Craft+Beer/data=!4m7!3m6!1s0x31706739601f2c21:0xd9d71bf23f5f150b!8m2!3d12.2327423!4d109.1950437!16s%2Fg%2F11rz4rgrwg!19sChIJISwfYDlncDERCxVfP_Ib19k?authuser=0&hl=en&rclk=1,
restaurant01611,Pinsa De Roma Italian Restaurant,pinsa de roma italian,restaurant,"53/7 Nguyễn Thiện Thuật, Lộc Thọ, Nha Trang, Khánh Hòa 650000",Nha Trang,nha trang,12.2395719,109.1936401,0343 888 845 ,300000,"300,000",4.9,Restaurant,Restaurant,https://www.google.com/maps/place/Pinsa+De+Roma+Italian+Restaurant/data=!4m7!3m6!1s0x3170670019b0df19:0xdb94b236f97ff781!8m2!3d12.2395719!4d109.1936401!16s%2Fg%2F11m5gws67w!19sChIJGd-wGQBncDERgfd_-TaylNs?authuser=0&hl=en&rclk=1,http://www.pinsaderoma.vn/
restaurant01612,Ganesh Indian Restaurant,ganesh indian,restaurant,"186 Hùng Vương, Lộc Thọ, Nha Trang, Khánh Hòa 650000",Nha Trang,nha trang,12.2337682,109.1958988,0258 3526 776 ,200000,"200,000",4.3,Restaurant,Restaurant,https://www.google.com/maps/place/Ganesh+Indian+Restaurant/data=!4m7!3m6!1s0x31706764a31cfd35:0x669e433b7e1083f7!8m2!3d12.2337682!4d109.1958988!16s%2Fg%2F12llgyjz5!19sChIJNf0co2RncDER94MQfjtDnmY?authuser=0&hl=en&rclk=1,https://ganesh.vn/ganesh-nha-trang.html
restaurant01613,Cafe Culture,culture,cafe,"120/25-26 Nguyễn Thiện Thuật, Tân Tiến, Nha Trang, Khánh Hòa 650000",Nha Trang,nha trang,12.2329439,109.1939383,0778 908 606 ,300000,"300,000",4.8,Coffee Shop,Restaurant,https://www.google.com/maps/place/Cafe+Culture/data=!4m7!3m6!1s0x3170680a208b49db:0xe706ca8d31016a4f!8m2!3d12.2329439!4d109.1939383!16s%2Fg%2F11hbtrz1nv!19sChIJ20mLIApocDERT2oBMY3KBuc?authuser=0&hl=en&rclk=1,
restaurant01614,Haus Bremen,haus bremen,restaurant,"100/15 Hùng Vương, Lộc Thọ, Nha Trang, Khánh Hòa 650000",Nha Trang,nha trang,12.237095,109.1948778,,300000,"300,000",4.5,Restaurant,Restaurant,https://www.google.com/maps/place/Haus+Bremen/data=!4m7!3m6!1s0x3170677b6ecebf47:0xaadf049b98313212!8m2!3d12.237095!4d109.1948778!16s%2Fg%2F11c1x2slxk!19sChIJR7_ObntncDEREjIxmJsE36o?authuser=0&hl=en&rclk=1,
restaurant01615,Nhà Hàng Chay Bụt Việt - Nha Trang,chay but viet nha trang,restaurant,"74-76 Đống Đa, Tân Tiến, Nha Trang, Khánh Hòa 650000",Nha Trang,nha trang,12.2391078,109.1920453,0825 994 299 ,200000,"200,000",4.8,Vegetarian,Restaurant,https://www.google.com/maps/place/Nh%C3%A0+H%C3%A0ng+Chay+B%E1%BB%A5t+Vi%E1%BB%87t+-+Nha+Trang/data=!4m7!3m6!1s0x317067769647cdfd:0xf03dc91fdd5a75cc!8m2!3d12.2391078!4d109.1920453!16s%2Fg%2F11s5hln2vg!19sChIJ_c1HlnZncDERzHVa3R_JPfA?authuser=0&hl=en&rclk=1,https://www.facebook.com/butvietrestaurant
restaurant01616,Same Same But Different Restaurant,same same but different,restaurant,"107 Hùng Vương, Lộc Thọ, Nha Trang, Khánh Hòa 650000",Nha Trang,nha trang,12.2340063,109.1960408,0869 387 317 ,200000,"200,000",4.5,Restaurant,Restaurant,https://www.google.com/maps/place/Same+Same+But+Different+Restaurant/data=!4m7!3m6!1s0x3170672f7949ac5d:0x34620613164530b8!8m2!3d12.2340063!4d109.1960408!16s%2Fg%2F11f7pv14nw!19sChIJXaxJeS9ncDERuDBFFhMGYjQ?authuser=0&hl=en&rclk=1,
restaurant01617,Johnny Steak House 4 (Pizza & Texas Smoke Barbecue),johnny steak use 4 pizza texas smoke barbecue,lake,"58B Đ. Lê Đại Hành, Tân Tiến, Nha Trang, Khánh Hòa 650000",Nha Trang,nha trang,12.2386533,109.1899787,0386 848 396 ,200000,"200,000",4.8,Bar/Pub,Restaurant,https://www.google.com/maps/place/Johnny+Steak+House+4+%28Pizza+%26+Texas+Smoke+Barbecue%29/data=!4m7!3m6!1s0x317067b5af996a65:0x7b94fd52c7d07110!8m2!3d12.2386533!4d109.1899787!16s%2Fg%2F11w98y2k32!19sChIJZWqZr7VncDEREHHQx1L9lHs?authuser=0&hl=en&rclk=1,http://johnnyitaly.vn/
restaurant01618,Au Lac Restaurant Nha Trang,au lac nha trang,restaurant,"55A Đ. Trịnh Phong, Tân Tiến, Nha Trang, Khánh Hòa 650000",Nha Trang,nha trang,12.239613,109.1900234,0963 107 557 ,200000,"200,000",4.9,Restaurant,Restaurant,https://www.google.com/maps/place/Au+Lac+Restaurant+Nha+Trang/data=!4m7!3m6!1s0x317067f9b87c1a33:0x3bffc5ec22880c8a!8m2!3d12.239613!4d109.1900234!16s%2Fg%2F11xkl25zb4!19sChIJMxp8uPlncDERigyIIuzF_zs?authuser=0&hl=en&rclk=1,
restaurant01619,Kebab point Turkish Cuisine halal food restaurants,kebab point turkish cuisine halal s,restaurant,"Nguyễn Thiện Thuật, Tân Tiến, Nha Trang, Khánh Hòa 650000",Nha Trang,nha trang,12.2416259,109.1929838,0773 932 777 ,300000,"300,000",4.9,Restaurant,Restaurant,https://www.google.com/maps/place/Kebab+point+Turkish+Cuisine+halal+food+restaurants/data=!4m7!3m6!1s0x3170670060b00519:0x9c18897e1ee6f553!8m2!3d12.2416259!4d109.1929838!16s%2Fg%2F11m60crjlk!19sChIJGQWwYABncDERU_XmHn6JGJw?authuser=0&hl=en&rclk=1,http://kebabpoint.store/
restaurant01620,La Mancha,la mancha,restaurant,"176/3 Hùng Vương, Lộc Thọ, Nha Trang, Khánh Hòa 650000",Nha Trang,nha trang,12.2341925,109.1956521,,400000,"400,000",4.0,Restaurant,Restaurant,https://www.google.com/maps/place/La+Mancha/data=!4m7!3m6!1s0x3170677b4cba4c9f:0xccf1c93b5ba1a7aa!8m2!3d12.2341925!4d109.1956521!16s%2Fg%2F113f16jl2!19sChIJn0y6THtncDERqqehWzvJ8cw?authuser=0&hl=en&rclk=1,https://www.facebook.com/lamanchavietnam/
restaurant01621,Guangdong Restaurant (Nhà hàng Quảng Đông),guangdong quang dong,restaurant,"Boton Blue Hotel & Spa, Phạm Văn Đồng, Street, Nha Trang, Khánh Hòa 650000",Nha Trang,nha trang,12.2847466,109.2038963,0848 811 311 ,300000,"300,000",4.7,Restaurant,Restaurant,https://www.google.com/maps/place/Guangdong+Restaurant+%28Nh%C3%A0+h%C3%A0ng+Qu%E1%BA%A3ng+%C4%90%C3%B4ng%29/data=!4m7!3m6!1s0x317067abf91c6ff9:0xc7004629210dcb7d!8m2!3d12.2847466!4d109.2038963!16s%2Fg%2F11h12rvv6h!19sChIJ-W8c-atncDERfcsNISlGAMc?authuser=0&hl=en&rclk=1,https://botonblue.com/vi/nha-hang-guangdong.html
restaurant01622,Garden Hills Restaurant - Nha Trang,garden hills nha trang,restaurant,"38 Nguyễn Khắc Viện (núi Cô Tiên, Nha Trang, Khánh Hòa 57111",Nha Trang,nha trang,12.291901,109.2024683,0903 553 171 ,300000,"300,000",4.7,Restaurant,Restaurant,https://www.google.com/maps/place/Garden+Hills+Restaurant+-+Nha+Trang/data=!4m7!3m6!1s0x317069da505b5f89:0x7f1c8c75694b1a1a!8m2!3d12.291901!4d109.2024683!16s%2Fg%2F11pzf4gpqh!19sChIJiV9bUNppcDERGhpLaXWMHH8?authuser=0&hl=en&rclk=1,https://www.facebook.com/Garden-Hills-Restaurant-Nha-Trang-107541691859926
restaurant01623,Iced Coffee Simply Original,iced simply original,cafe,"Havana Nha Trang Hotel, 38 Trần Phú, Lộc Thọ, Nha Trang, Khánh Hòa 650000",Nha Trang,nha trang,12.2435664,109.1958365,0258 6262 666 ,100000,"100,000",4.3,Coffee Shop,Restaurant,https://www.google.com/maps/place/Iced+Coffee+Simply+Original/data=!4m7!3m6!1s0x3170677b627451fb:0xff69840985579140!8m2!3d12.2435664!4d109.1958365!16s%2Fg%2F11b6sz9v8z!19sChIJ-1F0YntncDERQJFXhQmEaf8?authuser=0&hl=en&rclk=1,https://icedcoffee.vn/
restaurant01624,AN Cafe,an,cafe,"40 Đ. Lê Đại Hành, Tân Tiến, Nha Trang, Khánh Hòa 650000",Nha Trang,nha trang,12.2402976,109.1880506,0258 3510 588 ,100000,"100,000",4.2,Coffee Shop,Restaurant,https://www.google.com/maps/place/AN+Cafe/data=!4m7!3m6!1s0x3170677df665459d:0x6b63041404bb98d5!8m2!3d12.2402976!4d109.1880506!16s%2Fg%2F1s049wkrt!19sChIJnUVl9n1ncDER1Zi7BBQEY2s?authuser=0&hl=en&rclk=1,https://www.facebook.com/ancafenhatrang/
restaurant01625,Nora Coffee,nora,cafe,"85 Đoàn Trần Nghiệp, Vĩnh Phước, Nha Trang, Khánh Hòa 57000",Nha Trang,nha trang,12.2710533,109.1994027,0798 811 779 ,100000,"100,000",4.6,Coffee Shop,Restaurant,https://www.google.com/maps/place/Nora+Coffee/data=!4m7!3m6!1s0x317067edbf9316bb:0xf005305740aa7802!8m2!3d12.2710533!4d109.1994027!16s%2Fg%2F11g6lz5r50!19sChIJuxaTv-1ncDERAniqQFcwBfA?authuser=0&hl=en&rclk=1,
restaurant01626,CAFE DEP,dep,cafe,"21 Nguyễn Thiện Thuật, Tân Tiến, Nha Trang, Khánh Hòa 650000",Nha Trang,nha trang,12.2384045,109.1937241,0965 902 136 ,100000,"100,000",4.9,Coffee Shop,Restaurant,https://www.google.com/maps/place/CAFE+DEP/data=!4m7!3m6!1s0x317067000f5d8ccf:0xf742bac5cee7239f!8m2!3d12.2384045!4d109.1937241!16s%2Fg%2F11ltl36zz9!19sChIJz4xdDwBncDERnyPnzsW6Qvc?authuser=0&hl=en&rclk=1,https://www.facebook.com/cafedepnhatrang
restaurant01627,Chốn Bình Yên Coffee - Nha Trang,chon binh yen nha trang,cafe,"Sân ThượngTầng 9, 1 Nguyễn Thị Minh Khai, Lộc Thọ, Nha Trang, Khánh Hòa 650000",Nha Trang,nha trang,12.2385296,109.1959798,0909 625 003 ,100000,"100,000",4.6,Coffee Shop,Restaurant,https://www.google.com/maps/place/Ch%E1%BB%91n+B%C3%ACnh+Y%C3%AAn+Coffee+-+Nha+Trang/data=!4m7!3m6!1s0x317067f15d9d233f:0x30e9a37194c7e6b5!8m2!3d12.2385296!4d109.1959798!16s%2Fg%2F11whdfhwxg!19sChIJPyOdXfFncDERtebHlHGj6TA?authuser=0&hl=en&rclk=1,https://www.facebook.com/chonbinhyencoffee
restaurant01628,LAM Coffee Roastery,lam roastery,cafe,"6A1 Đ. Ngô Thời Nhiệm, Tân Tiến, Nha Trang, Khánh Hòa 650000",Nha Trang,nha trang,12.2401022,109.1913835,0905 344 396 ,100000,"100,000",4.7,Coffee Shop,Restaurant,https://www.google.com/maps/place/LAM+Coffee+Roastery/data=!4m7!3m6!1s0x31706784b4066269:0x6008f09c81cb7eee!8m2!3d12.2401022!4d109.1913835!16s%2Fg%2F11jcllg55m!19sChIJaWIGtIRncDER7n7LgZzwCGA?authuser=0&hl=en&rclk=1,https://www.facebook.com/6a1NgoThoiNhiem0905344396/
restaurant01629,Coffee Bike Nha Trang,bike nha trang,cafe,"58 Đinh Tiên Hoàng, Lộc Thọ, Nha Trang, Khánh Hòa 650000",Nha Trang,nha trang,12.2459686,109.1921972,0355 779 009 ,100000,"100,000",4.9,Coffee Shop,Restaurant,https://www.google.com/maps/place/Coffee+Bike+Nha+Trang/data=!4m7!3m6!1s0x3170677bcffb018d:0x2556a0413bedeb96!8m2!3d12.2459686!4d109.1921972!16s%2Fg%2F11mx7r07k2!19sChIJjQH7z3tncDERluvtO0GgViU?authuser=0&hl=en&rclk=1,
restaurant01630,Ola Cafe,ola,cafe,"31 Nguyễn Hữu Huân, Tân Tiến, Nha Trang, Khánh Hòa 650000",Nha Trang,nha trang,12.2401569,109.1867309,0931 119 389 ,100000,"100,000",4.7,Coffee Shop,Restaurant,https://www.google.com/maps/place/Ola+Cafe/data=!4m7!3m6!1s0x31705df38e04ee69:0xf8e3d3ccb64fe8e3!8m2!3d12.2401569!4d109.1867309!16s%2Fg%2F11t2lxrp9f!19sChIJae4EjvNdcDER4-hPtszT4_g?authuser=0&hl=en&rclk=1,
restaurant01631,Moka Cafe,moka,cafe,"100 Hùng Vương, Lộc Thọ, Nha Trang, Khánh Hòa 650000",Nha Trang,nha trang,12.2372235,109.1952031,0258 3526 589 ,100000,"100,000",4.5,Coffee Shop,Restaurant,https://www.google.com/maps/place/Moka+Cafe/data=!4m7!3m6!1s0x3170677b746ddc01:0x15ad0e7b1e2c1cd6!8m2!3d12.2372235!4d109.1952031!16s%2Fg%2F1hc74n4lh!19sChIJAdxtdHtncDER1hwsHnsOrRU?authuser=0&hl=en&rclk=1,https://www.facebook.com/profile.php?id=100063014991882
restaurant01632,Cà phê Hòn Chồng View,hon chong view,cafe,"6 Phạm Văn Đồng, Vĩnh Phước, Nha Trang, Khánh Hòa 650000",Nha Trang,nha trang,12.2727516,109.2030761,,100000,"100,000",4.1,Coffee Shop,Restaurant,https://www.google.com/maps/place/C%C3%A0+ph%C3%AA+H%C3%B2n+Ch%E1%BB%93ng+View/data=!4m7!3m6!1s0x31706743b36f7ee7:0x83a469e5da386c4c!8m2!3d12.2727516!4d109.2030761!16s%2Fg%2F11fq8bgnxt!19sChIJ535vs0NncDERTGw42uVppIM?authuser=0&hl=en&rclk=1,
restaurant01633,Anh Coffee Roasters,anh roasters,cafe,"140 Đ. Hoàng Hoa Thám, Lộc Thọ, Nha Trang, Khánh Hòa 57100",Nha Trang,nha trang,12.2437926,109.1937955,0563 018 139 ,100000,"100,000",4.9,Coffee Shop,Restaurant,https://www.google.com/maps/place/Anh+Coffee+Roasters/data=!4m7!3m6!1s0x31706789275f2e6f:0xb7315ec2aabf502!8m2!3d12.2437926!4d109.1937955!16s%2Fg%2F11jclg642m!19sChIJby5fJ4lncDERAvWrKuwVcws?authuser=0&hl=en&rclk=1,https://m.facebook.com/anhcoffeeroasters/
restaurant01634,Tiệm cà phê,tiem,cafe,"30/17 Đoàn Trần Nghiệp, Vĩnh Phước, Nha Trang, Khánh Hòa 650000",Nha Trang,nha trang,12.2715081,109.2013771,0817 477 487 ,100000,"100,000",4.0,Coffee Shop,Restaurant,https://www.google.com/maps/place/Ti%E1%BB%87m+c%C3%A0+ph%C3%AA/data=!4m7!3m6!1s0x317067cfff3c8e6b:0x30ca78107af226e2!8m2!3d12.2715081!4d109.2013771!16s%2Fg%2F11pvr2sg94!19sChIJa448_89ncDER4ibyehB4yjA?authuser=0&hl=en&rclk=1,
restaurant01635,Tous Les Temps Tea & Coffee,tous les temps tea,cafe,"100 Đ. Võ Trứ, Tân Tiến, Nha Trang, Khánh Hòa 650000",Nha Trang,nha trang,12.2418957,109.1907143,0355 710 677 ,100000,"100,000",4.5,Coffee Shop,Restaurant,https://www.google.com/maps/place/Tous+Les+Temps+Tea+%26+Coffee/data=!4m7!3m6!1s0x3170677e6318c39b:0x889b5ca0c39dd1ec!8m2!3d12.2418957!4d109.1907143!16s%2Fg%2F11hcx7qdlj!19sChIJm8MYY35ncDER7NGdw6Bcm4g?authuser=0&hl=en&rclk=1,https://www.facebook.com/Tous-Les-Temps-Tea-Coffee-294396667816484/
restaurant01636,La Viet Coffee (Nha Trang - 8 Le Loi),la viet nha trang 8 le loi,cafe,"8 Lê Lợi, Vạn Thạnh, Nha Trang, Khánh Hòa 650000",Nha Trang,nha trang,12.2536753,109.1932919,0355 511 809 ,100000,"100,000",4.9,Coffee Shop,Restaurant,https://www.google.com/maps/place/La+Viet+Coffee+%28Nha+Trang+-+8+Le+Loi%29/data=!4m7!3m6!1s0x317067003f230bf1:0x5f4462abec3a92dc!8m2!3d12.2536753!4d109.1932919!16s%2Fg%2F11wqkhqrr6!19sChIJ8QsjPwBncDER3JI67KtiRF8?authuser=0&hl=en&rclk=1,http://www.laviet.coffee/
restaurant01637,Coffee - Điểm tâm sáng Bốn Mùa 24/24,diem tam sang bon mua 24 24,cafe,"46/37 Hùng Vương, Lộc Thọ, Nha Trang, Khánh Hòa 650000",Nha Trang,nha trang,12.2394643,109.1944071,0904 434 470 ,100000,"100,000",4.9,Coffee Shop,Restaurant,https://www.google.com/maps/place/Coffee+-+%C4%90i%E1%BB%83m+t%C3%A2m+s%C3%A1ng+B%E1%BB%91n+M%C3%B9a+24%2F24/data=!4m7!3m6!1s0x3170675914636099:0xbfeace45cdd807b!8m2!3d12.2394643!4d109.1944071!16s%2Fg%2F11srk_5pz6!19sChIJmWBjFFlncDERe4DdXOSs_gs?authuser=0&hl=en&rclk=1,
restaurant01638,AN Cafe 2,an 2,cafe,"24 Đ. Nguyễn Trung Trực, Tân Tiến, Nha Trang, Khánh Hòa 650000",Nha Trang,nha trang,12.242476,109.1919286,0258 3510 109 ,100000,"100,000",4.2,Coffee Shop,Restaurant,https://www.google.com/maps/place/AN+Cafe+2/data=!4m7!3m6!1s0x3170677eeb5c4dd9:0x4f92e1cd9eca3bec!8m2!3d12.242476!4d109.1919286!16s%2Fg%2F11c80b2wzx!19sChIJ2U1c635ncDER7DvKns3hkk8?authuser=0&hl=en&rclk=1,https://www.facebook.com/ancafenhatrang/
restaurant01639,Bonjour Café,bonjour,cafe,"113 Hoàng Văn Thụ, Vạn Thạnh, Nha Trang, Khánh Hòa 650000",Nha Trang,nha trang,12.251252,109.1898576,0258 3818 386 ,100000,"100,000",4.2,Coffee Shop,Restaurant,https://www.google.com/maps/place/Bonjour+Caf%C3%A9/data=!4m7!3m6!1s0x31706780c5dc39b3:0xa4bbd2d235a711db!8m2!3d12.251252!4d109.1898576!16s%2Fg%2F1hdz_504c!19sChIJszncxYBncDER2xGnNdLSu6Q?authuser=0&hl=en&rclk=1,https://www.facebook.com/i.bonjour.nhatrang/
restaurant01640,Cafe view biển,view bien,cafe,"76C4+W8C Khu danh thắng, Hòn Chồng, Vĩnh Phước, Nha Trang, Khánh Hòa 650000",Nha Trang,nha trang,12.272312,109.2057769,,100000,"100,000",4.0,Coffee Shop,Restaurant,https://www.google.com/maps/place/Cafe+view+bi%E1%BB%83n/data=!4m7!3m6!1s0x3170671904530b47:0x668e431bb1e8d625!8m2!3d12.272312!4d109.2057769!16s%2Fg%2F11qbkpjd2_!19sChIJRwtTBBlncDERJdbosRtDjmY?authuser=0&hl=en&rclk=1,
restaurant01641,K cafe,k,cafe,"11 Đ. Phan Chu Trinh, Vạn Thạnh, Nha Trang, Khánh Hòa 650000",Nha Trang,nha trang,12.2529237,109.1939393,0905 119 992 ,100000,"100,000",4.9,Coffee Shop,Restaurant,https://www.google.com/maps/place/K+cafe/data=!4m7!3m6!1s0x3170678f1cb38bd3:0x19cac76f63ccc97!8m2!3d12.2529237!4d109.1939393!16s%2Fg%2F11fmstfpvv!19sChIJ04uzHI9ncDERl8w89nasnAE?authuser=0&hl=en&rclk=1,http://fb.com/kcafe03
restaurant01642,Jungle Coffee Nha Trang,jungle nha trang,cafe,"8 Lê Quý Đôn, Tân Tiến, Nha Trang, Khánh Hòa 650000",Nha Trang,nha trang,12.245073,109.1897668,0935 388 511 ,100000,"100,000",4.8,Coffee Shop,Restaurant,https://www.google.com/maps/place/Jungle+Coffee+Nha+Trang/data=!4m7!3m6!1s0x3170670022cef20f:0xb3a1e912f8bbc677!8m2!3d12.245073!4d109.1897668!16s%2Fg%2F11wfx0glwy!19sChIJD_LOIgBncDERd8a7-BLpobM?authuser=0&hl=en&rclk=1,
restaurant01643,Tooru Coffee,tooru,cafe,"09 Phạm Văn Đồng, Vĩnh Thọ, Nha Trang, Khánh Hòa 650000",Nha Trang,nha trang,12.2700568,109.2052746,0905 822 955 ,100000,"100,000",4.3,Coffee Shop,Restaurant,https://www.google.com/maps/place/Tooru+Coffee/data=!4m7!3m6!1s0x3170679044fd21d1:0x665685739680236a!8m2!3d12.2700568!4d109.2052746!16s%2Fg%2F11qzx7z8fm!19sChIJ0SH9RJBncDERaiOAlnOFVmY?authuser=0&hl=en&rclk=1,https://www.facebook.com/TOORU-102481728552714/
restaurant01644,Coffee Baka Hòn Chồng,baka hon chong,cafe,"Khu danh thắng Hòn Chồng, Nha Trang, Khánh Hòa 650000",Nha Trang,nha trang,12.2720778,109.2057999,0363 544 182 ,100000,"100,000",4.0,Coffee Shop,Restaurant,https://www.google.com/maps/place/Coffee+Baka+H%C3%B2n+Ch%E1%BB%93ng/data=!4m7!3m6!1s0x317067ec087a1275:0x5605c3b56dd4ad5f!8m2!3d12.2720778!4d109.2057999!16s%2Fg%2F11b6xj6j85!19sChIJdRJ6COxncDERX63UbbXDBVY?authuser=0&hl=en&rclk=1,
restaurant01645,CCCP Coffee,cccp,cafe,"22 Tô Hiến Thành, Tân Tiến, Nha Trang, Khánh Hòa 57000",Nha Trang,nha trang,12.2400149,109.1921561,0904 118 605 ,100000,"100,000",4.5,Coffee Shop,Restaurant,https://www.google.com/maps/place/CCCP+Coffee/data=!4m7!3m6!1s0x3170670e3b2391c7:0x2245a54fa4557a09!8m2!3d12.2400149!4d109.1921561!16s%2Fg%2F11rzsll87p!19sChIJx5EjOw5ncDERCXpVpE-lRSI?authuser=0&hl=en&rclk=1,https://www.facebook.com/CCCP.Coffee.NhaTrang/
restaurant01646,CCCP COFFEE HỒNG BÀNG,cccp hong bang,cafe,"112 Đ. Hồng Bàng, Tân Tiến, Nha Trang, Khánh Hòa 650000",Nha Trang,nha trang,12.2392222,109.1909158,0904 118 605 ,100000,"100,000",4.6,Coffee Shop,Restaurant,https://www.google.com/maps/place/CCCP+COFFEE+H%E1%BB%92NG+B%C3%80NG/data=!4m7!3m6!1s0x317067de5613ff1d:0x67f073fe486205dc!8m2!3d12.2392222!4d109.1909158!16s%2Fg%2F11sc2gq39f!19sChIJHf8TVt5ncDER3AViSP5z8Gc?authuser=0&hl=en&rclk=1,https://www.facebook.com/cccp.coffee.hongbang
restaurant01647,I Am Cake,i am cake,restaurant,"17 Hát Giang, P, Nha Trang, Khánh Hòa 700000",Nha Trang,nha trang,12.2374642,109.1836325,0258 2202 200 ,100000,"100,000",4.3,Bakery,Restaurant,https://www.google.com/maps/place/I+Am+Cake/data=!4m7!3m6!1s0x31705d9c729b7729:0xd7f2a7c77a7aeb1!8m2!3d12.2374642!4d109.1836325!16s%2Fg%2F11rdg_lzj0!19sChIJKXebcpxdcDERsa6nd3wqfw0?authuser=0&hl=en&rclk=1,https://www.facebook.com/iamcake17hatgiang/
restaurant01648,HenZo Cafe - Specialty Coffee,henzo specialty,cafe,"6b Đ. Đào Duy Từ, Vạn Thạnh, Nha Trang, Khánh Hòa 650000",Nha Trang,nha trang,12.2517425,109.1906985,0326 331 257 ,100000,"100,000",4.8,Coffee Shop,Restaurant,https://www.google.com/maps/place/HenZo+Cafe+-+Specialty+Coffee/data=!4m7!3m6!1s0x3170676b599afe69:0xf3cc540f1cd086db!8m2!3d12.2517425!4d109.1906985!16s%2Fg%2F11q3ngqcv0!19sChIJaf6aWWtncDER24bQHA9UzPM?authuser=0&hl=en&rclk=1,
restaurant01649,FAcafe-NhaTrang Specialty,fa nhatrang specialty,cafe,"41 Đ. Trần Nguyên Hãn, Tân Tiến, Nha Trang, Khánh Hòa 650000",Nha Trang,nha trang,12.2411418,109.189792,0903 557 545 ,100000,"100,000",4.6,Coffee Shop,Restaurant,https://www.google.com/maps/place/FAcafe-NhaTrang+Specialty/data=!4m7!3m6!1s0x3170677e11e6cafb:0x4a9f759bb0ac44de!8m2!3d12.2411418!4d109.189792!16s%2Fg%2F11b6t85t3s!19sChIJ-8rmEX5ncDER3kSssJt1n0o?authuser=0&hl=en&rclk=1,https://nhatrangspecialtycoffee.vn/
restaurant01650,"Phê La - Trần Phú, Nha Trang",phe la tran phu nha trang,restaurant,"24 Trần Phú, Lộc Thọ, Nha Trang, Khánh Hòa 58000",Nha Trang,nha trang,12.2466557,109.1961762,1900 3013 ,100000,"100,000",4.7,Coffee Shop,Restaurant,"https://www.google.com/maps/place/Ph%C3%AA+La+-+Tr%C3%A2%CC%80n+Phu%CC%81,+Nha+Trang/data=!4m7!3m6!1s0x3170674333c0e287:0x567a6f309f069da8!8m2!3d12.2466557!4d109.1961762!16s%2Fg%2F11yczwm3hq!19sChIJh-LAM0NncDERqJ0GnzBvelY?authuser=0&hl=en&rclk=1",https://phela.vn/
restaurant01651,Helixa Coffee,helixa,cafe,"4B Bùi Thị Xuân, Tân Tiến, Nha Trang, Khánh Hòa 76000",Nha Trang,nha trang,12.2454526,109.1896844,0908 868 606 ,100000,"100,000",4.9,Coffee Shop,Restaurant,https://www.google.com/maps/place/Helixa+Coffee/data=!4m7!3m6!1s0x317067c6113a6183:0x6a71c609694d1e9e!8m2!3d12.2454526!4d109.1896844!16s%2Fg%2F11w3f4mrch!19sChIJg2E6EcZncDERnh5NaQnGcWo?authuser=0&hl=en&rclk=1,https://www.facebook.com/helixaspecialty
restaurant01652,Yên Cafe 24/7,yen 24 7,cafe,"21 Đ. Lạc Thiện, Vĩnh Thọ, Nha Trang, Khánh Hòa 650000",Nha Trang,nha trang,12.2696285,109.1980714,0983 191 692 ,100000,"100,000",4.3,Coffee Shop,Restaurant,https://www.google.com/maps/place/Y%C3%AAn+Cafe+24%2F7/data=!4m7!3m6!1s0x31706745543e2bf5:0xd6dd175252accf32!8m2!3d12.2696285!4d109.1980714!16s%2Fg%2F11xfpngxx1!19sChIJ9Ss-VEVncDERMs-sUlIX3dY?authuser=0&hl=en&rclk=1,
restaurant01653,Mango Coffee,mango,cafe,"9 Hùng Vương, Lộc Thọ, Nha Trang, Khánh Hòa 650000",Nha Trang,nha trang,12.2396432,109.195112,0906 246 246 ,100000,"100,000",4.5,Coffee Shop,Restaurant,https://www.google.com/maps/place/Mango+Coffee/data=!4m7!3m6!1s0x3170671970cd53e3:0x94d98f2674281b7!8m2!3d12.2396432!4d109.195112!16s%2Fg%2F11tjx6d4g6!19sChIJ41PNcBlncDERt4FCZ_KYTQk?authuser=0&hl=en&rclk=1,http://facebook.com/mango.coffer.79
restaurant01654,Cafe Misa,misa,cafe,"33 Đ. Phan Chu Trinh, Vạn Thạnh, Nha Trang, Khánh Hòa 650000",Nha Trang,nha trang,12.2515702,109.1920819,,100000,"100,000",4.0,Coffee Shop,Restaurant,https://www.google.com/maps/place/Cafe+Misa/data=!4m7!3m6!1s0x3170678424664c57:0x9088dba3773908ec!8m2!3d12.2515702!4d109.1920819!16s%2Fg%2F11b_06h1bn!19sChIJV0xmJIRncDER7Ag5d6PbiJA?authuser=0&hl=en&rclk=1,
restaurant01655,ĐẦM cà phê,dam,cafe,"17 Đ. Xương Huân, Vạn Thạnh, Nha Trang, Khánh Hòa 650000",Nha Trang,nha trang,12.2556835,109.1929288,0943 246 001 ,100000,"100,000",4.9,Coffee Shop,Restaurant,https://www.google.com/maps/place/%C4%90%E1%BA%A6M+c%C3%A0+ph%C3%AA/data=!4m7!3m6!1s0x31706700540bc555:0x2f684ae823323644!8m2!3d12.2556835!4d109.1929288!16s%2Fg%2F11lcydgzvy!19sChIJVcULVABncDERRDYyI-hKaC8?authuser=0&hl=en&rclk=1,
restaurant01656,týp coffee & bakery,typ bakery,cafe,"Chung cư Nguyễn Thiện Thuật, Hẻm 7, Lộc Thọ, Nha Trang, Khánh Hòa 650000",Nha Trang,nha trang,12.2408623,109.1936406,0984 300 017 ,100000,"100,000",4.7,Coffee Shop,Restaurant,https://www.google.com/maps/place/t%C3%BDp+coffee+%26+bakery/data=!4m7!3m6!1s0x31706769ee36e3f7:0xebb616f0114377b3!8m2!3d12.2408623!4d109.1936406!16s%2Fg%2F11ryf5xz1f!19sChIJ9-M27mlncDERs3dDEfAWtus?authuser=0&hl=en&rclk=1,https://www.facebook.com/typcoffebakery/
restaurant01657,Cafe Bon Mua,bon mua,cafe,"0963820130, 32 Đ. Lê Thánh Tôn, Tân Tiến, Nha Trang, Khánh Hòa 650000",Nha Trang,nha trang,12.2446073,109.1916587,0963 820 130 ,100000,"100,000",4.5,Coffee Shop,Restaurant,https://www.google.com/maps/place/Cafe+Bon+Mua/data=!4m7!3m6!1s0x3170678a914e0023:0x1946a3237a1b189a!8m2!3d12.2446073!4d109.1916587!16s%2Fg%2F11h89r7v2w!19sChIJIwBOkYpncDERmhgbeiOjRhk?authuser=0&hl=en&rclk=1,
restaurant01658,DingTea Nha Trang,dingtea nha trang,restaurant,"2 Ngô Gia Tự, Tân Tiến, Nha Trang, Khánh Hòa 650000",Nha Trang,nha trang,12.2447757,109.1914105,0931 117 718 ,100000,"100,000",4.0,Tea Shop,Restaurant,https://www.google.com/maps/place/DingTea+Nha+Trang/data=!4m7!3m6!1s0x3170677c4e07a301:0x89ee474792a58d0!8m2!3d12.2447757!4d109.1914105!16s%2Fg%2F11d_z702z1!19sChIJAaMHTnxncDER0FgqeXTkngg?authuser=0&hl=en&rclk=1,
restaurant01659,Mango Coffee,mango,cafe,"2 Lê Lợi, Vạn Thạnh, Nha Trang, Khánh Hòa 650000",Nha Trang,nha trang,12.2536091,109.1959252,,100000,"100,000",4.3,Coffee Shop,Restaurant,https://www.google.com/maps/place/Mango+Coffee/data=!4m7!3m6!1s0x317067006c3aefa9:0xbce01371d7697d8a!8m2!3d12.2536091!4d109.1959252!16s%2Fg%2F11lnb8kxtt!19sChIJqe86bABncDERin1p13ET4Lw?authuser=0&hl=en&rclk=1,
restaurant01660,Galaxy coffee,galaxy,cafe,"6 Đ. Lê Đại Hành, Tân Tiến, Nha Trang, Khánh Hòa 650000",Nha Trang,nha trang,12.2416844,109.1864694,,100000,"100,000",4.2,Coffee Shop,Restaurant,https://www.google.com/maps/place/Galaxy+coffee/data=!4m7!3m6!1s0x31705d6a6c6fd843:0xba7857b8a5109de7!8m2!3d12.2416844!4d109.1864694!16s%2Fg%2F11llzxk1mc!19sChIJQ9hvbGpdcDER550QpbhXeLo?authuser=0&hl=en&rclk=1,
restaurant01661,Queen Coffee,queen,cafe,"04 Trần Phú, Vạn Thạnh, Nha Trang, Khánh Hòa 650000",Nha Trang,nha trang,12.2586363,109.1977676,0848 886 879 ,100000,"100,000",4.6,Coffee Shop,Restaurant,https://www.google.com/maps/place/Queen+Coffee/data=!4m7!3m6!1s0x3170675265d43e0b:0x81a0ffc584c60c5d!8m2!3d12.2586363!4d109.1977676!16s%2Fg%2F11tbvfybkl!19sChIJCz7UZVJncDERXQzGhMX_oIE?authuser=0&hl=en&rclk=1,https://www.facebook.com/profile.php?id=61578563613888&locale=vi_VN
restaurant01662,Red Brick Bakery & Coffee,red brick bakery,cafe,"22 Đ. Ng. Đức Kế, Tân Tiến, Nha Trang, Khánh Hòa 650000",Nha Trang,nha trang,12.2402702,109.1901795,0817 986 828 ,100000,"100,000",4.7,Coffee Shop,Restaurant,https://www.google.com/maps/place/Red+Brick+Bakery+%26+Coffee/data=!4m7!3m6!1s0x317067b9704fa84f:0xc3a11a49ea0be7!8m2!3d12.2402702!4d109.1901795!16s%2Fg%2F11lh8pcy1m!19sChIJT6hPcLlncDER5wvqSRqhwwA?authuser=0&hl=en&rclk=1,https://www.facebook.com/Gachdobakerycoffee/
restaurant01663,Cà Phê Bar Sky Garden,bar sky garden,cafe,"49 Đ. Củ Chi, Vĩnh Hải, Nha Trang, Khánh Hòa 650000",Nha Trang,nha trang,12.2800648,109.2007971,0931 627 939 ,100000,"100,000",4.0,Coffee Shop,Restaurant,https://www.google.com/maps/place/C%C3%A0+Ph%C3%AA+Bar+Sky+Garden/data=!4m7!3m6!1s0x317067e5387b0cd7:0x3d3842c68f544ad0!8m2!3d12.2800648!4d109.2007971!16s%2Fg%2F1pp2v0rmv!19sChIJ1wx7OOVncDER0EpUj8ZCOD0?authuser=0&hl=en&rclk=1,
restaurant01664,Cafe Hoàng Tuấn (Ngã 6),hoang tuan nga 6,cafe,"1-3 Nguyễn Trãi, Tân Tiến, Nha Trang, Khánh Hòa 650000",Nha Trang,nha trang,12.2466906,109.1889712,0258 3510 499 ,100000,"100,000",3.8,Coffee Shop,Restaurant,https://www.google.com/maps/place/Cafe+Ho%C3%A0ng+Tu%E1%BA%A5n+%28Ng%C3%A3+6%29/data=!4m7!3m6!1s0x317067801d99a817:0x4a008b04c11df69c!8m2!3d12.2466906!4d109.1889712!16s%2Fg%2F11bvt5frm9!19sChIJF6iZHYBncDERnPYdwQSLAEo?authuser=0&hl=en&rclk=1,http://hoangtuancoffee.com.vn/
restaurant01665,Train Coffee,train,cafe,"17 Thái Nguyên, Tân Tiến, Nha Trang, Khánh Hòa 650000",Nha Trang,nha trang,12.2484747,109.1842754,,100000,"100,000",4.1,Coffee Shop,Restaurant,https://www.google.com/maps/place/Train+Coffee/data=!4m7!3m6!1s0x31705d7fa287d14d:0xd77430eea6aa58da!8m2!3d12.2484747!4d109.1842754!16s%2Fg%2F1v_z6dcw!19sChIJTdGHon9dcDER2liqpu4wdNc?authuser=0&hl=en&rclk=1,
restaurant01666,Quán cà phê Đường Tàu,quan duong tau,cafe,"66a Nguyễn Trãi, Tân Tiến, Nha Trang, Khánh Hòa 650000",Nha Trang,nha trang,12.2446857,109.1875433,0706 245 388 ,100000,"100,000",4.6,Coffee Shop,Restaurant,https://www.google.com/maps/place/Qu%C3%A1n+c%C3%A0+ph%C3%AA+%C4%90%C6%B0%E1%BB%9Dng+T%C3%A0u/data=!4m7!3m6!1s0x31705d00139e551f:0x1cee9b559bd520dc!8m2!3d12.2446857!4d109.1875433!16s%2Fg%2F11y56gzsbt!19sChIJH1WeEwBdcDER3CDVm1Wb7hw?authuser=0&hl=en&rclk=1,
restaurant01667,Dala Story Coffee,dala story,cafe,"116 Đ. Trịnh Phong, Tân Tiến, Nha Trang, Khánh Hòa 650000",Nha Trang,nha trang,12.2384438,109.1910073,0974 423 270 ,100000,"100,000",4.5,Coffee Shop,Restaurant,https://www.google.com/maps/place/Dala+Story+Coffee/data=!4m7!3m6!1s0x3170670017f6f2fd:0x862ce3d021c95170!8m2!3d12.2384438!4d109.1910073!16s%2Fg%2F11xcsqjq0k!19sChIJ_fL2FwBncDERcFHJIdDjLIY?authuser=0&hl=en&rclk=1,
restaurant01668,LEO ARABICA ROASTERY,leo arabica roastery,restaurant,"05 Đoàn Trần Nghiệp, Vĩnh Phước, Nha Trang, Khánh Hòa 650000",Nha Trang,nha trang,12.2720676,109.2031601,0909 040 450 ,100000,"100,000",4.6,Coffee Shop,Restaurant,https://www.google.com/maps/place/LEO+ARABICA+ROASTERY/data=!4m7!3m6!1s0x3170672f56bb9e15:0x447a2d84a2377bbe!8m2!3d12.2720676!4d109.2031601!16s%2Fg%2F11rw7ksvz6!19sChIJFZ67Vi9ncDERvns3ooQtekQ?authuser=0&hl=en&rclk=1,http://leoarabica.com/
restaurant01669,Engu Cafe - Cà Phê & Trà Sữa,engu tra sua,cafe,"34 A Lê Chân, Tân Tiến, Nha Trang, Khánh Hòa 650000",Nha Trang,nha trang,12.2420481,109.1843769,0934 071 879 ,100000,"100,000",4.4,Coffee Shop,Restaurant,https://www.google.com/maps/place/Engu+Cafe+-+C%C3%A0+Ph%C3%AA+%26+Tr%C3%A0+S%E1%BB%AFa/data=!4m7!3m6!1s0x31705d0510fa03d9:0x8099250732155bee!8m2!3d12.2420481!4d109.1843769!16s%2Fg%2F11gjtb9nt5!19sChIJ2QP6EAVdcDER7lsVMgclmYA?authuser=0&hl=en&rclk=1,
restaurant01670,Vị Cà Phê,vi,cafe,"13 Phù Đổng, Tân Tiến, Nha Trang, Khánh Hòa 650000",Nha Trang,nha trang,12.2407583,109.1852846,0899 326 295 ,100000,"100,000",4.8,Coffee Shop,Restaurant,https://www.google.com/maps/place/V%E1%BB%8B+C%C3%A0+Ph%C3%AA/data=!4m7!3m6!1s0x31705dc9e04103f5:0x59a0e4a69309bc86!8m2!3d12.2407583!4d109.1852846!16s%2Fg%2F11y4q6p216!19sChIJ9QNB4MldcDERhrwJk6bkoFk?authuser=0&hl=en&rclk=1,
restaurant01671,Art House - Coffee Workshop Nha Trang,art house workshop nha trang,cafe,"75 Đ. Hồng Bàng, Tân Tiến, Nha Trang, Khánh Hòa 650000",Nha Trang,nha trang,12.2405464,109.1899907,0389 148 242 ,100000,"100,000",4.3,Coffee Shop,Restaurant,https://www.google.com/maps/place/Art+House+-+Coffee+Workshop+Nha+Trang/data=!4m7!3m6!1s0x3170674788157e1f:0xf13b3114d55e7886!8m2!3d12.2405464!4d109.1899907!16s%2Fg%2F11vlt1jkjh!19sChIJH34ViEdncDERhnhe1RQxO_E?authuser=0&hl=en&rclk=1,
restaurant01672,Blu:m cafe & more,blu m more,cafe,"9 Nguyễn Hữu Huân, Tân Tiến, Nha Trang, Khánh Hòa 650000",Nha Trang,nha trang,12.2409858,109.1857747,,100000,"100,000",4.5,Coffee Shop,Restaurant,https://www.google.com/maps/place/Blu:m+cafe+%26+more/data=!4m7!3m6!1s0x31705dfaf3ee45c3:0x1e06b34ef4522140!8m2!3d12.2409858!4d109.1857747!16s%2Fg%2F11qp0x0ypf!19sChIJw0Xu8_pdcDERQCFS9E6zBh4?authuser=0&hl=en&rclk=1,https://facebook.com/blu.mcafe.more
restaurant01673,Ylak Corner - Egg Coffee Nha Trang,ylak corner egg nha trang,cafe,"07 Cao Văn Bé, Vĩnh Phước, Nha Trang, Khánh Hòa 650000",Nha Trang,nha trang,12.2729873,109.2020461,0919 332 075 ,100000,"100,000",4.9,Coffee Shop,Restaurant,https://www.google.com/maps/place/Ylak+Corner+-+Egg+Coffee+Nha+Trang/data=!4m7!3m6!1s0x317067377c441db5:0xdcd8dd7f08ddfd6f!8m2!3d12.2729873!4d109.2020461!16s%2Fg%2F11vz7crfmf!19sChIJtR1EfDdncDERb_3dCH_d2Nw?authuser=0&hl=en&rclk=1,https://facebook.com/ylakcorner
restaurant01674,Atlas Café,atlas,cafe,"17a Cao Văn Bé, Vĩnh Phước, Nha Trang, Khánh Hòa 650000",Nha Trang,nha trang,12.2728882,109.2012614,0368 288 030 ,200000,"200,000",4.8,Coffee Shop,Restaurant,https://www.google.com/maps/place/Atlas+Caf%C3%A9/data=!4m7!3m6!1s0x317067e6aac5ddd3:0xad8286011d7462f9!8m2!3d12.2728882!4d109.2012614!16s%2Fg%2F11sczfv7nq!19sChIJ093FquZncDER-WJ0HQGGgq0?authuser=0&hl=en&rclk=1,https://instagram.com/atlascafe.nhatrang?igshid=NTc4MTIwNjQ2YQ==
restaurant01675,Anvy Coffee - Khu vui chơi,anvy khu vui choi,cafe,"73/1 Đ. Bắc Sơn, Vĩnh Hải, Nha Trang, Khánh Hòa 650000",Nha Trang,nha trang,12.2779885,109.1986197,0984 972 160 ,100000,"100,000",4.6,Coffee Shop,Restaurant,https://www.google.com/maps/place/Anvy+Coffee+-+Khu+vui+ch%C6%A1i/data=!4m7!3m6!1s0x317067d98fae0d65:0x7126ad9a80ec82c3!8m2!3d12.2779885!4d109.1986197!16s%2Fg%2F11qq91xplc!19sChIJZQ2uj9lncDERw4LsgJqtJnE?authuser=0&hl=en&rclk=1,https://www.facebook.com/Anvy-coffee-khu-vui-ch%C6%A1i-nh%C3%A0-banh-101268638544393/
restaurant01676,a dopo café Nha Trang,a dopo nha trang,cafe,"102 Đường Trần Bình Trọng, Tân Tiến, Nha Trang, Khánh Hòa 650000",Nha Trang,nha trang,12.2398342,109.1856515,0988 413 671 ,100000,"100,000",4.7,Coffee Shop,Restaurant,https://www.google.com/maps/place/a+dopo+caf%C3%A9+Nha+Trang/data=!4m7!3m6!1s0x31705dce177fe267:0x1078c3674ffab6d3!8m2!3d12.2398342!4d109.1856515!16s%2Fg%2F11y8mznq0_!19sChIJZ-J_F85dcDER07b6T2fDeBA?authuser=0&hl=en&rclk=1,
restaurant01677,"iForest Coffee Nha Trang (Nha Trang Specialty Coffee, Nha Trang Coffee Roastery, Matcha, Tea, Juice, Smoothie, and more))",iforest nha trang nha trang specialty nha trang roastery matcha tea juice smoothie and more,cafe,"88 Đ. Hoàng Hoa Thám, Lộc Thọ, Nha Trang, Khánh Hòa 57000",Nha Trang,nha trang,12.2454104,109.1938597,0983 115 453 ,100000,"100,000",4.9,Coffee Shop,Restaurant,"https://www.google.com/maps/place/iForest+Coffee+Nha+Trang+%28Nha+Trang+Specialty+Coffee,+Nha+Trang+Coffee+Roastery,+Matcha,+Tea,+Juice,+Smoothie,+and+more%29%29/data=!4m7!3m6!1s0x317067fb4cd498b5:0xde7b0100fce5bd8f!8m2!3d12.2454104!4d109.1938597!16s%2Fg%2F11ygyc6gdy!19sChIJtZjUTPtncDERj73l_AABe94?authuser=0&hl=en&rclk=1",https://www.iforest.vn/
restaurant01678,GA Coffee & more,ga more,cafe,"19 Thái Nguyên, Tân Tiến, Nha Trang, Khánh Hòa 650000",Nha Trang,nha trang,12.2482166,109.1855046,0971 039 768 ,100000,"100,000",4.2,Coffee Shop,Restaurant,https://www.google.com/maps/place/GA+Coffee+%26+more/data=!4m7!3m6!1s0x31705d06114dfaf1:0x44c59b968c93de6b!8m2!3d12.2482166!4d109.1855046!16s%2Fg%2F11jvn2wfh9!19sChIJ8fpNEQZdcDERa96TjJabxUQ?authuser=0&hl=en&rclk=1,https://www.facebook.com/gacoffeeandmore/
restaurant01679,Cộng Cà Phê,cong,cafe,"97 Nguyễn Thiện Thuật, Tân Tiến, Nha Trang, Khánh Hòa 650000",Nha Trang,nha trang,12.2382683,109.1937485,0976 522 297 ,100000,"100,000",4.5,Coffee Shop,Restaurant,https://www.google.com/maps/place/C%E1%BB%99ng+C%C3%A0+Ph%C3%AA/data=!4m7!3m6!1s0x3170673a67aa3043:0x8fca0f8b05cfa26a!8m2!3d12.2382683!4d109.1937485!16s%2Fg%2F11w427w9lg!19sChIJQzCqZzpncDERaqLPBYsPyo8?authuser=0&hl=en&rclk=1,https://congcaphe.com/
restaurant01680,Cafe 24,24,cafe,"47 Đ. Củ Chi, Vĩnh Hải, Nha Trang, Khánh Hòa 650000",Nha Trang,nha trang,12.279677,109.1991653,0796 736 165 ,100000,"100,000",4.3,Coffee Shop,Restaurant,https://www.google.com/maps/place/Cafe+24/data=!4m7!3m6!1s0x317067fab0cb3487:0x615a17782c21af1a!8m2!3d12.279677!4d109.1991653!16s%2Fg%2F11dxdmpk1d!19sChIJhzTLsPpncDERGq8hLHgXWmE?authuser=0&hl=en&rclk=1,https://www.facebook.com/Nh%C3%A0-s%E1%BB%91-24-cafe-1591934287789421/
restaurant01681,Trốn Nha Trang - Cafe & Home,tron nha trang home,cafe,"46 Lê Quý Đôn, Tân Tiến, Nha Trang, Khánh Hòa 650000",Nha Trang,nha trang,12.2436182,109.1912851,0365 781 935 ,100000,"100,000",4.9,Coffee Shop,Restaurant,https://www.google.com/maps/place/Tr%E1%BB%91n+Nha+Trang+-+Cafe+%26+Home/data=!4m7!3m6!1s0x3170674d942664fb:0x70b89647c29d1270!8m2!3d12.2436182!4d109.1912851!16s%2Fg%2F11xlzb064h!19sChIJ-2QmlE1ncDERcBKdwkeWuHA?authuser=0&hl=en&rclk=1,
restaurant01682,Coffee House - Sunrise,house sunrise,cafe,"20 Trần Phú, Vạn Thạnh, Nha Trang, Khánh Hòa 650000",Nha Trang,nha trang,12.2505788,109.1962123,0258 3820 999 ,100000,"100,000",4.4,Coffee Shop,Restaurant,https://www.google.com/maps/place/Coffee+House+-+Sunrise/data=!4m7!3m6!1s0x3170678399ec4619:0x37c56f2121b8c23a!8m2!3d12.2505788!4d109.1962123!16s%2Fg%2F11d_c_mj4j!19sChIJGUbsmYNncDEROsK4ISFvxTc?authuser=0&hl=en&rclk=1,
restaurant01683,Coffe&Bar GALAXY,coffe bar galaxy,cafe,"03 Hòn Chồng, Vĩnh Phước, Nha Trang, Khánh Hòa 650000",Nha Trang,nha trang,12.2745637,109.1998519,,100000,"100,000",4.1,Bar/Pub,Restaurant,https://www.google.com/maps/place/Coffe%26Bar+GALAXY/data=!4m7!3m6!1s0x317067f1e1a16abb:0xf2a880a6a605637b!8m2!3d12.2745637!4d109.1998519!16s%2Fg%2F1pty0x85y!19sChIJu2qh4fFncDERe2MFpqaAqPI?authuser=0&hl=en&rclk=1,
restaurant01684,Mint Coffee,mint,cafe,"19 Nguyễn Hữu Huân, Tân Tiến, Nha Trang, Khánh Hòa 650000",Nha Trang,nha trang,12.2408002,109.1860138,,100000,"100,000",4.2,Coffee Shop,Restaurant,https://www.google.com/maps/place/Mint+Coffee/data=!4m7!3m6!1s0x31705d873a69032f:0xefeefd90f57c9183!8m2!3d12.2408002!4d109.1860138!16s%2Fg%2F11cm0ctwkb!19sChIJLwNpOoddcDERg5F89ZD97u8?authuser=0&hl=en&rclk=1,https://www.foody.vn/khanh-hoa/mint-coffee
restaurant01685,The Coffee House AB Tower,the house ab tower,cafe,"44 Trần Phú, Lộc Thọ, Nha Trang, Khánh Hòa 650000",Nha Trang,nha trang,12.2409711,109.1961408,,100000,"100,000",3.9,Coffee Shop,Restaurant,https://www.google.com/maps/place/The+Coffee+House+AB+Tower/data=!4m7!3m6!1s0x3170673a1e0f7f63:0x1c0a160be54fcd8b!8m2!3d12.2409711!4d109.1961408!16s%2Fg%2F11rv1tkhsg!19sChIJY38PHjpncDERi81P5QsWChw?authuser=0&hl=en&rclk=1,https://thecoffeehouse.com/
restaurant01686,Apsara Coffee,apsara,cafe,"Ngọc Hiệp, Nha Trang, Khánh Hòa 650000",Nha Trang,nha trang,12.2633135,109.1921044,0258 3827 827 ,100000,"100,000",4.3,Coffee Shop,Restaurant,https://www.google.com/maps/place/Apsara+Coffee/data=!4m7!3m6!1s0x3170678bddcb9537:0x23d07923c593186b!8m2!3d12.2633135!4d109.1921044!16s%2Fg%2F11bz0zkkcg!19sChIJN5XL3YtncDERaxiTxSN50CM?authuser=0&hl=en&rclk=1,http://champaislandresort.vn/
restaurant01687,Olympic Coffee,olympic,cafe,"51 Lê Hồng Phong, Tân Tiến, Nha Trang, Khánh Hòa 650000",Nha Trang,nha trang,12.2433691,109.1825155,,100000,"100,000",4.0,Coffee Shop,Restaurant,https://www.google.com/maps/place/Olympic+Coffee/data=!4m7!3m6!1s0x31705d7bf4c95c99:0xa25dff6f2f2b942d!8m2!3d12.2433691!4d109.1825155!16s%2Fg%2F11ngsgmq7j!19sChIJmVzJ9HtdcDERLZQrL2__XaI?authuser=0&hl=en&rclk=1,https://m.facebook.com/FromOympicCenter/
restaurant01688,KATINAT Nha Trang,katinat nha trang,restaurant,"42 Trần Phú, Lộc Thọ, Nha Trang, Khánh Hòa 650000",Nha Trang,nha trang,12.2417585,109.1958324,0258 7300 025 ,100000,"100,000",3.9,Coffee Shop,Restaurant,https://www.google.com/maps/place/KATINAT+Nha+Trang/data=!4m7!3m6!1s0x317067fd837cc6b3:0x8f2523c9d01247d3!8m2!3d12.2417585!4d109.1958324!16s%2Fg%2F11kt1z9dx3!19sChIJs8Z8g_1ncDER00cS0MkjJY8?authuser=0&hl=en&rclk=1,http://katinat.vn/
restaurant01689,Capybara Coffee & Tea,capybara tea,cafe,"34 Đ. Âu Cơ, Tân Tiến, Nha Trang, Khánh Hòa 650000",Nha Trang,nha trang,12.243766,109.1843757,0325 469 252 ,100000,"100,000",4.4,Coffee Shop,Restaurant,https://www.google.com/maps/place/Capybara+Coffee+%26+Tea/data=!4m7!3m6!1s0x31705d274c58812d:0xc8f5978f7ce1db4a!8m2!3d12.243766!4d109.1843757!16s%2Fg%2F11kj_mfxsr!19sChIJLYFYTCddcDERStvhfI-X9cg?authuser=0&hl=en&rclk=1,
restaurant01690,Cộng Cà Phê,cong,cafe,"23 Đ. Nguyễn Chánh, Lộc Thọ, Nha Trang, Khánh Hòa 650000",Nha Trang,nha trang,12.2454603,109.1932539,0978 155 523 ,100000,"100,000",4.4,Coffee Shop,Restaurant,https://www.google.com/maps/place/C%E1%BB%99ng+C%C3%A0+Ph%C3%AA/data=!4m7!3m6!1s0x317067d14bc56a1d:0x5880217ccd4bf96e!8m2!3d12.2454603!4d109.1932539!16s%2Fg%2F11jt_z0qw7!19sChIJHWrFS9FncDERbvlLzXwhgFg?authuser=0&hl=en&rclk=1,https://congcaphe.com/
restaurant01691,Stockholm Bistro & Co-working | Coworking Space in Nha Trang,stocklm bistro co working coworking space in nha trang,lake,"43 Lý Tự Trọng, Lộc Thọ, Nha Trang, Khánh Hòa 650000",Nha Trang,nha trang,12.247519,109.1908006,0766 436 363 ,200000,"200,000",4.7,Coffee Shop,Restaurant,https://www.google.com/maps/place/Stockholm+Bistro+%26+Co-working+%7C+Coworking+Space+in+Nha+Trang/data=!4m7!3m6!1s0x317067487eda266f:0x1047502023dc1cbb!8m2!3d12.247519!4d109.1908006!16s%2Fg%2F11vc5z8m_2!19sChIJbybafkhncDERuxzcIyBQRxA?authuser=0&hl=en&rclk=1,https://www.stockholm.vn/
restaurant01692,Tem Cafe Garden,tem garden,cafe,"139 Đ. Trần Nguyên Hãn, Tân Tiến, Nha Trang, Khánh Hòa 57000",Nha Trang,nha trang,12.2383702,109.1872673,0985 659 168 ,100000,"100,000",5.0,Coffee Shop,Restaurant,https://www.google.com/maps/place/Tem+Cafe+Garden/data=!4m7!3m6!1s0x31705d5040ef9611:0xe9ce403bb5ff8dc3!8m2!3d12.2383702!4d109.1872673!16s%2Fg%2F11xw1hc9wm!19sChIJEZbvQFBdcDERw43_tTtAzuk?authuser=0&hl=en&rclk=1,
restaurant01693,Huyền Thoại Núi Cà Phê,huyen thoai nui,cafe,"36 Hòn Chồng, Vĩnh Phước, Nha Trang, Khánh Hòa 650000",Nha Trang,nha trang,12.2745202,109.2005453,,100000,"100,000",4.5,Coffee Shop,Restaurant,https://www.google.com/maps/place/Huy%E1%BB%81n+Tho%E1%BA%A1i+N%C3%BAi+C%C3%A0+Ph%C3%AA/data=!4m7!3m6!1s0x3170679f07d91557:0x4530426023c9b681!8m2!3d12.2745202!4d109.2005453!16s%2Fg%2F11jy9_gj9j!19sChIJVxXZB59ncDERgbbJI2BCMEU?authuser=0&hl=en&rclk=1,https://dacsannui.vn/
restaurant01694,SHOWROOM CAFE HOÀNG TUẤN,showroom hoang tuan,cafe,"Số 4 Lê Lợi, Vạn Thạnh, Nha Trang, Khánh Hòa 650000",Nha Trang,nha trang,12.2536285,109.1953944,0258 3822 117 ,100000,"100,000",3.8,Coffee Shop,Restaurant,https://www.google.com/maps/place/SHOWROOM+CAFE+HO%C3%80NG+TU%E1%BA%A4N/data=!4m7!3m6!1s0x3170678447ed6c91:0x76977fb7d554a8f3!8m2!3d12.2536285!4d109.1953944!16s%2Fg%2F11c6fgqfcm!19sChIJkWztR4RncDER86hU1bd_l3Y?authuser=0&hl=en&rclk=1,http://hoangtuancoffee.vn/
restaurant01695,NHA TRANG VIEW 378 COFFEE AND RESTAURANT,nha trang view 378 coffee and,restaurant,"48 Đ. Nguyễn Bỉnh Khiêm, Vạn Thạnh, Nha Trang, Khánh Hòa 650000",Nha Trang,nha trang,12.2567337,109.1976057,0917 675 378 ,100000,"100,000",3.8,Coffee Shop,Restaurant,https://www.google.com/maps/place/NHA+TRANG+VIEW+378+COFFEE+AND+RESTAURANT/data=!4m7!3m6!1s0x317067a6b55c8693:0x84ac1faa9556ff65!8m2!3d12.2567337!4d109.1976057!16s%2Fg%2F11s9670vy4!19sChIJk4ZctaZncDERZf9WlaofrIQ?authuser=0&hl=en&rclk=1,https://www.facebook.com/profile.php?id=61554142096231
restaurant01696,Nhà Bếp Xưa Restaurant,nha bep xua,restaurant,"64B Hà Bổng, Phước Mỹ, Sơn Trà, Đà Nẵng 550000",Đà Nẵng,da nang,16.066058,108.2443163,0906 123 858 ,200000,"200,000",4.8,Restaurant,Restaurant,https://www.google.com/maps/place/Nh%C3%A0+B%E1%BA%BFp+X%C6%B0a+Restaurant/data=!4m7!3m6!1s0x314217f1aeaab4db:0xef0467544cfd59ae!8m2!3d16.066058!4d108.2443163!16s%2Fg%2F11s1s1qjt9!19sChIJ27SqrvEXQjERrln9TFRnBO8?authuser=0&hl=en&rclk=1,
restaurant01697,Tom's Bar & Grill,tom s bar grill,restaurant,"83C Ngô Thì Sĩ, Bắc Mỹ An, Ngũ Hành Sơn, Đà Nẵng 50507",Đà Nẵng,da nang,16.0478887,108.2452119,0944 152 714 ,200000,"200,000",4.7,Bar/Pub,Restaurant,https://www.google.com/maps/place/Tom%27s+Bar+%26+Grill/data=!4m7!3m6!1s0x31420e7c2ef423a1:0xdbf5e79674f53948!8m2!3d16.0478887!4d108.2452119!16s%2Fg%2F11f23m_206!19sChIJoSP0LnwOQjERSDn1dJbn9ds?authuser=0&hl=en&rclk=1,https://tomsbardanang.com/
restaurant01698,City High Dining,city high dining,restaurant,"Đối diện 27/9, Ng. Gia Tự, Hải Châu, Đà Nẵng, 550000",Đà Nẵng,da nang,16.0700798,108.217369,0898 999 420 ,1000000,"₫1,000,000",4.8,Restaurant,Restaurant,https://www.google.com/maps/place/City+High+Dining/data=!4m7!3m6!1s0x314219aa82e091d1:0x2190811db3973e4!8m2!3d16.0700798!4d108.217369!16s%2Fg%2F11g00w3254!19sChIJ0ZHggqoZQjER5HM52xEIGQI?authuser=0&hl=en&rclk=1,https://cityhighdining.com/
restaurant01699,Nhà Hàng Si Dining,si dining,restaurant,"01 Giang Châu 2, Khuê Mỹ, Ngũ Hành Sơn, Đà Nẵng 50500",Đà Nẵng,da nang,16.0301883,108.2380423,0774 464 441 ,1000000,"₫1,000,000",4.9,Restaurant,Restaurant,https://www.google.com/maps/place/Nh%C3%A0+H%C3%A0ng+Si+Dining/data=!4m7!3m6!1s0x314217ac96f771cb:0x5dc112dabcab9bfd!8m2!3d16.0301883!4d108.2380423!16s%2Fg%2F11sxynmqgm!19sChIJy3H3lqwXQjER_ZurvNoSwV0?authuser=0&hl=en&rclk=1,https://sidiningdanang.com/?utm_source=google&utm_medium=organic&utm_campaign=gbp-listing
restaurant01700,Bikini Bottom Express,bikini bottom express,restaurant,"45-47 An Thượng 2, Bắc Mỹ An, Ngũ Hành Sơn, Đà Nẵng 550000",Đà Nẵng,da nang,16.0487632,108.2475435,0934 916 911 ,200000,"200,000",4.7,Restaurant,Restaurant,https://www.google.com/maps/place/Bikini+Bottom+Express/data=!4m7!3m6!1s0x3142176fe447155f:0x9c6983231589d465!8m2!3d16.0487632!4d108.2475435!16s%2Fg%2F11fj5s7t0z!19sChIJXxVH5G8XQjERZdSJFSODaZw?authuser=0&hl=en&rclk=1,https://www.bikinibottomexpress.com/
restaurant01701,MR,mr,restaurant,"95 Ngô Thì Sĩ, Bắc Mỹ An, Ngũ Hành Sơn, Đà Nẵng 550000",Đà Nẵng,da nang,16.0478314,108.2455398,0963 852 538 ,200000,"200,000",4.7,Restaurant,Restaurant,https://www.google.com/maps/place/MR.+INDIA+RESTAURANT+%26+BAR+-+%EC%9D%B8%EB%8F%84+%EC%9D%8C%EC%8B%9D+%EB%A7%9B%EC%A7%91/data=!4m7!3m6!1s0x314217e868dadb23:0x9ba5a0fd143ba97c!8m2!3d16.0478314!4d108.2455398!16s%2Fg%2F11scpbz5fh!19sChIJI9vaaOgXQjERfKk7FP2gpZs?authuser=0&hl=en&rclk=1,
restaurant01702,Roots Plant-Based Cafe - Healthy vegan restaurant,roots plant based cafe healthy vegan,restaurant,"26-27 Trần Bạch Đằng, Bắc Mỹ Phú, Ngũ Hành Sơn, Đà Nẵng 550000",Đà Nẵng,da nang,16.0486723,108.2478556,0865 528 252 ,200000,"200,000",4.7,Coffee Shop,Restaurant,https://www.google.com/maps/place/Roots+Plant-Based+Cafe+-+Healthy+vegan+restaurant/data=!4m7!3m6!1s0x3142171cef03cf01:0x8bc2a190f42f983!8m2!3d16.0486723!4d108.2478556!16s%2Fg%2F11fd4prghb!19sChIJAc8D7xwXQjERg_lCDxkqvAg?authuser=0&hl=en&rclk=1,https://rootsplantbasedcafe.com/
restaurant01703,Ann Home Cuisine,ann me cuisine,lake,"01 An Hải 3, An Hải Bắc, Sơn Trà, Đà Nẵng 550000",Đà Nẵng,da nang,16.0821178,108.2334022,0934 913 359 ,200000,"200,000",4.9,Restaurant,Restaurant,https://www.google.com/maps/place/Ann+Home+Cuisine/data=!4m7!3m6!1s0x314219ce6143943b:0xd15563bd51b84152!8m2!3d16.0821178!4d108.2334022!16s%2Fg%2F11n7d2lxt_!19sChIJO5RDYc4ZQjERUkG4Ub1jVdE?authuser=0&hl=en&rclk=1,https://www.facebook.com/AnnHome.01AnHai3/
restaurant01704,La Tiato Restaurant,la tiato,restaurant,"09 Lê Quang Đạo, Bắc Mỹ Phú, Ngũ Hành Sơn, Đà Nẵng 550000",Đà Nẵng,da nang,16.0549648,108.2441276,0236 3820 606 ,100000,"100,000",4.9,Restaurant,Restaurant,https://www.google.com/maps/place/La+Tiato+Restaurant/data=!4m7!3m6!1s0x314217a37a27544f:0xf5841af3699a04d0!8m2!3d16.0549648!4d108.2441276!16s%2Fg%2F11hdwfq98y!19sChIJT1QneqMXQjER0ASaafMahPU?authuser=0&hl=en&rclk=1,
restaurant01705,Loving Vegan,loving vegan,restaurant,"61 Lê Quang Đạo, Bắc Mỹ Phú, Ngũ Hành Sơn, Đà Nẵng 550000",Đà Nẵng,da nang,16.0538197,108.2445011,0934 969 461 ,100000,"100,000",4.7,Restaurant,Restaurant,https://www.google.com/maps/place/Loving+Vegan/data=!4m7!3m6!1s0x31421735bffe275d:0x5f6052a0b37a4b2!8m2!3d16.0538197!4d108.2445011!16s%2Fg%2F11fl0z496f!19sChIJXSf-vzUXQjERsqQ3CyoF9gU?authuser=0&hl=en&rclk=1,https://www.facebook.com/LovingVeganRestaurant/
restaurant01706,Fly Burgers-An American Kitchen,fly burgers an american kitchen,restaurant,"62 Đỗ Bá, Bắc Mỹ An, Ngũ Hành Sơn, Đà Nẵng 550000",Đà Nẵng,da nang,16.0514872,108.2450319,0777 427 153 ,200000,"200,000",4.3,Restaurant,Restaurant,https://www.google.com/maps/place/Fly+Burgers-An+American+Kitchen/data=!4m7!3m6!1s0x314217a0ff7d6cf5:0x366f2476d495ec3d!8m2!3d16.0514872!4d108.2450319!16s%2Fg%2F11jg8m5byj!19sChIJ9Wx9_6AXQjERPeyV1HYkbzY?authuser=0&hl=en&rclk=1,https://www.flyburgersvietnam.com/
restaurant01707,Cơm Nhà Linh,com nha linh,restaurant,"35 An Thượng 26, Bắc Mỹ Phú, Ngũ Hành Sơn, Đà Nẵng 550000",Đà Nẵng,da nang,16.0553555,108.2448737,0962 068 987 ,200000,"200,000",4.5,Restaurant,Restaurant,https://www.google.com/maps/place/C%C6%A1m+Nh%C3%A0+Linh/data=!4m7!3m6!1s0x3142177bc24d6cbd:0x72967041e7320128!8m2!3d16.0553555!4d108.2448737!16s%2Fg%2F11f0l1y7vb!19sChIJvWxNwnsXQjERKAEy50FwlnI?authuser=0&hl=en&rclk=1,http://www.comnhalinh.com/
restaurant01708,Nậm Cuisine Restaurant - Ẩm thực Việt Nam,nam cuisine am thuc viet nam,restaurant,"126 Trần Bạch Đằng, Bắc Mỹ Phú, Ngũ Hành Sơn, Đà Nẵng 550000",Đà Nẵng,da nang,16.0544509,108.2460579,0905 016 700 ,200000,"200,000",4.5,Restaurant,Restaurant,https://www.google.com/maps/place/N%E1%BA%ADm+Cuisine+Restaurant+-+%E1%BA%A8m+th%E1%BB%B1c+Vi%E1%BB%87t+Nam/data=!4m7!3m6!1s0x31421746ad9d6649:0xe7f5814c7847ff12!8m2!3d16.0544509!4d108.2460579!16s%2Fg%2F11fm3lx9r3!19sChIJSWadrUYXQjEREv9HeEyB9ec?authuser=0&hl=en&rclk=1,https://namrestaurant.vn/
restaurant01709,Pokeman,pokeman,restaurant,"72/24 Nguyễn Văn Thoại, Bắc Mỹ An, Ngũ Hành Sơn, Đà Nẵng 550000",Đà Nẵng,da nang,16.0533586,108.2404589,0898 189 455 ,200000,"200,000",4.5,Restaurant,Restaurant,https://www.google.com/maps/place/Pokeman/data=!4m7!3m6!1s0x3142173cb5476c73:0xca4ec81ec6a00fa0!8m2!3d16.0533586!4d108.2404589!16s%2Fg%2F11h9n9mwd_!19sChIJc2xHtTwXQjERoA-gxh7ITso?authuser=0&hl=en&rclk=1,
restaurant01710,Ngon Thi Hoa Restaurant,ngon thi hoa,restaurant,"Str, 100 Lê Quang Đạo, Bắc Mỹ Phú, Ngũ Hành Sơn, Đà Nẵng 550000",Đà Nẵng,da nang,16.0489044,108.2458626,0967 220 100 ,300000,"300,000",4.2,Restaurant,Restaurant,https://www.google.com/maps/place/Ngon+Thi+Hoa+Restaurant/data=!4m7!3m6!1s0x314217f73d08ac15:0x8e8c11da1f1becf!8m2!3d16.0489044!4d108.2458626!16s%2Fg%2F11j79lpf_3!19sChIJFawIPfcXQjERz77xoR3B6Ag?authuser=0&hl=en&rclk=1,http://ngonthihoarestaurant.com/
restaurant01711,Laluna Bar & Restaurant,laluna bar,restaurant,"187 Huyền Trân Công Chúa, Hoà Hải, Ngũ Hành Sơn, Đà Nẵng 550000",Đà Nẵng,da nang,16.0031736,108.2652981,,200000,"200,000",4.1,Bar/Pub,Restaurant,https://www.google.com/maps/place/Laluna+Bar+%26+Restaurant/data=!4m7!3m6!1s0x314210c62f98b7f7:0xe741e2a218457cf0!8m2!3d16.0031736!4d108.2652981!16s%2Fg%2F11bwhb81gl!19sChIJ97eYL8YQQjER8HxFGKLiQec?authuser=0&hl=en&rclk=1,
restaurant01712,Sangha,sangha,restaurant,"84 Hoàng Văn Thụ, Phước Ninh, Hải Châu, Đà Nẵng 550000",Đà Nẵng,da nang,16.062986,108.2202384,0236 3836 979 ,300000,"300,000",4.6,Restaurant,Restaurant,https://www.google.com/maps/place/Sangha/data=!4m7!3m6!1s0x3142191cd40a0aab:0xe2fdbf991b666f48!8m2!3d16.062986!4d108.2202384!16s%2Fg%2F11qnlkz3mn!19sChIJqwoK1BwZQjERSG9mG5m__eI?authuser=0&hl=en&rclk=1,https://www.facebook.com/sanghadanang
restaurant01713,Epic Vietnamese Bistro - Halal Vietnamese Food,epic vietnamese bistro halal vietnamese,restaurant,"10 An Thượng 5, Bắc Mỹ Phú, Ngũ Hành Sơn, Đà Nẵng 550000",Đà Nẵng,da nang,16.0488149,108.2453274,0935 103 604 ,200000,"200,000",4.8,Restaurant,Restaurant,https://www.google.com/maps/place/Epic+Vietnamese+Bistro+-+Halal+Vietnamese+Food/data=!4m7!3m6!1s0x31421748beed8691:0xa8e3f0a927e77985!8m2!3d16.0488149!4d108.2453274!16s%2Fg%2F11sskyzfmn!19sChIJkYbtvkgXQjERhXnnJ6nw46g?authuser=0&hl=en&rclk=1,https://epicvietnamesebistro.vn/?src=google
restaurant01714,Happy Heart Cafe - American Restaurant,happy heart cafe american,restaurant,"57 Ngô Thì Sĩ, Bắc Mỹ An, Ngũ Hành Sơn, Đà Nẵng 550000",Đà Nẵng,da nang,16.0475999,108.2446133,0236 3888 384 ,200000,"200,000",4.7,Coffee Shop,Restaurant,https://www.google.com/maps/place/Happy+Heart+Cafe+-+American+Restaurant/data=!4m7!3m6!1s0x3142183a4623684f:0xf1ec54fc0a732c82!8m2!3d16.0475999!4d108.2446133!16s%2Fg%2F11c3t_wvb_!19sChIJT2gjRjoYQjERgixzCvxU7PE?authuser=0&hl=en&rclk=1,https://happyheartcafe.vn/?src=google
restaurant01715,Bon Bocon Restaurant,bon bocon,restaurant,"164 Châu Thị Vĩnh Tế, Bắc Mỹ Phú, Ngũ Hành Sơn, Đà Nẵng 50000",Đà Nẵng,da nang,16.0487452,108.240872,0905 636 800 ,300000,"300,000",4.8,Restaurant,Restaurant,https://www.google.com/maps/place/Bon+Bocon+Restaurant/data=!4m7!3m6!1s0x3142176db645cf11:0x2ab163ec03b223b7!8m2!3d16.0487452!4d108.240872!16s%2Fg%2F11xcw1sm3v!19sChIJEc9Ftm0XQjERtyOyA-xjsSo?authuser=0&hl=en&rclk=1,
restaurant01716,Veda's Kitchen,veda s kitchen,restaurant,"29 An Thượng 3, Bắc Mỹ Phú, Ngũ Hành Sơn, Đà Nẵng 550000",Đà Nẵng,da nang,16.0490231,108.2468925,0335 000 409 ,200000,"200,000",4.5,Restaurant,Restaurant,https://www.google.com/maps/place/Veda%27s+Kitchen/data=!4m7!3m6!1s0x3142182854713a61:0xdd3e0503022dbc52!8m2!3d16.0490231!4d108.2468925!16s%2Fg%2F11f126j2wq!19sChIJYTpxVCgYQjERUrwtAgMFPt0?authuser=0&hl=en&rclk=1,
restaurant01717,Phi Lu 1 Restaurant,phi lu 1,restaurant,"225 Nguyễn Chí Thanh, Hải Châu, Đà Nẵng 55000",Đà Nẵng,da nang,16.0670752,108.2210243,0236 3868 868 ,200000,"200,000",4.3,Restaurant,Restaurant,https://www.google.com/maps/place/Phi+Lu+1+Restaurant/data=!4m7!3m6!1s0x3142183377c1ecc3:0xd739b07453f05636!8m2!3d16.0670752!4d108.2210243!16s%2Fg%2F1td9b79t!19sChIJw-zBdzMYQjERNlbwU3SwOdc?authuser=0&hl=en&rclk=1,
restaurant01718,Pistachio Restaurant Da Nang,pistachio da nang,restaurant,"56 Trần Bạch Đằng, Bắc Mỹ Phú, Ngũ Hành Sơn, Đà Nẵng 550000",Đà Nẵng,da nang,16.0496702,108.2477527,0236 3528 567 ,200000,"200,000",4.9,Restaurant,Restaurant,https://www.google.com/maps/place/Pistachio+Restaurant+Da+Nang/data=!4m7!3m6!1s0x314217936fa5b6d7:0x886fdea3f4ace850!8m2!3d16.0496702!4d108.2477527!16s%2Fg%2F11j2p9nnfn!19sChIJ17alb5MXQjERUOis9KPeb4g?authuser=0&hl=en&rclk=1,https://www.facebook.com/Pistachio-My-Khe-Restaurant-117161073016045/
restaurant01719,Sam’s Restaurant,sam s,restaurant,"144 Huyền Trân Công Chúa, Hoà Hải, Ngũ Hành Sơn, Đà Nẵng 550000",Đà Nẵng,da nang,16.0029391,108.2649311,0788 681 168 ,100000,"100,000",5.0,Restaurant,Restaurant,https://www.google.com/maps/place/Sam%E2%80%99s+Restaurant/data=!4m7!3m6!1s0x314211d9b8648635:0xb0a8e23aeae375d6!8m2!3d16.0029391!4d108.2649311!16s%2Fg%2F11h02xbbdn!19sChIJNYZkuNkRQjER1nXj6jriqLA?authuser=0&hl=en&rclk=1,
restaurant01720,Rainbowl Poke,rainbowl poke,restaurant,"95 Mai Thúc Lân Ngũ Hành Sơn Da Nang City, 550000",Đà Nẵng,da nang,16.0478843,108.2437938,0769 059 079 ,200000,"200,000",4.9,Restaurant,Restaurant,https://www.google.com/maps/place/Rainbowl+Poke/data=!4m7!3m6!1s0x3142178f139b19ed:0x761f477fdaff3c48!8m2!3d16.0478843!4d108.2437938!16s%2Fg%2F11lgx8vqz1!19sChIJ7RmbE48XQjERSDz_2n9HH3Y?authuser=0&hl=en&rclk=1,http://rainbowlpoke.com/
restaurant01721,BaBaBa Japanese Restaurant,bababa japanese,restaurant,"333 Hồ Nghinh, P, Sơn Trà, Đà Nẵng 550000",Đà Nẵng,da nang,16.0621556,108.2436913,0789 686 856 ,300000,"300,000",4.7,Restaurant,Restaurant,https://www.google.com/maps/place/BaBaBa+Japanese+Restaurant/data=!4m7!3m6!1s0x3142170003dbbc1b:0xe330bc479d48f4c4!8m2!3d16.0621556!4d108.2436913!16s%2Fg%2F11vs2661bx!19sChIJG7zbAwAXQjERxPRInUe8MOM?authuser=0&hl=en&rclk=1,https://bababadanang.vn/
restaurant01722,Nén Danang Restaurant,nen danang,restaurant,"16 đường Mỹ Đa Tây 2, Khuê Mỹ, Ngũ Hành Sơn, Đà Nẵng 550000",Đà Nẵng,da nang,16.0346026,108.2395581,0847 148 866 ,1000000,"₫1,000,000",4.5,Restaurant,Restaurant,https://www.google.com/maps/place/N%C3%A9n+Danang+Restaurant/data=!4m7!3m6!1s0x3142175f35c9eb37:0x76acf6f5e208c735!8m2!3d16.0346026!4d108.2395581!16s%2Fg%2F11f03qvndm!19sChIJN-vJNV8XQjERNccI4vX2rHY?authuser=0&hl=en&rclk=1,http://www.restaurantnen.com/
restaurant01723,Pause and Enjoy Da Nang- 포즈 앤 엔조이,pause and enjoy da nang pojeu aen enjoi,island,"17 Yên Bái, str, Hải Châu, Đà Nẵng 550000",Đà Nẵng,da nang,16.0696319,108.2229778,0838 666 771 ,200000,"200,000",5.0,Restaurant,Restaurant,https://www.google.com/maps/place/Pause+and+Enjoy+Da+Nang-+%ED%8F%AC%EC%A6%88+%EC%95%A4+%EC%97%94%EC%A1%B0%EC%9D%B4/data=!4m7!3m6!1s0x3142192132b38f29:0xee808906b563bf3b!8m2!3d16.0696319!4d108.2229778!16s%2Fg%2F11lp2zdmlk!19sChIJKY-zMiEZQjERO79jtQaJgO4?authuser=0&hl=en&rclk=1,https://www.facebook.com/pauseandenjoydanang
restaurant01724,Himalaya Indian Restaurant,himalaya indian,restaurant,"41 An Thượng 4, Bắc Mỹ Phú, Ngũ Hành Sơn, Đà Nẵng 550000",Đà Nẵng,da nang,16.048561,108.2465771,0376 665 925 ,200000,"200,000",4.6,Restaurant,Restaurant,https://www.google.com/maps/place/Himalaya+Indian+Restaurant/data=!4m7!3m6!1s0x3142173eedeaf145:0x9cc56c182ceb6dab!8m2!3d16.048561!4d108.2465771!16s%2Fg%2F11fjnbjwng!19sChIJRfHq7T4XQjERq23rLBhsxZw?authuser=0&hl=en&rclk=1,
restaurant01725,Tám Riêu - Phan Xích Long,tam rieu phan xich long,restaurant,"235 Phan Xích Long, Phường 2, Phú Nhuận, Thành phố Hồ Chí Minh 700000",Thành phố Hồ Chí Minh,ho chi minh,10.7990812,106.6861379,0334 626 060 ,200000,"200,000",4.8,Restaurant,Restaurant,https://www.google.com/maps/place/T%C3%A1m+Ri%C3%AAu+-+Phan+X%C3%ADch+Long/data=!4m7!3m6!1s0x317529441b39afe9:0x472e93f084b07cb8!8m2!3d10.7990812!4d106.6861379!16s%2Fg%2F11fmvbz8d_!19sChIJ6a85G0QpdTERuHywhPCTLkc?authuser=0&hl=en&rclk=1,http://www.amthuctamrieu.com/
restaurant01726,Phố Nướng JOKUL,p nuong jokul,lake,"439 Đ. Phạm Văn Đồng, Phường 13, Bình Thạnh, Thành phố Hồ Chí Minh",Thành phố Hồ Chí Minh,ho chi minh,10.8218468,106.6977995,0898 488 190 ,200000,"200,000",4.5,Restaurant,Restaurant,https://www.google.com/maps/place/Ph%E1%BB%91+N%C6%B0%E1%BB%9Bng+JOKUL/data=!4m7!3m6!1s0x317528ed622cd5a7:0x3f1a58120506c7e9!8m2!3d10.8218468!4d106.6977995!16s%2Fg%2F11j8x6qmvn!19sChIJp9UsYu0odTER6ccGBRJYGj8?authuser=0&hl=en&rclk=1,
restaurant01727,Quán Ăn P - H,p h,restaurant,"358 Trường Sa, phường 2, Phú Nhuận, Thành phố Hồ Chí Minh",Thành phố Hồ Chí Minh,ho chi minh,10.7960837,106.6898704,0902 014 188 ,200000,"200,000",4.3,Restaurant,Restaurant,https://www.google.com/maps/place/Qu%C3%A1n+%C4%82n+P+-+H/data=!4m7!3m6!1s0x317528ce6c26e91d:0x86558f22a3babfc9!8m2!3d10.7960837!4d106.6898704!16s%2Fg%2F11b67kb_6g!19sChIJHekmbM4odTERyb-6oyKPVYY?authuser=0&hl=en&rclk=1,https://www.foody.vn/ho-chi-minh/p-h-oc-lau
restaurant01728,Quán Ăn Núi Ngự,nui ngu,restaurant,"245 25 Đường số 20, Phường 5, Gò Vấp, Thành phố Hồ Chí Minh 700000",Thành phố Hồ Chí Minh,ho chi minh,10.8374167,106.6889195,028 3506 1116 ,200000,"200,000",4.1,Restaurant,Restaurant,https://www.google.com/maps/place/Qu%C3%A1n+%C4%82n+N%C3%BAi+Ng%E1%BB%B1/data=!4m7!3m6!1s0x31752859e8643b19:0xa35912bd9104c5b2!8m2!3d10.8374167!4d106.6889195!16s%2Fg%2F11btrrc0v7!19sChIJGTtk6FkodTERssUEkb0SWaM?authuser=0&hl=en&rclk=1,
restaurant01729,Nhà hàng Mô Rứa,mo rua,restaurant,"Phan Xích Long/45 Cầu Kiệu, Phường, Phú Nhuận, Thành phố Hồ Chí Minh 70000",Thành phố Hồ Chí Minh,ho chi minh,10.7972039,106.6913827,0898 894 545 ,200000,"200,000",4.4,Restaurant,Restaurant,https://www.google.com/maps/place/Nh%C3%A0+h%C3%A0ng+M%C3%B4+R%E1%BB%A9a/data=!4m7!3m6!1s0x31752937a8ba38f3:0xbd0717e61126a126!8m2!3d10.7972039!4d106.6913827!16s%2Fg%2F11mwkf7tq5!19sChIJ8zi6qDcpdTERJqEmEeYXB70?authuser=0&hl=en&rclk=1,http://fb.com/nhahangMoRua
restaurant01730,Quán Ăn Vặt 47,vat 47,restaurant,"49 Phó Đức Chính, Phường 1, Bình Thạnh, Thành phố Hồ Chí Minh",Thành phố Hồ Chí Minh,ho chi minh,10.7996615,106.6972242,0914 803 049 ,100000,"100,000",4.2,Restaurant,Restaurant,https://www.google.com/maps/place/Qu%C3%A1n+%C4%82n+V%E1%BA%B7t+47/data=!4m7!3m6!1s0x3175295fcb3a199f:0x48759200e7bf8379!8m2!3d10.7996615!4d106.6972242!16s%2Fg%2F11g18w2jht!19sChIJnxk6y18pdTEReYO_5wCSdUg?authuser=0&hl=en&rclk=1,http://www.facebook.com/Quananvat47
restaurant01731,Quán Ăn 219,219,restaurant,"219 Nơ Trang Long, Phường 12, Bình Thạnh, Thành phố Hồ Chí Minh",Thành phố Hồ Chí Minh,ho chi minh,10.8157599,106.6977854,0707 272 718 ,300000,"300,000",4.0,Restaurant,Restaurant,https://www.google.com/maps/place/Qu%C3%A1n+%C4%82n+219/data=!4m7!3m6!1s0x317528eb6f76ea05:0x47f908c126def159!8m2!3d10.8157599!4d106.6977854!16s%2Fg%2F11xmv2h8l!19sChIJBep2b-sodTERWfHeJsEI-Uc?authuser=0&hl=en&rclk=1,http://quanan219.com/
restaurant01732,Quán Ăn Năm Gia,nam gia,restaurant,"313 Phan Xích Long, Phường 1, Phú Nhuận, Thành phố Hồ Chí Minh",Thành phố Hồ Chí Minh,ho chi minh,10.8006912,106.683953,028 3990 2991 ,100000,"100,000",4.6,Restaurant,Restaurant,https://www.google.com/maps/place/Qu%C3%A1n+%C4%82n+N%C4%83m+Gia/data=!4m7!3m6!1s0x317528d09e61ae95:0x7aa2febe2c4b5b42!8m2!3d10.8006912!4d106.683953!16s%2Fg%2F1tf7k17y!19sChIJla5hntAodTERQltLLL7-ono?authuser=0&hl=en&rclk=1,https://www.foody.vn/ho-chi-minh/quan-an-nam-gia-mien-ga
restaurant01733,Nhà hàng Ăn Được Phúc - 179 Phan Xích Long,an duoc phuc 179 phan xich long,restaurant,"179 Phan Xích Long, Phường 02, Phú Nhuận, Thành phố Hồ Chí Minh 70000",Thành phố Hồ Chí Minh,ho chi minh,10.7982288,106.6880178,028 3535 4949 ,400000,"400,000",4.0,Restaurant,Restaurant,https://www.google.com/maps/place/Nh%C3%A0+h%C3%A0ng+%C4%82n+%C4%90%C6%B0%E1%BB%A3c+Ph%C3%BAc+-+179+Phan+X%C3%ADch+Long/data=!4m7!3m6!1s0x317529a35b8a0485:0x8a628c1728ff5fb5!8m2!3d10.7982288!4d106.6880178!16s%2Fg%2F11qng9ctl2!19sChIJhQSKW6MpdTERtV__KBeMYoo?authuser=0&hl=en&rclk=1,https://www.facebook.com/anduocphuc/
restaurant01734,Lộ Thiên Quán,lo thien quan,restaurant,"222 Nguyễn Oanh, Phường 17, Gò Vấp, Thành phố Hồ Chí Minh",Thành phố Hồ Chí Minh,ho chi minh,10.8364998,106.6756872,0946 111 131 ,300000,"300,000",4.4,Restaurant,Restaurant,https://www.google.com/maps/place/L%E1%BB%99+Thi%C3%AAn+Qu%C3%A1n/data=!4m7!3m6!1s0x31752986bffe1d7f:0xf0df45b64a99122c!8m2!3d10.8364998!4d106.6756872!16s%2Fg%2F11pdmd6jyb!19sChIJfx3-v4YpdTERLBKZSrZF3_A?authuser=0&hl=en&rclk=1,
restaurant01735,Quán Ăn Dìn Chón Mì Gia,din chon mi gia,restaurant,"447 Nguyễn Kiệm, Phường 9, Phú Nhuận, Thành phố Hồ Chí Minh",Thành phố Hồ Chí Minh,ho chi minh,10.8014749,106.6792717,0939 174 884 ,200000,"200,000",4.3,Restaurant,Restaurant,https://www.google.com/maps/place/Qu%C3%A1n+%C4%82n+D%C3%ACn+Ch%C3%B3n+M%C3%AC+Gia/data=!4m7!3m6!1s0x317528d9d360a7ad:0x3052c241837e99ee!8m2!3d10.8014749!4d106.6792717!16s%2Fg%2F11b67lznwy!19sChIJradg09kodTER7pl-g0HCUjA?authuser=0&hl=en&rclk=1,https://www.foody.vn/ho-chi-minh/din-chon-mi-gia
restaurant01736,Quán Tre-Lẩu Tôm,quan tre lau tom,restaurant,"251/51 Lê Quang Định, Phường 7, Bình Thạnh, Thành phố Hồ Chí Minh",Thành phố Hồ Chí Minh,ho chi minh,10.808799,106.6925399,028 3841 1224 ,300000,"300,000",4.2,Restaurant,Restaurant,https://www.google.com/maps/place/Qu%C3%A1n+Tre-L%E1%BA%A9u+T%C3%B4m/data=!4m7!3m6!1s0x317528c24bb52909:0xe11c938519f3a49b!8m2!3d10.808799!4d106.6925399!16s%2Fg%2F11bwh_skc7!19sChIJCSm1S8IodTERm6TzGYWTHOE?authuser=0&hl=en&rclk=1,https://www.foody.vn/ho-chi-minh/quan-tre-lau-tom-cang
restaurant01737,"Quán Ăn Gia Đình Trường Thanh Quán - Cơm Chiên, Mì Xào",gia dinh truong thanh quan com chien mi xao,restaurant,"47 Đ. Lê Thị Hồng, Phường 1, Gò Vấp, Thành phố Hồ Chí Minh",Thành phố Hồ Chí Minh,ho chi minh,10.8343067,106.6793151,,100000,"100,000",4.5,Restaurant,Restaurant,"https://www.google.com/maps/place/Qu%C3%A1n+%C4%82n+Gia+%C4%90%C3%ACnh+Tr%C6%B0%E1%BB%9Dng+Thanh+Qu%C3%A1n+-+C%C6%A1m+Chi%C3%AAn,+M%C3%AC+X%C3%A0o/data=!4m7!3m6!1s0x31752977a629a983:0x336b3fbccaada2d7!8m2!3d10.8343067!4d106.6793151!16s%2Fg%2F11t7lcmqhp!19sChIJg6kppncpdTER16Ktyrw_azM?authuser=0&hl=en&rclk=1",https://www.foody.vn/ho-chi-minh/truong-thanh-com-ga-xoi-mo-le-thi-hong
restaurant01738,Ẩm thực Chay - Vườn Chay,am thuc chay vuon chay,restaurant,"424 Lê Quang Định, Phường 11, Bình Thạnh, Thành phố Hồ Chí Minh",Thành phố Hồ Chí Minh,ho chi minh,10.8118414,106.6908568,028 3620 2649 ,200000,"200,000",4.3,Vegetarian,Restaurant,https://www.google.com/maps/place/%E1%BA%A8m+th%E1%BB%B1c+Chay+-+V%C6%B0%E1%BB%9Dn+Chay/data=!4m7!3m6!1s0x317528e91ba61fa5:0xcffb0dd1bbf27ddc!8m2!3d10.8118414!4d106.6908568!16s%2Fg%2F11f03zw7_6!19sChIJpR-mG-kodTER3H3yu9EN-88?authuser=0&hl=en&rclk=1,
restaurant01739,Ti Ti French Restaurant (beafsteak),ti ti french beafsteak,restaurant,"67/4/118 Vũ Huy Tấn, Phường 1, Bình Thạnh, Thành phố Hồ Chí Minh",Thành phố Hồ Chí Minh,ho chi minh,10.7957055,106.6948808,1900 996627 ,200000,"200,000",4.0,Tea Shop,Restaurant,https://www.google.com/maps/place/Ti+Ti+French+Restaurant+%28beafsteak%29/data=!4m7!3m6!1s0x317528c94fa69239:0x17044809903b726f!8m2!3d10.7957055!4d106.6948808!16s%2Fg%2F1tgft38k!19sChIJOZKmT8kodTERb3I7kAlIBBc?authuser=0&hl=en&rclk=1,https://www.foody.vn/ho-chi-minh/beefsteak-titi
restaurant01740,BÚN CHẢ PHỐ CỔ,bun cha p co,lake,"225 Phan Xích Long, Phường 2, Phú Nhuận, Thành phố Hồ Chí Minh",Thành phố Hồ Chí Minh,ho chi minh,10.7988558,106.6861182,0984 327 595 ,100000,"100,000",4.1,Restaurant,Restaurant,https://www.google.com/maps/place/B%C3%9AN+CH%E1%BA%A2+PH%E1%BB%90+C%E1%BB%94/data=!4m7!3m6!1s0x317528d04423d8cd:0x14c28983e57de3b8!8m2!3d10.7988558!4d106.6861182!16s%2Fg%2F11c5s9q429!19sChIJzdgjRNAodTERuON95YOJwhQ?authuser=0&hl=en&rclk=1,http://facebook.com/bunchaphoco
restaurant01741,Nhà Hàng Chay Hương Sen,chay huong sen,restaurant,"778/2 Nguyễn Kiệm, Phường 3, Đức Nhuận, Thành phố Hồ Chí Minh",Thành phố Hồ Chí Minh,ho chi minh,10.8114459,106.6789748,028 3503 9857 ,200000,"200,000",4.4,Vegetarian,Restaurant,https://www.google.com/maps/place/Nh%C3%A0+H%C3%A0ng+Chay+H%C6%B0%C6%A1ng+Sen/data=!4m7!3m6!1s0x317528d873be0b65:0x9807f3caf14cabe2!8m2!3d10.8114459!4d106.6789748!16s%2Fg%2F1td1yrfm!19sChIJZQu-c9godTER4qtM8crzB5g?authuser=0&hl=en&rclk=1,https://nhahangchayhuongsen.vn/
restaurant01742,Quán ăn sân vườn Vườn xoài,san vuon vuon xoai,restaurant,"453 Đ. Phạm Văn Đồng, Phường 13, Bình Thạnh, Thành phố Hồ Chí Minh 70000",Thành phố Hồ Chí Minh,ho chi minh,10.822623,106.7004259,028 3553 1737 ,300000,"300,000",3.9,Restaurant,Restaurant,https://www.google.com/maps/place/Qu%C3%A1n+%C4%83n+s%C3%A2n+v%C6%B0%E1%BB%9Dn+V%C6%B0%E1%BB%9Dn+xo%C3%A0i/data=!4m7!3m6!1s0x317528980137721f:0xa626a4fa0eac2177!8m2!3d10.822623!4d106.7004259!16s%2Fg%2F11dxqfjtvr!19sChIJH3I3AZgodTERdyGsDvqkJqY?authuser=0&hl=en&rclk=1,
restaurant01743,"Quán Ốc Quỳnh 106A Phùng Văn Cung, F7, Q",quan oc quynh 106a phung van cung f7 q,restaurant,"106 Đ. Phùng Văn Cung, Phường 7, Phú Nhuận, Thành phố Hồ Chí Minh",Thành phố Hồ Chí Minh,ho chi minh,10.8027784,106.6847571,0937 857 185 ,200000,"200,000",4.2,Restaurant,Restaurant,"https://www.google.com/maps/place/Qu%C3%A1n+%E1%BB%90c+Qu%E1%BB%B3nh+106A+Ph%C3%B9ng+V%C4%83n+Cung,+F7,+Q.Ph%C3%BA+Nhu%E1%BA%ADn/data=!4m7!3m6!1s0x317528da51216bb3:0xce88e332e9861039!8m2!3d10.8027784!4d106.6847571!16s%2Fg%2F11b6dgc1vw!19sChIJs2shUdoodTERORCG6TLjiM4?authuser=0&hl=en&rclk=1",https://www.foody.vn/ho-chi-minh/oc-quynh-phung-van-cung
restaurant01744,Cháo Trắng Hàng Xanh,chao trang hang xanh,market,"Hẻm 283 Xô Viết Nghệ Tĩnh, Phường 2, Bình Thạnh, Thành phố Hồ Chí Minh",Thành phố Hồ Chí Minh,ho chi minh,10.802395,106.711155,0901 366 339 ,100000,"100,000",4.2,Restaurant,Restaurant,https://www.google.com/maps/place/Ch%C3%A1o+Tr%E1%BA%AFng+H%C3%A0ng+Xanh/data=!4m7!3m6!1s0x317529e19ef6b10b:0xac3f12912e8e93d0!8m2!3d10.802395!4d106.711155!16s%2Fg%2F11gtzfrv75!19sChIJC7H2nuEpdTER0JOOLpESP6w?authuser=0&hl=en&rclk=1,
restaurant01745,Lau Mam 140 Restaurant,lau mam 140,restaurant,"140/13 Đ. Trần Huy Liệu, Phường 15, Phú Nhuận, Thành phố Hồ Chí Minh",Thành phố Hồ Chí Minh,ho chi minh,10.7978043,106.6781373,028 3844 4484 ,200000,"200,000",4.4,Restaurant,Restaurant,https://www.google.com/maps/place/Lau+Mam+140+Restaurant/data=!4m7!3m6!1s0x317528d6383daed5:0x326e03bf01698f3b!8m2!3d10.7978043!4d106.6781373!16s%2Fg%2F1v3hxghl!19sChIJ1a49ONYodTERO49pAb8DbjI?authuser=0&hl=en&rclk=1,https://www.foody.vn/ho-chi-minh/lau-mam-140
restaurant01746,Quán Chay LÁ BỒ ĐỀ - Quán chay Phan Xích Long Phú Nhuận,quan chay la bo de quan chay phan xich long phu nhuan,temple,"358 Phan Xích Long, Phường 2, Phú Nhuận, Thành phố Hồ Chí Minh",Thành phố Hồ Chí Minh,ho chi minh,10.7994623,106.6860745,0908 674 925 ,100000,"100,000",4.2,Vegetarian,Restaurant,https://www.google.com/maps/place/Qu%C3%A1n+Chay+L%C3%81+B%E1%BB%92+%C4%90%E1%BB%80+-+Qu%C3%A1n+chay+Phan+X%C3%ADch+Long+Ph%C3%BA+Nhu%E1%BA%ADn/data=!4m7!3m6!1s0x3175295907f4308f:0xdbff1446acc4fc02!8m2!3d10.7994623!4d106.6860745!16s%2Fg%2F11ght9jww3!19sChIJjzD0B1kpdTERAvzErEYU_9s?authuser=0&hl=en&rclk=1,
restaurant01747,Ốc Chánh,oc chanh,restaurant,"55/5 Đ. Nguyễn Văn Công, Phường 3, Gò Vấp, Thành phố Hồ Chí Minh",Thành phố Hồ Chí Minh,ho chi minh,10.8238868,106.6774516,,200000,"200,000",4.1,Restaurant,Restaurant,https://www.google.com/maps/place/%E1%BB%90c+Ch%C3%A1nh/data=!4m7!3m6!1s0x317528fd466d8ab7:0xefdd22fad7a4295a!8m2!3d10.8238868!4d106.6774516!16s%2Fg%2F11gbt832g6!19sChIJt4ptRv0odTERWimk1_oi3e8?authuser=0&hl=en&rclk=1,
restaurant01748,Bánh Canh Cua Cô Diệu,banh canh cua co dieu,pagoda,"710 712-714 Nguyễn Kiệm, Phường 4, Phú Nhuận, Thành phố Hồ Chí Minh",Thành phố Hồ Chí Minh,ho chi minh,10.8072656,106.6785303,0903 061 287 ,100000,"100,000",3.8,Bakery,Restaurant,https://www.google.com/maps/place/B%C3%A1nh+Canh+Cua+C%C3%B4+Di%E1%BB%87u/data=!4m7!3m6!1s0x317528df3cabc90f:0xb8cfdf21fc62b51b!8m2!3d10.8072656!4d106.6785303!16s%2Fg%2F11dxbqj14_!19sChIJD8mrPN8odTERG7Vi_CHfz7g?authuser=0&hl=en&rclk=1,
restaurant01749,"Ô KÊ Quán - Lẩu Gà Lá É - 164 Nguyễn Văn Lượng, P17, Gò Vấp",o ke quan lau ga la e 164 nguyen van luong p17 go vap,restaurant,"164 Đ. Nguyễn Văn Lượng, Phường 17, Gò Vấp, Thành phố Hồ Chí Minh 70000",Thành phố Hồ Chí Minh,ho chi minh,10.8386655,106.6769539,0898 387 654 ,200000,"200,000",4.2,Restaurant,Restaurant,"https://www.google.com/maps/place/%C3%94+K%C3%8A+Qu%C3%A1n+-+L%E1%BA%A9u+G%C3%A0+L%C3%A1+%C3%89+-+164+Nguy%E1%BB%85n+V%C4%83n+L%C6%B0%E1%BB%A3ng,+P17,+G%C3%B2+V%E1%BA%A5p/data=!4m7!3m6!1s0x317529557bc8a359:0x89a5b0a3815a37b!8m2!3d10.8386655!4d106.6769539!16s%2Fg%2F11fndcc1g9!19sChIJWaPIe1UpdTERe6MVOApbmgg?authuser=0&hl=en&rclk=1",https://www.facebook.com/laugaoke
restaurant01750,King BBQ Phan Xích Long,king bbq phan xich long,restaurant,"205 Phan Xích Long, Phường 2, Phú Nhuận, Thành phố Hồ Chí Minh",Thành phố Hồ Chí Minh,ho chi minh,10.7986559,106.6870553,028 3517 0199 ,500000,"500,000",4.6,Restaurant,Restaurant,https://www.google.com/maps/place/King+BBQ+Phan+X%C3%ADch+Long/data=!4m7!3m6!1s0x317528d0414c79ff:0x6c9952d5386ec134!8m2!3d10.7986559!4d106.6870553!16s%2Fg%2F11c2y8ntwl!19sChIJ_3lMQdAodTERNMFuONVSmWw?authuser=0&hl=en&rclk=1,https://kingbbq.vn/
restaurant01751,RÊU Green Kitchen,reu green kitchen,restaurant,"100 Đ. Trần Huy Liệu, Phường 15, Phú Nhuận, Thành phố Hồ Chí Minh",Thành phố Hồ Chí Minh,ho chi minh,10.7961989,106.6777842,028 6272 3066 ,200000,"200,000",4.7,Restaurant,Restaurant,https://www.google.com/maps/place/R%C3%8AU+Green+Kitchen/data=!4m7!3m6!1s0x3175296653ff02d9:0xa149c78dc95697b0!8m2!3d10.7961989!4d106.6777842!16s%2Fg%2F11t7lxygjr!19sChIJ2QL_U2YpdTERsJdWyY3HSaE?authuser=0&hl=en&rclk=1,
restaurant01752,"Bò Tơ Nhân Phát - 516 Lê Quang Định, P",bo to nhan phat 516 le quang dinh p,restaurant,"516 Lê Quang Định, Phường 1, Thành phố Hồ Chí Minh, 70000",Thành phố Hồ Chí Minh,ho chi minh,10.8153939,106.6890342,0888 350 325 ,400000,"400,000",4.6,Restaurant,Restaurant,"https://www.google.com/maps/place/B%C3%B2+T%C6%A1+Nh%C3%A2n+Ph%C3%A1t+-+516+L%C3%AA+Quang+%C4%90%E1%BB%8Bnh,+P.1,+Q.G%C3%B2+V%E1%BA%A5p/data=!4m7!3m6!1s0x317529fb6b15c1ad:0xd6497fdeca870727!8m2!3d10.8153939!4d106.6890342!16s%2Fg%2F11g2xd_3zq!19sChIJrcEVa_spdTERJweHyt5_SdY?authuser=0&hl=en&rclk=1",https://botonhanphat.vn/
restaurant01753,Quán Cơm Tấm Cây Khế 5,quan com tam cay khe 5,restaurant,"409 Lê Quang Định, Phường 5, Bình Thạnh, Thành phố Hồ Chí Minh",Thành phố Hồ Chí Minh,ho chi minh,10.8143921,106.6895622,0938 418 880 ,100000,"100,000",3.9,Restaurant,Restaurant,https://www.google.com/maps/place/Qu%C3%A1n+C%C6%A1m+T%E1%BA%A5m+C%C3%A2y+Kh%E1%BA%BF+5/data=!4m7!3m6!1s0x317528e85e51e2d1:0x5bad6bb39a7a3ed1!8m2!3d10.8143921!4d106.6895622!16s%2Fg%2F11xfjyqns!19sChIJ0eJRXugodTER0T56mrNrrVs?authuser=0&hl=en&rclk=1,
restaurant01754,Dookki Vincom Phan Văn Trị,dookki vincom phan van tri,restaurant,"Vincom plaza, L4-05, 12 Đ. Phan Văn Trị, Phường 5, Gò Vấp, Thành phố Hồ Chí Minh 00000",Thành phố Hồ Chí Minh,ho chi minh,10.8268832,106.6890728,028 3636 1440 ,200000,"200,000",4.5,Restaurant,Restaurant,https://www.google.com/maps/place/Dookki+Vincom+Phan+V%C4%83n+Tr%E1%BB%8B/data=!4m7!3m6!1s0x3175293b17cffaa9:0x3cba57cfae794135!8m2!3d10.8268832!4d106.6890728!16s%2Fg%2F11h4qnb1jp!19sChIJqfrPFzspdTERNUF5rs9Xujw?authuser=0&hl=en&rclk=1,https://dookkivietnam.vn/
restaurant01755,Bắp bò Phương,bap bo phuong,restaurant,"KDC, 48 Đường số 1, Cityland Center Hills, Gò Vấp, Thành phố Hồ Chí Minh",Thành phố Hồ Chí Minh,ho chi minh,10.828222,106.6798706,0907 889 632 ,200000,"200,000",3.7,Restaurant,Restaurant,https://www.google.com/maps/place/B%E1%BA%AFp+b%C3%B2+Ph%C6%B0%C6%A1ng/data=!4m7!3m6!1s0x31752903d9cd7087:0x84f3e54e5e09d0d1!8m2!3d10.828222!4d106.6798706!16s%2Fg%2F11hzsts_53!19sChIJh3DN2QMpdTER0dAJXk7l84Q?authuser=0&hl=en&rclk=1,
restaurant01756,Cơm cháy kho quẹt,com chay k quet,lake,"244 Đ. Vạn Kiếp, Phường 1, Bình Thạnh, Thành phố Hồ Chí Minh",Thành phố Hồ Chí Minh,ho chi minh,10.7964964,106.6938307,0973 013 108 ,100000,"100,000",4.5,Restaurant,Restaurant,https://www.google.com/maps/place/C%C6%A1m+ch%C3%A1y+kho+qu%E1%BA%B9t/data=!4m7!3m6!1s0x317529a61c4bd64f:0x6b86df829c2da398!8m2!3d10.7964964!4d106.6938307!16s%2Fg%2F11kfq24jg0!19sChIJT9ZLHKYpdTERmKMtnILfhms?authuser=0&hl=en&rclk=1,
restaurant01757,Nhan Ngai Bread,nhan ngai bread,restaurant,"213 Xô Viết Nghệ Tĩnh, Phường 17, Bình Thạnh, Thành phố Hồ Chí Minh",Thành phố Hồ Chí Minh,ho chi minh,10.7998581,106.7109979,028 6686 6466 ,100000,"100,000",4.4,Restaurant,Restaurant,https://www.google.com/maps/place/Nhan+Ngai+Bread/data=!4m7!3m6!1s0x317528b3d6810543:0x4627b5aef257a0c4!8m2!3d10.7998581!4d106.7109979!16s%2Fg%2F11bx9qx_t7!19sChIJQwWB1rModTERxKBX8q61J0Y?authuser=0&hl=en&rclk=1,
restaurant01758,Quán Ăn Lẩu Dê Đoàn Râu,lau de doan rau,restaurant,"330 Nguyễn Oanh, Phường 17, Gò Vấp, Thành phố Hồ Chí Minh 70000",Thành phố Hồ Chí Minh,ho chi minh,10.8402055,106.6761769,0908 150 882 ,200000,"200,000",4.0,Restaurant,Restaurant,https://www.google.com/maps/place/Qu%C3%A1n+%C4%82n+L%E1%BA%A9u+D%C3%AA+%C4%90o%C3%A0n+R%C3%A2u/data=!4m7!3m6!1s0x317529acb2711e49:0xefe9f7b062dc2a50!8m2!3d10.8402055!4d106.6761769!16s%2Fg%2F1hc0x8qs0!19sChIJSR5xsqwpdTERUCrcYrD36e8?authuser=0&hl=en&rclk=1,
restaurant01759,CƠM GÀ XỐI MỠ HAIANHEM,com ga xoi mo haianhem,restaurant,"137 Dương Quảng Hàm phường 5 Gò Vấp TP>HCM, Thành phố Hồ Chí Minh, 727010",Thành phố Hồ Chí Minh,ho chi minh,10.8339388,106.6844606,0908 064 346 ,100000,"100,000",4.8,Restaurant,Restaurant,https://www.google.com/maps/place/C%C6%A0M+G%C3%80+X%E1%BB%90I+M%E1%BB%A0+HAIANHEM/data=!4m7!3m6!1s0x317529aa45d52753:0xa9380111aba7693f!8m2!3d10.8339388!4d106.6844606!16s%2Fg%2F11q3lkybj8!19sChIJUyfVRaopdTERP2mnqxEBOKk?authuser=0&hl=en&rclk=1,
restaurant01760,Phở Hương Bình,p huong binh,lake,"28 Đ. Phan Văn Trị, Phường 12, Bình Thạnh, Thành phố Hồ Chí Minh 700000",Thành phố Hồ Chí Minh,ho chi minh,10.8068515,106.6978595,0907 428 711 ,100000,"100,000",4.6,Restaurant,Restaurant,https://www.google.com/maps/place/Ph%E1%BB%9F+H%C6%B0%C6%A1ng+B%C3%ACnh/data=!4m7!3m6!1s0x317528ea7f004167:0xa741369df8bb4c08!8m2!3d10.8068515!4d106.6978595!16s%2Fg%2F11g02gg8h2!19sChIJZ0EAf-oodTERCEy7-J02Qac?authuser=0&hl=en&rclk=1,
restaurant01761,Cháo trắng Lá Dứa Thanh Bình,chao trang la dua thanh binh,market,"Hẻm 277 Xô Viết Nghệ Tĩnh, Phường 2, Bình Thạnh, Thành phố Hồ Chí Minh",Thành phố Hồ Chí Minh,ho chi minh,10.8022622,106.7112039,,100000,"100,000",4.1,Restaurant,Restaurant,https://www.google.com/maps/place/Ch%C3%A1o+tr%E1%BA%AFng+L%C3%A1+D%E1%BB%A9a+Thanh+B%C3%ACnh/data=!4m7!3m6!1s0x317528bb2a1eb411:0x330cd5d9ab49be72!8m2!3d10.8022622!4d106.7112039!16s%2Fg%2F11bwgwfpzy!19sChIJEbQeKrsodTERcr5Jq9nVDDM?authuser=0&hl=en&rclk=1,
restaurant01762,Trăng Non Rooftop,trang non rooftop,restaurant,"302 Nguyễn Văn Đậu, Phường 11, Bình Thạnh, Thành phố Hồ Chí Minh 70000",Thành phố Hồ Chí Minh,ho chi minh,10.8146917,106.6943707,0867 079 422 ,100000,"100,000",4.9,Restaurant,Restaurant,https://www.google.com/maps/place/Tr%C4%83ng+Non+Rooftop/data=!4m7!3m6!1s0x317529eb9caaa5d7:0x66c65091c8d9552f!8m2!3d10.8146917!4d106.6943707!16s%2Fg%2F11j6g_c8ws!19sChIJ16WqnOspdTERL1XZyJFQxmY?authuser=0&hl=en&rclk=1,https://trangnonrooftop.vn/
restaurant01763,Restaurant Drinkery,drinkery,restaurant,"69 Đường Trương Công Định, Phường 1, Đà Lạt, Lâm Đồng 670000",Đà Lạt,da lat,11.9444111,108.4342649,0263 3900 000 ,300000,"300,000",4.8,Restaurant,Restaurant,https://www.google.com/maps/place/Restaurant+Drinkery/data=!4m7!3m6!1s0x3171130031fde46f:0xdbcf02a3f93214bd!8m2!3d11.9444111!4d108.4342649!16s%2Fg%2F11y2k7v256!19sChIJb-T9MQATcTERvRQy-aMCz9s?authuser=0&hl=en&rclk=1,https://drinkery.vn/
restaurant01764,Tiệm ăn Đà Lạt Phố - Restaurant,tiem an da lat pho,restaurant,"38 Đường Tăng Bạt Hổ, Phường 1, Đà Lạt, Lâm Đồng 66100",Đà Lạt,da lat,11.9442842,108.4348971,0327 606 839 ,200000,"200,000",4.8,Restaurant,Restaurant,https://www.google.com/maps/place/Ti%E1%BB%87m+%C4%83n+%C4%90%C3%A0+L%E1%BA%A1t+Ph%E1%BB%91+-+Restaurant/data=!4m7!3m6!1s0x3171138e19ed3533:0x11573ccdc6e2a9cd!8m2!3d11.9442842!4d108.4348971!16s%2Fg%2F11sv8bcqk6!19sChIJMzXtGY4TcTERzanixs08VxE?authuser=0&hl=en&rclk=1,https://vietchallenge.com/restaurant
restaurant01765,Trang's Cookery Restaurant,trang s cookery,restaurant,"211 Phan Đình Phùng, Phường 2, Đà Lạt, Lâm Đồng 670000",Đà Lạt,da lat,11.9471866,108.4354851,0972 897 227 ,200000,"200,000",4.7,Restaurant,Restaurant,https://www.google.com/maps/place/Trang%27s+Cookery+Restaurant/data=!4m7!3m6!1s0x317113c9a56c4ca5:0x51fd6da571518b42!8m2!3d11.9471866!4d108.4354851!16s%2Fg%2F11f61gv9b1!19sChIJpUxspckTcTERQotRcaVt_VE?authuser=0&hl=en&rclk=1,
restaurant01766,AUSSIE BURGER,aussie burger,restaurant,"10 Khu Hoà Bình, Phường 1, Đà Lạt, Lâm Đồng",Đà Lạt,da lat,11.9440453,108.4358175,0389 557 267 ,200000,"200,000",4.6,Restaurant,Restaurant,https://www.google.com/maps/place/AUSSIE+BURGER/data=!4m7!3m6!1s0x317113991b4572b1:0xe6e4309167865795!8m2!3d11.9440453!4d108.4358175!16s%2Fg%2F11hzk5b70n!19sChIJsXJFG5kTcTERlVeGZ5Ew5OY?authuser=0&hl=en&rclk=1,
restaurant01767,Từ Sen vegetarian and cafe Đà Lạt,tu sen vegetarian and da lat,cafe,"4 Đường Lương Thế Vinh, Phường 3, Đà Lạt, Lâm Đồng",Đà Lạt,da lat,11.9338509,108.4412199,0911 262 545 ,100000,"100,000",4.9,Vegetarian,Restaurant,https://www.google.com/maps/place/T%E1%BB%AB+Sen+vegetarian+and+cafe+%C4%90%C3%A0+L%E1%BA%A1t/data=!4m7!3m6!1s0x317113e5ae547325:0xe690f28b3b483cb1!8m2!3d11.9338509!4d108.4412199!16s%2Fg%2F11s_vssn43!19sChIJJXNUruUTcTERsTxIO4vykOY?authuser=0&hl=en&rclk=1,
restaurant01768,Com Linh Restaurant,com linh,restaurant,"17b Trần Hưng Đạo, Phường 10, Đà Lạt, Lâm Đồng 66100",Đà Lạt,da lat,11.9385245,108.4522944,0933 929 234 ,200000,"200,000",4.9,Restaurant,Restaurant,https://www.google.com/maps/place/Com+Linh+Restaurant/data=!4m7!3m6!1s0x3171130018f9f945:0xfbb242709bff63b3!8m2!3d11.9385245!4d108.4522944!16s%2Fg%2F11lz4bv3mt!19sChIJRfn5GAATcTERs2P_m3BCsvs?authuser=0&hl=en&rclk=1,http://quancomlinhdalat.com/
restaurant01769,Hana Restaurant,hana,restaurant,"The Western Hill HOTEL M 층, 135 Phan Đình Phùng, Phường 2, Đà Lạt, Lâm Đồng",Đà Lạt,da lat,11.9453598,108.4345939,0985 892 542 ,300000,"300,000",4.4,Restaurant,Restaurant,https://www.google.com/maps/place/Hana+Restaurant/data=!4m7!3m6!1s0x317113a63a11ff5b:0x3652cd19b801ea21!8m2!3d11.9453598!4d108.4345939!16s%2Fg%2F11fqxtrjwl!19sChIJW_8ROqYTcTERIeoBuBnNUjY?authuser=0&hl=en&rclk=1,
restaurant01770,Chu BBQ restaurant,chu bbq,restaurant,"LÔ B1_ 18 KQH GOLF VALLEY, Phường 2, Đà Lạt, Lâm Đồng",Đà Lạt,da lat,11.9457649,108.4411025,0912 016 892 ,300000,"300,000",3.7,Restaurant,Restaurant,https://www.google.com/maps/place/Chu+BBQ+restaurant/data=!4m7!3m6!1s0x31711331da5652e3:0xb0c709cab4627456!8m2!3d11.9457649!4d108.4411025!16s%2Fg%2F11byxfnpzb!19sChIJ41JW2jETcTERVnRitMoJx7A?authuser=0&hl=en&rclk=1,https://www.foody.vn/lam-dong/quan-nuong-chu
restaurant01771,KALACÁ Restaurant,kalaca,restaurant,"7A Đ. Huỳnh Thúc Kháng, Phường 4, Đà Lạt, Lâm Đồng 670000",Đà Lạt,da lat,11.9352022,108.4301625,0263 3545 779 ,200000,"200,000",4.7,Restaurant,Restaurant,https://www.google.com/maps/place/KALAC%C3%81+Restaurant/data=!4m7!3m6!1s0x317113c6f53b5add:0x38b4214bb2dd7e17!8m2!3d11.9352022!4d108.4301625!16s%2Fg%2F11qq1n650h!19sChIJ3Vo79cYTcTERF37dskshtDg?authuser=0&hl=en&rclk=1,https://www.facebook.com/profile.php?id=100086114196465
restaurant01772,"Hana's Mushroom Restaurant-Lẩu nấm, buffet rau,BBQ& Coffee",hana s mushroom lau nam buffet rau bbq coffee,restaurant,"30 Đường Nguyên Tử Lực, Phường 8, Đà Lạt, Lâm Đồng 670000",Đà Lạt,da lat,11.957643,108.4515219,0907 110 711 ,200000,"200,000",4.8,Coffee Shop,Restaurant,"https://www.google.com/maps/place/Hana%27s+Mushroom+Restaurant-L%E1%BA%A9u+n%E1%BA%A5m,+buffet+rau,BBQ%26+Coffee/data=!4m7!3m6!1s0x3171137906ca0787:0x40f0aa04779ae636!8m2!3d11.957643!4d108.4515219!16s%2Fg%2F11y24n1hnh!19sChIJhwfKBnkTcTERNuaadwSq8EA?authuser=0&hl=en&rclk=1",
restaurant01773,MiMi Sushi & Pizza Restaurant,mimi sushi pizza,restaurant,"103 Đường Bùi Thị Xuân, Phường 2, Đà Lạt, Lâm Đồng",Đà Lạt,da lat,11.9464735,108.4401194,0902 693 669 ,200000,"200,000",4.7,Restaurant,Restaurant,https://www.google.com/maps/place/MiMi+Sushi+%26+Pizza+Restaurant/data=!4m7!3m6!1s0x317113d4bb0eb251:0x75820ba80229b391!8m2!3d11.9464735!4d108.4401194!16s%2Fg%2F11gy4dbqdq!19sChIJUbIOu9QTcTERkbMpAqgLgnU?authuser=0&hl=en&rclk=1,http://www.fb.com/mimisushipizza
restaurant01774,Halal Restaurant Kampung Melayu,halal kampung melayu,restaurant,"27/6 Yersin, Phường 10, Đà Lạt, Lâm Đồng",Đà Lạt,da lat,11.9435021,108.4513805,0933 357 633 ,100000,"100,000",4.2,Restaurant,Restaurant,https://www.google.com/maps/place/Halal+Restaurant+Kampung+Melayu/data=!4m7!3m6!1s0x317113b54bcc28d3:0x7684c0dbfee6ad9e!8m2!3d11.9435021!4d108.4513805!16s%2Fg%2F11t99r42nq!19sChIJ0yjMS7UTcTERnq3m_tvAhHY?authuser=0&hl=en&rclk=1,
restaurant01775,Jeong Won Korean Restaurant - 정원 한국식당,jeong won korean jeongweon hangugsigdang,restaurant,"139 Đường Phù Đổng Thiên Vương, Phường 8, Đà Lạt, Lâm Đồng",Đà Lạt,da lat,11.96254,108.4427681,0978 288 232 ,400000,"400,000",4.4,Restaurant,Restaurant,https://www.google.com/maps/place/Jeong+Won+Korean+Restaurant+-+%EC%A0%95%EC%9B%90+%ED%95%9C%EA%B5%AD%EC%8B%9D%EB%8B%B9/data=!4m7!3m6!1s0x317113cc0b1486bd:0x6919da0ebd2d4c22!8m2!3d11.96254!4d108.4427681!16s%2Fg%2F11kj9mjvwv!19sChIJvYYUC8wTcTERIkwtvQ7aGWk?authuser=0&hl=en&rclk=1,
restaurant01776,Chay Mỹ Thoa (Vegan Restaurant My Thoa),chay my thoa vegan my thoa,restaurant,"17 Đường Ngô Huy Diễn, Phường 5, Đà Lạt, Lâm Đồng 670000",Đà Lạt,da lat,11.9430723,108.4265728,0899 777 730 ,100000,"100,000",4.9,Vegetarian,Restaurant,https://www.google.com/maps/place/Chay+M%E1%BB%B9+Thoa+%28Vegan+Restaurant+My+Thoa%29/data=!4m7!3m6!1s0x31716d0840f66521:0xc22392d01cba0219!8m2!3d11.9430723!4d108.4265728!16s%2Fg%2F11lcbd299z!19sChIJIWX2QAhtcTERGQK6HNCSI8I?authuser=0&hl=en&rclk=1,https://www.facebook.com/NhahangChayMyThoa?mibextid=uzlsIk
restaurant01777,Bánh cuốn Nị - Bánh cuốn thịt nướng ĐL,banh cuon ni banh cuon thit nuong dl,mountain,"42 Đường Hai Bà Trưng, Phường 6, Đà Lạt, Lâm Đồng 66108",Đà Lạt,da lat,11.9432159,108.4326686,0947 884 291 ,100000,"100,000",4.8,Bakery,Restaurant,https://www.google.com/maps/place/B%C3%A1nh+cu%E1%BB%91n+N%E1%BB%8B+-+B%C3%A1nh+cu%E1%BB%91n+th%E1%BB%8Bt+n%C6%B0%E1%BB%9Bng+%C4%90L/data=!4m7!3m6!1s0x3171131746ff55a7:0x53c3b84f51e459d6!8m2!3d11.9432159!4d108.4326686!16s%2Fg%2F11t4x_rt5g!19sChIJp1X_RhcTcTER1lnkUU-4w1M?authuser=0&hl=en&rclk=1,
restaurant01778,VLC Restaurant,vlc,restaurant,"1A-1B, Quang Trung, Phường 9, Đà Lạt, Lâm Đồng 670000",Đà Lạt,da lat,11.9443824,108.4564591,0826 623 623 ,200000,"200,000",5.0,Restaurant,Restaurant,https://www.google.com/maps/place/VLC+Restaurant/data=!4m7!3m6!1s0x317113384cc6f2c5:0xc732aca839ffcee2!8m2!3d11.9443824!4d108.4564591!16s%2Fg%2F11x18b3p2n!19sChIJxfLGTDgTcTER4s7_OaisMsc?authuser=0&hl=en&rclk=1,
restaurant01779,Ty Crêpe French Restaurant,ty crepe french,restaurant,"252 Đ. Bùi Thị Xuân, Phường 2, Đà Lạt, Lâm Đồng",Đà Lạt,da lat,11.9528944,108.4401348,0986 854 609 ,200000,"200,000",4.8,Restaurant,Restaurant,https://www.google.com/maps/place/Ty+Cr%C3%AApe+French+Restaurant/data=!4m7!3m6!1s0x317113de276972a9:0x3a4a3b2070a967ae!8m2!3d11.9528944!4d108.4401348!16s%2Fg%2F11w34qdj8s!19sChIJqXJpJ94TcTERrmepcCA7Sjo?authuser=0&hl=en&rclk=1,https://www.tycrepedalat.com/
restaurant01780,Restaurant Ichi,ichi,restaurant,"180 Xô Viết Nghệ Tĩnh, Phường 7, Đà Lạt, Lâm Đồng",Đà Lạt,da lat,11.9640195,108.4314671,0263 3555 098 ,300000,"300,000",4.5,Restaurant,Restaurant,https://www.google.com/maps/place/Restaurant+Ichi/data=!4m7!3m6!1s0x3171132c5b09f83d:0x175b228b74875287!8m2!3d11.9640195!4d108.4314671!16s%2Fg%2F1tcvlryh!19sChIJPfgJWywTcTERh1KHdIsiWxc?authuser=0&hl=en&rclk=1,
restaurant01781,Bep 1985 Restaurant,bep 1985,restaurant,"hẻm 25 Đ. Trần Phú, Phường 4, Đà Lạt, Lâm Đồng 670000",Đà Lạt,da lat,11.9352331,108.4329863,0933 202 249 ,100000,"100,000",3.8,Restaurant,Restaurant,https://www.google.com/maps/place/Bep+1985+Restaurant/data=!4m7!3m6!1s0x317113e32d89bdfd:0xb00d36e4bea3ae79!8m2!3d11.9352331!4d108.4329863!16s%2Fg%2F11g0wg4388!19sChIJ_b2JLeMTcTERea6jvuQ2DbA?authuser=0&hl=en&rclk=1,
restaurant01782,Gummy Chicken Steak,gummy chicken steak,restaurant,"34A Đ. Trần Nhật Duật, Phường 5, Đà Lạt, Lâm Đồng",Đà Lạt,da lat,11.9447076,108.429254,0352 576 868 ,200000,"200,000",4.4,Tea Shop,Restaurant,https://www.google.com/maps/place/Gummy+Chicken+Steak/data=!4m7!3m6!1s0x3171132b5e2bfed5:0x99e6084a82059295!8m2!3d11.9447076!4d108.429254!16s%2Fg%2F11hczk4dhr!19sChIJ1f4rXisTcTERlZIFgkoI5pk?authuser=0&hl=en&rclk=1,
restaurant01783,My House Restaurant,my house,restaurant,"18 D. Nguyễn Viết Xuân, Phường 4, Đà Lạt, Lâm Đồng",Đà Lạt,da lat,11.9345798,108.4279339,0263 3560 056 ,200000,"200,000",4.0,Restaurant,Restaurant,https://www.google.com/maps/place/My+House+Restaurant/data=!4m7!3m6!1s0x317113334c176a93:0x2521508137b4ba9e!8m2!3d11.9345798!4d108.4279339!16s%2Fg%2F11c1t4_vsr!19sChIJk2oXTDMTcTERnrq0N4FQISU?authuser=0&hl=en&rclk=1,http://www.nhatoidalat.com.vn/
restaurant01784,Rose De Vents Restaurant,rose de vents,restaurant,"238 Xô Viết Nghệ Tĩnh, Phường 7, Đà Lạt, Lâm Đồng",Đà Lạt,da lat,11.9673183,108.4315952,0973 506 005 ,300000,"300,000",4.5,Restaurant,Restaurant,https://www.google.com/maps/place/Rose+De+Vents+Restaurant/data=!4m7!3m6!1s0x317113a41303db33:0x52d85eacff743ad3!8m2!3d11.9673183!4d108.4315952!16s%2Fg%2F11sycbq2qw!19sChIJM9sDE6QTcTER0zp0_6xe2FI?authuser=0&hl=en&rclk=1,
restaurant01785,Papa Restaurant,papa,restaurant,"47 D. Sương Nguyệt Anh, Phường 9, Đà Lạt, Lâm Đồng",Đà Lạt,da lat,11.950206,108.4556563,0919 066 087 ,200000,"200,000",4.0,Restaurant,Restaurant,https://www.google.com/maps/place/Papa+Restaurant/data=!4m7!3m6!1s0x317112e04b243735:0xc0f7464bdbbb06c5!8m2!3d11.950206!4d108.4556563!16s%2Fg%2F11b8v9l3y9!19sChIJNTckS-AScTERxQa720tG98A?authuser=0&hl=en&rclk=1,https://www.facebook.com/nhahangpapa/
restaurant01786,Rosa Alba Đà Lạt Restaurant & Coffee,rosa alba da lat coffee,restaurant,"2 Đường Pasteur, Phường 4, Đà Lạt, Lâm Đồng 670000",Đà Lạt,da lat,11.9370291,108.430061,0914 482 266 ,200000,"200,000",4.1,Coffee Shop,Restaurant,https://www.google.com/maps/place/Rosa+Alba+%C4%90%C3%A0+L%E1%BA%A1t+Restaurant+%26+Coffee/data=!4m7!3m6!1s0x31716d0062fd2cb3:0x5be7d344d4183140!8m2!3d11.9370291!4d108.430061!16s%2Fg%2F11vwldb6rn!19sChIJsyz9YgBtcTERQDEY1ETT51s?authuser=0&hl=en&rclk=1,https://dalatrestaurant.rosaalbaresort.com/vi/
restaurant01787,Hengbok Restaurant,hengbok,restaurant,"256 Đường Phù Đổng Thiên Vương, Phường 8, Đà Lạt, Lâm Đồng",Đà Lạt,da lat,11.9705125,108.4420473,0375 810 805 ,200000,"200,000",4.1,Restaurant,Restaurant,https://www.google.com/maps/place/Hengbok+Restaurant/data=!4m7!3m6!1s0x3171134ee3bfe82b:0xe0ac7e8430dee0be!8m2!3d11.9705125!4d108.4420473!16s%2Fg%2F11fklpc3p_!19sChIJK-i_404TcTERvuDeMIR-rOA?authuser=0&hl=en&rclk=1,
restaurant01788,Vegan Noodle,vegan noodle,restaurant,"15 Đường Nguyễn An Ninh, Phường 6, Đà Lạt, Lâm Đồng",Đà Lạt,da lat,11.954032,108.428655,0836 987 968 ,100000,"100,000",5.0,Restaurant,Restaurant,https://www.google.com/maps/place/Vegan+Noodle/data=!4m7!3m6!1s0x317113003a3143e1:0x4d47a7105ffbfb2e!8m2!3d11.954032!4d108.428655!16s%2Fg%2F11lnjbxl8h!19sChIJ4UMxOgATcTERLvv7XxCnR00?authuser=0&hl=en&rclk=1,
restaurant01789,Pizza Chorio®,pizza crio r,lake,"414 Đường Võ Trường Toản, Phường 8, Đà Lạt, Lâm Đồng",Đà Lạt,da lat,11.9587953,108.4496568,0916 078 107 ,200000,"200,000",4.6,Restaurant,Restaurant,https://www.google.com/maps/place/Pizza+Chorio%C2%AE/data=!4m7!3m6!1s0x3171132cf469a2a3:0xc60d4d70065b8ad1!8m2!3d11.9587953!4d108.4496568!16s%2Fg%2F11cmsgfc9y!19sChIJo6Jp9CwTcTER0YpbBnBNDcY?authuser=0&hl=en&rclk=1,http://www.facebook.com/pizzachorio
restaurant01790,Sarah Halal Food | Halal Restaurant Da Lat,sarah halal halal da lat,restaurant,"2/4 2, 2 Đ. Nguyễn Văn Cừ, Phường 1, Đà Lạt, Lâm Đồng",Đà Lạt,da lat,11.9393156,108.4344752,0815 584 878 ,200000,"200,000",4.4,Restaurant,Restaurant,https://www.google.com/maps/place/Sarah+Halal+Food+%7C+Halal+Restaurant+Da+Lat/data=!4m7!3m6!1s0x317113006ac81e35:0x447cfaada40dd605!8m2!3d11.9393156!4d108.4344752!16s%2Fg%2F11vstc_8f3!19sChIJNR7IagATcTERBdYNpK36fEQ?authuser=0&hl=en&rclk=1,http://www.sarahvietnam.com/
restaurant01791,Beef Hotpot Ba Toa - Old Restaurant,beef hotpot ba toa old,restaurant,"38 Đ. Tô Ngọc Vân, Phường 5, Đà Lạt, Lâm Đồng",Đà Lạt,da lat,11.9416068,108.4310182,0913 978 394 ,200000,"200,000",4.3,Restaurant,Restaurant,https://www.google.com/maps/place/Beef+Hotpot+Ba+Toa+-+Old+Restaurant/data=!4m7!3m6!1s0x3171136be172ab07:0x89e0e6f98f0e5abe!8m2!3d11.9416068!4d108.4310182!16s%2Fg%2F11ffgmwdfs!19sChIJB6ty4WsTcTERvloOj_nm4Ik?authuser=0&hl=en&rclk=1,
restaurant01792,Nhà Hàng Chay Hoa Sen,chay hoa sen,restaurant,"17 Đường Gio An, Phường 5, Đà Lạt, Lâm Đồng",Đà Lạt,da lat,11.9394216,108.421489,0263 3567 999 ,100000,"100,000",3.8,Vegetarian,Restaurant,https://www.google.com/maps/place/Nh%C3%A0+H%C3%A0ng+Chay+Hoa+Sen/data=!4m7!3m6!1s0x317113294dd251c1:0xabdb585cd6b9ff99!8m2!3d11.9394216!4d108.421489!16s%2Fg%2F1hc64kvt2!19sChIJwVHSTSkTcTERmf-51lxY26s?authuser=0&hl=en&rclk=1,https://www.foody.vn/lam-dong/hoa-sen-nha-hang-chay
restaurant01793,QUAN TRANG - Vietnamese restaurant,quan trang vietnamese,restaurant,"12 Đường Trương Công Định, Phường 1, Đà Lạt, Lâm Đồng 670000",Đà Lạt,da lat,11.9434684,108.4353734,0986 653 737 ,100000,"100,000",2.3,Restaurant,Restaurant,https://www.google.com/maps/place/QUAN+TRANG+-+Vietnamese+restaurant/data=!4m7!3m6!1s0x31711341196904eb:0x10be39083d3c7bad!8m2!3d11.9434684!4d108.4353734!16s%2Fg%2F11sdwdtw8w!19sChIJ6wRpGUETcTERrXs8PQg5vhA?authuser=0&hl=en&rclk=1,
restaurant01794,TIỆM CHAY VÔ ÚY,tiem chay vo uy,restaurant,"234 Đường Hai Bà Trưng, Phường 6, Đà Lạt, Lâm Đồng",Đà Lạt,da lat,11.9482585,108.4338323,0338 786 373 ,200000,"200,000",4.9,Vegetarian,Restaurant,https://www.google.com/maps/place/TI%E1%BB%86M+CHAY+V%C3%94+%C3%9AY/data=!4m7!3m6!1s0x317113928a0df377:0x723fcca0e0773ac8!8m2!3d11.9482585!4d108.4338323!16s%2Fg%2F11trg_99s7!19sChIJd_MNipITcTERyDp34KDMP3I?authuser=0&hl=en&rclk=1,
restaurant01795,MI-An restaurant Dalat,mi an dalat,restaurant,"19 Đ. Nguyễn Văn Cừ, Phường 1, Đà Lạt, Lâm Đồng 66000",Đà Lạt,da lat,11.9405483,108.4320123,,100000,"100,000",5.0,Restaurant,Restaurant,https://www.google.com/maps/place/MI-An+restaurant+Dalat/data=!4m7!3m6!1s0x3171130052c80b1b:0xd59d10932d7d4b4a!8m2!3d11.9405483!4d108.4320123!16s%2Fg%2F11w3h_4_nx!19sChIJGwvIUgATcTERSkt9LZMQndU?authuser=0&hl=en&rclk=1,https://mi-an.vn/
restaurant01796,Hawaiian Poke,hawaiian poke,restaurant,"7P3CWCRM+M9, 102 Bai Thang Hai,P1, 2nd Floor, Tp. Đà Lạt, Lâm Đồng 670000",Đà Lạt,da lat,11.9416875,108.4334375,0908 412 340 ,200000,"200,000",4.8,Restaurant,Restaurant,https://www.google.com/maps/place/Hawaiian+Poke/data=!4m7!3m6!1s0x317113b8d82a3437:0x2a8e8abba89f582f!8m2!3d11.9416875!4d108.4334375!16s%2Fg%2F11p64hq2kc!19sChIJNzQq2LgTcTERL1ifqLuKjio?authuser=0&hl=en&rclk=1,https://hawaiianpokedalat.com/
restaurant01797,Chateau DALAT restaurant,chateau dalat,restaurant,"2 Đường Lê Đại Hành, Phường 1, Đà Lạt, Lâm Đồng",Đà Lạt,da lat,11.9403679,108.4369441,0966 662 666 ,400000,"400,000",4.1,Tea Shop,Restaurant,https://www.google.com/maps/place/Chateau+DALAT+restaurant/data=!4m7!3m6!1s0x317113f622ac4cc9:0x77e63f24b2d0dfed!8m2!3d11.9403679!4d108.4369441!16s%2Fg%2F11srbbwk_w!19sChIJyUysIvYTcTER7d_QsiQ_5nc?authuser=0&hl=en&rclk=1,
restaurant01798,"Lam An (Mì Quảng, Cơm Gà & Món Cuốn) - Vietnamese restaurant",lam an mi quang com ga mon cuon vietnamese,restaurant,"44 Đường Nguyễn Lương Bằng, Phường 2, Đà Lạt, Lâm Đồng 66000",Đà Lạt,da lat,11.9528248,108.4363591,0909 270 025 ,100000,"100,000",4.9,Restaurant,Restaurant,"https://www.google.com/maps/place/Lam+An+%28M%C3%AC+Qu%E1%BA%A3ng,+C%C6%A1m+G%C3%A0+%26+M%C3%B3n+Cu%E1%BB%91n%29+-+Vietnamese+restaurant/data=!4m7!3m6!1s0x317113b08dbc04c3:0x877bb2a4f4de62ff!8m2!3d11.9528248!4d108.4363591!16s%2Fg%2F11kb40v6gv!19sChIJwwS8jbATcTER_2Le9KSye4c?authuser=0&hl=en&rclk=1",https://www.facebook.com/lamanquangvi?mibextid=LQQJ4d
restaurant01799,TIK family restaurant,tik family,restaurant,"A32 Nguyễn Hữu Cảnh, Phường 8, Đà Lạt, Lâm Đồng",Đà Lạt,da lat,11.9679465,108.4425421,0263 3556 989 ,400000,"400,000",4.1,Restaurant,Restaurant,https://www.google.com/maps/place/TIK+family+restaurant/data=!4m7!3m6!1s0x317113de3ac3c1e5:0x50a3e71744f5f691!8m2!3d11.9679465!4d108.4425421!16s%2Fg%2F11tjy5chrq!19sChIJ5cHDOt4TcTERkfb1RBfno1A?authuser=0&hl=en&rclk=1,
restaurant01800,Viet Kitchen - International Vietnamese Restaurant,viet kitchen international vietnamese,restaurant,"8 15 Tôn Đức Thắng, Bến Nghé, Quận 1, Thành phố Hồ Chí Minh",Thành phố Hồ Chí Minh,ho chi minh,10.774588,106.7062853,028 3822 0033 ,1000000,"₫1,000,000",4.7,Restaurant,Restaurant,https://www.google.com/maps/place/Viet+Kitchen+-+International+Vietnamese+Restaurant/data=!4m7!3m6!1s0x31752f9e02fa41cd:0xb1be63a1a8f26e5a!8m2!3d10.774588!4d106.7062853!16s%2Fg%2F11grbx_99y!19sChIJzUH6Ap4vdTERWm7yqKFjvrE?authuser=0&hl=en&rclk=1,https://www.marriott.com/hotels/hotel-information/restaurant/sgnbr-renaissance-riverside-hotel-saigon/
restaurant01801,Nhà Hàng Hòn Đất - Quận Tân Phú,hon dat quan tan phu,restaurant,"140, Tân Sơn Nhì, Tân Phú, Thành phố Hồ Chí Minh 700000",Thành phố Hồ Chí Minh,ho chi minh,10.8003808,106.6326451,0961 306 060 ,300000,"300,000",4.0,Restaurant,Restaurant,https://www.google.com/maps/place/Nh%C3%A0+H%C3%A0ng+H%C3%B2n+%C4%90%E1%BA%A5t+-+Qu%E1%BA%ADn+T%C3%A2n+Ph%C3%BA/data=!4m7!3m6!1s0x3175295718d2e3df:0x28cd3bddf1b0c004!8m2!3d10.8003808!4d106.6326451!16s%2Fg%2F1tf55cj5!19sChIJ3-PSGFcpdTERBMCw8d07zSg?authuser=0&hl=en&rclk=1,http://nhahanghondat.vn/
restaurant01802,Vuon Que Restaurant,vuon que,restaurant,"68B-C, 68 Trần Quốc Toản, Phường Võ Thị Sáu, Quận 3, Thành phố Hồ Chí Minh 700000",Thành phố Hồ Chí Minh,ho chi minh,10.788098,106.688556,0836 666 070 ,300000,"300,000",4.4,Restaurant,Restaurant,https://www.google.com/maps/place/Vuon+Que+Restaurant/data=!4m7!3m6!1s0x31752f329b787c29:0x314097961eeb5621!8m2!3d10.788098!4d106.688556!16s%2Fg%2F11c2ll_hxc!19sChIJKXx4mzIvdTERIVbrHpaXQDE?authuser=0&hl=en&rclk=1,https://nhahangvuonque.com.vn/
restaurant01803,Cloud Nine Restaurant Sai Gon,cloud nine sai gon,restaurant,"180-188 Lý Tự Trọng, Phường Bến Thành, Quận 1, Thành phố Hồ Chí Minh 700000",Thành phố Hồ Chí Minh,ho chi minh,10.7731993,106.6956783,0799 561 368 ,1000000,"₫1,000,000",4.9,Restaurant,Restaurant,https://www.google.com/maps/place/Cloud+Nine+Restaurant+Sai+Gon/data=!4m7!3m6!1s0x31752f48c3b399cd:0xa897d64b8f4cdd31!8m2!3d10.7731993!4d106.6956783!16s%2Fg%2F11tw_1k8gz!19sChIJzZmzw0gvdTERMd1Mj0vWl6g?authuser=0&hl=en&rclk=1,https://saigon.cloudninerestaurants.com/
restaurant01804,Cyclo Resto,cyclo resto,restaurant,"133 Nguyễn Du, Phường Bến Thành, Quận 1, Thành phố Hồ Chí Minh 70000",Thành phố Hồ Chí Minh,ho chi minh,10.7731205,106.6940156,0975 513 011 ,200000,"200,000",4.7,Restaurant,Restaurant,https://www.google.com/maps/place/Cyclo+Resto/data=!4m7!3m6!1s0x31752f3c1e8f8f9b:0x86aeba0c5aa89861!8m2!3d10.7731205!4d106.6940156!16s%2Fg%2F11b6gq3ymm!19sChIJm4-PHjwvdTERYZioWgy6roY?authuser=0&hl=en&rclk=1,http://www.cycloresto.vn/
restaurant01805,Nhà hàng Hoàng Tâm - Phú Mỹ Hưng,hoang tam phu my hung,restaurant,"24 Raymondienne, Tân Phú, Quận 7, Thành phố Hồ Chí Minh 70000",Thành phố Hồ Chí Minh,ho chi minh,10.7287894,106.726288,0969 002 200 ,300000,"300,000",4.6,Restaurant,Restaurant,https://www.google.com/maps/place/Nh%C3%A0+h%C3%A0ng+Ho%C3%A0ng+T%C3%A2m+-+Ph%C3%BA+M%E1%BB%B9+H%C6%B0ng/data=!4m7!3m6!1s0x3175257d16543d09:0x45cfeb1ea962587c!8m2!3d10.7287894!4d106.726288!16s%2Fg%2F11jdm6t2d8!19sChIJCT1UFn0ldTERfFhiqR7rz0U?authuser=0&hl=en&rclk=1,http://nhahanghoangtam.vn/
restaurant01806,Nhà hàng ẩm thực Á - Âu GORDON,am thuc a au gordon,restaurant,"456 Võ Văn Kiệt, Phường Cô Giang, Quận 1, Thành phố Hồ Chí Minh 700000",Thành phố Hồ Chí Minh,ho chi minh,10.7590516,106.6923748,0933 055 353 ,1000000,"₫1,000,000",4.5,Restaurant,Restaurant,https://www.google.com/maps/place/Nh%C3%A0+h%C3%A0ng+%E1%BA%A9m+th%E1%BB%B1c+%C3%81+-+%C3%82u+GORDON/data=!4m7!3m6!1s0x31752fd5ccffc65f:0xb1cd58b8ba19d29d!8m2!3d10.7590516!4d106.6923748!16s%2Fg%2F11r5588s69!19sChIJX8b_zNUvdTERndIZurhYzbE?authuser=0&hl=en&rclk=1,https://gordonrestaurant.vn/
restaurant01807,"Bò Tơ Quán Mộc 43-45 Nguyễn Thị Thập ,P",bo to quan moc 43 45 nguyen thi p,tower,"45 Đ. Nguyễn Thị Thập, Khu đô thị Him Lam, Quận 7, Thành phố Hồ Chí Minh 700000",Thành phố Hồ Chí Minh,ho chi minh,10.740461,106.6987225,0858 453 388 ,400000,"400,000",4.8,Restaurant,Restaurant,"https://www.google.com/maps/place/B%C3%B2+T%C6%A1+Qu%C3%A1n+M%E1%BB%99c+43-45+Nguy%E1%BB%85n+Th%E1%BB%8B+Th%E1%BA%ADp+,P.T%C3%A2n+H%C6%B0ng/data=!4m7!3m6!1s0x31752f547e0b0ce7:0xb49608f828fbdb93!8m2!3d10.740461!4d106.6987225!16s%2Fg%2F11tdvg_tqn!19sChIJ5wwLflQvdTERk9v7KPgIlrQ?authuser=0&hl=en&rclk=1",https://botoquanmoc.com/
restaurant01808,Nhà Hàng Chay (Vegetarian Restaurant) Hoa Khai,chay vegetarian hoa khai,restaurant,"124 Nguyễn Cư Trinh, Phường Nguyễn Cư Trinh, Quận 1, Thành phố Hồ Chí Minh 733500",Thành phố Hồ Chí Minh,ho chi minh,10.7638593,106.6895323,0902 521 568 ,100000,"100,000",4.2,Vegetarian,Restaurant,https://www.google.com/maps/place/Nh%C3%A0+H%C3%A0ng+Chay+%28Vegetarian+Restaurant%29+Hoa+Khai/data=!4m7!3m6!1s0x31752f174527e5c3:0xe5c91f862ef45786!8m2!3d10.7638593!4d106.6895323!16s%2Fg%2F11cls6npzj!19sChIJw-UnRRcvdTERhlf0LoYfyeU?authuser=0&hl=en&rclk=1,
restaurant01809,The Monkey Gallery DINING,the monkey gallery dining,restaurant,"3rd Floor, 91 Mạc Thị Bưởi, Bến Nghé, Quận 1, Thành phố Hồ Chí Minh",Thành phố Hồ Chí Minh,ho chi minh,10.774398,106.704011,,1000000,"₫1,000,000",4.5,Restaurant,Restaurant,https://www.google.com/maps/place/The+Monkey+Gallery+DINING/data=!4m7!3m6!1s0x31752f9331dc29c7:0x6a05446f19b36205!8m2!3d10.774398!4d106.704011!16s%2Fg%2F11hzm3r7hq!19sChIJxyncMZMvdTERBWKzGW9EBWo?authuser=0&hl=en&rclk=1,http://monkeygallery.vn/
restaurant01810,Saigon Café - International Seafood Buffet Restaurant,saigon cafe international sea buffet,restaurant,"80 Đông Du, Bến Nghé, Quận 1, Thành phố Hồ Chí Minh",Thành phố Hồ Chí Minh,ho chi minh,10.7754503,106.7038779,028 3521 9148 ,1000000,"₫1,000,000",4.7,Restaurant,Restaurant,https://www.google.com/maps/place/Saigon+Caf%C3%A9+-+International+Seafood+Buffet+Restaurant/data=!4m7!3m6!1s0x31752f465f01d4a1:0x5dcde8075e9ee2ad!8m2!3d10.7754503!4d106.7038779!16s%2Fg%2F11b88t0q4c!19sChIJodQBX0YvdTERreKeXgfozV0?authuser=0&hl=en&rclk=1,https://sgcf.sheratonsaigon.com/
restaurant01811,Quán Ăn Gia Đình Hương Cau 2,gia dinh huong cau 2,restaurant,"290 Bến Vân Đồn, Phường 2, Quận 4, Thành phố Hồ Chí Minh 71054",Thành phố Hồ Chí Minh,ho chi minh,10.758367,106.694092,,200000,"200,000",3.8,Restaurant,Restaurant,https://www.google.com/maps/place/Qu%C3%A1n+%C4%82n+Gia+%C4%90%C3%ACnh+H%C6%B0%C6%A1ng+Cau+2/data=!4m7!3m6!1s0x31752f118a1d5c39:0x1aa2255e3a3d988c!8m2!3d10.758367!4d106.694092!16s%2Fg%2F11ycqtyb5!19sChIJOVwdihEvdTERjJg9Ol4loho?authuser=0&hl=en&rclk=1,https://www.foody.vn/ho-chi-minh/huong-cau-2
restaurant01812,Vee Ayy Food,vee ayy,restaurant,"345/84 Trần Hưng Đạo, Cầu Kho, Quận 1, Thành phố Hồ Chí Minh 700000",Thành phố Hồ Chí Minh,ho chi minh,10.7604423,106.6896802,028 6682 3623 ,200000,"200,000",4.3,Restaurant,Restaurant,https://www.google.com/maps/place/Vee+Ayy+Food/data=!4m7!3m6!1s0x31752f238c8fce9f:0xe3a276099ca698b9!8m2!3d10.7604423!4d106.6896802!16s%2Fg%2F11c1n2s91t!19sChIJn86PjCMvdTERuZimnAl2ouM?authuser=0&hl=en&rclk=1,https://www.foody.vn/ho-chi-minh/vee-ayy-food-ga-nuong-pho-mai-49k
restaurant01813,Nhà Tú - Việt Nam Restaurant,nha tu viet nam,restaurant,"129/4 Võ Văn Tần, Phường 6, Quận 3, Thành phố Hồ Chí Minh",Thành phố Hồ Chí Minh,ho chi minh,10.7751517,106.6895494,028 3930 5069 ,300000,"300,000",4.4,Restaurant,Restaurant,https://www.google.com/maps/place/Nh%C3%A0+T%C3%BA+-+Vi%E1%BB%87t+Nam+Restaurant/data=!4m7!3m6!1s0x31752f3b3df7558f:0xe65efff2064733a7!8m2!3d10.7751517!4d106.6895494!16s%2Fg%2F11c7l7vmmh!19sChIJj1X3PTsvdTERpzNHBvL_XuY?authuser=0&hl=en&rclk=1,https://www.facebook.com/nhahangmonvietnhatu/
restaurant01814,Dat Phuong Nam Restaurant,dat phuong nam,restaurant,"46 Huỳnh Tịnh Của, Phường Võ Thị Sáu, Quận 3, Thành phố Hồ Chí Minh",Thành phố Hồ Chí Minh,ho chi minh,10.7898702,106.6868079,028 3820 3968 ,300000,"300,000",4.0,Restaurant,Restaurant,https://www.google.com/maps/place/Dat+Phuong+Nam+Restaurant/data=!4m7!3m6!1s0x31752f2d4acb1d27:0x2f9e74dd63925549!8m2!3d10.7898702!4d106.6868079!16s%2Fg%2F1vbnlw_7!19sChIJJx3LSi0vdTERSVWSY910ni8?authuser=0&hl=en&rclk=1,https://www.foody.vn/ho-chi-minh/dat-phuong-nam
hotel01815,Hue Riverside Boutique Resort & Spa,hue riverside boutique spa,hotel,"588 Bùi Thị Xuân, Thủy Biều, Huế, Thành phố Huế",Huế,hue,16.449661,107.539719,0234 3978 484 ,849279,"₫849,279",4.1,Resort,Hotel,https://www.google.com/maps/place/Hue+Riverside+Boutique+Resort+%26+Spa/data=!4m10!3m9!1s0x3141a69ac4b9fa67:0x92dd8eb8d73b88cb!5m2!4m1!1i2!8m2!3d16.449661!4d107.539719!16s%2Fg%2F1pp2t_5f0!19sChIJZ_q5xJqmQTERy4g717iO3ZI?authuser=0&hl=en&rclk=1,http://www.hueriversideresort.com/
hotel01816,Hoi An Historic Hotel,hoi an historic,hotel,"10 Trần Hưng Đạo, Sơn Phong, Hội An, Quảng Nam 51306",Hội An,hoi an,15.88049,108.3307507,0235 3861 445 ,1225566,"₫1,225,566",4.4,Hotel,Hotel,https://www.google.com/maps/place/Hoi+An+Historic+Hotel/data=!4m10!3m9!1s0x31420e78c96c258f:0x53b7afede03b477c!5m2!4m1!1i2!8m2!3d15.88049!4d108.3307507!16s%2Fg%2F12hmhw0ms!19sChIJjyVsyXgOQjERfEc74O2vt1M?authuser=0&hl=en&rclk=1,http://www.hoianhistorichotel.com.vn/
hotel01817,Monarque Hotel,monarque,hotel,"238 Đường võ nguyên giáp, Phước Mỹ, Sơn Trà, Đà Nẵng 550000",Đà Nẵng,da nang,16.0661258,108.2451505,0236 3588 888 ,1000752,"₫1,000,752",4.8,Hotel,Hotel,https://www.google.com/maps/place/Monarque+Hotel/data=!4m10!3m9!1s0x3142178d36fbef43:0xdb079f9de0401ead!5m2!4m1!1i2!8m2!3d16.0661258!4d108.2451505!16s%2Fg%2F11g9r46qv5!19sChIJQ-_7No0XQjERrR5A4J2fB9s?authuser=0&hl=en&rclk=1,https://www.booking.com/hotel/vn/monarque.vi.html?aid=7955654
hotel01818,Hilton Da Nang,hilton da nang,island,"50 Bạch Đằng, Hải Châu, Đà Nẵng 50000",Đà Nẵng,da nang,16.0726665,108.224286,0236 3874 000 ,1830000,"₫1,830,000",4.6,Hotel,Hotel,https://www.google.com/maps/place/Hilton+Da+Nang/data=!4m10!3m9!1s0x3142183030cc0f53:0x9f7d7927946123f7!5m2!4m1!1i2!8m2!3d16.0726665!4d108.224286!16s%2Fg%2F11c5271677!19sChIJUw_MMDAYQjER9yNhlCd5fZ8?authuser=0&hl=en&rclk=1,https://www.hilton.com/en/hotels/daddvhi-hilton-da-nang/?SEO_id=GMB-APAC-HI-DADDVHI
hotel01819,Sontra Sea Hotel,sontra sea,hotel,"Lo 41 Hoàng Sa, Thọ Quang, Sơn Trà, Đà Nẵng 553690",Đà Nẵng,da nang,16.0994982,108.2546497,0936 790 798 ,250000,"₫250,000",4.8,Hotel,Hotel,https://www.google.com/maps/place/Sontra+Sea+Hotel/data=!4m10!3m9!1s0x314217004ed378d3:0x67bf47629e2e54a5!5m2!4m1!1i2!8m2!3d16.0994982!4d108.2546497!16s%2Fg%2F11sqf6qz4p!19sChIJ03jTTgAXQjERpVQunmJHv2c?authuser=0&hl=en&rclk=1,https://sontraseahotel.com/
hotel01820,Mangata Beachfront Hotel,mangata beachfront,hotel,"108 Đường võ nguyên giáp, Phước Mỹ, Sơn Trà, Đà Nẵng 50000",Đà Nẵng,da nang,16.0787475,108.2457042,0236 3874 999 ,639487,"₫639,487",4.4,Hotel,Hotel,https://www.google.com/maps/place/Mangata+Beachfront+Hotel/data=!4m10!3m9!1s0x3142178ddc408447:0xed6263acc0fb336a!5m2!4m1!1i2!8m2!3d16.0787475!4d108.2457042!16s%2Fg%2F11twtjm6wf!19sChIJR4RA3I0XQjERajP7wKxjYu0?authuser=0&hl=en&rclk=1,http://www.mangatahotel.vn/
hotel01821,Santa Luxury Hotel,santa luxury,hotel,"09 Đỗ Bá, Bắc Mỹ Phú, Ngũ Hành Sơn, Đà Nẵng 550000",Đà Nẵng,da nang,16.0517799,108.2467562,0236 3589 999 ,748472,"₫748,472",4.8,Hotel,Hotel,https://www.google.com/maps/place/Santa+Luxury+Hotel/data=!4m10!3m9!1s0x314217b4e3029189:0x2184d10ffbf867ec!5m2!4m1!1i2!8m2!3d16.0517799!4d108.2467562!16s%2Fg%2F11jnstgy76!19sChIJiZEC47QXQjER7Gf4-w_RhCE?authuser=0&hl=en&rclk=1,https://santaluxuryhotel.com/
hotel01822,Khách Sạn SeaShore,seashore,hotel,"16 Hoàng Sa, Mân Thái, Sơn Trà, Đà Nẵng 550000",Đà Nẵng,da nang,16.0893384,108.2492625,0236 3969 969 ,592844,"₫592,844",4.7,Hotel,Hotel,https://www.google.com/maps/place/Kh%C3%A1ch+S%E1%BA%A1n+SeaShore/data=!4m10!3m9!1s0x314217f205d825a1:0x3558404e24eb3da0!5m2!4m1!1i2!8m2!3d16.0893384!4d108.2492625!16s%2Fg%2F11fhqqt7xd!19sChIJoSXYBfIXQjERoD3rJE5AWDU?authuser=0&hl=en&rclk=1,http://seashorehotel.com.vn/
hotel01823,Avenis Hotel,avenis,hotel,"1691 Nguyễn Tất Thành, Thanh Khê Tây, Thanh Khê, Đà Nẵng 550000",Đà Nẵng,da nang,16.0780689,108.172699,0236 3956 888 ,556703,"₫556,703",4.2,Hotel,Hotel,https://www.google.com/maps/place/Avenis+Hotel/data=!4m10!3m9!1s0x314219ab94152e7d:0xaf11ebeb0cb50c3d!5m2!4m1!1i2!8m2!3d16.0780689!4d108.172699!16s%2Fg%2F11qln42zst!19sChIJfS4VlKsZQjERPQy1DOvrEa8?authuser=0&hl=en&rclk=1,http://avenishotel.com/
hotel01824,HAIAN Riverfront Hotel Da Nang,haian riverfront da nang,hotel,"182 Bạch Đằng, Street, Hải Châu, Đà Nẵng 550000",Đà Nẵng,da nang,16.0661896,108.2244309,0236 3573 888 ,993607,"₫993,607",4.3,Hotel,Hotel,https://www.google.com/maps/place/HAIAN+Riverfront+Hotel+Da+Nang/data=!4m10!3m9!1s0x314218328cba5f7b:0x2aff1fe3766a6839!5m2!4m1!1i2!8m2!3d16.0661896!4d108.2244309!16s%2Fg%2F11j99sqt9n!19sChIJe1-6jDIYQjEROWhqduMf_yo?authuser=0&hl=en&rclk=1,https://www.haianriverfronthotel.com/
hotel01825,Hoianan Boutique Hotel,hoianan boutique,hotel,"15a Nguyễn Hoàng, Phường Minh An, Hội An, Quảng Nam 51000",Hội An,hoi an,15.8742652,108.3259676,0235 3666 007 ,704940,"₫704,940",4.7,Hotel,Hotel,https://www.google.com/maps/place/Hoianan+Boutique+Hotel/data=!4m10!3m9!1s0x31420fe118e72dbd:0x5ad39434e7283346!5m2!4m1!1i2!8m2!3d15.8742652!4d108.3259676!16s%2Fg%2F11jyfwtn4_!19sChIJvS3nGOEPQjERRjMo5zSU01o?authuser=0&hl=en&rclk=1,https://hoiananhotel.com/
hotel01826,Zalosea Hotel,zalosea,hotel,"36 Mỹ Khê 4, Phước Mỹ, Sơn Trà, Đà Nẵng 550000",Đà Nẵng,da nang,16.0569287,108.245557,0236 3945 919 ,233497,"₫233,497",4.0,Hotel,Hotel,https://www.google.com/maps/place/Zalosea+Hotel/data=!4m10!3m9!1s0x3142177912d2fe99:0xdfec5b45f03ab3a4!5m2!4m1!1i2!8m2!3d16.0569287!4d108.245557!16s%2Fg%2F11c2nsnx4_!19sChIJmf7SEnkXQjERpLM68EVb7N8?authuser=0&hl=en&rclk=1,
hotel01827,Lion King Hotel,lion king,hotel,"627 Đ. Hai Bà Trưng, Phường Minh An, Hội An, Quảng Nam 02363",Hội An,hoi an,15.8804085,108.3269291,0906 454 707 ,1199999,"₫1,199,999",5.0,Hotel,Hotel,https://www.google.com/maps/place/Lion+King+Hotel/data=!4m10!3m9!1s0x31420f03985e2a99:0xc503932028fee0d6!5m2!4m1!1i2!8m2!3d15.8804085!4d108.3269291!16s%2Fg%2F11p_6sq014!19sChIJmSpemAMPQjER1uD-KCCTA8U?authuser=0&hl=en&rclk=1,
hotel01828,Vitalis Riverside Hotel,vitalis riverside,hotel,"105 Đ. Trần Hưng Đạo, Nại Hiên Đông, Sơn Trà, Đà Nẵng 550000",Đà Nẵng,da nang,16.0806861,108.2290217,0982 751 291 ,168158,"₫168,158",3.9,Hotel,Hotel,https://www.google.com/maps/place/Vitalis+Riverside+Hotel/data=!4m10!3m9!1s0x31421823822beeab:0xf45b7e33ed38e159!5m2!4m1!1i2!8m2!3d16.0806861!4d108.2290217!16s%2Fg%2F11f66h44c1!19sChIJq-4rgiMYQjERWeE47TN-W_Q?authuser=0&hl=en&rclk=1,https://www.facebook.com/Vitalishotel/
hotel01829,The Watermark Beachside Hotel,the watermark beachside,hotel,"Hamlet 7, Hội An, Quảng Nam 000000",Hội An,hoi an,15.9147784,108.3366873,0935 493 907 ,1490117,"₫1,490,117",4.9,Hotel,Hotel,https://www.google.com/maps/place/The+Watermark+Beachside+Hotel/data=!4m10!3m9!1s0x31420c34014692e3:0x20dc01e45f60301b!5m2!4m1!1i2!8m2!3d15.9147784!4d108.3366873!16s%2Fg%2F11h_sz43vz!19sChIJ45JGATQMQjERGzBgX-QB3CA?authuser=0&hl=en&rclk=1,http://thewatermarkhoian.com/
hotel01830,Sun River Hotel,sun river,hotel,"134-136 Bạch Đằng, Hải Châu, Đà Nẵng 550000",Đà Nẵng,da nang,16.067425,108.224725,0236 3849 188 ,483018,"₫483,018",4.0,Hotel,Hotel,https://www.google.com/maps/place/Sun+River+Hotel/data=!4m10!3m9!1s0x3142183268d5babb:0x21385696d6627f8a!5m2!4m1!1i2!8m2!3d16.067425!4d108.224725!16s%2Fg%2F1tyt2v_9!19sChIJu7rVaDIYQjERin9i1pZWOCE?authuser=0&hl=en&rclk=1,http://sunriverhoteldanang.com/
hotel01831,Sea Garden Hotel,sea garden,hotel,"29-33 Lê Văn Quý, An Hải Bắc, Sơn Trà, Đà Nẵng 550000",Đà Nẵng,da nang,16.0708713,108.2379152,0236 3568 888 ,798209,"₫798,209",4.4,Hotel,Hotel,https://www.google.com/maps/place/Sea+Garden+Hotel/data=!4m10!3m9!1s0x314217877e86cb05:0xd290afcb97401fe2!5m2!4m1!1i2!8m2!3d16.0708713!4d108.2379152!16s%2Fg%2F11b6g9vwrp!19sChIJBcuGfocXQjER4h9Al8uvkNI?authuser=0&hl=en&rclk=1,https://seagardenhotel.vn/
hotel01832,MERCY EMERALD HOTEL,mercy emerald,hotel,"170-172-174 Nguyễn Văn Thoại, Bắc Mỹ Phú, Ngũ Hành Sơn, Đà Nẵng 550000",Đà Nẵng,da nang,16.0558804,108.2452292,0236 3586 666 ,519870,"₫519,870",4.8,Hotel,Hotel,https://www.google.com/maps/place/MERCY+EMERALD+HOTEL/data=!4m10!3m9!1s0x3142177bf0382785:0xc55a874e910ddba3!5m2!4m1!1i2!8m2!3d16.0558804!4d108.2452292!16s%2Fg%2F11kpkylqlj!19sChIJhSc48HsXQjERo9sNkU6HWsU?authuser=0&hl=en&rclk=1,https://mercyemeraldhotel.com/
hotel01833,Monalisa Luxury Hotel,monalisa luxury,hotel,"198 Trần Bạch Đằng, Bắc Mỹ Phú, Ngũ Hành Sơn, Đà Nẵng 550000",Đà Nẵng,da nang,16.052786,108.2466002,0236 3918 182 ,613051,"₫613,051",4.5,Hotel,Hotel,https://www.google.com/maps/place/Monalisa+Luxury+Hotel/data=!4m10!3m9!1s0x314217b52ea9cd97:0xa34b751d878fb7e5!5m2!4m1!1i2!8m2!3d16.052786!4d108.2466002!16s%2Fg%2F11v3jqcdxr!19sChIJl82pLrUXQjER5bePhx11S6M?authuser=0&hl=en&rclk=1,https://monalisaluxuryhotel.com/
hotel01834,Florence Hotel,florence,hotel,"8 Nại Nam 8, Hoà Cường Bắc, Hải Châu, Đà Nẵng 550000",Đà Nẵng,da nang,16.0349877,108.2300483,0236 3692 929 ,497900,"₫497,900",4.3,Hotel,Hotel,https://www.google.com/maps/place/Florence+Hotel/data=!4m10!3m9!1s0x3142194e36eb532d:0xc688d620ae31b2d7!5m2!4m1!1i2!8m2!3d16.0349877!4d108.2300483!16s%2Fg%2F11kbn4m_zq!19sChIJLVPrNk4ZQjER17IxriDWiMY?authuser=0&hl=en&rclk=1,https://www.tlcaviation.vn/
hotel01835,Royal Beach Hotel,royal beach,hotel,"70-72 Loseby, An Hải Bắc, Sơn Trà, Đà Nẵng 550000",Đà Nẵng,da nang,16.0735325,108.2422311,0236 3820 222 ,222681,"₫222,681",4.3,Hotel,Hotel,https://www.google.com/maps/place/Royal+Beach+Hotel/data=!4m10!3m9!1s0x31421723f084e5bb:0x7b792184ad1c88f6!5m2!4m1!1i2!8m2!3d16.0735325!4d108.2422311!16s%2Fg%2F11s49g867z!19sChIJu-WE8CMXQjER9ogcrYQheXs?authuser=0&hl=en&rclk=1,
hotel01836,King House Villa Hotel,king house,hotel,"25 Mỹ Khê 1, Phước Mỹ, Sơn Trà, Đà Nẵng 550000",Đà Nẵng,da nang,16.0636803,108.2398992,0236 3844 583 ,275597,"₫275,597",4.3,Villa,Hotel,https://www.google.com/maps/place/King+House+Villa+Hotel/data=!4m10!3m9!1s0x314219d4960a9827:0x6189df3be311e38!5m2!4m1!1i2!8m2!3d16.0636803!4d108.2398992!16s%2Fg%2F11fjs79q_9!19sChIJJ5gKltQZQjEROB4xvvOdGAY?authuser=0&hl=en&rclk=1,
hotel01837,La Belle Vie Boutique Hotel,la belle vie boutique,hotel,"02 Cao Xuân Dục, Thuận Phước, Hải Châu, Đà Nẵng 550000",Đà Nẵng,da nang,16.0872953,108.21949,0588 686 288 ,440325,"₫440,325",4.7,Hotel,Hotel,https://www.google.com/maps/place/La+Belle+Vie+Boutique+Hotel/data=!4m10!3m9!1s0x3142195d97ced993:0xca14d7971e762372!5m2!4m1!1i2!8m2!3d16.0872953!4d108.21949!16s%2Fg%2F11j0nf7vfq!19sChIJk9nOl10ZQjERciN2HpfXFMo?authuser=0&hl=en&rclk=1,https://labellevieboutique.com/
hotel01838,Kay Hotel,kay,hotel,"357 Đ. Trần Hưng Đạo, An Hải Trung, Sơn Trà, Đà Nẵng 550000",Đà Nẵng,da nang,16.0670956,108.2294899,0236 3986 666 ,384004,"₫384,004",3.8,Hotel,Hotel,https://www.google.com/maps/place/Kay+Hotel/data=!4m10!3m9!1s0x3142182c3443456f:0x9a571cbe95237ec3!5m2!4m1!1i2!8m2!3d16.0670956!4d108.2294899!16s%2Fg%2F1ptw_c871!19sChIJb0VDNCwYQjERw34jlb4cV5o?authuser=0&hl=en&rclk=1,https://www.booking.com/hotel/vn/kay-da-nang.vi.html
hotel01839,Phúc Thanh Hotel,phuc thanh,hotel,"39 Lê Quang Đạo, Bắc Mỹ Phú, Ngũ Hành Sơn, Đà Nẵng 55000",Đà Nẵng,da nang,16.0542496,108.2443691,0374 225 779 ,231802,"₫231,802",3.6,Hotel,Hotel,https://www.google.com/maps/place/Ph%C3%BAc+Thanh+Hotel/data=!4m10!3m9!1s0x31421764fb4d5c37:0x7beeed4dbcdf6786!5m2!4m1!1i2!8m2!3d16.0542496!4d108.2443691!16s%2Fg%2F11hd4zhn2f!19sChIJN1xN-2QXQjERhmffvE3t7ns?authuser=0&hl=en&rclk=1,http://www.booking.com/hotel/vn/phuc-thanh-minh-danang.html
hotel01840,DaNa Sailing Hotel,dana sailing,hotel,"67 Hà Bổng, Phước Mỹ, Sơn Trà, Đà Nẵng 550000",Đà Nẵng,da nang,16.0671712,108.2444169,0931 941 679 ,207484,"₫207,484",4.2,Hotel,Hotel,https://www.google.com/maps/place/DaNa+Sailing+Hotel/data=!4m10!3m9!1s0x31421783dcc4553f:0x8f211f285b4c129b!5m2!4m1!1i2!8m2!3d16.0671712!4d108.2444169!16s%2Fg%2F11dfgs_5_z!19sChIJP1XE3IMXQjERmxJMWygfIY8?authuser=0&hl=en&rclk=1,http://danasailinghotel.com/
hotel01841,Han Riverine Hotel n' Cafeteria,han riverine hotel n teria,cafe,"66 Bạch Đằng, Hải Châu, Đà Nẵng 550000",Đà Nẵng,da nang,16.0713879,108.224997,0914 401 711 ,210089,"₫210,089",4.5,Hotel,Hotel,https://www.google.com/maps/place/Han+Riverine+Hotel+n%27+Cafeteria/data=!4m10!3m9!1s0x3142190065f8a329:0xee0055b29a5039bc!5m2!4m1!1i2!8m2!3d16.0713879!4d108.224997!16s%2Fg%2F11y3s3j2hr!19sChIJKaP4ZQAZQjERvDlQmrJVAO4?authuser=0&hl=en&rclk=1,
hotel01842,iStay hotel apartment 1,istay apartment 1,hotel,"34, ngõ 2 P. Trần Văn Lai, Mỹ Đình, Nam Từ Liêm, Hà Nội 10000",Hà Nội,ha noi,21.018019,105.778104,0971 000 953 ,397065,"₫397,065",3.8,Apartment,Hotel,https://www.google.com/maps/place/iStay+hotel+apartment+1/data=!4m10!3m9!1s0x313454abba1431f7:0x54d1595ac83e02ff!5m2!4m1!1i2!8m2!3d21.018019!4d105.778104!16s%2Fg%2F11cn167gls!19sChIJ9zEUuqtUNDER_wI-yFpZ0VQ?authuser=0&hl=en&rclk=1,http://www.istay.vn/
hotel01843,Wyndham Garden Hanoi,wyndham gar hanoi,temple,"XQMC+HPC, HH01, P. Tố Hữu, Street, Hà Đông, Hà Nội 100000",Hà Nội,ha noi,20.983948,105.771767,024 3666 6655 ,1703000,"₫1,703,000",4.4,Hotel,Hotel,https://www.google.com/maps/place/Wyndham+Garden+Hanoi/data=!4m10!3m9!1s0x313453309329c1b7:0x4ebee0f5b43af0ac!5m2!4m1!1i2!8m2!3d20.983948!4d105.771767!16s%2Fg%2F11fd75f6k5!19sChIJt8EpkzBTNDERrPA6tPXgvk4?authuser=0&hl=en&rclk=1,https://www.wyndhamhotels.com/wyndham-garden/ha-noi-vietnam/wyndham-garden-hanoi/overview?CID=LC:46q62bu8edfbx3y:51683&iata=00093796
hotel01844,The Oriental Jade Hotel,the oriental jade,hotel,"92-94 P. Hàng Trống, Hàng Trống, Hoàn Kiếm, Hà Nội",Hà Nội,ha noi,21.0296357,105.8501373,024 3936 7777 ,2973193,"₫2,973,193",4.8,Hotel,Hotel,https://www.google.com/maps/place/The+Oriental+Jade+Hotel/data=!4m10!3m9!1s0x3135ab97c9159c81:0x223aa466a895f533!5m2!4m1!1i2!8m2!3d21.0296357!4d105.8501373!16s%2Fg%2F11fkt9mn4q!19sChIJgZwVyZerNTERM_WVqGakOiI?authuser=0&hl=en&rclk=1,https://theorientaljadehotel.com/
hotel01845,22Land Heritage Hotel & Retreat,22land heritage retreat,hotel,"5 ngõ 82/1 P. Dịch Vọng Hậu, Dịch Vọng Hậu, Cầu Giấy, Hà Nội 10000",Hà Nội,ha noi,21.0289729,105.7855031,0869 753 568 ,1062747,"₫1,062,747",4.7,Hotel,Hotel,https://www.google.com/maps/place/22Land+Heritage+Hotel+%26+Retreat/data=!4m10!3m9!1s0x3135abd67bfc0dc9:0xfbce5169ab22c73e!5m2!4m1!1i2!8m2!3d21.0289729!4d105.7855031!16s%2Fg%2F11t79kf7ky!19sChIJyQ38e9arNTERPsciq2lRzvs?authuser=0&hl=en&rclk=1,https://22landresidence.com/
hotel01846,Minasi Grand Hotel,minasi grand,hotel,"59-61 Ng. Huế, Ngô Thì Nhậm, Hai Bà Trưng, Hà Nội 100000",Hà Nội,ha noi,21.0146243,105.8519936,024 3624 4488 ,1615000,"₫1,615,000",4.9,Hotel,Hotel,https://www.google.com/maps/place/Minasi+Grand+Hotel/data=!4m10!3m9!1s0x3135abf3347eaaab:0x886fe9d530f0db44!5m2!4m1!1i2!8m2!3d21.0146243!4d105.8519936!16s%2Fg%2F11tf6t32yl!19sChIJq6p-NPOrNTERRNvwMNXpb4g?authuser=0&hl=en&rclk=1,https://minasihotels.com/
hotel01847,Minasi Premium Hotel,minasi premium,hotel,"57 P. Nguyễn Trường Tộ, Trúc Bạch, Ba Đình, Hà Nội 100000",Hà Nội,ha noi,21.0421793,105.8455485,024 3205 7227 ,1475000,"₫1,475,000",4.9,Hotel,Hotel,https://www.google.com/maps/place/Minasi+Premium+Hotel/data=!4m10!3m9!1s0x3135ab4a246b5f1f:0x9d027394e351065b!5m2!4m1!1i2!8m2!3d21.0421793!4d105.8455485!16s%2Fg%2F11tsdwg6l5!19sChIJH19rJEqrNTERWwZR45RzAp0?authuser=0&hl=en&rclk=1,https://minasihotels.com/hotel/minasipremium/
hotel01848,A25 Luxury Hotel - 16 Miếu Đầm,a25 luxury 16 mieu dam,hotel,"16 P. Miếu Đầm, Mễ Trì, Nam Từ Liêm, Hà Nội",Hà Nội,ha noi,21.0074088,105.7812507,0349 643 969 ,958410,"₫958,410",4.8,Hotel,Hotel,https://www.google.com/maps/place/A25+Luxury+Hotel+-+16+Mi%E1%BA%BFu+%C4%90%E1%BA%A7m/data=!4m10!3m9!1s0x313453534f8b8de5:0xa89a3c9ad66f837b!5m2!4m1!1i2!8m2!3d21.0074088!4d105.7812507!16s%2Fg%2F11khmkryk6!19sChIJ5Y2LT1NTNDERe4Nv1po8mqg?authuser=0&hl=en&rclk=1,https://a25hotel.com/khach-san-tai-phuong-tu-liem/a25-luxury-hotel-16-mieu-dam-p2147.html
hotel01849,Brilliant Me Tri Hotel & Spa,brilliant me tri spa,hotel,"số 10 ngõ, Mễ Trì Hạ, Nam Từ Liêm, Hà Nội 100000",Hà Nội,ha noi,21.0147119,105.7804134,024 3226 2670 ,554172,"₫554,172",4.2,Hotel,Hotel,https://www.google.com/maps/place/Brilliant+Me+Tri+Hotel+%26+Spa/data=!4m10!3m9!1s0x313454aa984d090b:0x32a86ce556e632c4!5m2!4m1!1i2!8m2!3d21.0147119!4d105.7804134!16s%2Fg%2F11cns6w784!19sChIJCwlNmKpUNDERxDLmVuVsqDI?authuser=0&hl=en&rclk=1,http://www.brilliantmetrihotel.com/
hotel01850,Reyna Luxury Hotel,reyna luxury,hotel,"34 P. Miếu Đầm, Mễ Trì, Nam Từ Liêm, Hà Nội",Hà Nội,ha noi,21.0068483,105.7816777,024 3359 3555 ,893644,"₫893,644",4.4,Hotel,Hotel,https://www.google.com/maps/place/Reyna+Luxury+Hotel/data=!4m10!3m9!1s0x3134535349895555:0x3d07e464a8ca4e1d!5m2!4m1!1i2!8m2!3d21.0068483!4d105.7816777!16s%2Fg%2F11tg1mj1f5!19sChIJVVWJSVNTNDERHU7KqGTkBz0?authuser=0&hl=en&rclk=1,https://reynaluxuryhotel.com/
hotel01851,BAO NGỌC HOTEL,bao ngoc,hotel,"Bán Đảo Linh Đàm, Hoàng Liệt, Hoàng Mai, Hà Nội",Hà Nội,ha noi,20.9634765,105.834595,024 3833 2999 ,648656,"₫648,656",4.3,Hotel,Hotel,https://www.google.com/maps/place/BAO+NG%E1%BB%8CC+HOTEL/data=!4m10!3m9!1s0x3135adbe14e0ca4d:0xe35541a5dd394737!5m2!4m1!1i2!8m2!3d20.9634765!4d105.834595!16s%2Fg%2F11y50k7tvt!19sChIJTcrgFL6tNTERN0c53aVBVeM?authuser=0&hl=en&rclk=1,
hotel01852,New Century Hotel Cau Giay,new century cau giay,hotel,"4 P. Khúc Thừa Dụ, Dịch Vọng, Cầu Giấy, Hà Nội 100000",Hà Nội,ha noi,21.0348638,105.7930493,024 3763 5555 ,530925,"₫530,925",4.4,Hotel,Hotel,https://www.google.com/maps/place/New+Century+Hotel+Cau+Giay/data=!4m10!3m9!1s0x3135abbde00bb8ef:0x7434dd54a1ebc809!5m2!4m1!1i2!8m2!3d21.0348638!4d105.7930493!16s%2Fg%2F11s3_rnpvz!19sChIJ77gL4L2rNTERCcjroVTdNHQ?authuser=0&hl=en&rclk=1,http://newcenturyhotel.com.vn/
hotel01853,King’s Hotel Mỹ Đình,king s my dinh,hotel,"BT1, Biệt thự A14, P. Bùi Xuân Phái, Mỹ Đình, Nam Từ Liêm, Hà Nội",Hà Nội,ha noi,21.0321248,105.7664581,024 3833 2299 ,500000,"₫500,000",3.8,Hotel,Hotel,https://www.google.com/maps/place/King%E2%80%99s+Hotel+M%E1%BB%B9+%C4%90%C3%ACnh/data=!4m10!3m9!1s0x313455963018eba3:0x4a8429882e7fb3c1!5m2!4m1!1i2!8m2!3d21.0321248!4d105.7664581!16s%2Fg%2F11p66rt363!19sChIJo-sYMJZVNDERwbN_LogphEo?authuser=0&hl=en&rclk=1,http://kinghotels.vn/
hotel01854,VP Hotel,vp,hotel,"Lô A2-BT4, KĐT mới, Ngõ 214 Đường Nguyễn Xiển, Hạ Đình, Thanh Xuân, Hà Nội 100000",Hà Nội,ha noi,20.9850949,105.8024584,0854 936 868 ,867103,"₫867,103",4.5,Hotel,Hotel,https://www.google.com/maps/place/VP+Hotel/data=!4m10!3m9!1s0x3135ad61bceeaeb1:0xc728914545d1a765!5m2!4m1!1i2!8m2!3d20.9850949!4d105.8024584!16s%2Fg%2F11s7mvnhgy!19sChIJsa7uvGGtNTERZafRRUWRKMc?authuser=0&hl=en&rclk=1,https://vphotel.vn/
hotel01855,K Business 2 Hotel,k business 2,hotel,"Ngõ 2 P. Trần Văn Lai, Mỹ Đình, Nam Từ Liêm, Hà Nội 12015",Hà Nội,ha noi,21.0178456,105.7779335,0911 728 600 ,994249,"₫994,249",4.1,Hotel,Hotel,https://www.google.com/maps/place/K+Business+2+Hotel/data=!4m10!3m9!1s0x313454abb734d3e1:0x2a8e730666496ecc!5m2!4m1!1i2!8m2!3d21.0178456!4d105.7779335!16s%2Fg%2F11f3bfy8r9!19sChIJ4dM0t6tUNDERzG5JZgZzjio?authuser=0&hl=en&rclk=1,https://kbusinesshotel.com/
hotel01856,Le Grand Hotel Hanoi,le grand hanoi,hotel,"1b9 Đầm Trấu, Bạch Đằng, Hai Bà Trưng, Hà Nội",Hà Nội,ha noi,21.0103411,105.8651554,0903 441 655 ,377465,"₫377,465",4.0,Hotel,Hotel,https://www.google.com/maps/place/Le+Grand+Hotel+Hanoi/data=!4m10!3m9!1s0x3135abf9c2e8af45:0x7a8f0094ea354a12!5m2!4m1!1i2!8m2!3d21.0103411!4d105.8651554!16s%2Fg%2F1jkwcx2zm!19sChIJRa_owvmrNTEREko16pQAj3o?authuser=0&hl=en&rclk=1,
hotel01857,Bay Luxury Hotel,bay luxury,hotel,"9 P. Nguyễn Trường Tộ, Trúc Bạch, Ba Đình, Hà Nội 100000",Hà Nội,ha noi,21.041923,105.846736,0862 888 360 ,549010,"₫549,010",4.2,Hotel,Hotel,https://www.google.com/maps/place/Bay+Luxury+Hotel/data=!4m10!3m9!1s0x3135abb9f83df791:0x93c2bd9fe3bab864!5m2!4m1!1i2!8m2!3d21.041923!4d105.846736!16s%2Fg%2F11tdn0btll!19sChIJkfc9-LmrNTERZLi645-9wpM?authuser=0&hl=en&rclk=1,
hotel01858,Coco Hotel Hanoi,coco hanoi,hotel,"5b Đ. Trần Duy Hưng, Trung Hoà, Cầu Giấy, Hà Nội",Hà Nội,ha noi,21.0146423,105.8044579,0785 395 777 ,388684,"₫388,684",4.3,Hotel,Hotel,https://www.google.com/maps/place/Coco+Hotel+Hanoi/data=!4m10!3m9!1s0x3135ab5fcce00aeb:0x59cf0cd83dd5d632!5m2!4m1!1i2!8m2!3d21.0146423!4d105.8044579!16s%2Fg%2F11tmv1zx6_!19sChIJ6wrgzF-rNTERMtbVPdgMz1k?authuser=0&hl=en&rclk=1,https://22landresidence.com/coco-hotel/
hotel01859,Madelise Palace Hotel & Spa,madelise palace spa,hotel,"116 P. Hàng Buồm, Phố cổ Hà Nội, Hoàn Kiếm, Hà Nội 100000",Hà Nội,ha noi,21.0354315,105.8502272,024 3208 1111 ,554962,"₫554,962",4.0,Hotel,Hotel,https://www.google.com/maps/place/Madelise+Palace+Hotel+%26+Spa/data=!4m10!3m9!1s0x3135ab6b9f4d3e41:0x40fc1c0124fd4725!5m2!4m1!1i2!8m2!3d21.0354315!4d105.8502272!16s%2Fg%2F11tsg7zjfm!19sChIJQT5Nn2urNTERJUf9JAEc_EA?authuser=0&hl=en&rclk=1,http://www.madelisepalacehotel.com/
hotel01860,Hotel du Monde Classic,du monde classic,hotel,"21 P. Hoè Nhai, Trúc Bạch, Ba Đình, Hà Nội 11100",Hà Nội,ha noi,21.0406814,105.8458983,0935 049 669 ,720348,"₫720,348",4.6,Hotel,Hotel,https://www.google.com/maps/place/Hotel+du+Monde+Classic/data=!4m10!3m9!1s0x3135abe90ff575fd:0xf7d1e6487cb0c8f2!5m2!4m1!1i2!8m2!3d21.0406814!4d105.8458983!16s%2Fg%2F11s8_b5wdx!19sChIJ_XX1D-mrNTER8siwfEjm0fc?authuser=0&hl=en&rclk=1,https://hotel-du-monde.bedsandhotels.com/
hotel01861,Green Hotel,green,hotel,"Số 5 Ng. 72 P. Tôn Thất Tùng, Khương Thượng, Đống Đa, Hà Nội",Hà Nội,ha noi,21.0015628,105.8289349,,772915,"₫772,915",4.0,Hotel,Hotel,https://www.google.com/maps/place/Green+Hotel/data=!4m10!3m9!1s0x3135ac8762f2a46d:0x9becf1e09786f9de!5m2!4m1!1i2!8m2!3d21.0015628!4d105.8289349!16s%2Fg%2F11hylczrpq!19sChIJbaTyYoesNTER3vmGl-Dx7Js?authuser=0&hl=en&rclk=1,
hotel01862,Khách sạn Lieber,lieber,hotel,"04 P. Yên Phúc, P. Phúc La, Hà Đông, Hà Nội",Hà Nội,ha noi,20.969881,105.7853276,024 3577 3555 ,333192,"₫333,192",4.0,Hotel,Hotel,https://www.google.com/maps/place/Kh%C3%A1ch+s%E1%BA%A1n+Lieber/data=!4m10!3m9!1s0x3135ad2bce858915:0xe553b01f43c39b5e!5m2!4m1!1i2!8m2!3d20.969881!4d105.7853276!16s%2Fg%2F11h046p__2!19sChIJFYmFziutNTERXpvDQx-wU-U?authuser=0&hl=en&rclk=1,http://www.lieberhotel.com/
hotel01863,The Autumn Homestay,the autumn,homestay,"30A Ng. Trúc Lạc, Trúc Bạch, Ba Đình, Hà Nội 100000",Hà Nội,ha noi,21.0490679,105.8397456,0933 162 992 ,402734,"₫402,734",4.3,Homestay,Hotel,https://www.google.com/maps/place/The+Autumn+Homestay/data=!4m10!3m9!1s0x3135ab306c91c65f:0x5ab3a57f3be6851f!5m2!4m1!1i2!8m2!3d21.0490679!4d105.8397456!16s%2Fg%2F11f7r1c5qt!19sChIJX8aRbDCrNTERH4XmO3-ls1o?authuser=0&hl=en&rclk=1,https://www.facebook.com/TheAutumnHomestay/
hotel01864,Opera House Suites,opera use suites,lake,"2 Ng. Tràng Tiền, Tràng Tiền, Hoàn Kiếm, Hà Nội",Hà Nội,ha noi,21.0237575,105.8565778,0356 866 995 ,621316,"₫621,316",3.9,Hotel,Hotel,https://www.google.com/maps/place/Opera+House+Suites/data=!4m10!3m9!1s0x3135abec737f9a2f:0x1f0307a6bcc7b672!5m2!4m1!1i2!8m2!3d21.0237575!4d105.8565778!16s%2Fg%2F11lm3s3dpn!19sChIJL5p_c-yrNTERcrbHvKYHAx8?authuser=0&hl=en&rclk=1,https://operahousesuites.book.rentl.io/
hotel01865,TA Hotel & Apartment,ta apartment,hotel,"281 P. Xã Đàn, Nam Đồng, Đống Đa, Hà Nội 10000",Hà Nội,ha noi,21.0175183,105.8302016,,560000,"₫560,000",4.4,Apartment,Hotel,https://www.google.com/maps/place/TA+Hotel+%26+Apartment/data=!4m10!3m9!1s0x3135abe94bacd0eb:0xb98aa801da84a90!5m2!4m1!1i2!8m2!3d21.0175183!4d105.8302016!16s%2Fg%2F11sbw2w6dr!19sChIJ69CsS-mrNTERkEqoHYCqmAs?authuser=0&hl=en&rclk=1,https://truonganhhotel.com/
hotel01866,Marina Hotel Hanoi | Khách sạn Marina Hà Nội,marina hanoi marina ha noi,hotel,"22 P. Miếu Đầm, Mễ Trì, Nam Từ Liêm, Hà Nội 100000",Hà Nội,ha noi,21.0072564,105.7813968,0838 898 899 ,689535,"₫689,535",4.5,Hotel,Hotel,https://www.google.com/maps/place/Marina+Hotel+Hanoi+%7C+Kh%C3%A1ch+s%E1%BA%A1n+Marina+H%C3%A0+N%E1%BB%99i/data=!4m10!3m9!1s0x313453a8592272d1:0x3204a6cb3491f4ad!5m2!4m1!1i2!8m2!3d21.0072564!4d105.7813968!16s%2Fg%2F11flm1k4f4!19sChIJ0XIiWahTNDERrfSRNMumBDI?authuser=0&hl=en&rclk=1,https://marinahanoihotel.vn/
hotel01867,LUXTEL Hotel - Cs2 Ngoại Giao Đoàn BT 6,luxtel cs2 ngoai giao doan bt 6,hotel,"Biệt Thự 6, 24 đường Nguyễn Xuân Khoát, Khu Ngoại giao đoàn, Bắc Từ Liêm, Hà Nội 100000",Hà Nội,ha noi,21.0679402,105.7998991,0358 624 624 ,309594,"₫309,594",4.4,Hotel,Hotel,https://www.google.com/maps/place/LUXTEL+Hotel+-+Cs2+Ngo%E1%BA%A1i+Giao+%C4%90o%C3%A0n+BT+6.24/data=!4m10!3m9!1s0x3135ab09a756e1a3:0x5aecbc4e44045818!5m2!4m1!1i2!8m2!3d21.0679402!4d105.7998991!16s%2Fg%2F11sv6r_wk3!19sChIJo-FWpwmrNTERGFgERE687Fo?authuser=0&hl=en&rclk=1,https://luxtel.vn/
hotel01868,Tuna Homestay & Experience,tuna experience,homestay,"12 Alley Ng. 445 Đ. Lạc Long Quân, Xuân La, Tây Hồ, Hà Nội 100000",Hà Nội,ha noi,21.0591266,105.8083107,0832 938 888 ,200549,"₫200,549",4.5,Homestay,Hotel,https://www.google.com/maps/place/Tuna+Homestay+%26+Experience/data=!4m10!3m9!1s0x3135aae1b5b75f09:0x4d2a3dfbc69c8b79!5m2!4m1!1i2!8m2!3d21.0591266!4d105.8083107!16s%2Fg%2F11h6f8p1kr!19sChIJCV-3teGqNTEReYucxvs9Kk0?authuser=0&hl=en&rclk=1,http://tunahomestay.com/
hotel01869,iStay Hotel Apartment 5,istay apartment 5,hotel,"45 Ng. 4 P. Đồng Me, phường, Nam Từ Liêm, Hà Nội 10000",Hà Nội,ha noi,21.0100232,105.7768566,0988 936 795 ,399445,"₫399,445",4.1,Apartment,Hotel,https://www.google.com/maps/place/iStay+Hotel+Apartment+5/data=!4m10!3m9!1s0x313453541814eb05:0x1b9cf0fc69751c7b!5m2!4m1!1i2!8m2!3d21.0100232!4d105.7768566!16s%2Fg%2F11f4wtf4d0!19sChIJBesUGFRTNDERexx1afzwnBs?authuser=0&hl=en&rclk=1,http://istay.vn/
hotel01870,Peridot Grand Luxury Boutique Hotel,peridot grand luxury boutique,hotel,"33 Duong Thanh Street, Old Quarter Hanoi City Hanoi City, 33 P. Đường Thành, Cửa Đông, Hoàn Kiếm, Hà Nội 100000",Hà Nội,ha noi,21.0329875,105.8463034,024 3828 0099 ,4582223,"₫4,582,223",4.8,Hotel,Hotel,https://www.google.com/maps/place/Peridot+Grand+Luxury+Boutique+Hotel/data=!4m10!3m9!1s0x3135ab60b5b50655:0xf0544b33b06056a7!5m2!4m1!1i2!8m2!3d21.0329875!4d105.8463034!16s%2Fg%2F11fp8vn1_v!19sChIJVQa1tWCrNTERp1ZgsDNLVPA?authuser=0&hl=en&rclk=1,https://peridotgrandhotel.com/
hotel01871,Blue Hanoi Inn City Hotel,blue hanoi inn city,hotel,"7A Tú Mỡ, Trung Hoà, Cầu Giấy, Hà Nội",Hà Nội,ha noi,21.010817,105.7953294,024 3855 1000 ,488940,"₫488,940",4.1,Hotel,Hotel,https://www.google.com/maps/place/Blue+Hanoi+Inn+City+Hotel/data=!4m10!3m9!1s0x3135aca62b751d65:0x2136d02e3e60848!5m2!4m1!1i2!8m2!3d21.010817!4d105.7953294!16s%2Fg%2F11f_d7y9_9!19sChIJZR11K6asNTERSAjm4wJtEwI?authuser=0&hl=en&rclk=1,http://www.bluehanoiinn.com/Hotels.aspx?cid=69&lang=vi-VN
hotel01872,La Siesta Premium Hang Be Hotel,la siesta premium hang be,hotel,"No. 27A P. Hàng Bè, Phố cổ Hà Nội, Hoàn Kiếm, Hà Nội 10000",Hà Nội,ha noi,21.0331202,105.8540981,024 3929 0011 ,2391344,"₫2,391,344",4.9,Hotel,Hotel,https://www.google.com/maps/place/La+Siesta+Premium+Hang+Be+Hotel/data=!4m10!3m9!1s0x3135abaeb1b87c05:0xdf8baf56096c5d0c!5m2!4m1!1i2!8m2!3d21.0331202!4d105.8540981!16s%2Fg%2F11hf944wr0!19sChIJBXy4sa6rNTERDF1sCVavi98?authuser=0&hl=en&rclk=1,https://lasiestahotels.vn/hangbe/
hotel01873,Sepon Blue Hotel,sepon blue,hotel,"159 Võ Văn Kiệt, An Hải, Sơn Trà, Đà Nẵng 550000",Đà Nẵng,da nang,16.061794,108.23774,0236 3679 999 ,419737,"₫419,737",4.5,Hotel,Hotel,https://www.google.com/maps/place/Sepon+Blue+Hotel/data=!4m10!3m9!1s0x314219d55874e2b9:0xb61c4f5316b30aa0!5m2!4m1!1i2!8m2!3d16.061794!4d108.23774!16s%2Fg%2F11f5jnfkcx!19sChIJueJ0WNUZQjERoAqzFlNPHLY?authuser=0&hl=en&rclk=1,http://www.seponblue.com/
hotel01874,De An Hotel,de an,hotel,"114/4 Trần Nhân Tông, Cẩm Châu, Hội An, Quảng Nam 560000",Hội An,hoi an,15.879033,108.343498,0235 3921 407 ,660789,"₫660,789",4.9,Hotel,Hotel,https://www.google.com/maps/place/De+An+Hotel/data=!4m10!3m9!1s0x31420dd1ee192181:0xef1669f74085342c!5m2!4m1!1i2!8m2!3d15.879033!4d108.343498!16s%2Fg%2F11j4dbmj99!19sChIJgSEZ7tENQjERLDSFQPdpFu8?authuser=0&hl=en&rclk=1,https://dean.vn/
hotel01875,The Garden Capsule Hotel,the garden capsule,hotel,"206-208 Bạch Đằng, Phước Ninh, Hải Châu, Đà Nẵng 550000",Đà Nẵng,da nang,16.0653756,108.2241441,0236 3555 206 ,284700,"₫284,700",4.1,Hotel,Hotel,https://www.google.com/maps/place/The+Garden+Capsule+Hotel/data=!4m10!3m9!1s0x3142196c45354a41:0x7d972b2066a1c419!5m2!4m1!1i2!8m2!3d16.0653756!4d108.2241441!16s%2Fg%2F11n5gr1dzg!19sChIJQUo1RWwZQjERGcShZiArl30?authuser=0&hl=en&rclk=1,
hotel01876,Palmier Hotel Da Nang,palmier da nang,hotel,"305 Đ. Trần Hưng Đạo, An Hải Bắc, Sơn Trà, Đà Nẵng 550000",Đà Nẵng,da nang,16.0749384,108.2291564,0906 541 528 ,198998,"₫198,998",4.6,Hotel,Hotel,https://www.google.com/maps/place/Palmier+Hotel+Da+Nang/data=!4m10!3m9!1s0x314219ba3cdc272b:0xcdf2df442557c7c1!5m2!4m1!1i2!8m2!3d16.0749384!4d108.2291564!16s%2Fg%2F11yfdd4y8y!19sChIJKyfcPLoZQjERwcdXJUTf8s0?authuser=0&hl=en&rclk=1,
hotel01877,Mons Boutique Hotel,mons boutique,hotel,"14-16 An Thượng 1, Bắc Mỹ Phú, Ngũ Hành Sơn, Đà Nẵng 550000",Đà Nẵng,da nang,16.049669,108.2481031,0942 677 643 ,409052,"₫409,052",4.2,Hotel,Hotel,https://www.google.com/maps/place/Mons+Boutique+Hotel/data=!4m10!3m9!1s0x3142179fa5350ab1:0xb4d8a397fc15b021!5m2!4m1!1i2!8m2!3d16.049669!4d108.2481031!16s%2Fg%2F11k46y9y1r!19sChIJsQo1pZ8XQjERIbAV_Jej2LQ?authuser=0&hl=en&rclk=1,
hotel01878,La Maison Da Nang Beach,la maison da nang,beach,"12A Phạm Văn Đồng, An Hải Bắc, Sơn Trà, Đà Nẵng 550000",Đà Nẵng,da nang,16.0698497,108.2425221,0236 3936 333 ,249537,"₫249,537",4.2,Hotel,Hotel,https://www.google.com/maps/place/La+Maison+Da+Nang+Beach/data=!4m10!3m9!1s0x314217868d9faa09:0x9cc7ec3cf01a43f2!5m2!4m1!1i2!8m2!3d16.0698497!4d108.2425221!16s%2Fg%2F11f4wv31n4!19sChIJCaqfjYYXQjER8kMa8Dzsx5w?authuser=0&hl=en&rclk=1,https://ibe.channex.io/lamaisonhotel
hotel01879,Ocean Haven Hotel,ocean haven,hotel,"295 Hồ Nghinh, Phước Mỹ, Sơn Trà, Đà Nẵng 550000",Đà Nẵng,da nang,16.0654073,108.2434515,0236 3959 922 ,254275,"₫254,275",4.1,Hotel,Hotel,https://www.google.com/maps/place/Ocean+Haven+Hotel/data=!4m10!3m9!1s0x314217003f3c9fc1:0x2ee6d63f6887e073!5m2!4m1!1i2!8m2!3d16.0654073!4d108.2434515!16s%2Fg%2F11wqb1f79t!19sChIJwZ88PwAXQjERc-CHaD_W5i4?authuser=0&hl=en&rclk=1,http://oceanhavenhotel.com/
hotel01880,Ocean Bliss Hotel - Free Sauna,ocean bliss free sauna,hotel,"142 Hồ Nghinh, Phước Mỹ, Sơn Trà, Đà Nẵng 550000",Đà Nẵng,da nang,16.0727883,108.2428243,0236 3555 003 ,289000,"₫289,000",3.8,Hotel,Hotel,https://www.google.com/maps/place/Ocean+Bliss+Hotel+-+Free+Sauna/data=!4m10!3m9!1s0x3142177edba973fd:0xaabd5a4747712d8c!5m2!4m1!1i2!8m2!3d16.0727883!4d108.2428243!16s%2Fg%2F11m60dw3k8!19sChIJ_XOp234XQjERjC1xR0davao?authuser=0&hl=en&rclk=1,
hotel01881,Bantique Hotel,bantique,hotel,"17 Phạm Văn Đồng, An Hải Bắc, Sơn Trà, Đà Nẵng 550000",Đà Nẵng,da nang,16.0715908,108.235051,0837 164 939 ,222425,"₫222,425",4.1,Hotel,Hotel,https://www.google.com/maps/place/Bantique+Hotel/data=!4m10!3m9!1s0x314218285432140f:0x53867287f6887478!5m2!4m1!1i2!8m2!3d16.0715908!4d108.235051!16s%2Fg%2F11g8bb5496!19sChIJDxQyVCgYQjEReHSI9odyhlM?authuser=0&hl=en&rclk=1,https://www.facebook.com/bantiquedanang
hotel01882,Dragon Sea Hotel,dragon sea,hotel,"82 Hà Bổng, Phước Mỹ, Q. Sơn, Đà Nẵng 550000",Đà Nẵng,da nang,16.0654656,108.2443797,0236 3941 488 ,269016,"₫269,016",3.5,Hotel,Hotel,https://www.google.com/maps/place/Dragon+Sea+Hotel/data=!4m10!3m9!1s0x31421783e53908b1:0x64e93593902e721!5m2!4m1!1i2!8m2!3d16.0654656!4d108.2443797!16s%2Fg%2F11b6dg80_3!19sChIJsQg55YMXQjERIecCOVmTTgY?authuser=0&hl=en&rclk=1,https://www.dragonseahotel.vn/
hotel01883,Hải Triều Hotel Đà Nẵng,hai trieu da nang,hotel,"18-20 Loseby, Phước Mỹ, Sơn Trà, Đà Nẵng 55000",Đà Nẵng,da nang,16.073349,108.2407407,0971 959 798 ,274428,"₫274,428",4.1,Hotel,Hotel,https://www.google.com/maps/place/H%E1%BA%A3i+Tri%E1%BB%81u+Hotel+%C4%90%C3%A0+N%E1%BA%B5ng/data=!4m10!3m9!1s0x3142170fab226983:0xdec1931fabb0d23f!5m2!4m1!1i2!8m2!3d16.073349!4d108.2407407!16s%2Fg%2F11sr8m1c4h!19sChIJg2kiqw8XQjERP9Kwqx-Twd4?authuser=0&hl=en&rclk=1,
hotel01884,My Son Boutique Hotel & Spa,my son boutique spa,hotel,"11 Trần Khát Chân, Cẩm Châu, Hội An, Quảng Nam 560000",Hội An,hoi an,15.8817615,108.3418345,0866 995 279 ,665586,"₫665,586",4.6,Hotel,Hotel,https://www.google.com/maps/place/My+Son+Boutique+Hotel+%26+Spa/data=!4m10!3m9!1s0x31420dd1f08b0d59:0x3cce35c4ddc6bbc3!5m2!4m1!1i2!8m2!3d15.8817615!4d108.3418345!16s%2Fg%2F11g0w0c11b!19sChIJWQ2L8NENQjERw7vG3cQ1zjw?authuser=0&hl=en&rclk=1,https://mysonboutiquehotel.com/
hotel01885,Times Hotel,times,hotel,"67 Lương Định Của, Khuê Trung, Cẩm Lệ, Đà Nẵng 550000",Đà Nẵng,da nang,16.0159048,108.2095568,0832 011 080 ,350000,"₫350,000",4.6,Hotel,Hotel,https://www.google.com/maps/place/Times+Hotel/data=!4m10!3m9!1s0x31421b6735b3107f:0x4595b24ee831795f!5m2!4m1!1i2!8m2!3d16.0159048!4d108.2095568!16s%2Fg%2F11ty6p3_vm!19sChIJfxCzNWcbQjERX3kx6E6ylUU?authuser=0&hl=en&rclk=1,
hotel01886,Sanouva Danang Hotel,sanouva danang,hotel,"68 Phan Châu Trinh, Hải Châu, Đà Nẵng 550000",Đà Nẵng,da nang,16.0669752,108.2200454,0236 3823 468 ,910526,"₫910,526",4.4,Hotel,Hotel,https://www.google.com/maps/place/Sanouva+Danang+Hotel/data=!4m10!3m9!1s0x314218337f0db0c9:0xaf094826a5cc31dd!5m2!4m1!1i2!8m2!3d16.0669752!4d108.2200454!16s%2Fg%2F1q6j7vk01!19sChIJybANfzMYQjER3THMpSZICa8?authuser=0&hl=en&rclk=1,https://www.sanouvadanang.com/
hotel01887,Thanh Van 1 Hotel,thanh van 1,hotel,"78 Trần Hưng Đạo, Phường Minh An, Hội An, Quảng Nam",Hội An,hoi an,15.8800846,108.3263308,0235 3916 916 ,575147,"₫575,147",4.5,Hotel,Hotel,https://www.google.com/maps/place/Thanh+Van+1+Hotel/data=!4m10!3m9!1s0x31420e798445c1f9:0xb473605031df5315!5m2!4m1!1i2!8m2!3d15.8800846!4d108.3263308!16s%2Fg%2F1tfb8mm9!19sChIJ-cFFhHkOQjERFVPfMVBgc7Q?authuser=0&hl=en&rclk=1,
hotel01888,Cami Riverside Resort,cami riverside,hotel,"Ven sông Cu Đê, Hoà Liên, Hòa Vang, Đà Nẵng 550000",Đà Nẵng,da nang,16.1135719,108.1185764,0849 343 343 ,736241,"₫736,241",4.8,Resort,Hotel,https://www.google.com/maps/place/Cami+Riverside+Resort/data=!4m10!3m9!1s0x31421f28a1e1cb51:0xdab22d25a12e4db1!5m2!4m1!1i2!8m2!3d16.1135719!4d108.1185764!16s%2Fg%2F11rbyx7h5n!19sChIJUcvhoSgfQjERsU0uoSUtsto?authuser=0&hl=en&rclk=1,
hotel01889,Bonny Boutique Hotel,bonny boutique,hotel,"01-03 Khuê Mỹ Đông 10, Khuê Mỹ, Ngũ Hành Sơn, Đà Nẵng 550000",Đà Nẵng,da nang,16.0375778,108.246058,0941 993 355 ,637922,"₫637,922",4.5,Hotel,Hotel,https://www.google.com/maps/place/Bonny+Boutique+Hotel/data=!4m10!3m9!1s0x314217f2391433e7:0x43d05c8cbf779061!5m2!4m1!1i2!8m2!3d16.0375778!4d108.246058!16s%2Fg%2F11sqj4w07c!19sChIJ5zMUOfIXQjERYZB3v4xc0EM?authuser=0&hl=en&rclk=1,https://bonnyboutiquehotel.com/
hotel01890,Khách sạn Estrella,estrella,hotel,"145 Nguyễn Văn Thoại, An Hải Đông, Sơn Trà, Đà Nẵng 55000",Đà Nẵng,da nang,16.0549346,108.2409815,0236 3872 288 ,862325,"₫862,325",4.6,Hotel,Hotel,https://www.google.com/maps/place/Kh%C3%A1ch+s%E1%BA%A1n+Estrella/data=!4m10!3m9!1s0x314217bcc460a141:0x54405f3fff5b405c!5m2!4m1!1i2!8m2!3d16.0549346!4d108.2409815!16s%2Fg%2F11t57fzfzp!19sChIJQaFgxLwXQjERXEBb_z9fQFQ?authuser=0&hl=en&rclk=1,
hotel01891,Grand Sea Hotel,grand sea,hotel,"8 Hà Bổng, Phước Mỹ, Sơn Trà, Đà Nẵng 550000",Đà Nẵng,da nang,16.068095,108.2440628,0236 3636 888 ,515263,"₫515,263",4.1,Hotel,Hotel,https://www.google.com/maps/place/Grand+Sea+Hotel/data=!4m10!3m9!1s0x3142178404398dab:0x257adf70281d30bd!5m2!4m1!1i2!8m2!3d16.068095!4d108.2440628!16s%2Fg%2F11clydh6b7!19sChIJq405BIQXQjERvTAdKHDfeiU?authuser=0&hl=en&rclk=1,https://www.booking.com/hotel/vn/grand-sea.vi.html?aid=7955654
hotel01892,HIIVE by fusion Binh Duong New City - VSIP 2,hiive by fusion binh duong new city vsip 2,hotel,"City, 32A7 Tao Luc 5 street, Vietnam-Singapore Industrial Park 2, Tp. Thủ Dầu Một, Bình Dương 820000",Bình Dương,binh duong,11.072301,106.678568,0274 3801 771 ,1680524,"₫1,680,524",4.9,Hotel,Hotel,https://www.google.com/maps/place/HIIVE+by+fusion+Binh+Duong+New+City+-+VSIP+2/data=!4m10!3m9!1s0x3174cfcaf21c33e3:0x6a4862ba6cff12ab!5m2!4m1!1i2!8m2!3d11.072301!4d106.678568!16s%2Fg%2F11tf04kx4s!19sChIJ4zMc8srPdDERqxL_bLpiSGo?authuser=0&hl=en&rclk=1,https://newcity.hiivehotels.com/
hotel01893,Becamex Hotel New City,becamex new city,hotel,"B2 Đường Hùng Vương, Phú Chánh, Thủ Dầu Một, Bình Dương",Bình Dương,binh duong,11.056302,106.684187,0274 3801 118 ,2311729,"₫2,311,729",4.5,Hotel,Hotel,https://www.google.com/maps/place/Becamex+Hotel+New+City/data=!4m10!3m9!1s0x3174cfd6c47b6c4b:0x1ac1656fdf1d531f!5m2!4m1!1i2!8m2!3d11.056302!4d106.684187!16s%2Fg%2F11bwqbdg92!19sChIJS2x7xNbPdDERH1Md329lwRo?authuser=0&hl=en&rclk=1,http://newcity.becamexhotels.com/?partner=8663utm_source=google&utm_medium=organic&utm_campaign=MyBusiness&utm
hotel01894,Venice hotel,venice,hotel,"38 Đường số 3, Khu dân cư Trung Sơn, Bình Chánh, Thành phố Hồ Chí Minh 70000",Thành phố Hồ Chí Minh,ho chi minh,10.7379713,106.6916034,028 5431 6684 ,410918,"₫410,918",4.1,Hotel,Hotel,https://www.google.com/maps/place/Venice+hotel/data=!4m10!3m9!1s0x31752fa4566aaaab:0x242b6f86bf4f1b9d!5m2!4m1!1i2!8m2!3d10.7379713!4d106.6916034!16s%2Fg%2F11c74h368m!19sChIJq6pqVqQvdTERnRtPv4ZvKyQ?authuser=0&hl=en&rclk=1,https://www.facebook.com/venicehotel02854316684/
hotel01895,SPRING HOTEL - 4SEASONS HOTEL,spring 4seasons,hotel,"Đ. N2, Lái Thiêu, Thuận An, Bình Dương 75000",Bình Dương,binh duong,10.9059835,106.7105907,0961 669 393 ,321501,"₫321,501",4.2,Hotel,Hotel,https://www.google.com/maps/place/SPRING+HOTEL+-+4SEASONS+HOTEL/data=!4m10!3m9!1s0x3174d747a83a4dcf:0x204f213a0f1882f!5m2!4m1!1i2!8m2!3d10.9059835!4d106.7105907!16s%2Fg%2F11h33y0609!19sChIJz006qEfXdDERL4jxoBPyBAI?authuser=0&hl=en&rclk=1,
hotel01896,The Malibu Hotel Saigon,the malibu saigon,hotel,"353-355-357-359, 353 Đ. Số 1, Bình Trị Đông B, Bình Tân, Thành phố Hồ Chí Minh",Thành phố Hồ Chí Minh,ho chi minh,10.7472394,106.6107336,0867 783 788 ,1612686,"₫1,612,686",4.3,Hotel,Hotel,https://www.google.com/maps/place/The+Malibu+Hotel+Saigon/data=!4m10!3m9!1s0x31752d8a5ae8edc5:0xfb902e15faba6a42!5m2!4m1!1i2!8m2!3d10.7472394!4d106.6107336!16s%2Fg%2F11tby1hhqj!19sChIJxe3oWootdTERQmq6-hUukPs?authuser=0&hl=en&rclk=1,
hotel01897,GOLDEN CENTRAL HOTEL,golden central,hotel,"Trảng Bàng, Tây Ninh",Tây Ninh,tay ninh,11.0323179,106.3534331,0907 507 989 ,476701,"₫476,701",3.9,Hotel,Hotel,https://www.google.com/maps/place/GOLDEN+CENTRAL+HOTEL/data=!4m10!3m9!1s0x310b2f1458a73115:0x702aa88eb745aa83!5m2!4m1!1i2!8m2!3d11.0323179!4d106.3534331!16s%2Fg%2F11lfckd_mk!19sChIJFTGnWBQvCzERg6pFt46oKnA?authuser=0&hl=en&rclk=1,http://goldencentral.vn/
hotel01898,"Lucky Hotel - Khách sạn khu tên lửa uy tín, địa chỉ lưu trú giá rẻ sạch sẽ tại Hồ Chí Minh",lucky khu ten lua uy tin dia chi luu tru gia re sach se tai ho chi minh,hotel,"14 Đường số 3A, Bình Trị Đông B, Bình Tân, Thành phố Hồ Chí Minh 70000",Thành phố Hồ Chí Minh,ho chi minh,10.7497866,106.6193907,028 3817 2956 ,234037,"₫234,037",4.4,Hotel,Hotel,"https://www.google.com/maps/place/Lucky+Hotel+-+Kh%C3%A1ch+s%E1%BA%A1n+khu+t%C3%AAn+l%E1%BB%ADa+uy+t%C3%ADn,+%C4%91%E1%BB%8Ba+ch%E1%BB%89+l%C6%B0u+tr%C3%BA+gi%C3%A1+r%E1%BA%BB+s%E1%BA%A1ch+s%E1%BA%BD+t%E1%BA%A1i+H%E1%BB%93+Ch%C3%AD+Minh/data=!4m10!3m9!1s0x31752d025ad301e9:0x15b3a341be7a1008!5m2!4m1!1i2!8m2!3d10.7497866!4d106.6193907!16s%2Fg%2F11kjn9xhzr!19sChIJ6QHTWgItdTERCBB6vkGjsxU?authuser=0&hl=en&rclk=1",
hotel01899,Khách sạn HẢI QUỲNH,hai quynh,hotel,"B4/15B Ap 2, Tân Kiên, Bình Chánh, Thành phố Hồ Chí Minh",Thành phố Hồ Chí Minh,ho chi minh,10.7219718,106.6002345,0783 879 688 ,256702,"₫256,702",3.9,Hotel,Hotel,https://www.google.com/maps/place/Kh%C3%A1ch+s%E1%BA%A1n+H%E1%BA%A2I+QU%E1%BB%B2NH/data=!4m10!3m9!1s0x31752ddbac78b779:0xfcfb08feb294e7a6!5m2!4m1!1i2!8m2!3d10.7219718!4d106.6002345!16s%2Fg%2F11fr1p10c6!19sChIJebd4rNstdTERpueUsv4I-_w?authuser=0&hl=en&rclk=1,
hotel01900,HappyHome,happyme,lake,"121 Đ. Lý Phục Man, Bình Thuận, Quận 7, Thành phố Hồ Chí Minh",Thành phố Hồ Chí Minh,ho chi minh,10.7424788,106.7229779,0797 137 653 ,310981,"₫310,981",4.3,Hotel,Hotel,https://www.google.com/maps/place/HappyHome/data=!4m10!3m9!1s0x3175257f7048a54f:0x31c916b2523f60e0!5m2!4m1!1i2!8m2!3d10.7424788!4d106.7229779!16s%2Fg%2F11h1dshvg4!19sChIJT6VIcH8ldTER4GA_UrIWyTE?authuser=0&hl=en&rclk=1,http://happyhome.zoombookdirect.com/
hotel01901,Khách sạn Mansion Park,mansion park,hotel,"Số K73 đường D8, P, Kp7, Biên Hòa, Đồng Nai",Đồng Nai,dong nai,10.9463485,106.8292189,0251 3683 450 ,951593,"₫951,593",4.1,Hotel,Hotel,https://www.google.com/maps/place/Kh%C3%A1ch+s%E1%BA%A1n+Mansion+Park/data=!4m10!3m9!1s0x3174dfde590dde3d:0x876776197c421082!5m2!4m1!1i2!8m2!3d10.9463485!4d106.8292189!16s%2Fg%2F11mhshw2hd!19sChIJPd4NWd7fdDERghBCfBl2Z4c?authuser=0&hl=en&rclk=1,https://mansionparkhotel.com/
hotel01902,Winston Hotel Riverside Thu Duc,winston riverside thu duc,hotel,"1110B8 Đ. Phạm Văn Đồng, Linh Đông, Thủ Đức, Thành phố Hồ Chí Minh 700000",Thành phố Hồ Chí Minh,ho chi minh,10.8397306,106.742019,0865 515 779 ,348370,"₫348,370",3.9,Hotel,Hotel,https://www.google.com/maps/place/Winston+Hotel+Riverside+Thu+Duc/data=!4m10!3m9!1s0x31752707f7890755:0x480ce4d9e12c2172!5m2!4m1!1i2!8m2!3d10.8397306!4d106.742019!16s%2Fg%2F11hf7k6m27!19sChIJVQeJ9wcndTERciEs4dnkDEg?authuser=0&hl=en&rclk=1,
hotel01903,MI LINH Hotel,mi linh,hotel,"B38A Đ. Bạch Đằng, Phường Tân, Sơn Hòa, Thành phố Hồ Chí Minh 700000",Thành phố Hồ Chí Minh,ho chi minh,10.8152366,106.6683722,0899 337 871 ,401713,"₫401,713",4.2,Hotel,Hotel,https://www.google.com/maps/place/MI+LINH+Hotel/data=!4m10!3m9!1s0x317529aac8ace587:0xd830c65a6295e46b!5m2!4m1!1i2!8m2!3d10.8152366!4d106.6683722!16s%2Fg%2F11sh5f3fk8!19sChIJh-WsyKopdTERa-SVYlrGMNg?authuser=0&hl=en&rclk=1,
hotel01904,The Moon 3 Hotel,the moon 3,hotel,"102 Đ. Vành Đai Trong, An Lạc A, Bình Tân, Thành phố Hồ Chí Minh 70000",Thành phố Hồ Chí Minh,ho chi minh,10.7447787,106.6154308,028 3535 5026 ,1032242,"₫1,032,242",4.4,Hotel,Hotel,https://www.google.com/maps/place/The+Moon+3+Hotel/data=!4m10!3m9!1s0x31752d81f9d8d0b3:0x59004752823079e9!5m2!4m1!1i2!8m2!3d10.7447787!4d106.6154308!16s%2Fg%2F11t0t839hj!19sChIJs9DY-YEtdTER6XkwglJHAFk?authuser=0&hl=en&rclk=1,
hotel01905,Biên Hòa Hotel,bien hoa,hotel,"40, N7 Đ. Võ Thị Sáu, Thống Nhất, Biên Hòa, Đồng Nai",Đồng Nai,dong nai,10.949931,106.8294327,0922 685 685 ,450000,"₫450,000",3.9,Hotel,Hotel,https://www.google.com/maps/place/Bi%C3%AAn+H%C3%B2a+Hotel/data=!4m10!3m9!1s0x3174df387a44e3bd:0x76987113deec59dd!5m2!4m1!1i2!8m2!3d10.949931!4d106.8294327!16s%2Fg%2F11j7vb_m9d!19sChIJveNEejjfdDER3Vns3hNxmHY?authuser=0&hl=en&rclk=1,
hotel01906,Thanh An hotel,thanh an,hotel,"91 Đ. HT 45, Phường, Quận 12, Thành phố Hồ Chí Minh 70000",Thành phố Hồ Chí Minh,ho chi minh,10.8703963,106.646509,0906 712 899 ,427368,"₫427,368",4.1,Hotel,Hotel,https://www.google.com/maps/place/Thanh+An+hotel/data=!4m10!3m9!1s0x317529e63b0e44d5:0xab79d9ac0289c7b4!5m2!4m1!1i2!8m2!3d10.8703963!4d106.646509!16s%2Fg%2F11b73vbj00!19sChIJ1UQOO-YpdTERtMeJAqzZeas?authuser=0&hl=en&rclk=1,
hotel01907,Ha Long Hotel,ha long,hotel,"76/2 Đường Lê Văn Chí, Phường Linh Trung, Thủ Đức, Thành phố Hồ Chí Minh 720300",Thành phố Hồ Chí Minh,ho chi minh,10.8644635,106.7816957,0967 430 909 ,339762,"₫339,762",4.2,Hotel,Hotel,https://www.google.com/maps/place/Ha+Long+Hotel/data=!4m10!3m9!1s0x31752776be0414ff:0x612fe33082787f3!5m2!4m1!1i2!8m2!3d10.8644635!4d106.7816957!16s%2Fg%2F11gybhfkd_!19sChIJ_xQEvnYndTER84cnCDP-EgY?authuser=0&hl=en&rclk=1,https://www.facebook.com/profile.php?id=100010979346159
hotel01908,THE MIRA BOUTIQUE HOTEL,the mira boutique,hotel,"318A Đại lộ Bình Dương, Phú Hoà, Thủ Dầu Một, Bình Dương",Bình Dương,binh duong,10.9810938,106.6687189,0274 3628 888 ,1079856,"₫1,079,856",4.2,Hotel,Hotel,https://www.google.com/maps/place/THE+MIRA+BOUTIQUE+HOTEL/data=!4m10!3m9!1s0x3174d124860359cf:0xd58577eb58ef5e!5m2!4m1!1i2!8m2!3d10.9810938!4d106.6687189!16s%2Fg%2F11f389wbj3!19sChIJz1kDhiTRdDERXu9Y63eF1QA?authuser=0&hl=en&rclk=1,https://www.booking.com/hotel/vn/the-mira-boutique.vi.html?aid=7955654
hotel01909,Ruby Star Hotel,ruby star,hotel,"43 Trương Định, Phường 6, Quận 3, Thành phố Hồ Chí Minh",Thành phố Hồ Chí Minh,ho chi minh,10.776539,106.690775,028 3933 3146 ,679263,"₫679,263",3.7,Hotel,Hotel,https://www.google.com/maps/place/Ruby+Star+Hotel/data=!4m10!3m9!1s0x31752f3951100ec9:0xbc3517d4568546f3!5m2!4m1!1i2!8m2!3d10.776539!4d106.690775!16s%2Fg%2F1hc5yqr4m!19sChIJyQ4QUTkvdTER80aFVtQXNbw?authuser=0&hl=en&rclk=1,
hotel01910,Best Hotel,best,hotel,"66 Đ. Số 8, Linh Tây, Thủ Đức, Thành phố Hồ Chí Minh",Thành phố Hồ Chí Minh,ho chi minh,10.8589258,106.756587,028 6271 6300 ,500000,"₫500,000",4.6,Hotel,Hotel,https://www.google.com/maps/place/Best+Hotel/data=!4m10!3m9!1s0x3174d9357f3f6c89:0x87b5e432d27572b7!5m2!4m1!1i2!8m2!3d10.8589258!4d106.756587!16s%2Fg%2F11vdrzb8fx!19sChIJiWw_fzXZdDERt3J10jLktYc?authuser=0&hl=en&rclk=1,https://bookhotel.kiotviet.vn/besthotel
hotel01911,AVATAR HOTEL,avatar,hotel,"21 Đ. số 7, Khu dân cư Trung Sơn, Bình Chánh, Thành phố Hồ Chí Minh 700000",Thành phố Hồ Chí Minh,ho chi minh,10.7378417,106.690253,028 3973 9918 ,9907230,"₫9,907,230",4.0,Hotel,Hotel,https://www.google.com/maps/place/AVATAR+HOTEL/data=!4m10!3m9!1s0x31752fdcaf89447b:0x6190bedc6d449bbe!5m2!4m1!1i2!8m2!3d10.7378417!4d106.690253!16s%2Fg%2F11rk4m0ddz!19sChIJe0SJr9wvdTERvptEbdy-kGE?authuser=0&hl=en&rclk=1,http://avatarhotel21.net/
hotel01912,A IN HOTEL RIVERSIDE,a in riverside,hotel,"Bến Vân Đồn/188 - 189 Khánh Hội, Phường, Quận 4, Thành phố Hồ Chí Minh",Thành phố Hồ Chí Minh,ho chi minh,10.761455,106.6974898,0326 965 110 ,1125000,"₫1,125,000",4.4,Hotel,Hotel,https://www.google.com/maps/place/A+IN+HOTEL+RIVERSIDE/data=!4m10!3m9!1s0x31752f12242b5003:0x3adacdd84edac7f3!5m2!4m1!1i2!8m2!3d10.761455!4d106.6974898!16s%2Fg%2F11s5h6qzn_!19sChIJA1ArJBIvdTER88faTtjN2jo?authuser=0&hl=en&rclk=1,https://ainhotelriverside.dcms.site/
hotel01913,The Odys Boutique Hotel,the odys boutique,hotel,"Nguyễn Thái Bình, Phường Nguyễn Thái Bình, Quận 1, Thành phố Hồ Chí Minh 70000",Thành phố Hồ Chí Minh,ho chi minh,10.7694123,106.7001638,028 3821 6915 ,2369925,"₫2,369,925",4.5,Hotel,Hotel,https://www.google.com/maps/place/The+Odys+Boutique+Hotel/data=!4m10!3m9!1s0x31752f3f8cefce9f:0x616bd38bd148fa02!5m2!4m1!1i2!8m2!3d10.7694123!4d106.7001638!16s%2Fg%2F11h4yf04yg!19sChIJn87vjD8vdTERAvpI0YvTa2E?authuser=0&hl=en&rclk=1,http://theodyshotel.com/
hotel01914,Lá Hotel Bình Tân,la binh tan,hotel,"184 Đường số 1A, Bình Trị Đông B, Bình Tân, Thành phố Hồ Chí Minh",Thành phố Hồ Chí Minh,ho chi minh,10.7480619,106.6147615,0854 575 754 ,323303,"₫323,303",3.7,Hotel,Hotel,https://www.google.com/maps/place/L%C3%A1+Hotel+B%C3%ACnh+T%C3%A2n/data=!4m10!3m9!1s0x31752df1891787af:0x6bd76dd993dcada7!5m2!4m1!1i2!8m2!3d10.7480619!4d106.6147615!16s%2Fg%2F11sn3y3x8d!19sChIJr4cXifEtdTERp63ck9lt12s?authuser=0&hl=en&rclk=1,http://facebook.com/lahotelsg
hotel01915,My Friend Hotel,my friend,hotel,"572b/4 Trần Hưng Đạo, Phường 2, Quận 5, Thành phố Hồ Chí Minh",Thành phố Hồ Chí Minh,ho chi minh,10.7561126,106.6800845,028 3924 5678 ,399280,"₫399,280",4.3,Hotel,Hotel,https://www.google.com/maps/place/My+Friend+Hotel/data=!4m10!3m9!1s0x31752fa8f7ff9609:0x97b997a374e6850b!5m2!4m1!1i2!8m2!3d10.7561126!4d106.6800845!16s%2Fg%2F11fd_sz0rr!19sChIJCZb_96gvdTERC4XmdKOXuZc?authuser=0&hl=en&rclk=1,
hotel01916,Khách Sạn Lộc Phát,loc phat,hotel,"16C Đ. Lũy Bán Bích, Tân Thới Hoà, Tân Phú, Thành phố Hồ Chí Minh",Thành phố Hồ Chí Minh,ho chi minh,10.760365,106.632934,0786 992 836 ,287280,"₫287,280",4.6,Hotel,Hotel,https://www.google.com/maps/place/Kh%C3%A1ch+S%E1%BA%A1n+L%E1%BB%99c+Ph%C3%A1t/data=!4m10!3m9!1s0x31752f56af601fe1:0x9a95af9b98290462!5m2!4m1!1i2!8m2!3d10.760365!4d106.632934!16s%2Fg%2F11l30slrry!19sChIJ4R9gr1YvdTERYgQpmJuvlZo?authuser=0&hl=en&rclk=1,
hotel01917,GRAND LEE HOTEL,grand lee,hotel,"137/8A, Bình Quới, Phường 27, Bình Thạnh, Thành phố Hồ Chí Minh 70000",Thành phố Hồ Chí Minh,ho chi minh,10.8192182,106.7235886,028 3556 6638 ,448009,"₫448,009",4.5,Hotel,Hotel,https://www.google.com/maps/place/GRAND+LEE+HOTEL/data=!4m10!3m9!1s0x317529343ac01d75:0xda1e8a2bd333bb93!5m2!4m1!1i2!8m2!3d10.8192182!4d106.7235886!16s%2Fg%2F11kkb43089!19sChIJdR3AOjQpdTERk7sz0yuKHto?authuser=0&hl=en&rclk=1,
hotel01918,OYO 245 Amura Hotel,oyo 245 amura,hotel,"289 Phạm Hữu Lầu, Phú Mỹ, Quận 7, Thành phố Hồ Chí Minh 700000",Thành phố Hồ Chí Minh,ho chi minh,10.7040375,106.7287438,0965 785 699 ,295171,"₫295,171",4.6,Hotel,Hotel,https://www.google.com/maps/place/OYO+245+Amura+Hotel/data=!4m10!3m9!1s0x317525d75d681bf7:0x6aa702b4722c18f9!5m2!4m1!1i2!8m2!3d10.7040375!4d106.7287438!16s%2Fg%2F11h_d7dn4n!19sChIJ9xtoXdcldTER-RgscrQCp2o?authuser=0&hl=en&rclk=1,https://www.facebook.com/amurahotelquan7
hotel01919,EROS Hotel 1,eros 1,hotel,"140 Phan Xích Long, Phường 7, Phú Nhuận, Thành phố Hồ Chí Minh 700000",Thành phố Hồ Chí Minh,ho chi minh,10.7974848,106.6917448,0797 000 777 ,429368,"₫429,368",4.2,Hotel,Hotel,https://www.google.com/maps/place/EROS+Hotel+1/data=!4m10!3m9!1s0x317529a3cf991211:0x20f9eac72d165e02!5m2!4m1!1i2!8m2!3d10.7974848!4d106.6917448!16s%2Fg%2F11tp35k42b!19sChIJERKZz6MpdTERAl4WLcfq-SA?authuser=0&hl=en&rclk=1,https://eroslovehotel.com/
hotel01920,J&K Hotel,j k,hotel,"150/27 Bến Vân Đồn, Phường 9, Quận 4, Thành phố Hồ Chí Minh",Thành phố Hồ Chí Minh,ho chi minh,10.7626936,106.6994642,028 6250 8098 ,519638,"₫519,638",3.8,Hotel,Hotel,https://www.google.com/maps/place/J%26K+Hotel/data=!4m10!3m9!1s0x31752f1d91afb901:0xc357c46d44b9a7cc!5m2!4m1!1i2!8m2!3d10.7626936!4d106.6994642!16s%2Fg%2F11jncqbthp!19sChIJAbmvkR0vdTERzKe5RG3EV8M?authuser=0&hl=en&rclk=1,http://www.facebook.com/Jnkhotel/
hotel01921,California Saigon Hotel & Rooftop Pool,california saigon rooftop pool,hotel,"52 - 54 Thủ Khoa Huân, Phường Bến Thành, Quận 1, Thành phố Hồ Chí Minh 70000",Thành phố Hồ Chí Minh,ho chi minh,10.7746252,106.6965711,028 3824 5577 ,1739105,"₫1,739,105",3.8,Hotel,Hotel,https://www.google.com/maps/place/California+Saigon+Hotel+%26+Rooftop+Pool/data=!4m10!3m9!1s0x31752f9f36813947:0x82b7f34027b2e3d8!5m2!4m1!1i2!8m2!3d10.7746252!4d106.6965711!16s%2Fg%2F11swdg1v0z!19sChIJRzmBNp8vdTER2OOyJ0Dzt4I?authuser=0&hl=en&rclk=1,http://calihotels.vn/
hotel01922,Khách Sạn Hoàng Thanh Thủy 4,hoang thanh thuy 4,hotel,"149 Trung Mỹ Tây 2A, Trung Mỹ Tây, Quận 12, Thành phố Hồ Chí Minh 71000",Thành phố Hồ Chí Minh,ho chi minh,10.8517314,106.6164255,028 6676 4668 ,243626,"₫243,626",4.2,Hotel,Hotel,https://www.google.com/maps/place/Kh%C3%A1ch+S%E1%BA%A1n+Ho%C3%A0ng+Thanh+Th%E1%BB%A7y+4/data=!4m10!3m9!1s0x31752bc417d3f127:0x9709b05c4ba0210a!5m2!4m1!1i2!8m2!3d10.8517314!4d106.6164255!16s%2Fg%2F11r8lvj80x!19sChIJJ_HTF8QrdTERCiGgS1ywCZc?authuser=0&hl=en&rclk=1,https://g.page/KSHTT4
hotel01923,The One Premium Hotel,the one premium,hotel,"29 Thủ Khoa Huân, Phường Bến Thành, Quận 1, Thành phố Hồ Chí Minh 700000",Thành phố Hồ Chí Minh,ho chi minh,10.7736755,106.6971722,0947 545 537 ,1231104,"₫1,231,104",4.2,Hotel,Hotel,https://www.google.com/maps/place/The+One+Premium+Hotel/data=!4m10!3m9!1s0x31752f771be05c29:0xc5a7d6ef39d80372!5m2!4m1!1i2!8m2!3d10.7736755!4d106.6971722!16s%2Fg%2F11fkldz4sy!19sChIJKVzgG3cvdTERcgPYOe_Wp8U?authuser=0&hl=en&rclk=1,https://theonehotel.vn/
hotel01924,Hoa Cuc Phuong Hotel,hoa cuc phuong,hotel,"7 Đường số 3 KDC 19 Tháng 8, KP tây B, Dĩ An, Bình Dương",Bình Dương,binh duong,10.8907871,106.7786708,0938 631 648 ,258010,"₫258,010",4.5,Hotel,Hotel,https://www.google.com/maps/place/Hoa+Cuc+Phuong+Hotel/data=!4m10!3m9!1s0x3174d88c579f703b:0xecc103c21833f5a7!5m2!4m1!1i2!8m2!3d10.8907871!4d106.7786708!16s%2Fg%2F11b67sb7gr!19sChIJO3CfV4zYdDERp_UzGMIDwew?authuser=0&hl=en&rclk=1,http://hoacucphuonghotel.com/
hotel01925,A IN HOTEL GLAMOUR,a in glamour,hotel,"63/1 - 63/3 Đường số 19, Phường An Khánh, Thủ Đức, Thành phố Hồ Chí Minh 700000",Thành phố Hồ Chí Minh,ho chi minh,10.7980483,106.729726,0822 414 383 ,733333,"₫733,333",4.4,Hotel,Hotel,https://www.google.com/maps/place/A+IN+HOTEL+GLAMOUR/data=!4m10!3m9!1s0x31752741c92d365f:0x77c6aa1815f91c25!5m2!4m1!1i2!8m2!3d10.7980483!4d106.729726!16s%2Fg%2F11g1gt922l!19sChIJXzYtyUEndTERJRz5FRiqxnc?authuser=0&hl=en&rclk=1,https://www.facebook.com/ainhotelglamour/services
hotel01926,Winsuites Saigon Hotel,winsuites saigon,hotel,"28-30-32 Lê Lai, Phường Bến Thành, Quận 1, Thành phố Hồ Chí Minh 700000",Thành phố Hồ Chí Minh,ho chi minh,10.7715423,106.697107,028 2222 5666 ,4898297,"₫4,898,297",4.4,Hotel,Hotel,https://www.google.com/maps/place/Winsuites+Saigon+Hotel/data=!4m10!3m9!1s0x31752f3f1e5ae341:0xeb074c7c50865370!5m2!4m1!1i2!8m2!3d10.7715423!4d106.697107!16s%2Fg%2F11fkr1jv63!19sChIJQeNaHj8vdTERcFOGUHxMB-s?authuser=0&hl=en&rclk=1,https://www.winsuitessaigon.com/
hotel01927,Prague Hotel Vietnam,prague vietnam,hotel,"Phạm Ngũ Lão, Phường Phạm Ngũ Lão, Quận 1, Thành phố Hồ Chí Minh 71012",Thành phố Hồ Chí Minh,ho chi minh,10.768453,106.6941611,028 3925 9925 ,910668,"₫910,668",4.0,Hotel,Hotel,https://www.google.com/maps/place/Prague+Hotel+Vietnam/data=!4m10!3m9!1s0x317528e4a91ebf31:0xe0a8746aaa1318d!5m2!4m1!1i2!8m2!3d10.768453!4d106.6941611!16s%2Fg%2F11g9nqssqn!19sChIJMb8eqeQodTERjTGhqkaHCg4?authuser=0&hl=en&rclk=1,https://prague.hotelo.online/
hotel01928,Lá Hotel,la,hotel,"66/7 Phan Huy Ích, Phường 15, Tân Bình, Thành phố Hồ Chí Minh 73018",Thành phố Hồ Chí Minh,ho chi minh,10.826521,106.63185,0862 245 667 ,438409,"₫438,409",4.2,Hotel,Hotel,https://www.google.com/maps/place/L%C3%A1+Hotel/data=!4m10!3m9!1s0x31752fbb309bdb67:0xa5e02b683a26e01f!5m2!4m1!1i2!8m2!3d10.826521!4d106.63185!16s%2Fg%2F11h4qbckm1!19sChIJZ9ubMLsvdTERH-AmOmgr4KU?authuser=0&hl=en&rclk=1,http://www.facebook.com/lahotelsg
hotel01929,Golden Sun Apartment,gol sun apartment,temple,"153 Đ. số 10, Tân Phong, Quận 7, Thành phố Hồ Chí Minh 70000",Thành phố Hồ Chí Minh,ho chi minh,10.724563,106.7091876,0942 739 898 ,1264218,"₫1,264,218",4.8,Apartment,Hotel,https://www.google.com/maps/place/Golden+Sun+Apartment/data=!4m10!3m9!1s0x31752fb4e24a5963:0x4696c13a0e6d7ce4!5m2!4m1!1i2!8m2!3d10.724563!4d106.7091876!16s%2Fg%2F11l35nnwb6!19sChIJY1lK4rQvdTER5HxtDjrBlkY?authuser=0&hl=en&rclk=1,https://goldenstarapartment.com/
hotel01930,Vuon Tao Dan Hotel,vuon tao dan,hotel,"220 Đường Nguyễn Thị Minh Khai, Phường 6, Quận 3, Thành phố Hồ Chí Minh 700000",Thành phố Hồ Chí Minh,ho chi minh,10.774562,106.690028,0911 688 220 ,552920,"₫552,920",3.8,Hotel,Hotel,https://www.google.com/maps/place/Vuon+Tao+Dan+Hotel/data=!4m10!3m9!1s0x317528bb7276a8e1:0xc1b7c789f6eea9b8!5m2!4m1!1i2!8m2!3d10.774562!4d106.690028!16s%2Fg%2F1tdrbw57!19sChIJ4ah2crsodTERuKnu9onHt8E?authuser=0&hl=en&rclk=1,https://hotelgiare.com.vn/
hotel01931,Friday Premium Hotel,friday premium,hotel,"811 Lê Hồng Phong, Phường 12, Quận 10, Thành phố Hồ Chí Minh 700000",Thành phố Hồ Chí Minh,ho chi minh,10.7729406,106.6717551,0901 857 811 ,592338,"₫592,338",3.9,Hotel,Hotel,https://www.google.com/maps/place/Friday+Premium+Hotel/data=!4m10!3m9!1s0x31752f85edac3da1:0xa8c237ffd0c5392!5m2!4m1!1i2!8m2!3d10.7729406!4d106.6717551!16s%2Fg%2F11kqy2z6cn!19sChIJoT2s7YUvdTERklMM_X8jjAo?authuser=0&hl=en&rclk=1,
hotel01932,Amanaki Saigon Boutique Hotel,amanaki saigon boutique,hotel,"65 Hồ Tùng Mậu, Bến Nghé, Quận 1, Thành phố Hồ Chí Minh",Thành phố Hồ Chí Minh,ho chi minh,10.771728,106.7039109,0823 634 488 ,1990484,"₫1,990,484",4.8,Hotel,Hotel,https://www.google.com/maps/place/Amanaki+Saigon+Boutique+Hotel/data=!4m10!3m9!1s0x31752f413b1c5833:0x49f72d2974a7d3d3!5m2!4m1!1i2!8m2!3d10.771728!4d106.7039109!16s%2Fg%2F11m_jmn6d5!19sChIJM1gcO0EvdTER09OndCkt90k?authuser=0&hl=en&rclk=1,https://www.amanaki.vn/vi/amanaki-boutique-saigon/
hotel01933,M Hotel Saigon,m saigon,hotel,"39 Đ. Tôn Thất Thiệp, Phường, Quận 1, Thành phố Hồ Chí Minh",Thành phố Hồ Chí Minh,ho chi minh,10.7731627,106.7018605,028 3821 2888 ,9211177,"₫9,211,177",4.4,Hotel,Hotel,https://www.google.com/maps/place/M+Hotel+Saigon/data=!4m10!3m9!1s0x31752f63337a16f5:0x88aff8f672cd5361!5m2!4m1!1i2!8m2!3d10.7731627!4d106.7018605!16s%2Fg%2F11gw2qv7xq!19sChIJ9RZ6M2MvdTERYVPNcvb4r4g?authuser=0&hl=en&rclk=1,https://mhotel.vn/
hotel01934,Diamond Hotel CMT8 - Center SaiGon,diamond cmt8 center saigon,hotel,"283/76 - 283/78, Cách Mạng Tháng Tám, Phường Hòa Hưng, Quận 10, Thành phố Hồ Chí Minh",Thành phố Hồ Chí Minh,ho chi minh,10.7775026,106.6784836,0965 477 614 ,273320,"₫273,320",3.1,Hotel,Hotel,https://www.google.com/maps/place/Diamond+Hotel+CMT8+-+Center+SaiGon/data=!4m10!3m9!1s0x31752fe819423951:0xe0450b8e0669f845!5m2!4m1!1i2!8m2!3d10.7775026!4d106.6784836!16s%2Fg%2F11px7rw94v!19sChIJUTlCGegvdTERRfhpBo4LReA?authuser=0&hl=en&rclk=1,
hotel01935,Northern Charm Hotel,northern charm,hotel,"12 Lý Tự Trọng, Bến Nghé, Quận 1, Thành phố Hồ Chí Minh",Thành phố Hồ Chí Minh,ho chi minh,10.7820133,106.704611,028 3822 5252 ,2124211,"₫2,124,211",4.0,Hotel,Hotel,https://www.google.com/maps/place/Northern+Charm+Hotel/data=!4m10!3m9!1s0x31752f4915f0c7a3:0xe102f81943caf334!5m2!4m1!1i2!8m2!3d10.7820133!4d106.704611!16s%2Fg%2F11mw5j303n!19sChIJo8fwFUkvdTERNPPKQxn4AuE?authuser=0&hl=en&rclk=1,http://www.northerncharmhotel.com.vn/
hotel01936,ABC hotel,abc,hotel,"36 Đ. 47-BTT, Phường Bình Trưng Tây, Thủ Đức, Thành phố Hồ Chí Minh 70000",Thành phố Hồ Chí Minh,ho chi minh,10.7824553,106.7534342,0911 676 745 ,349370,"₫349,370",4.1,Hotel,Hotel,https://www.google.com/maps/place/ABC+hotel/data=!4m10!3m9!1s0x317525d931495075:0xcaafc3d35894a6b4!5m2!4m1!1i2!8m2!3d10.7824553!4d106.7534342!16s%2Fg%2F11d_7zphyt!19sChIJdVBJMdkldTERtKaUWNPDr8o?authuser=0&hl=en&rclk=1,
hotel01937,Dalat Boutique PNP Hotel,dalat boutique pnp,hotel,"14 Đ. Huỳnh Thúc Kháng, Phường 4, Đà Lạt, Lâm Đồng 670000",Đà Lạt,da lat,11.935357,108.430151,0263 3858 111 ,270487,"₫270,487",4.6,Hotel,Hotel,https://www.google.com/maps/place/Dalat+Boutique+PNP+Hotel/data=!4m10!3m9!1s0x3171133305f7eef7:0xe78fd82706b7980!5m2!4m1!1i2!8m2!3d11.935357!4d108.430151!16s%2Fg%2F11flb096rr!19sChIJ9-73BTMTcTERgHlrcIL9eA4?authuser=0&hl=en&rclk=1,
hotel01938,Biệt thự Hồng Môn Đà Lạt - Hong Mon Villa Dalat,biet thu hong mon da lat hong mon dalat,hotel,"100 Đường Tô Hiến Thành, Phường Xuân Hương, Đà Lạt, Lâm Đồng",Đà Lạt,da lat,11.930344,108.44344,0263 3532 068 ,496842,"₫496,842",4.3,Villa,Hotel,https://www.google.com/maps/place/Bi%E1%BB%87t+th%E1%BB%B1+H%E1%BB%93ng+M%C3%B4n+%C4%90%C3%A0+L%E1%BA%A1t+-+Hong+Mon+Villa+Dalat/data=!4m10!3m9!1s0x317113391a742c63:0x107acb91ef3a56d4!5m2!4m1!1i2!8m2!3d11.930344!4d108.44344!16s%2Fg%2F11b7q6zvlx!19sChIJYyx0GjkTcTER1FY675HLehA?authuser=0&hl=en&rclk=1,https://hongmonresort.com/
hotel01939,Khách sạn Roha Hotel,roha,hotel,"1/4 Yersin, Phường 10, Đà Lạt, Lâm Đồng 670000",Đà Lạt,da lat,11.9410418,108.4509898,0988 888 390 ,118029,"₫118,029",4.0,Hotel,Hotel,https://www.google.com/maps/place/Kh%C3%A1ch+s%E1%BA%A1n+Roha+Hotel/data=!4m10!3m9!1s0x317113b762821515:0x71940ac4d9cd287a!5m2!4m1!1i2!8m2!3d11.9410418!4d108.4509898!16s%2Fg%2F11j1f1lzjt!19sChIJFRWCYrcTcTEReijN2cQKlHE?authuser=0&hl=en&rclk=1,https://www.facebook.com/rohahoteldalat
hotel01940,Khách sạn The Luxe Hotel Đà Lạt,the luxe da lat,hotel,"17 Ba Tháng Tư, Phường Xuân Hương, Đà Lạt, Lâm Đồng",Đà Lạt,da lat,11.9301543,108.4470251,0263 3888 989 ,496658,"₫496,658",4.2,Hotel,Hotel,https://www.google.com/maps/place/Kh%C3%A1ch+s%E1%BA%A1n+The+Luxe+Hotel+%C4%90%C3%A0+L%E1%BA%A1t/data=!4m10!3m9!1s0x3171133ee8732d61:0x1877269c591c8b7e!5m2!4m1!1i2!8m2!3d11.9301543!4d108.4470251!16s%2Fg%2F11f66t9m9t!19sChIJYS1z6D4TcTERfoscWZwmdxg?authuser=0&hl=en&rclk=1,
hotel01941,Le Récit Boutique Hôtel de Dalat,le recit boutique de dalat,hotel,"117 Đường Bùi Thị Xuân, Phường 2, Đà Lạt, Lâm Đồng",Đà Lạt,da lat,11.9474226,108.4400863,0263 3638 668 ,699922,"₫699,922",4.4,Hotel,Hotel,https://www.google.com/maps/place/Le+R%C3%A9cit+Boutique+H%C3%B4tel+de+Dalat/data=!4m10!3m9!1s0x3171131180c5ce23:0x455b7e4f8b8a420c!5m2!4m1!1i2!8m2!3d11.9474226!4d108.4400863!16s%2Fg%2F11qvgfwq32!19sChIJI87FgBETcTERDEKKi09-W0U?authuser=0&hl=en&rclk=1,https://www.facebook.com/lerecitdalat
hotel01942,An Nhi Hotel,an nhi,hotel,"Đ. Trần Phú, Phường 3, Đà Lạt, Lâm Đồng 670000",Đà Lạt,da lat,11.935516,108.436311,0263 6258 686 ,353666,"₫353,666",4.5,Hotel,Hotel,https://www.google.com/maps/place/An+Nhi+Hotel/data=!4m10!3m9!1s0x317113db4c25fd01:0x2311921993120ccd!5m2!4m1!1i2!8m2!3d11.935516!4d108.436311!16s%2Fg%2F11rnvqpxtk!19sChIJAf0lTNsTcTERzQwSkxmSESM?authuser=0&hl=en&rclk=1,
hotel01943,KHÁCH SẠN NGỌC NGUYÊN ANH,ngoc nguyen anh,hotel,"103 Đường Bùi Thị Xuân, Phường 2, Đà Lạt, Lâm Đồng",Đà Lạt,da lat,11.9464735,108.4401194,0263 3821 538 ,167076,"₫167,076",4.3,Hotel,Hotel,https://www.google.com/maps/place/KH%C3%81CH+S%E1%BA%A0N+NG%E1%BB%8CC+NGUY%C3%8AN+ANH/data=!4m10!3m9!1s0x317113da2ce47b23:0xd89ba753aabac017!5m2!4m1!1i2!8m2!3d11.9464735!4d108.4401194!16s%2Fg%2F11hfx_3f_0!19sChIJI3vkLNoTcTERF8C6qlOnm9g?authuser=0&hl=en&rclk=1,
hotel01944,Golden Sun Hotel - Dalat,golden sun dalat,hotel,"Bà Huyện Thanh Quan, Phường 10, Đà Lạt, Lâm Đồng 670000",Đà Lạt,da lat,11.9380551,108.446579,0263 3939 939 ,1889479,"₫1,889,479",4.9,Hotel,Hotel,https://www.google.com/maps/place/Golden+Sun+Hotel+-+Dalat/data=!4m10!3m9!1s0x317113bf0785df1b:0xf11ee47d53c3ee4c!5m2!4m1!1i2!8m2!3d11.9380551!4d108.446579!16s%2Fg%2F11stzsdx4l!19sChIJG9-FB78TcTERTO7DU33kHvE?authuser=0&hl=en&rclk=1,http://goldensun.vn/
hotel01945,Victory Hotel,victory,hotel,"50 Phan Như Thạch, Phường 1, Đà Lạt, Lâm Đồng 630000",Đà Lạt,da lat,11.9408911,108.4334174,0263 3585 588 ,297279,"₫297,279",4.1,Hotel,Hotel,https://www.google.com/maps/place/Victory+Hotel/data=!4m10!3m9!1s0x3171132e8e5ccee3:0x3cde2b5a607b94b2!5m2!4m1!1i2!8m2!3d11.9408911!4d108.4334174!16s%2Fg%2F11dfdm8hjr!19sChIJ485cji4TcTERspR7YFor3jw?authuser=0&hl=en&rclk=1,https://www.facebook.com/EmpressDalatHotel
hotel01946,Lasol Boutique Hotel,lasol boutique,hotel,"15 Đ. Huỳnh Thúc Kháng, Phường Xuân Hương, Đà Lạt, Lâm Đồng 66115",Đà Lạt,da lat,11.9351667,108.428607,0971 840 055 ,953220,"₫953,220",4.4,Hotel,Hotel,https://www.google.com/maps/place/Lasol+Boutique+Hotel/data=!4m10!3m9!1s0x317113a25bfcc007:0xc973182cad3c0944!5m2!4m1!1i2!8m2!3d11.9351667!4d108.428607!16s%2Fg%2F11lspy_fhz!19sChIJB8D8W6ITcTERRAk8rSwYc8k?authuser=0&hl=en&rclk=1,http://www.lasolhotel.vn/
hotel01947,De Ma’at hôtel,de ma at,hotel,"33-35 Nam Kỳ Khởi Nghĩa, Phường 1, Đà Lạt, Lâm Đồng",Đà Lạt,da lat,11.9404576,108.435651,0911 944 911 ,951322,"₫951,322",4.3,Hotel,Hotel,https://www.google.com/maps/place/De+Ma%E2%80%99at+h%C3%B4tel/data=!4m10!3m9!1s0x317113f292b3d25f:0x42faa0413e4778f5!5m2!4m1!1i2!8m2!3d11.9404576!4d108.435651!16s%2Fg%2F11sqkvx37s!19sChIJX9KzkvITcTER9XhHPkGg-kI?authuser=0&hl=en&rclk=1,https://m.facebook.com/De-Maat-H%C3%B4tel-%C4%90%C3%A0-L%E1%BA%A1t-111346818123824
hotel01948,Dalat Blanc Hotel,dalat blanc,hotel,"51B Đường Trần Khánh Dư, Phường 8, Đà Lạt, Lâm Đồng 66000",Đà Lạt,da lat,11.9584158,108.4408085,0866 633 390 ,248751,"₫248,751",4.6,Hotel,Hotel,https://www.google.com/maps/place/Dalat+Blanc+Hotel/data=!4m10!3m9!1s0x317113fd6442aa5d:0xaf3e33ad1467909d!5m2!4m1!1i2!8m2!3d11.9584158!4d108.4408085!16s%2Fg%2F11t864hhx2!19sChIJXapCZP0TcTERnZBnFK0zPq8?authuser=0&hl=en&rclk=1,http://www.dalatblanc.vn/
hotel01949,Rose Valley Dalat Hotel,rose valley dalat,hotel,"34 Đ. Ngô Thì Sỹ, Phường 4, Đà Lạt, Lâm Đồng",Đà Lạt,da lat,11.9312922,108.4253254,0868 507 968 ,244174,"₫244,174",4.4,Hotel,Hotel,https://www.google.com/maps/place/Rose+Valley+Dalat+Hotel/data=!4m10!3m9!1s0x31716ccbc0416005:0x2101ae357ee666a8!5m2!4m1!1i2!8m2!3d11.9312922!4d108.4253254!16s%2Fg%2F11f66h601b!19sChIJBWBBwMtscTERqGbmfjWuASE?authuser=0&hl=en&rclk=1,http://rosevalleydalat.com/
hotel01950,Nacasoo Hill,nacasoo hill,hotel,"Thôn 2, Lâm Hà District, Lam Dong 670000",Lam Dong,lam dong,11.8737145,108.3341485,0902 539 956 ,1474850,"₫1,474,850",5.0,Hotel,Hotel,https://www.google.com/maps/place/Nacasoo+Hill/data=!4m10!3m9!1s0x31716b9d95090f33:0xad7c038fdd4d0026!5m2!4m1!1i2!8m2!3d11.8737145!4d108.3341485!16s%2Fg%2F11sdsgfq4x!19sChIJMw8JlZ1rcTERJgBN3Y8DfK0?authuser=0&hl=en&rclk=1,
hotel01951,Ami Boutique Hotel Dalat,ami boutique dalat,hotel,"17 Đ. Huỳnh Thúc Kháng, Phường 4, Đà Lạt, Lâm Đồng 66000",Đà Lạt,da lat,11.9351106,108.4283338,0902 788 589 ,219604,"₫219,604",4.3,Hotel,Hotel,https://www.google.com/maps/place/Ami+Boutique+Hotel+Dalat/data=!4m10!3m9!1s0x317113f37cde0c95:0x51d8f3386cbf449e!5m2!4m1!1i2!8m2!3d11.9351106!4d108.4283338!16s%2Fg%2F11rqkljnth!19sChIJlQzefPMTcTERnkS_bDjz2FE?authuser=0&hl=en&rclk=1,https://bookhotel.kiotviet.vn/amiboutiquehotel
hotel01952,Win Hotel Đà Lạt,win da lat,hotel,"16, Phan Bội Châu/ngã 3 Đ. Lê Thị Hồng Gấm, Phường 1, Đà Lạt, Lâm Đồng 67000",Đà Lạt,da lat,11.9433378,108.4389524,0762 373 839 ,600000,"₫600,000",4.5,Hotel,Hotel,https://www.google.com/maps/place/Win+Hotel+%C4%90%C3%A0+L%E1%BA%A1t/data=!4m10!3m9!1s0x3171130aca5b0fb5:0x53b2966363570762!5m2!4m1!1i2!8m2!3d11.9433378!4d108.4389524!16s%2Fg%2F11h4v7yqb6!19sChIJtQ9bygoTcTERYgdXY2OWslM?authuser=0&hl=en&rclk=1,https://www.facebook.com/WinHotel.DaLat/
hotel01953,Marguerite Hotel,marguerite,hotel,"30-32 Đ. Nguyễn Chí Thanh, Phường 1, Đà Lạt, Lâm Đồng",Đà Lạt,da lat,11.9412421,108.4364376,0263 3822 758 ,449376,"₫449,376",3.6,Hotel,Hotel,https://www.google.com/maps/place/Marguerite+Hotel/data=!4m10!3m9!1s0x3171132f001dda8b:0xd738df8af9d5a26c!5m2!4m1!1i2!8m2!3d11.9412421!4d108.4364376!16s%2Fg%2F1ptzy_6x0!19sChIJi9odAC8TcTERbKLV-YrfONc?authuser=0&hl=en&rclk=1,http://khachsanmarguerite.com/
hotel01954,LE MARAIS DA LAT,le marais da lat,island,"49/7 Đ. Phạm Hồng Thái, Phường 10, Đà Lạt, Lâm Đồng",Đà Lạt,da lat,11.9421871,108.4585661,,403298,"₫403,298",4.1,Hotel,Hotel,https://www.google.com/maps/place/LE+MARAIS+DA+LAT/data=!4m10!3m9!1s0x3171131973db32bf:0x48654df35a5b8339!5m2!4m1!1i2!8m2!3d11.9421871!4d108.4585661!16s%2Fg%2F11txpgdlvk!19sChIJvzLbcxkTcTEROYNbWvNNZUg?authuser=0&hl=en&rclk=1,
hotel01955,Scent Village,scent ge,hotel,"Scent Village, Đ. Hoa Hồng, Phường 4, Đà Lạt, Lâm Đồng 66000",Đà Lạt,da lat,11.8965968,108.4105078,0367 855 395 ,199653,"₫199,653",4.5,Villa,Hotel,https://www.google.com/maps/place/Scent+Village/data=!4m10!3m9!1s0x31716b2244f22423:0x9a9a551471dd9bdd!5m2!4m1!1i2!8m2!3d11.8965968!4d108.4105078!16s%2Fg%2F11vjhq41h3!19sChIJIyTyRCJrcTER3ZvdcRRVmpo?authuser=0&hl=en&rclk=1,https://scentvillages.com/
hotel01956,Centro Hotel,centro,hotel,"103 Phan Bội Châu, Phường 2, Đà Lạt, Lâm Đồng",Đà Lạt,da lat,11.9438039,108.4387119,0938 000 002 ,239667,"₫239,667",3.9,Hotel,Hotel,https://www.google.com/maps/place/Centro+Hotel/data=!4m10!3m9!1s0x317113c484fcf1ab:0x86fd721a81005512!5m2!4m1!1i2!8m2!3d11.9438039!4d108.4387119!16s%2Fg%2F11t7wy2w5s!19sChIJq_H8hMQTcTERElUAgRpy_YY?authuser=0&hl=en&rclk=1,https://dalatcentro.com/
hotel01957,QA Hotel Chợ Dalat- City Centre,qa cho dalat city centre,hotel,"38 Đ. Nguyễn Chí Thanh, Phường 1, Đà Lạt, Lâm Đồng",Đà Lạt,da lat,11.9410828,108.4365311,0263 3819 108 ,333334,"₫333,334",3.9,Hotel,Hotel,https://www.google.com/maps/place/QA+Hotel+Ch%E1%BB%A3+Dalat-+City+Centre/data=!4m10!3m9!1s0x3171132f0056f33b:0x8eb065dc530fe134!5m2!4m1!1i2!8m2!3d11.9410828!4d108.4365311!16s%2Fg%2F1hc16b_10!19sChIJO_NWAC8TcTERNOEPU9xlsI4?authuser=0&hl=en&rclk=1,http://facebook.com/qahoteldalat
hotel01958,Skyhouse Hotel,skyhouse,hotel,"65 Nguyễn Thị Nghĩa, Phường 2, Đà Lạt, Lâm Đồng",Đà Lạt,da lat,11.9492255,108.4394526,0263 3602 222 ,189591,"₫189,591",4.3,Hotel,Hotel,https://www.google.com/maps/place/Skyhouse+Hotel/data=!4m10!3m9!1s0x31711335f48713d5:0xc0e6a74cb01e08cf!5m2!4m1!1i2!8m2!3d11.9492255!4d108.4394526!16s%2Fg%2F11h0565ff4!19sChIJ1ROH9DUTcTERzwgesEyn5sA?authuser=0&hl=en&rclk=1,
hotel01959,Khách sạn Mai Hoàng - Đà Lạt,mai hoang da lat,hotel,"42A Đường Hà Huy Tập, Phường 3, Đà Lạt, Lâm Đồng 670000",Đà Lạt,da lat,11.9350943,108.4408113,0931 234 848 ,194402,"₫194,402",4.1,Hotel,Hotel,https://www.google.com/maps/place/Kh%C3%A1ch+s%E1%BA%A1n+Mai+Ho%C3%A0ng+-+%C4%90%C3%A0+L%E1%BA%A1t/data=!4m10!3m9!1s0x3171133a60f54ccd:0x62ad9b4dc42f1fee!5m2!4m1!1i2!8m2!3d11.9350943!4d108.4408113!16s%2Fg%2F11f4wtrjq_!19sChIJzUz1YDoTcTER7h8vxE2brWI?authuser=0&hl=en&rclk=1,
hotel01960,Thanh Thanh Hotel,thanh thanh,hotel,"70b Ba Tháng Hai, Phường 1, Đà Lạt, Lâm Đồng 67000",Đà Lạt,da lat,11.9422568,108.4340163,0773 511 789 ,170856,"₫170,856",4.0,Hotel,Hotel,https://www.google.com/maps/place/Thanh+Thanh+Hotel/data=!4m10!3m9!1s0x3171132e9a288f43:0x6a53066551561807!5m2!4m1!1i2!8m2!3d11.9422568!4d108.4340163!16s%2Fg%2F11gg_wtfmn!19sChIJQ48omi4TcTERBxhWUWUGU2o?authuser=0&hl=en&rclk=1,https://www.facebook.com/ThanhThanhDaLat
hotel01961,Myrtle Hotel,myrtle,hotel,"32 Đường An Bình, Phường 3, Đà Lạt, Lâm Đồng",Đà Lạt,da lat,11.9282788,108.4373828,0911 110 606 ,167740,"₫167,740",4.6,Hotel,Hotel,https://www.google.com/maps/place/Myrtle+Hotel/data=!4m10!3m9!1s0x3171131c426b1e01:0x1af4248896e98ba2!5m2!4m1!1i2!8m2!3d11.9282788!4d108.4373828!16s%2Fg%2F11h6m5d_2h!19sChIJAR5rQhwTcTERoovplogk9Bo?authuser=0&hl=en&rclk=1,
hotel01962,Khách Sạn Tường Vy Dalat Central,tuong vy dalat central,hotel,"46 Phan Như Thạch, Phường 1, Đà Lạt, Lâm Đồng 66110",Đà Lạt,da lat,11.9411115,108.4335289,0909 605 563 ,207626,"₫207,626",4.5,Hotel,Hotel,https://www.google.com/maps/place/Kh%C3%A1ch+S%E1%BA%A1n+T%C6%B0%E1%BB%9Dng+Vy+Dalat+Central/data=!4m10!3m9!1s0x317113c6b041b671:0xadf52642945385e4!5m2!4m1!1i2!8m2!3d11.9411115!4d108.4335289!16s%2Fg%2F11tchl4qhx!19sChIJcbZBsMYTcTER5IVTlEIm9a0?authuser=0&hl=en&rclk=1,https://www.facebook.com/TuongVyDalatCentral/
hotel01963,Khách sạn My Lan Đà Lạt,my lan da lat,hotel,"Khu Qui Hoạch/01 Đường Trần Lê, Phường 4, Đà Lạt, Lâm Đồng 66115",Đà Lạt,da lat,11.9388303,108.4266815,0779 586 528 ,198686,"₫198,686",4.9,Hotel,Hotel,https://www.google.com/maps/place/Kh%C3%A1ch+s%E1%BA%A1n+My+Lan+%C4%90%C3%A0+L%E1%BA%A1t/data=!4m10!3m9!1s0x31716d5979decf01:0xfc957fafb00bc435!5m2!4m1!1i2!8m2!3d11.9388303!4d108.4266815!16s%2Fg%2F11fjzw5vwk!19sChIJAc_eeVltcTERNcQLsK9_lfw?authuser=0&hl=en&rclk=1,
hotel01964,Hoang Thang Hotel,hoang thang,hotel,"03 Đ. Mai Hắc Đế, Phường 6, Đà Lạt, Lâm Đồng 700000",Đà Lạt,da lat,11.9464431,108.4291554,0966 269 339 ,197551,"₫197,551",4.2,Hotel,Hotel,https://www.google.com/maps/place/Hoang+Thang+Hotel/data=!4m10!3m9!1s0x3171132ae4c5e2e7:0xc83ebfd3a703950b!5m2!4m1!1i2!8m2!3d11.9464431!4d108.4291554!16s%2Fg%2F1hc3vfdv3!19sChIJ5-LF5CoTcTERC5UDp9O_Psg?authuser=0&hl=en&rclk=1,
hotel01965,TTR Joy Apart Hotel,ttr joy apart,hotel,"2 Đường Khởi Nghĩa Bắc Sơn, Phường 10, Đà Lạt, Lâm Đồng",Đà Lạt,da lat,11.9342676,108.447391,0763 613 939 ,247025,"₫247,025",4.5,Hotel,Hotel,https://www.google.com/maps/place/TTR+Joy+Apart+Hotel/data=!4m10!3m9!1s0x317113e16f6776e5:0xed3683db3206f8e4!5m2!4m1!1i2!8m2!3d11.9342676!4d108.447391!16s%2Fg%2F11g0jcmjwg!19sChIJ5XZnb-ETcTER5PgGMtuDNu0?authuser=0&hl=en&rclk=1,http://www.facebook.com/joyvilladalat
hotel01966,Khách Sạn Đạt Thiên An,dat thien an,hotel,"202/23 Phan Đình Phùng, Phường 2, Đà Lạt, Lâm Đồng",Đà Lạt,da lat,11.9489053,108.4362401,0263 3969 777 ,149817,"₫149,817",3.8,Hotel,Hotel,https://www.google.com/maps/place/Kh%C3%A1ch+S%E1%BA%A1n+%C4%90%E1%BA%A1t+Thi%C3%AAn+An/data=!4m10!3m9!1s0x31711329d3429209:0x9ab35d4c14447fc4!5m2!4m1!1i2!8m2!3d11.9489053!4d108.4362401!16s%2Fg%2F11f4mbbwr0!19sChIJCZJC0ykTcTERxH9EFExds5o?authuser=0&hl=en&rclk=1,
hotel01967,HẠ NA Hotel Đà Lạt,ha na da lat,hotel,"Hẻm 163 Ba Tháng Hai, Phường 1, Đà Lạt, Lâm Đồng 670000",Đà Lạt,da lat,11.9396544,108.4315106,0325 336 279 ,236025,"₫236,025",4.3,Hotel,Hotel,https://www.google.com/maps/place/H%E1%BA%A0+NA+Hotel+%C4%90%C3%A0+L%E1%BA%A1t/data=!4m10!3m9!1s0x317113a7152d3643:0x110174c87619595c!5m2!4m1!1i2!8m2!3d11.9396544!4d108.4315106!16s%2Fg%2F11jp11nc4l!19sChIJQzYtFacTcTERXFkZdsh0ARE?authuser=0&hl=en&rclk=1,https://www.facebook.com/hanahoteldalat
hotel01968,Dalat Sky Hostel,dalat sky,homestay,"27 Đường Võ Thị Sáu, Phường 2, Đà Lạt, Lâm Đồng",Đà Lạt,da lat,11.9492742,108.4385441,0908 071 396 ,240588,"₫240,588",4.4,Hostel,Hotel,https://www.google.com/maps/place/Dalat+Sky+Hostel/data=!4m10!3m9!1s0x3171132817545adb:0xac0a3962cbd1abf2!5m2!4m1!1i2!8m2!3d11.9492742!4d108.4385441!16s%2Fg%2F11bvv4zj_t!19sChIJ21pUFygTcTER8qvRy2I5Cqw?authuser=0&hl=en&rclk=1,
hotel01969,TTR Vincent Hotel,ttr vincent,hotel,"26 Đường Trần Lê, Phường 4, Đà Lạt, Lâm Đồng 670000",Đà Lạt,da lat,11.9365204,108.426944,0762 699 997 ,170079,"₫170,079",4.2,Hotel,Hotel,https://www.google.com/maps/place/TTR+Vincent+Hotel/data=!4m10!3m9!1s0x31716de6e406125d:0xacb5f98ca778103!5m2!4m1!1i2!8m2!3d11.9365204!4d108.426944!16s%2Fg%2F11k4_76jbd!19sChIJXRIG5OZtcTERA4F3yphfywo?authuser=0&hl=en&rclk=1,http://www.facebook.com/TTRHillsideHotel
hotel01970,Lilac Hotel,lilac,hotel,"127 Yersin, Phường 9, Đà Lạt, Lâm Đồng 66000",Đà Lạt,da lat,11.9499384,108.4558828,0353 757 575 ,350000,"₫350,000",4.5,Hotel,Hotel,https://www.google.com/maps/place/Lilac+Hotel/data=!4m10!3m9!1s0x31711398212ce1db:0xe18df2712a08f8ec!5m2!4m1!1i2!8m2!3d11.9499384!4d108.4558828!16s%2Fg%2F11ncfmv5f7!19sChIJ2-EsIZgTcTER7PgIKnHyjeE?authuser=0&hl=en&rclk=1,
hotel01971,Red House Hotel,red house,hotel,"11 Đường Lương Thế Vinh, Phường 3, Đà Lạt, Lâm Đồng 670000",Đà Lạt,da lat,11.9331968,108.4429631,0989 938 697 ,242694,"₫242,694",4.4,Hotel,Hotel,https://www.google.com/maps/place/Red+House+Hotel/data=!4m10!3m9!1s0x3171133bcfcee95d:0xbce087c6347529c7!5m2!4m1!1i2!8m2!3d11.9331968!4d108.4429631!16s%2Fg%2F11fxwbr36d!19sChIJXenOzzsTcTERxyl1NMaH4Lw?authuser=0&hl=en&rclk=1,
hotel01972,Khách sạn Amia Đà Lạt Hotel,amia da lat,hotel,"66 Đ. Hùng Vương, Phường 9, Đà Lạt, Lâm Đồng",Đà Lạt,da lat,11.9494169,108.4720424,0836 136 599 ,475000,"₫475,000",4.5,Hotel,Hotel,https://www.google.com/maps/place/Kh%C3%A1ch+s%E1%BA%A1n+Amia+%C4%90%C3%A0+L%E1%BA%A1t+Hotel/data=!4m10!3m9!1s0x317112fdba36ebdf:0x2068112188961bdd!5m2!4m1!1i2!8m2!3d11.9494169!4d108.4720424!16s%2Fg%2F11f__794q5!19sChIJ3-s2uv0ScTER3RuWiCERaCA?authuser=0&hl=en&rclk=1,
hotel01973,LE ROYAL HOTEL,le royal,hotel,"54 Thống Nhất, Liên Nghĩa, Đức Trọng, Lâm Đồng 673430",Lâm Đồng,lam dong,11.7307471,108.3754469,0911 317 327 ,515000,"₫515,000",4.0,Hotel,Hotel,https://www.google.com/maps/place/LE+ROYAL+HOTEL/data=!4m10!3m9!1s0x31714759a6f0a231:0x2d73380083b5c7fd!5m2!4m1!1i2!8m2!3d11.7307471!4d108.3754469!16s%2Fg%2F11szq1rvzv!19sChIJMaLwpllHcTER_ce1gwA4cy0?authuser=0&hl=en&rclk=1,
hotel01974,Hotel Hoa Đăng,hoa dang,hotel,"48/1 Đường Hà Huy Tập, Phường 3, Đà Lạt, Lâm Đồng",Đà Lạt,da lat,11.934431,108.4403878,0707 122 268 ,277778,"₫277,778",3.4,Hotel,Hotel,https://www.google.com/maps/place/Hotel+Hoa+%C4%90%C4%83ng/data=!4m10!3m9!1s0x317113a0e3925765:0x5b72df87a7e682ec!5m2!4m1!1i2!8m2!3d11.934431!4d108.4403878!16s%2Fg%2F11t_j3gcyl!19sChIJZVeS46ATcTER7ILmp4ffcls?authuser=0&hl=en&rclk=1,
hotel01975,PINUS Hotel,pinus,hotel,"15 Phan Như Thạch, Phường 1, Đà Lạt, Lâm Đồng",Đà Lạt,da lat,11.9411124,108.4354903,0918 855 488 ,249866,"₫249,866",4.3,Hotel,Hotel,https://www.google.com/maps/place/PINUS+Hotel/data=!4m10!3m9!1s0x31711358dc06e89d:0xd8dceaeb43d82c09!5m2!4m1!1i2!8m2!3d11.9411124!4d108.4354903!16s%2Fg%2F11fctc3p4y!19sChIJnegG3FgTcTERCSzYQ-vq3Ng?authuser=0&hl=en&rclk=1,
hotel01976,Sunset Hill Hotel,sunset hill,hotel,"5/24 Nguyễn Hữu Cảnh, Phường Lâm Viên, Đà Lạt, Lâm Đồng 66000",Đà Lạt,da lat,11.9664624,108.4407022,0867 247 268 ,334557,"₫334,557",4.8,Hotel,Hotel,https://www.google.com/maps/place/Sunset+Hill+Hotel/data=!4m10!3m9!1s0x3171132ca9580f79:0x79129eb76d88126e!5m2!4m1!1i2!8m2!3d11.9664624!4d108.4407022!16s%2Fg%2F11kpt5mwtn!19sChIJeQ9YqSwTcTERbhKIbbeeEnk?authuser=0&hl=en&rclk=1,https://www.facebook.com/sunsethillhotel.dalat
hotel01977,Dreams Hotel,dreams,hotel,"138A-140 Phan Đình Phùng, Phường 2, Đà Lạt, Lâm Đồng",Đà Lạt,da lat,11.9469296,108.4355908,0919 179 698 ,260100,"₫260,100",4.3,Hotel,Hotel,https://www.google.com/maps/place/Dreams+Hotel/data=!4m10!3m9!1s0x31711329a38f7f51:0x987da5525ba2a361!5m2!4m1!1i2!8m2!3d11.9469296!4d108.4355908!16s%2Fg%2F1td_84pr!19sChIJUX-PoykTcTERYaOiW1KlfZg?authuser=0&hl=en&rclk=1,
hotel01978,NIA Hotel,nia,hotel,"43 Trần Bình Trọng, Phường 5, Đà Lạt, Lâm Đồng 660000",Đà Lạt,da lat,11.9435804,108.4260586,0263 3949 496 ,1579956,"₫1,579,956",4.9,Hotel,Hotel,https://www.google.com/maps/place/NIA+Hotel/data=!4m10!3m9!1s0x31716dc0c223a61b:0xf09e3c684fddab17!5m2!4m1!1i2!8m2!3d11.9435804!4d108.4260586!16s%2Fg%2F11lc_pf4hq!19sChIJG6YjwsBtcTERF6vdT2g8nvA?authuser=0&hl=en&rclk=1,
hotel01979,Bidv Hotel,bidv,hotel,"35 Đường Bà Triệu, Phường 3, Đà Lạt, Lâm Đồng",Đà Lạt,da lat,11.9368505,108.4337737,0263 6558 999 ,274718,"₫274,718",4.2,Hotel,Hotel,https://www.google.com/maps/place/Bidv+Hotel/data=!4m10!3m9!1s0x31711332280e987d:0x9b15cefe5e1aa20!5m2!4m1!1i2!8m2!3d11.9368505!4d108.4337737!16s%2Fg%2F12hpb8vkg!19sChIJfZgOKDITcTERIKrh5e9csQk?authuser=0&hl=en&rclk=1,https://www.facebook.com/profile.php?id=100088580406903&mibextid=LQQJ4d
hotel01980,Q Dalat Hotel - Celine Express,q dalat celine express,hotel,"386 Đường Hai Bà Trưng, Phường 6, Đà Lạt, Lâm Đồng 670000",Đà Lạt,da lat,11.9547669,108.4303448,0779 601 010 ,250000,"₫250,000",4.9,Hotel,Hotel,https://www.google.com/maps/place/Q+Dalat+Hotel+-+Celine+Express/data=!4m10!3m9!1s0x317113553c1270e3:0x61928f133ba10bc9!5m2!4m1!1i2!8m2!3d11.9547669!4d108.4303448!16s%2Fg%2F11xvdhkcz1!19sChIJ43ASPFUTcTERyQuhOxOPkmE?authuser=0&hl=en&rclk=1,
hotel01981,THANH THUY hotel,thanh thuy,hotel,"83 Đường Hà Huy Tập, Phường 3, Đà Lạt, Lâm Đồng",Đà Lạt,da lat,11.9327497,108.4415043,0888 496 767 ,169770,"₫169,770",4.4,Hotel,Hotel,https://www.google.com/maps/place/THANH+THUY+hotel/data=!4m10!3m9!1s0x3171133a26e09529:0x762ca251853e6dac!5m2!4m1!1i2!8m2!3d11.9327497!4d108.4415043!16s%2Fg%2F11fktzkb9f!19sChIJKZXgJjoTcTERrG0-hVGiLHY?authuser=0&hl=en&rclk=1,http://goingay.com/
hotel01982,Gia An - hotel in Dalat,gia an in dalat,hotel,"144b Vòng Lâm Viên, Phường 8, Đà Lạt, Lâm Đồng",Đà Lạt,da lat,11.9803167,108.4569293,0964 636 968 ,515921,"₫515,921",4.4,Hotel,Hotel,https://www.google.com/maps/place/Gia+An+-+hotel+in+Dalat/data=!4m10!3m9!1s0x317112975821c429:0x50820e92ee03491d!5m2!4m1!1i2!8m2!3d11.9803167!4d108.4569293!16s%2Fg%2F11pdm6wsb1!19sChIJKcQhWJcScTERHUkD7pIOglA?authuser=0&hl=en&rclk=1,
hotel01983,Mountain Town Hotel,mountain town,hotel,"46 Đ. Nguyễn Chí Thanh, Phường 1, Đà Lạt, Lâm Đồng",Đà Lạt,da lat,11.9403145,108.4363762,,684000,"₫684,000",3.7,Hotel,Hotel,https://www.google.com/maps/place/Mountain+Town+Hotel/data=!4m10!3m9!1s0x3171132fb2da3b97:0xddacfd169ba82fd6!5m2!4m1!1i2!8m2!3d11.9403145!4d108.4363762!16s%2Fg%2F11btmqf01_!19sChIJlzvasi8TcTER1i-omxb9rN0?authuser=0&hl=en&rclk=1,https://mountain-town.bedsandhotels.com/
hotel01984,HƯƠNG ANH,huong anh,hotel,"52 Đường Mê Linh, Phường 9, Đà Lạt, Lâm Đồng",Đà Lạt,da lat,11.9611743,108.4713242,0899 996 831 ,145924,"₫145,924",4.4,Hotel,Hotel,https://www.google.com/maps/place/H%C6%AF%C6%A0NG+ANH/data=!4m10!3m9!1s0x317112f9816c4b87:0xfa1d0d319567c7af!5m2!4m1!1i2!8m2!3d11.9611743!4d108.4713242!16s%2Fg%2F11hzxy_9sb!19sChIJh0tsgfkScTERr8dnlTENHfo?authuser=0&hl=en&rclk=1,https://www.facebook.com/profile.php?id=61555569421849
hotel01985,Nice Dream Hotel,nice dream,hotel,"01 Đường Nguyễn Thị Minh Khai, Phường 1, Đà Lạt, Lâm Đồng 670000",Đà Lạt,da lat,11.9422212,108.4366549,0263 3822 543 ,652173,"₫652,173",4.0,Hotel,Hotel,https://www.google.com/maps/place/Nice+Dream+Hotel/data=!4m10!3m9!1s0x3171132f225f2529:0x201039591bac58c6!5m2!4m1!1i2!8m2!3d11.9422212!4d108.4366549!16s%2Fg%2F1tt1q5h9!19sChIJKSVfIi8TcTERxlisG1k5ECA?authuser=0&hl=en&rclk=1,http://nicedream.vn/
hotel01986,Shin Village Hotel,shin ge,hotel,"Hẻm Hoàng Hoa Thám, Phường 10, Đà Lạt, Lâm Đồng",Đà Lạt,da lat,11.9270801,108.4655235,0888 152 154 ,233959,"₫233,959",4.2,Villa,Hotel,https://www.google.com/maps/place/Shin+Village+Hotel/data=!4m10!3m9!1s0x317113c13516bb39:0x26694da3574d6f76!5m2!4m1!1i2!8m2!3d11.9270801!4d108.4655235!16s%2Fg%2F11px9lpb4l!19sChIJObsWNcETcTERdm9NV6NNaSY?authuser=0&hl=en&rclk=1,https://www.facebook.com/ShinVillage.Hotel
hotel01987,Belle Amour Hotel,belle amour,hotel,"23/3 Đ Phạm Ngũ Lão, Phường 2, ward 3, Lâm Đồng 670000",Lâm Đồng,lam dong,11.9376508,108.4351895,0395 589 887 ,265801,"₫265,801",4.5,Hotel,Hotel,https://www.google.com/maps/place/Belle+Amour+Hotel/data=!4m10!3m9!1s0x31711331da394bf1:0xbe419fc9623aaa38!5m2!4m1!1i2!8m2!3d11.9376508!4d108.4351895!16s%2Fg%2F11gghdn5wn!19sChIJ8Us52jETcTEROKo6YsmfQb4?authuser=0&hl=en&rclk=1,
hotel01988,In Real Life - Villa Hotel,in real life,hotel,"31A Đ. Hùng Vương, Phường 10, Đà Lạt, Lâm Đồng 660000",Đà Lạt,da lat,11.9454893,108.463579,0357 221 266 ,255843,"₫255,843",4.9,Villa,Hotel,https://www.google.com/maps/place/In+Real+Life+-+Villa+Hotel/data=!4m10!3m9!1s0x31711379dda1d1f5:0xcd6d317b2d3b653b!5m2!4m1!1i2!8m2!3d11.9454893!4d108.463579!16s%2Fg%2F11tk8_071r!19sChIJ9dGh3XkTcTERO2U7LXsxbc0?authuser=0&hl=en&rclk=1,https://www.facebook.com/FocusiaInRealLife
hotel01989,Cherry House Dalat,cherry use dalat,lake,"31 Hẻm 31Nguyễn Công Trứ, Phường 8, Đà Lạt, Lâm Đồng 67000",Đà Lạt,da lat,11.9544656,108.440021,0838 336 279 ,188535,"₫188,535",4.8,Hotel,Hotel,https://www.google.com/maps/place/Cherry+House+Dalat/data=!4m10!3m9!1s0x317112da16bbc24f:0x1cf76b820e724caf!5m2!4m1!1i2!8m2!3d11.9544656!4d108.440021!16s%2Fg%2F11fn22myyj!19sChIJT8K7FtoScTERr0xyDoJr9xw?authuser=0&hl=en&rclk=1,https://www.facebook.com/cherryhousedl
hotel01990,Be U Hotel,be u,hotel,"112 Đường Lý Tự Trọng, Phường 1, Đà Lạt, Lâm Đồng 66000",Đà Lạt,da lat,11.9477545,108.4385699,0835 135 789 ,229989,"₫229,989",4.0,Hotel,Hotel,https://www.google.com/maps/place/Be+U+Hotel/data=!4m10!3m9!1s0x317113d607b0a577:0x8edeee052f785e19!5m2!4m1!1i2!8m2!3d11.9477545!4d108.4385699!16s%2Fg%2F11sn3y1fkb!19sChIJd6WwB9YTcTERGV54LwXu3o4?authuser=0&hl=en&rclk=1,
hotel01991,"Gia Khanh Hotel, Da Lat",gia khanh da lat,hotel,"8/4, Đ. Đào Duy Từ, Phường 4, Đà Lạt, Lâm Đồng",Đà Lạt,da lat,11.9349487,108.4334885,0263 3981 234 ,222632,"₫222,632",4.4,Hotel,Hotel,"https://www.google.com/maps/place/Gia+Khanh+Hotel,+Da+Lat/data=!4m10!3m9!1s0x31711333d87fb647:0x4240d0f6202aa238!5m2!4m1!1i2!8m2!3d11.9349487!4d108.4334885!16s%2Fg%2F11d_8ds_cp!19sChIJR7Z_2DMTcTEROKIqIPbQQEI?authuser=0&hl=en&rclk=1",https://giakhanhhotel.vietnam-hotel.top/
hotel01992,Khách sạn Vespa,vespa,hotel,"82/15 Nguyễn Thị Nghĩa, Phường 2, Đà Lạt, Lâm Đồng",Đà Lạt,da lat,11.949964,108.4401811,0965 988 769 ,257731,"₫257,731",4.9,Hotel,Hotel,https://www.google.com/maps/place/Kh%C3%A1ch+s%E1%BA%A1n+Vespa/data=!4m10!3m9!1s0x31711367ca68dcc9:0xfc94032a20abcfcf!5m2!4m1!1i2!8m2!3d11.949964!4d108.4401811!16s%2Fg%2F11j2cc_n3x!19sChIJydxoymcTcTERz8-rICoDlPw?authuser=0&hl=en&rclk=1,
hotel01993,Dalat Paradise Hotel,dalat paradise,hotel,"Số 28 Đường Bà Triệu, Phường 3, Đà Lạt, Lâm Đồng",Đà Lạt,da lat,11.9374764,108.4336644,0263 3555 568 ,470383,"₫470,383",4.1,Hotel,Hotel,https://www.google.com/maps/place/Dalat+Paradise+Hotel/data=!4m10!3m9!1s0x317113877eef07cb:0x4a224953081fa29b!5m2!4m1!1i2!8m2!3d11.9374764!4d108.4336644!16s%2Fg%2F11lkfyqgn5!19sChIJywfvfocTcTERm6IfCFNJIko?authuser=0&hl=en&rclk=1,http://dalatparadisehotel.com/
hotel01994,Guava Hill Boutique Hotel,guava hill boutique,hotel,"54 Đ. Nguyễn Đình Chiểu, Phường 9, Đà Lạt, Lâm Đồng",Đà Lạt,da lat,11.9505369,108.4603266,0889 522 768 ,505728,"₫505,728",4.6,Hotel,Hotel,https://www.google.com/maps/place/Guava+Hill+Boutique+Hotel/data=!4m10!3m9!1s0x31711352ee16e391:0x83c06f7d2907449b!5m2!4m1!1i2!8m2!3d11.9505369!4d108.4603266!16s%2Fg%2F11j4hr_h_j!19sChIJkeMW7lITcTERm0QHKX1vwIM?authuser=0&hl=en&rclk=1,https://guavahillhotel.vn/
hotel01995,Nature Hotel,nature,hotel,"52 Đường Lương Thế Vinh, Phường 3, Đà Lạt, Lâm Đồng 670000",Đà Lạt,da lat,11.9322043,108.4422776,0816 525 626 ,307447,"₫307,447",4.6,Hotel,Hotel,https://www.google.com/maps/place/Nature+Hotel/data=!4m10!3m9!1s0x317113cf6f9faf91:0x10fb90ebb286f100!5m2!4m1!1i2!8m2!3d11.9322043!4d108.4422776!16s%2Fg%2F11tdnhx42s!19sChIJka-fb88TcTERAPGGsuuQ-xA?authuser=0&hl=en&rclk=1,http://naturehotel.vn/
hotel01996,Khách Sạn OLAGI 2,olagi 2,hotel,"34 D. Sương Nguyệt Anh, Phường 9, Đà Lạt, Lâm Đồng 670000",Đà Lạt,da lat,11.9512858,108.4563497,0384 192 921 ,169582,"₫169,582",4.7,Hotel,Hotel,https://www.google.com/maps/place/Kha%CC%81ch+Sa%CC%A3n+OLAGI+2/data=!4m10!3m9!1s0x3171134a32c09109:0x2298a329c2ccc6f4!5m2!4m1!1i2!8m2!3d11.9512858!4d108.4563497!16s%2Fg%2F11y3hqvb1n!19sChIJCZHAMkoTcTER9MbMwimjmCI?authuser=0&hl=en&rclk=1,https://www.booking.com/hotel/vn/olagi-dalat.vi.html?aid=2311236&label=vi-vn-booking-desktop-ztDRHDT0cyr%2Allk1cdAHaQS652796014482%3Apl%3Ata%3Ap1%3Ap2%3Aac%3Aap%3Aneg%3Afi%3Atikwd-65526620%3Alp9040367%3Ali%3Adec%3Adm&sid=8c1948bceefad255f572a2533a66b023&dest_id=11702678&dest_type=hotel&dist=0&group_adults=2&group_children=0&hapos=1&hpos=1&no_rooms=1&req_adults=2&req_children=0&room1=A%2CA&sb_price_type=total&sr_order=popularity&srepoch=1739436912&srpvid=921f3eb3bc7b0049&type=total&ucfs=1&
hotel01997,Seven A Hotel,seven a,hotel,"78 Đường Nguyễn Lương Bằng, Phường 2, Đà Lạt, Lâm Đồng 670000",Đà Lạt,da lat,11.9536086,108.4365525,0862 010 620 ,261535,"₫261,535",4.5,Hotel,Hotel,https://www.google.com/maps/place/Seven+A+Hotel/data=!4m10!3m9!1s0x317113672c24437b:0x876b6605b0e53f37!5m2!4m1!1i2!8m2!3d11.9536086!4d108.4365525!16s%2Fg%2F11fl9yhnz7!19sChIJe0MkLGcTcTERNz_lsAVma4c?authuser=0&hl=en&rclk=1,
hotel01998,Moonstone Hotel Dalat,moonstone dalat,hotel,"86 Đường Lý Tự Trọng, Phường 2, Đà Lạt, Lâm Đồng",Đà Lạt,da lat,11.9459918,108.438666,0763 763 939 ,265857,"₫265,857",4.2,Hotel,Hotel,https://www.google.com/maps/place/Moonstone+Hotel+Dalat/data=!4m10!3m9!1s0x317113288bb29ad3:0x45779f4da46af56d!5m2!4m1!1i2!8m2!3d11.9459918!4d108.438666!16s%2Fg%2F11h1dsl804!19sChIJ05qyiygTcTERbfVqpE2fd0U?authuser=0&hl=en&rclk=1,
hotel01999,Annata Beach Hotel,annata beach,hotel,"165 Thùy Vân, Phường Thắng Tam, Vũng Tàu, Bà Rịa - Vũng Tàu 790000",Bà Rịa - Vũng Tàu,ba ria vung tau,10.348904,107.097955,0254 7303 839 ,412155,"₫412,155",4.1,Hotel,Hotel,https://www.google.com/maps/place/Annata+Beach+Hotel/data=!4m10!3m9!1s0x31756fe3d235a77b:0x28f6e8aceed2aaa3!5m2!4m1!1i2!8m2!3d10.348904!4d107.097955!16s%2Fg%2F11h75pmkcp!19sChIJe6c10uNvdTERo6rS7qzo9ig?authuser=0&hl=en&rclk=1,
hotel02000,Phu My Harbour Hotel,phu my harbour,hotel,"1 Nguyễn Văn Linh, TT. Phú Mỹ, Tân Thành, Bà Rịa - Vũng Tàu 79000",Bà Rịa - Vũng Tàu,ba ria vung tau,10.599871,107.053944,0254 6266 266 ,1494467,"₫1,494,467",4.0,Hotel,Hotel,https://www.google.com/maps/place/Phu+My+Harbour+Hotel/data=!4m10!3m9!1s0x31751181e02aaa49:0x8fbc61c6acfac4e4!5m2!4m1!1i2!8m2!3d10.599871!4d107.053944!16s%2Fg%2F1hc4q164w!19sChIJSaoq4IERdTER5MT6rMZhvI8?authuser=0&hl=en&rclk=1,https://phumyharbour.com.vn/
hotel02001,Premier Pearl Hotel,premier pearl,hotel,"69-69A Thùy Vân, Phường 2, Vũng Tàu, Bà Rịa - Vũng Tàu 78000",Bà Rịa - Vũng Tàu,ba ria vung tau,10.3322495,107.0889669,0254 6506 666 ,1198650,"₫1,198,650",4.5,Hotel,Hotel,https://www.google.com/maps/place/Premier+Pearl+Hotel/data=!4m10!3m9!1s0x3175652e810d9ca7:0x516812e8ab299e48!5m2!4m1!1i2!8m2!3d10.3322495!4d107.0889669!16s%2Fg%2F11gs747kn8!19sChIJp5wNgS5ldTERSJ4pq-gSaFE?authuser=0&hl=en&rclk=1,http://premierpearlhotel.vn/
hotel02002,Seaside Resort,seaside,hotel,"28 Trần Phú, Phường 1, Vũng Tàu, Bà Rịa - Vũng Tàu 790000",Bà Rịa - Vũng Tàu,ba ria vung tau,10.3531089,107.0640448,0254 3513 888 ,716760,"₫716,760",4.2,Resort,Hotel,https://www.google.com/maps/place/Seaside+Resort/data=!4m10!3m9!1s0x31756f99a838df1f:0xe97a8861568a8d38!5m2!4m1!1i2!8m2!3d10.3531089!4d107.0640448!16s%2Fg%2F1v7pvzc_!19sChIJH984qJlvdTEROI2KVmGIeuk?authuser=0&hl=en&rclk=1,http://seasideresort.vn/
hotel02003,Léman Cap Resort,leman cap,hotel,"66/15 Hạ Long, Phường 2, Vũng Tàu, Bà Rịa - Vũng Tàu 78000",Bà Rịa - Vũng Tàu,ba ria vung tau,10.33023,107.0773849,0865 333 466 ,855310,"₫855,310",4.3,Resort,Hotel,https://www.google.com/maps/place/L%C3%A9man+Cap+Resort/data=!4m10!3m9!1s0x3175655e0afc4aad:0x78354928ed00f6c2!5m2!4m1!1i2!8m2!3d10.33023!4d107.0773849!16s%2Fg%2F12hxvml3h!19sChIJrUr8Cl5ldTERwvYA7ShJNXg?authuser=0&hl=en&rclk=1,http://svboutique.vn/
hotel02004,Hotel Novena,novena,hotel,"302 Phan Chu Trinh, Phường 2, Vũng Tàu, Bà Rịa - Vũng Tàu 791000",Bà Rịa - Vũng Tàu,ba ria vung tau,10.3294437,107.0869416,0254 3612 112 ,339362,"₫339,362",4.2,Hotel,Hotel,https://www.google.com/maps/place/Hotel+Novena/data=!4m10!3m9!1s0x317565f59edf8cc3:0x64b5b31b728cfce7!5m2!4m1!1i2!8m2!3d10.3294437!4d107.0869416!16s%2Fg%2F11g0mfdws7!19sChIJw4zfnvVldTER5_yMchuztWQ?authuser=0&hl=en&rclk=1,http://novenahotel.com.vn/
hotel02005,Joi Hospitality - Central,joi spitality central,lake,"E7 Tạ Uyên, Phường 3, Vũng Tàu, Bà Rịa - Vũng Tàu 720000",Bà Rịa - Vũng Tàu,ba ria vung tau,10.3495849,107.0849823,0254 3524 869 ,209000,"₫209,000",4.6,Hotel,Hotel,https://www.google.com/maps/place/Joi+Hospitality+-+Central/data=!4m10!3m9!1s0x31756fc40cf1bf7d:0x91cbdd3835009094!5m2!4m1!1i2!8m2!3d10.3495849!4d107.0849823!16s%2Fg%2F11g0g99cwm!19sChIJfb_xDMRvdTERlJAANTjdy5E?authuser=0&hl=en&rclk=1,https://joihospitality.vn/
hotel02006,Joi Home Beachfront,joi home front,beach,"136 Hạ Long, Phường 2, Vũng Tàu, Bà Rịa - Vũng Tàu 72000",Bà Rịa - Vũng Tàu,ba ria vung tau,10.3399718,107.0725491,0763 461 843 ,214028,"₫214,028",4.6,Hotel,Hotel,https://www.google.com/maps/place/Joi+Home+Beachfront/data=!4m10!3m9!1s0x31756f24db27b2a1:0x7a222519f725910!5m2!4m1!1i2!8m2!3d10.3399718!4d107.0725491!16s%2Fg%2F11t2lxk37n!19sChIJobIn2yRvdTEREFlyn1Eiogc?authuser=0&hl=en&rclk=1,https://joihospitality.vn/
hotel02007,Melissa Hotel,melissa,hotel,"23D Thùy Vân, Phường 2, Vũng Tàu, Bà Rịa - Vũng Tàu 790000",Bà Rịa - Vũng Tàu,ba ria vung tau,10.3302192,107.0880671,0968 900 893 ,257806,"₫257,806",4.3,Hotel,Hotel,https://www.google.com/maps/place/Melissa+Hotel/data=!4m10!3m9!1s0x317565599537a55f:0x6116584dd2e09558!5m2!4m1!1i2!8m2!3d10.3302192!4d107.0880671!16s%2Fg%2F11k3gy2t7j!19sChIJX6U3lVlldTERWJXg0k1YFmE?authuser=0&hl=en&rclk=1,
hotel02008,The Cap Hotel Vung Tau,the cap vung tau,hotel,"01 Đường Thi Sách, Phường Thắng Tam, Vũng Tàu, Bà Rịa - Vũng Tàu",Bà Rịa - Vũng Tàu,ba ria vung tau,10.3504193,107.098351,0254 3575 566 ,1180898,"₫1,180,898",4.1,Hotel,Hotel,https://www.google.com/maps/place/The+Cap+Hotel+Vung+Tau/data=!4m10!3m9!1s0x31756fe19e06011f:0xaecac0d58a7c6bb6!5m2!4m1!1i2!8m2!3d10.3504193!4d107.098351!16s%2Fg%2F11hczptjhx!19sChIJHwEGnuFvdTERtmt8itXAyq4?authuser=0&hl=en&rclk=1,http://thecaphotel.com/
hotel02009,Binh An Village Resort,binh an ge,hotel,"01 Trần Phú, Phường 1, Vũng Tàu, Bà Rịa - Vũng Tàu 944028",Bà Rịa - Vũng Tàu,ba ria vung tau,10.3553228,107.0613372,0901 555 247 ,2498655,"₫2,498,655",4.1,Resort,Hotel,https://www.google.com/maps/place/Binh+An+Village+Resort/data=!4m10!3m9!1s0x31756f98954bd09b:0x17aa84c2797a1fa0!5m2!4m1!1i2!8m2!3d10.3553228!4d107.0613372!16s%2Fg%2F11c0xtbvq6!19sChIJm9BLlZhvdTERoB96ecKEqhc?authuser=0&hl=en&rclk=1,
hotel02010,Sea View Hotel,sea view,hotel,"số 6 Đ. Lý Tự Trọng, Kp Hải, Long Điền, Bà Rịa - Vũng Tàu",Bà Rịa - Vũng Tàu,ba ria vung tau,10.3859274,107.2397232,0254 3868 386 ,317155,"₫317,155",4.1,Hotel,Hotel,https://www.google.com/maps/place/Sea+View+Hotel/data=!4m10!3m9!1s0x317576f42bc3fd0d:0xee99fa082b36dce7!5m2!4m1!1i2!8m2!3d10.3859274!4d107.2397232!16s%2Fg%2F11cn0r1629!19sChIJDf3DK_R2dTER59w2Kwj6me4?authuser=0&hl=en&rclk=1,
hotel02011,New Wave Hotel,new wave,hotel,"151B Thùy Vân, Phường Thắng Tam, Vũng Tàu, Bà Rịa - Vũng Tàu 760000",Bà Rịa - Vũng Tàu,ba ria vung tau,10.3405546,107.0928079,0933 700 142 ,710735,"₫710,735",3.9,Hotel,Hotel,https://www.google.com/maps/place/New+Wave+Hotel/data=!4m10!3m9!1s0x3175702a988a1bbb:0xeaf249b4d9735a76!5m2!4m1!1i2!8m2!3d10.3405546!4d107.0928079!16s%2Fg%2F11cmyvxv0c!19sChIJuxuKmCpwdTERdlpz2bRJ8uo?authuser=0&hl=en&rclk=1,http://www.newwavevungtau.vn/
hotel02012,Fati Boutique Hotel & Apartment,fati boutique apartment,hotel,"Trần Phú, Phường 5, Vũng Tàu, Bà Rịa - Vũng Tàu 78200",Bà Rịa - Vũng Tàu,ba ria vung tau,10.3677576,107.0632467,0794 122 122 ,550533,"₫550,533",4.4,Apartment,Hotel,https://www.google.com/maps/place/Fati+Boutique+Hotel+%26+Apartment/data=!4m10!3m9!1s0x31756f047af05ecf:0xc8ad2bc3593e2cea!5m2!4m1!1i2!8m2!3d10.3677576!4d107.0632467!16s%2Fg%2F11ptvb2tjr!19sChIJz17wegRvdTER6iw-WcMrrcg?authuser=0&hl=en&rclk=1,https://www.facebook.com/share/1BDdKU5HyM/?mibextid=wwXIfr
hotel02013,Hoang Minh Hotel Vung Tau,hoang minh vung tau,hotel,"27A Thùy Vân, Phường 2, Vũng Tàu, Bà Rịa - Vũng Tàu 790000",Bà Rịa - Vũng Tàu,ba ria vung tau,10.3305615,107.0881805,0912 563 140 ,222669,"₫222,669",4.2,Hotel,Hotel,https://www.google.com/maps/place/Hoang+Minh+Hotel+Vung+Tau/data=!4m10!3m9!1s0x31756559cf450f9f:0x1fb07169b935336e!5m2!4m1!1i2!8m2!3d10.3305615!4d107.0881805!16s%2Fg%2F11b67j5p73!19sChIJnw9Fz1lldTERbjM1uWlxsB8?authuser=0&hl=en&rclk=1,https://www.facebook.com/HotelHoangMinh/
hotel02014,SK LEGEND VUNG TAU HOTEL,sk legend vung tau,hotel,"184 Hoàng Hoa Thám, Phường Thắng Tam, Vũng Tàu, Bà Rịa - Vũng Tàu 78000",Bà Rịa - Vũng Tàu,ba ria vung tau,10.3341734,107.0892649,0254 3591 111 ,546886,"₫546,886",4.5,Hotel,Hotel,https://www.google.com/maps/place/SK+LEGEND+VUNG+TAU+HOTEL/data=!4m10!3m9!1s0x31756fadb03fa959:0x5b37ef7bef8ca38f!5m2!4m1!1i2!8m2!3d10.3341734!4d107.0892649!16s%2Fg%2F11kwrx5zvd!19sChIJWak_sK1vdTERj6OM73vvN1s?authuser=0&hl=en&rclk=1,http://www.sklegendvungtau.com/
hotel02015,Praha Hotel,praha,hotel,"19 La Văn Cầu, Phường Thắng Tam, Vũng Tàu, Bà Rịa - Vũng Tàu 78000",Bà Rịa - Vũng Tàu,ba ria vung tau,10.3380247,107.0902001,0941 666 498 ,202108,"₫202,108",3.8,Hotel,Hotel,https://www.google.com/maps/place/Praha+Hotel/data=!4m10!3m9!1s0x31756ff9e9189f23:0x6868fcb5df81ebb6!5m2!4m1!1i2!8m2!3d10.3380247!4d107.0902001!16s%2Fg%2F11bzxwz6tz!19sChIJI58Y6flvdTERtuuB37X8aGg?authuser=0&hl=en&rclk=1,
hotel02016,Kly Vũng Tàu Hotel,kly vung tau,hotel,"81/24 Thùy Vân, Phường 2, Vũng Tàu, Bà Rịa - Vũng Tàu",Bà Rịa - Vũng Tàu,ba ria vung tau,10.3334218,107.0878093,0377 075 855 ,283039,"₫283,039",4.2,Hotel,Hotel,https://www.google.com/maps/place/Kly+V%C5%A9ng+T%C3%A0u+Hotel/data=!4m10!3m9!1s0x317565cff55d5e41:0xb0a518ebc97006cc!5m2!4m1!1i2!8m2!3d10.3334218!4d107.0878093!16s%2Fg%2F11jgxgjgjw!19sChIJQV5d9c9ldTERzAZwyesYpbA?authuser=0&hl=en&rclk=1,
hotel02017,Hotel Sapphire,sapphire,hotel,"124 Từ Dũ, Khu phố hưng hoà, Gò Công, Tiền Giang",Tiền Giang,tien giang,10.3749443,106.6818577,0273 3512 512 ,256579,"₫256,579",4.2,Hotel,Hotel,https://www.google.com/maps/place/Hotel+Sapphire/data=!4m10!3m9!1s0x31754fab725feca7:0x8a0525d7ddb6d032!5m2!4m1!1i2!8m2!3d10.3749443!4d106.6818577!16s%2Fg%2F11f5yjcfwh!19sChIJp-xfcqtPdTERMtC23dclBYo?authuser=0&hl=en&rclk=1,
hotel02018,Quang Anh Hotel Vung Tau,quang anh vung tau,hotel,"16 Nguyễn Hữu Tiến, Phường 8, Vũng Tàu, Bà Rịa - Vũng Tàu 790000",Bà Rịa - Vũng Tàu,ba ria vung tau,10.3542766,107.1006172,0774 466 229 ,165458,"₫165,458",4.8,Hotel,Hotel,https://www.google.com/maps/place/Quang+Anh+Hotel+Vung+Tau/data=!4m10!3m9!1s0x31756fca53e2d899:0xe7530fffa439d587!5m2!4m1!1i2!8m2!3d10.3542766!4d107.1006172!16s%2Fg%2F11g0zlhhpq!19sChIJmdjiU8pvdTERh9U5pP8PU-c?authuser=0&hl=en&rclk=1,https://khoanhkhachotel.com/lien-he/
hotel02019,Gia An Hotel,gia an,hotel,"25 Phó Đức Chính, Street, Ward, Bà Rịa - Vũng Tàu 79000",Bà Rịa - Vũng Tàu,ba ria vung tau,10.3372989,107.0894581,0254 3859 686 ,316948,"₫316,948",4.3,Hotel,Hotel,https://www.google.com/maps/place/Gia+An+Hotel/data=!4m10!3m9!1s0x31756fa13ecb6db7:0x1ba78ca03dcac291!5m2!4m1!1i2!8m2!3d10.3372989!4d107.0894581!16s%2Fg%2F11rmpzmygp!19sChIJt23LPqFvdTERkcLKPaCMpxs?authuser=0&hl=en&rclk=1,https://www.facebook.com/Gia-An-Hotel-107040671889272
hotel02020,Villa Cocopalm,cocopalm,hotel,"C7VR+3GX, Nguyễn Tất Thành, Phước Hội, Đất Đỏ, Bà Rịa - Vũng Tàu",Bà Rịa - Vũng Tàu,ba ria vung tau,10.442735,107.2913729,0902 619 234 ,277544,"₫277,544",4.0,Villa,Hotel,https://www.google.com/maps/place/Villa+Cocopalm/data=!4m10!3m9!1s0x31759f84e29bc611:0x71321d969f3c35c6!5m2!4m1!1i2!8m2!3d10.442735!4d107.2913729!16s%2Fg%2F11h52mtnty!19sChIJEcab4oSfdTERxjU8n5YdMnE?authuser=0&hl=en&rclk=1,
hotel02021,Vung Tau Luxury Hotel,vung tau luxury,hotel,"208-210 Phan Chu Trinh, Phường 2, Vũng Tàu, Bà Rịa - Vũng Tàu 79000",Bà Rịa - Vũng Tàu,ba ria vung tau,10.3309685,107.0825274,0254 3596 669 ,164458,"₫164,458",3.9,Hotel,Hotel,https://www.google.com/maps/place/Vung+Tau+Luxury+Hotel/data=!4m10!3m9!1s0x31756596d9e39549:0xb3ba2cd9c25b142f!5m2!4m1!1i2!8m2!3d10.3309685!4d107.0825274!16s%2Fg%2F11fk144wd1!19sChIJSZXj2ZZldTERLxRbwtksurM?authuser=0&hl=en&rclk=1,
hotel02022,Khách sạn Vũng Tàu Caroline Beach,vung tau caroline beach,hotel,"53 Phan Văn Trị, Phường Thắng Tam, Vũng Tàu, Bà Rịa - Vũng Tàu 70000",Bà Rịa - Vũng Tàu,ba ria vung tau,10.3382605,107.0886835,0254 3510 011 ,161458,"₫161,458",4.1,Hotel,Hotel,https://www.google.com/maps/place/Kh%C3%A1ch+s%E1%BA%A1n+V%C5%A9ng+T%C3%A0u+Caroline+Beach/data=!4m10!3m9!1s0x31756ff75b3d38b1:0xc46e444f26f85d3d!5m2!4m1!1i2!8m2!3d10.3382605!4d107.0886835!16s%2Fg%2F11t3ff_hc4!19sChIJsTg9W_dvdTERPV34Jk9EbsQ?authuser=0&hl=en&rclk=1,https://caroline.com.vn/khach-san-vung-tau-caroline-beach
hotel02023,Joi Boutique Bãi Trước,joi boutique bai truoc,hotel,"4 Thống Nhất, Phường 1, Vũng Tàu, Bà Rịa - Vũng Tàu",Bà Rịa - Vũng Tàu,ba ria vung tau,10.345531,107.0770553,0373 562 887 ,253749,"₫253,749",4.5,Hotel,Hotel,https://www.google.com/maps/place/Joi+Boutique+B%C3%A3i+Tr%C6%B0%E1%BB%9Bc/data=!4m10!3m9!1s0x31756f92afba99a3:0xf7a195f4a851b0d2!5m2!4m1!1i2!8m2!3d10.345531!4d107.0770553!16s%2Fg%2F11b67qd3m2!19sChIJo5m6r5JvdTER0rBRqPSVofc?authuser=0&hl=en&rclk=1,https://joihospitality.vn/
hotel02024,Hotel Hoài Thu,hoai thu,hotel,"45/16B Thùy Vân, Phường 2, Vũng Tàu, Bà Rịa - Vũng Tàu 790000",Bà Rịa - Vũng Tàu,ba ria vung tau,10.3310903,107.0872523,0254 3521 154 ,105000,"₫105,000",4.2,Hotel,Hotel,https://www.google.com/maps/place/Hotel+Ho%C3%A0i+Thu/data=!4m10!3m9!1s0x317565b791aee2f9:0xdf2c8202e8c31bf4!5m2!4m1!1i2!8m2!3d10.3310903!4d107.0872523!16s%2Fg%2F11jm_q9hp4!19sChIJ-eKukbdldTER9BvD6AKCLN8?authuser=0&hl=en&rclk=1,
hotel02025,Milanesa Hotel and Apartment,milanesa and apartment,hotel,"5A Đinh Tiên Hoàng, Phường 2, Vũng Tàu, Bà Rịa - Vũng Tàu 790000",Bà Rịa - Vũng Tàu,ba ria vung tau,10.3404985,107.0763303,0814 727 979 ,132366,"₫132,366",4.1,Apartment,Hotel,https://www.google.com/maps/place/Milanesa+Hotel+and+Apartment/data=!4m10!3m9!1s0x31756ff09a8dfffd:0x18b18ae2d3b4cdd5!5m2!4m1!1i2!8m2!3d10.3404985!4d107.0763303!16s%2Fg%2F11vj282cyg!19sChIJ_f-NmvBvdTER1c200-KKsRg?authuser=0&hl=en&rclk=1,http://www.facebook.com/MilanesaHotelApartment
hotel02026,Hotel Hoa Sua,hoa sua,hotel,"19 Nguyễn Đình Thi, Phường 10, Vũng Tàu, Bà Rịa - Vũng Tàu 78000",Bà Rịa - Vũng Tàu,ba ria vung tau,10.3755151,107.1117239,0254 3595 988 ,207765,"₫207,765",4.1,Hotel,Hotel,https://www.google.com/maps/place/Hotel+Hoa+Sua/data=!4m10!3m9!1s0x3175702d4bd2bd19:0xde364108db0cc24a!5m2!4m1!1i2!8m2!3d10.3755151!4d107.1117239!16s%2Fg%2F11c326trvs!19sChIJGb3SSy1wdTERSsIM2whBNt4?authuser=0&hl=en&rclk=1,https://www.facebook.com/hoasuahotelvt/
hotel02027,Sun Beach Hotel,sun beach,hotel,"i1 Thái Văn Lung, Phường 2, Vũng Tàu, Bà Rịa - Vũng Tàu 79000",Bà Rịa - Vũng Tàu,ba ria vung tau,10.3370419,107.0827961,0908 380 993 ,310234,"₫310,234",4.4,Hotel,Hotel,https://www.google.com/maps/place/Sun+Beach+Hotel/data=!4m10!3m9!1s0x31756f5012d589a7:0x30e070e1f4e0c832!5m2!4m1!1i2!8m2!3d10.3370419!4d107.0827961!16s%2Fg%2F11fl4b6dzr!19sChIJp4nVElBvdTERMsjg9OFw4DA?authuser=0&hl=en&rclk=1,
hotel02028,Hotel Phụng Kim Thảo,phung kim thao,hotel,"Thuận Thành, Cần Giuộc, Long An",Long An,long an,10.558063,106.6306354,0908 633 838 ,292643,"₫292,643",4.0,Hotel,Hotel,https://www.google.com/maps/place/Hotel+Ph%E1%BB%A5ng+Kim+Th%E1%BA%A3o/data=!4m10!3m9!1s0x31753675c3fef753:0x717b208699bb4294!5m2!4m1!1i2!8m2!3d10.558063!4d106.6306354!16s%2Fg%2F11c57lsqbv!19sChIJU_f-w3U2dTERlEK7mYYge3E?authuser=0&hl=en&rclk=1,
hotel02029,SeaSala Hotel,seasala,hotel,"47 La Văn Cầu, Phường Thắng Tam, Vũng Tàu, Bà Rịa - Vũng Tàu 79000",Bà Rịa - Vũng Tàu,ba ria vung tau,10.3386012,107.0891692,0254 3554 568 ,119742,"₫119,742",3.7,Hotel,Hotel,https://www.google.com/maps/place/SeaSala+Hotel/data=!4m10!3m9!1s0x31756ff757b8e349:0x5dbc7e6a0f61c518!5m2!4m1!1i2!8m2!3d10.3386012!4d107.0891692!16s%2Fg%2F11d_896_mt!19sChIJSeO4V_dvdTERGMVhD2p-vF0?authuser=0&hl=en&rclk=1,
hotel02030,The Homey Vung Tau,the mey vung tau,lake,"L6 Phan Huy Chú, Phường 2, Vũng Tàu, Bà Rịa - Vũng Tàu 790000",Bà Rịa - Vũng Tàu,ba ria vung tau,10.3371748,107.0843543,0777 272 792 ,212721,"₫212,721",4.8,Hotel,Hotel,https://www.google.com/maps/place/The+Homey+Vung+Tau/data=!4m10!3m9!1s0x31756ff6843d6d7b:0x8a8e7aeec0685169!5m2!4m1!1i2!8m2!3d10.3371748!4d107.0843543!16s%2Fg%2F11fsn62g4p!19sChIJe209hPZvdTERaVFowO56joo?authuser=0&hl=en&rclk=1,
hotel02031,Tomorrow Hostel,tomorrow,homestay,"92 Nguyễn Trường Tộ, Phường 3, Vũng Tàu, Bà Rịa - Vũng Tàu",Bà Rịa - Vũng Tàu,ba ria vung tau,10.3444521,107.0799297,0389 910 520 ,224268,"₫224,268",4.4,Hostel,Hotel,https://www.google.com/maps/place/Tomorrow+Hostel/data=!4m10!3m9!1s0x31756ff285094159:0x38846fc54e499fb6!5m2!4m1!1i2!8m2!3d10.3444521!4d107.0799297!16s%2Fg%2F11g1pmwgnp!19sChIJWUEJhfJvdTERtp9JTsVvhDg?authuser=0&hl=en&rclk=1,
hotel02032,Lyly (Lilly) hotel Vũng Tàu,lyly lilly vung tau,hotel,"20/1 Đ. Phan Huy Ích, Phường 2, Vũng Tàu, Bà Rịa - Vũng Tàu 790000",Bà Rịa - Vũng Tàu,ba ria vung tau,10.3377454,107.0829911,0327 994 545 ,214451,"₫214,451",4.4,Hotel,Hotel,https://www.google.com/maps/place/Lyly+%28Lilly%29+hotel+V%C5%A9ng+T%C3%A0u/data=!4m10!3m9!1s0x31756f4f8bda14d5:0xf5826ba69cbed65d!5m2!4m1!1i2!8m2!3d10.3377454!4d107.0829911!16s%2Fg%2F11tsg4z30h!19sChIJ1RTai09vdTERXda-nKZrgvU?authuser=0&hl=en&rclk=1,http://lilyhotel.com/
hotel02033,Khách Sạn Hà Đan,ha dan,hotel,"53 La Văn Cầu, Phường Thắng Tam, Vũng Tàu, Bà Rịa - Vũng Tàu 790000",Bà Rịa - Vũng Tàu,ba ria vung tau,10.3387609,107.0889874,0375 303 824 ,169694,"₫169,694",4.6,Hotel,Hotel,https://www.google.com/maps/place/Kh%C3%A1ch+S%E1%BA%A1n+H%C3%A0+%C4%90an/data=!4m10!3m9!1s0x31756fe1c58d5bc9:0x4a9e66abcb5bbaa0!5m2!4m1!1i2!8m2!3d10.3387609!4d107.0889874!16s%2Fg%2F11ltt6qt5s!19sChIJyVuNxeFvdTERoLpby6tmnko?authuser=0&hl=en&rclk=1,
hotel02034,Hafi Hotel,hafi,hotel,"68 Hà Huy Tập, Phường 10, Vũng Tàu, Bà Rịa - Vũng Tàu 790000",Bà Rịa - Vũng Tàu,ba ria vung tau,10.3749676,107.1257027,0938 582 468 ,483442,"₫483,442",4.5,Hotel,Hotel,https://www.google.com/maps/place/Hafi+Hotel/data=!4m10!3m9!1s0x3175704ab8cea7df:0x851bd8003a3b1ed4!5m2!4m1!1i2!8m2!3d10.3749676!4d107.1257027!16s%2Fg%2F11jht6hz2q!19sChIJ36fOuEpwdTER1B47OgDYG4U?authuser=0&hl=en&rclk=1,http://hafihotel.com/
hotel02035,Khách sạn Mường Thanh Holiday Vũng Tàu,muong thanh holiday vung tau,hotel,"09 Thống Nhất, Phường 1, Vũng Tàu, Bà Rịa - Vũng Tàu",Bà Rịa - Vũng Tàu,ba ria vung tau,10.3458938,107.075369,0254 3552 468 ,1027624,"₫1,027,624",4.0,Hotel,Hotel,https://www.google.com/maps/place/Kh%C3%A1ch+s%E1%BA%A1n+M%C6%B0%E1%BB%9Dng+Thanh+Holiday+V%C5%A9ng+T%C3%A0u/data=!4m10!3m9!1s0x31756fdcd7262103:0xfcf9e39c54e0135f!5m2!4m1!1i2!8m2!3d10.3458938!4d107.075369!16s%2Fg%2F1ptyfv2g9!19sChIJAyEm19xvdTERXxPgVJzj-fw?authuser=0&hl=en&rclk=1,
hotel02036,Ruby Homestay Cần Giờ,ruby can gio,homestay,"Thạnh Thới, Long Hoà, Cần Giờ, Thành phố Hồ Chí Minh",Thành phố Hồ Chí Minh,ho chi minh,10.3936995,106.9194866,0779 662 589 ,654828,"₫654,828",4.5,Homestay,Hotel,https://www.google.com/maps/place/Ruby+Homestay+C%E1%BA%A7n+Gi%E1%BB%9D/data=!4m10!3m9!1s0x3175696c4d5e7de1:0x83efbc31c646f2cd!5m2!4m1!1i2!8m2!3d10.3936995!4d106.9194866!16s%2Fg%2F11g0gphj6h!19sChIJ4X1eTWxpdTERzfJGxjG874M?authuser=0&hl=en&rclk=1,https://www.facebook.com/groups/467390918602314/?ref=share
hotel02037,Grand Hotel Vung Tau,grand vung tau,hotel,"2 Nguyễn Du, Phường 1, Vũng Tàu, Bà Rịa - Vũng Tàu 790000",Bà Rịa - Vũng Tàu,ba ria vung tau,10.343636,107.075186,0254 3856 888 ,938129,"₫938,129",4.0,Hotel,Hotel,https://www.google.com/maps/place/Grand+Hotel+Vung+Tau/data=!4m10!3m9!1s0x31756f8d48d74f0f:0x4428a7189640da4e!5m2!4m1!1i2!8m2!3d10.343636!4d107.075186!16s%2Fg%2F1tfs8bgd!19sChIJD0_XSI1vdTERTtpAlhinKEQ?authuser=0&hl=en&rclk=1,https://grand.brghospitality.vn/
hotel02038,VeeVoo Hotel Vung Tau,veevoo vung tau,hotel,"47 Phan Văn Trị, Phường Thắng Tam, Vũng Tàu, Bà Rịa - Vũng Tàu",Bà Rịa - Vũng Tàu,ba ria vung tau,10.3381972,107.0888932,0947 586 000 ,284509,"₫284,509",4.3,Hotel,Hotel,https://www.google.com/maps/place/VeeVoo+Hotel+Vung+Tau/data=!4m10!3m9!1s0x31756ff75bde7d43:0x55661aafd1918b0e!5m2!4m1!1i2!8m2!3d10.3381972!4d107.0888932!16s%2Fg%2F11dxm8clgc!19sChIJQ33eW_dvdTERDouR0a8aZlU?authuser=0&hl=en&rclk=1,
hotel02039,Palace Hotel Vung Tau,palace vung tau,hotel,"01 Nguyễn Trãi, Phường 1, Vũng Tàu, Bà Rịa - Vũng Tàu 790000",Bà Rịa - Vũng Tàu,ba ria vung tau,10.3428323,107.0758183,,874259,"₫874,259",4.1,Hotel,Hotel,https://www.google.com/maps/place/Palace+Hotel+Vung+Tau/data=!4m10!3m9!1s0x31756f70c35bff85:0x1c99b14b4f274296!5m2!4m1!1i2!8m2!3d10.3428323!4d107.0758183!16s%2Fg%2F11h71hjcnc!19sChIJhf9bw3BvdTERlkInT0uxmRw?authuser=0&hl=en&rclk=1,http://www.palacehotel.com.vn/
hotel02040,Khách Sạn Lam Sơn - Khách Sạn Gía Rẻ Vũng Tàu,lam son gia re vung tau,hotel,"7 Lê Ngọc Hân, Phường 1, Vũng Tàu, Bà Rịa - Vũng Tàu 790000",Bà Rịa - Vũng Tàu,ba ria vung tau,10.3516556,107.0720453,0906 376 338 ,247360,"₫247,360",3.5,Hotel,Hotel,https://www.google.com/maps/place/Kh%C3%A1ch+S%E1%BA%A1n+Lam+S%C6%A1n+-+Kh%C3%A1ch+S%E1%BA%A1n+G%C3%ADa+R%E1%BA%BB+V%C5%A9ng+T%C3%A0u/data=!4m10!3m9!1s0x31756fe3b25f1049:0x9718cd3a3feb8c2a!5m2!4m1!1i2!8m2!3d10.3516556!4d107.0720453!16s%2Fg%2F1tdpjl66!19sChIJSRBfsuNvdTERKozrPzrNGJc?authuser=0&hl=en&rclk=1,
hotel02041,Sen Vàng Luxury Hotel,sen vang luxury,hotel,"37 Đ. Mê Linh, Tân Tiến, Nha Trang, Khánh Hòa 650000",Nha Trang,nha trang,12.239844,109.187886,0258 3510 179 ,178068,"₫178,068",4.1,Hotel,Hotel,https://www.google.com/maps/place/Sen+V%C3%A0ng+Luxury+Hotel/data=!4m10!3m9!1s0x31705d876045d2b7:0x2c0c635249da1130!5m2!4m1!1i2!8m2!3d12.239844!4d109.187886!16s%2Fg%2F11gg5htxs0!19sChIJt9JFYIddcDERMBHaSVJjDCw?authuser=0&hl=en&rclk=1,
hotel02042,Pax Ana Doc Let Resort & Spa,pax ana doc let spa,hotel,"G6XH+9XH, Ninh Hải, Ninh Hòa, Khánh Hòa",Khánh Hòa,khanh hoa,12.548484,109.229024,0258 3849 999 ,1765792,"₫1,765,792",4.7,Resort,Hotel,https://www.google.com/maps/place/Pax+Ana+Doc+Let+Resort+%26+Spa/data=!4m10!3m9!1s0x317015d671bace95:0x9429db9334f5819e!5m2!4m1!1i2!8m2!3d12.548484!4d109.229024!16s%2Fg%2F11ghrbccfh!19sChIJlc66cdYVcDERnoH1NJPbKZQ?authuser=0&hl=en&rclk=1,http://paxanadoclet.com/
hotel02043,InterContinental Nha Trang by IHG,intercontinental nha trang by ihg,hotel,"32-34 Trần Phú, Lộc Thọ, Nha Trang, Khánh Hòa 300202",Nha Trang,nha trang,12.2449937,109.1960906,0258 3887 777 ,4895460,"₫4,895,460",4.6,Hotel,Hotel,https://www.google.com/maps/place/InterContinental+Nha+Trang+by+IHG/data=!4m10!3m9!1s0x317067789383d1cf:0xd75541ce67bd47ef!5m2!4m1!1i2!8m2!3d12.2449937!4d109.1960906!16s%2Fm%2F0_qhs0j!19sChIJz9GDk3hncDER70e9Z85BVdc?authuser=0&hl=en&rclk=1,https://www.ihg.com/intercontinental/hotels/us/en/nha-trang/nhach/hoteldetail?cm_mmc=GoogleMaps-_-IC-_-VN-_-NHACH
hotel02044,Best Western Premier Marvella Nha Trang Hotel,best western premier marvella nha trang,hotel,"102b Trần Phú, Lộc Thọ, Nha Trang, Khánh Hòa 650000",Nha Trang,nha trang,12.2249298,109.2008651,0258 7306 666 ,1368000,"₫1,368,000",4.5,Hotel,Hotel,https://www.google.com/maps/place/Best+Western+Premier+Marvella+Nha+Trang+Hotel/data=!4m10!3m9!1s0x317067edeab4e39b:0x92abe0c665c2ba85!5m2!4m1!1i2!8m2!3d12.2249298!4d109.2008651!16s%2Fg%2F11rptk62dw!19sChIJm-O06u1ncDERhbrCZcbgq5I?authuser=0&hl=en&rclk=1,http://www.bwpremiermarvella.com/
hotel02045,Starcity Hotel and Condotel Beachfront Nha Trang,starcity and condotel beachfront nha trang,hotel,"74 Trần Phú, Lộc Thọ, Nha Trang, Khánh Hòa 650000",Nha Trang,nha trang,12.2338891,109.1973206,0258 3590 999 ,673770,"₫673,770",4.4,Hotel,Hotel,https://www.google.com/maps/place/Starcity+Hotel+and+Condotel+Beachfront+Nha+Trang/data=!4m10!3m9!1s0x3170676518bd3275:0xf8250ce648c541a!5m2!4m1!1i2!8m2!3d12.2338891!4d109.1973206!16s%2Fg%2F12hlxtls9!19sChIJdTK9GGVncDERGlSMZM5Qgg8?authuser=0&hl=en&rclk=1,https://starcitynhatrang.com/
hotel02046,Mercure Nha Trang Beach,mercure nha trang,beach,"88A Trần Phú, Lộc Thọ, Nha Trang, Khánh Hòa 57100",Nha Trang,nha trang,12.2300726,109.1982306,0258 3839 777 ,1097912,"₫1,097,912",4.8,Hotel,Hotel,https://www.google.com/maps/place/Mercure+Nha+Trang+Beach/data=!4m10!3m9!1s0x3170678c8f9f9f57:0x281835c15a315159!5m2!4m1!1i2!8m2!3d12.2300726!4d109.1982306!16s%2Fg%2F11rptn9by2!19sChIJV5-fj4xncDERWVExWsE1GCg?authuser=0&hl=en&rclk=1,https://all.accor.com/lien_externe.svlt?goto=fiche_hotel&code_hotel=C3J0&merchantid=seo-maps-Vietnam-C3J0&sourceid=aw-cen&utm_medium=seo%20maps&utm_source=google%20Maps&utm_campaign=seo%20maps
hotel02047,Vanda Hotel,vanda,hotel,"26/4 Trần Phú, Vĩnh Nguyên, Nha Trang, Khánh Hòa 650000",Nha Trang,nha trang,12.2186876,109.204542,0258 3880 797 ,189802,"₫189,802",4.2,Hotel,Hotel,https://www.google.com/maps/place/Vanda+Hotel/data=!4m10!3m9!1s0x31706743ee07eb63:0x917e949e5ac09e2b!5m2!4m1!1i2!8m2!3d12.2186876!4d109.204542!16s%2Fg%2F11j4sw8d_n!19sChIJY-sH7kNncDERK57AWp6UfpE?authuser=0&hl=en&rclk=1,https://www.facebook.com/profile.php?id=61580217917396
hotel02048,The Arena Hotel Five Star,the arena five star,hotel,"Lô D14D, Bãi Dài, Tp. Cam Ranh, Khánh Hòa 57810",Khánh Hòa,khanh hoa,12.025807,109.2175228,0985 055 795 ,889599,"₫889,599",4.7,Hotel,Hotel,https://www.google.com/maps/place/The+Arena+Hotel+Five+Star/data=!4m10!3m9!1s0x31708dacd66947eb:0x9c0c4f59d00386d2!5m2!4m1!1i2!8m2!3d12.025807!4d109.2175228!16s%2Fg%2F11l24fjmkr!19sChIJ60dp1qyNcDER0oYD0FlPDJw?authuser=0&hl=en&rclk=1,https://www.facebook.com/profile.php?id=61550234876119&mibextid=LQQJ4d
hotel02049,Wyndham Garden Cam Ranh,wyndham gar cam ranh,temple,"Lot D14B, Nguyễn Tất Thành, st, Cam Lâm, Khánh Hòa 650000",Khánh Hòa,khanh hoa,12.0308008,109.2137932,0258 3996 888 ,2081631,"₫2,081,631",4.6,Hotel,Hotel,https://www.google.com/maps/place/Wyndham+Garden+Cam+Ranh/data=!4m10!3m9!1s0x31708b7048102f55:0xa76d79cd15af36a6!5m2!4m1!1i2!8m2!3d12.0308008!4d109.2137932!16s%2Fg%2F11swt8y311!19sChIJVS8QSHCLcDERpjavFc15bac?authuser=0&hl=en&rclk=1,https://www.wyndhamgardencamranh.com/
hotel02050,Nha Trang Lodge Hotel,nha trang lodge,hotel,"42 Trần Phú, Lộc Thọ, Nha Trang, Khánh Hòa 650000",Nha Trang,nha trang,12.2417311,109.1962074,0258 3521 900 ,670790,"₫670,790",4.1,Hotel,Hotel,https://www.google.com/maps/place/Nha+Trang+Lodge+Hotel/data=!4m10!3m9!1s0x317067796e11dacf:0x1946b224b9b3948f!5m2!4m1!1i2!8m2!3d12.2417311!4d109.1962074!16s%2Fg%2F1tj30ls_!19sChIJz9oRbnlncDERj5SzuSSyRhk?authuser=0&hl=en&rclk=1,http://www.nhatranglodgehotel.com/
hotel02051,Đoàn an điều dưỡng 26 Nha Trang,doan an dieu duong 26 nha trang,hotel,"86A Trần Phú, Lộc Thọ, Nha Trang, Khánh Hòa 650000",Nha Trang,nha trang,12.2305866,109.197627,0258 3566 566 ,252170,"₫252,170",3.9,Hotel,Hotel,https://www.google.com/maps/place/%C4%90o%C3%A0n+an+%C4%91i%E1%BB%81u+d%C6%B0%E1%BB%A1ng+26+Nha+Trang/data=!4m10!3m9!1s0x3170676518181f8b:0x354790b4a82926da!5m2!4m1!1i2!8m2!3d12.2305866!4d109.197627!16s%2Fg%2F11gbkx32tw!19sChIJix8YGGVncDER2iYpqLSQRzU?authuser=0&hl=en&rclk=1,
hotel02052,King Town Grand Hotel & Wedding Center,king town grand wedding center,hotel,"Lot 5,6 Phạm Văn Đồng, Street, Nha Trang, Khánh Hòa 650000",Nha Trang,nha trang,12.2839517,109.2035323,0258 3550 551 ,549614,"₫549,614",4.1,Hotel,Hotel,https://www.google.com/maps/place/King+Town+Grand+Hotel+%26+Wedding+Center/data=!4m10!3m9!1s0x31706870f9993095:0xb8612bd18fa36881!5m2!4m1!1i2!8m2!3d12.2839517!4d109.2035323!16s%2Fg%2F11bzv346ch!19sChIJlTCZ-XBocDERgWijj9ErYbg?authuser=0&hl=en&rclk=1,http://kingtownhotel.com.vn/
hotel02053,Potique Hotel Nha Trang,potique nha trang,hotel,"22 Hùng Vương, Lộc Thọ, Nha Trang, Khánh Hòa 57000",Nha Trang,nha trang,12.2410245,109.1946719,0258 3556 999 ,2096416,"₫2,096,416",4.8,Hotel,Hotel,https://www.google.com/maps/place/Potique+Hotel+Nha+Trang/data=!4m10!3m9!1s0x3170670b29ccd549:0x46eaf4e0dac2889b!5m2!4m1!1i2!8m2!3d12.2410245!4d109.1946719!16s%2Fg%2F11fhqr4qy8!19sChIJSdXMKQtncDERm4jC2uD06kY?authuser=0&hl=en&rclk=1,https://potiquehotel.com/
hotel02054,Aqua Seaview,aqua view,beach,"11d Trần Phú, Vĩnh Nguyên, Nha Trang, Khánh Hòa",Nha Trang,nha trang,12.2129984,109.2112767,0339 273 339 ,342370,"₫342,370",4.7,Hotel,Hotel,https://www.google.com/maps/place/Aqua+Seaview/data=!4m10!3m9!1s0x31706747efe80ab3:0xba56c68d9cdf7d23!5m2!4m1!1i2!8m2!3d12.2129984!4d109.2112767!16s%2Fg%2F11fkds41vw!19sChIJswro70dncDERI33fnI3GVro?authuser=0&hl=en&rclk=1,https://www.facebook.com/AQUA.Seaview
hotel02055,Shoho Hotel Nha Trang,shoho nha trang,hotel,"21/7 Đặng Tất, Hẻm Đường Hưng Đạo, Vĩnh Hải, Nha Trang, Khánh Hòa 650000",Nha Trang,nha trang,12.2762891,109.2007244,0258 3838 679 ,239969,"₫239,969",4.4,Hotel,Hotel,https://www.google.com/maps/place/Shoho+Hotel+Nha+Trang/data=!4m10!3m9!1s0x317067abb04cdb99:0xb8aa302a511df2a2!5m2!4m1!1i2!8m2!3d12.2762891!4d109.2007244!16s%2Fg%2F11n0d74kn0!19sChIJmdtMsKtncDERovIdUSowqrg?authuser=0&hl=en&rclk=1,
hotel02056,May Ngu Sac Hotel,may ngu sac,hotel,"66 Phạm Văn Đồng, Vĩnh Hải, Nha Trang, Khánh Hòa 650000",Nha Trang,nha trang,12.2881258,109.2054344,0258 3550 999 ,206227,"₫206,227",4.6,Hotel,Hotel,https://www.google.com/maps/place/May+Ngu+Sac+Hotel/data=!4m10!3m9!1s0x31706871a4b63599:0x8424581609e546df!5m2!4m1!1i2!8m2!3d12.2881258!4d109.2054344!16s%2Fg%2F11c741sk3d!19sChIJmTW2pHFocDER30blCRZYJIQ?authuser=0&hl=en&rclk=1,
hotel02057,LeMore Hotel Nha Trang,lemore nha trang,hotel,"33A Tô Hiến Thành, Tân Tiến, Nha Trang, Khánh Hòa 650000",Nha Trang,nha trang,12.2403574,109.1923338,0258 3909 789 ,630142,"₫630,142",4.5,Hotel,Hotel,https://www.google.com/maps/place/LeMore+Hotel+Nha+Trang/data=!4m10!3m9!1s0x3170673754e59401:0x2aa532c5f101d69d!5m2!4m1!1i2!8m2!3d12.2403574!4d109.1923338!16s%2Fg%2F11gxv154qb!19sChIJAZTlVDdncDERndYB8cUypSo?authuser=0&hl=en&rclk=1,http://www.lemorehotels.com/
hotel02058,Pavillon Boutique Hotel & Apartment Nha Trang,pavillon boutique apartment nha trang,hotel,"100b/10, Trần Phú, Lộc Thọ, Nha Trang, Khánh Hòa",Nha Trang,nha trang,12.2258759,109.2001586,0258 3838 268 ,261980,"₫261,980",4.2,Apartment,Hotel,https://www.google.com/maps/place/Pavillon+Boutique+Hotel+%26+Apartment+Nha+Trang/data=!4m10!3m9!1s0x317067a087cf9677:0xcfe0a234250bad24!5m2!4m1!1i2!8m2!3d12.2258759!4d109.2001586!16s%2Fg%2F11txpvxn0s!19sChIJd5bPh6BncDERJK0LJTSi4M8?authuser=0&hl=en&rclk=1,
hotel02059,NAVADA BEACH HOTEL,navada beach,hotel,"09-10 Phạm Văn Đồng, Vĩnh Hải, Nha Trang, Khánh Hòa 650000",Nha Trang,nha trang,12.27597,109.201937,0258 3900 666 ,720564,"₫720,564",4.6,Hotel,Hotel,https://www.google.com/maps/place/NAVADA+BEACH+HOTEL/data=!4m10!3m9!1s0x31706741c0dd0f95:0x97a6e0f66f524ed8!5m2!4m1!1i2!8m2!3d12.27597!4d109.201937!16s%2Fg%2F11fn3qw1w1!19sChIJlQ_dwEFncDER2E5Sb_bgppc?authuser=0&hl=en&rclk=1,http://www.navadahotel.com/
hotel02060,BN BOUTIQUE NHA TRANG BEACH,bn boutique nha trang,beach,"17/15 Nguyễn Thị Minh Khai, Lộc Thọ, Nha Trang, Khánh Hòa 65000",Nha Trang,nha trang,12.2380508,109.1945425,0258 3552 222 ,279364,"₫279,364",4.3,Hotel,Hotel,https://www.google.com/maps/place/BN+BOUTIQUE+NHA+TRANG+BEACH/data=!4m10!3m9!1s0x3170677b9bcd8c85:0xee85ca8f28b36594!5m2!4m1!1i2!8m2!3d12.2380508!4d109.1945425!16s%2Fg%2F11csqw0bgz!19sChIJhYzNm3tncDERlGWzKI_Khe4?authuser=0&hl=en&rclk=1,https://www.facebook.com/bncenterhotel?mibextid=LQQJ4d
hotel02061,GIS Hotel Nha Trang,gis nha trang,hotel,"14b Đ.Mạc Đĩnh Chi, Tân Tiến, Nha Trang, Khánh Hòa 650000",Nha Trang,nha trang,12.2440235,109.1882754,0377 624 687 ,177953,"₫177,953",4.2,Hotel,Hotel,https://www.google.com/maps/place/GIS+Hotel+Nha+Trang/data=!4m10!3m9!1s0x31706778d7369a1d:0xf2c53b010e9ffc76!5m2!4m1!1i2!8m2!3d12.2440235!4d109.1882754!16s%2Fg%2F11g18zcgg4!19sChIJHZo213hncDERdvyfDgE7xfI?authuser=0&hl=en&rclk=1,https://www.facebook.com/gishotelnhatrang
hotel02062,Rembrandt Hotel Nha Trang,rembrandt nha trang,hotel,"02 Trần Quang Khải, Lộc Thọ, Nha Trang, Khánh Hòa 650000",Nha Trang,nha trang,12.2336412,109.196933,0258 3529 292 ,229821,"₫229,821",4.3,Hotel,Hotel,https://www.google.com/maps/place/Rembrandt+Hotel+Nha+Trang/data=!4m10!3m9!1s0x31706785add24833:0x39788e4c8f51acb3!5m2!4m1!1i2!8m2!3d12.2336412!4d109.196933!16s%2Fg%2F11t434r0p5!19sChIJM0jSrYVncDERs6xRj0yOeDk?authuser=0&hl=en&rclk=1,https://rembrandt-hotel.vn/
hotel02063,Anrizon Hotel Nha Trang,anrizon nha trang,hotel,"Tòa OC2B, Mường Thanh Viễn Triều, 5 Phạm Văn Đồng, Vĩnh Phước, Nha Trang, Khánh Hòa 57109",Nha Trang,nha trang,12.2735167,109.2024621,0909 193 699 ,260660,"₫260,660",4.0,Hotel,Hotel,https://www.google.com/maps/place/Anrizon+Hotel+Nha+Trang/data=!4m10!3m9!1s0x317067234f03af7b:0x944bc028f911c92a!5m2!4m1!1i2!8m2!3d12.2735167!4d109.2024621!16s%2Fg%2F11gzs7gbcf!19sChIJe68DTyNncDERKskR-SjAS5Q?authuser=0&hl=en&rclk=1,http://anrizon.com/
hotel02064,Venue Hotel,venue,hotel,"24 Tôn Đản, Phường Lộc Thọ, 37 Tôn Đản, Lộc Thọ, Nha Trang, Khánh Hòa 650000",Nha Trang,nha trang,12.237398,109.1961821,0258 6258 888 ,700000,"₫700,000",4.3,Hotel,Hotel,https://www.google.com/maps/place/Venue+Hotel/data=!4m10!3m9!1s0x3170677b06007567:0x15a6b5517f38f10e!5m2!4m1!1i2!8m2!3d12.237398!4d109.1961821!16s%2Fg%2F11bzs3dh17!19sChIJZ3UABntncDERDvE4f1G1phU?authuser=0&hl=en&rclk=1,http://venuehotelvn.com/vn.html
hotel02065,Arima Hotel Nha Trang by HC Group,arima nha trang by hc group,hotel,"Hẻm 96B Trần Phú, Lộc Thọ, Nha Trang, Khánh Hòa 650000",Nha Trang,nha trang,12.2274538,109.199019,0378 174 040 ,190971,"₫190,971",4.8,Hotel,Hotel,https://www.google.com/maps/place/Arima+Hotel+Nha+Trang+by+HC+Group/data=!4m10!3m9!1s0x317067bb77e340a1:0xad6cb5ce77234e09!5m2!4m1!1i2!8m2!3d12.2274538!4d109.199019!16s%2Fg%2F11h3_rhh9q!19sChIJoUDjd7tncDERCU4jd861bK0?authuser=0&hl=en&rclk=1,
hotel02066,Yellow Sea,yellow,beach,"23 Dã Tượng, Vĩnh Hoà, Nha Trang, Khánh Hòa",Nha Trang,nha trang,12.218733,109.203548,0914 103 100 ,163350,"₫163,350",4.2,Hotel,Hotel,https://www.google.com/maps/place/Yellow+Sea/data=!4m10!3m9!1s0x31706743991f2e29:0xe6ef6c729f5aee8a!5m2!4m1!1i2!8m2!3d12.218733!4d109.203548!16s%2Fg%2F11c6cfr6nh!19sChIJKS4fmUNncDERiu5an3Js7-Y?authuser=0&hl=en&rclk=1,
hotel02067,Seana Hotel Nha Trang,seana nha trang,hotel,"5H Quân Trấn, Lộc Thọ, Nha Trang, Khánh Hòa 650000",Nha Trang,nha trang,12.234456,109.1960197,,416787,"₫416,787",4.7,Hotel,Hotel,https://www.google.com/maps/place/Seana+Hotel+Nha+Trang/data=!4m10!3m9!1s0x317067dac2360cfd:0x181931c883cc3a33!5m2!4m1!1i2!8m2!3d12.234456!4d109.1960197!16s%2Fg%2F11h5m0d8yl!19sChIJ_Qw2wtpncDERMzrMg8gxGRg?authuser=0&hl=en&rclk=1,http://seanahotel.com/
hotel02068,Smile Hotel Nha Trang (3-star),smile nha trang 3 star,hotel,"45/1 Hùng Vương, Lộc Thọ, Ward, Khánh Hòa 650000",Khánh Hòa,khanh hoa,12.2368477,109.1955279,0258 3521 155 ,213125,"₫213,125",4.2,Hotel,Hotel,https://www.google.com/maps/place/Smile+Hotel+Nha+Trang+%283-star%29/data=!4m10!3m9!1s0x3170677b3fdd431b:0x7d1121e730f9041b!5m2!4m1!1i2!8m2!3d12.2368477!4d109.1955279!16s%2Fg%2F11f287lpxj!19sChIJG0PdP3tncDERGwT5MOchEX0?authuser=0&hl=en&rclk=1,
hotel02069,Aqua Hotel & Spa,aqua spa,hotel,"96A5 Trần Phú, Lộc Thọ, Nha Trang, Khánh Hòa 650000",Nha Trang,nha trang,12.2285377,109.1992262,0326 789 766 ,161290,"₫161,290",4.2,Hotel,Hotel,https://www.google.com/maps/place/Aqua+Hotel+%26+Spa/data=!4m10!3m9!1s0x317067527cac64f3:0xca263a3e2e06d597!5m2!4m1!1i2!8m2!3d12.2285377!4d109.1992262!16s%2Fg%2F11x7xglqjm!19sChIJ82SsfFJncDERl9UGLj46Jso?authuser=0&hl=en&rclk=1,
hotel02070,The Swan,the swan,hotel,"5a Tuệ Tĩnh, Lộc Thọ, Nha Trang, Khánh Hòa 650000",Nha Trang,nha trang,12.2293988,109.1962567,0971 130 340 ,177811,"₫177,811",3.9,Hotel,Hotel,https://www.google.com/maps/place/The+Swan/data=!4m10!3m9!1s0x3170677093c78995:0xbad9f9233c519ac0!5m2!4m1!1i2!8m2!3d12.2293988!4d109.1962567!16s%2Fg%2F11f7bdxmg8!19sChIJlYnHk3BncDERwJpRPCP52bo?authuser=0&hl=en&rclk=1,https://theswanhotel.com.vn/
hotel02071,Lenid Ocean View Hotel,lenid ocean view,hotel,"5 Phạm Văn Đồng, Vĩnh Hải, Nha Trang, Khánh Hòa 650000",Nha Trang,nha trang,12.284456,109.2037958,0258 3551 888 ,244018,"₫244,018",3.8,Hotel,Hotel,https://www.google.com/maps/place/Lenid+Ocean+View+Hotel/data=!4m10!3m9!1s0x317067e3b63b429f:0x6f7ab58b04254ca7!5m2!4m1!1i2!8m2!3d12.284456!4d109.2037958!16s%2Fg%2F11f06mgqgc!19sChIJn0I7tuNncDERp0wlBIu1em8?authuser=0&hl=en&rclk=1,https://www.booking.com/Share-L1j22Ai
hotel02072,Siren Hotel,siren,hotel,"100/C1, Trần Phú, Lộc Thọ, Nha Trang, Khánh Hòa 650000",Nha Trang,nha trang,12.2254219,109.2001926,0258 3526 077 ,201823,"₫201,823",3.8,Hotel,Hotel,https://www.google.com/maps/place/Siren+Hotel/data=!4m10!3m9!1s0x317067687694ead9:0x18ece1709db5eae4!5m2!4m1!1i2!8m2!3d12.2254219!4d109.2001926!16s%2Fg%2F11cmg9xhjb!19sChIJ2eqUdmhncDER5Oq1nXDh7Bg?authuser=0&hl=en&rclk=1,http://sirenhotelnhatrang.com/
hotel02073,New Sun Hotel,new sun,hotel,"2/3, Hùng Vương, Lộc Thọ, Nha Trang, Khánh Hòa 650000",Nha Trang,nha trang,12.241856,109.194388,0258 3524 288 ,258254,"₫258,254",4.0,Hotel,Hotel,https://www.google.com/maps/place/New+Sun+Hotel/data=!4m10!3m9!1s0x3170677948e1c519:0xa482384b67819145!5m2!4m1!1i2!8m2!3d12.241856!4d109.194388!16s%2Fg%2F11cn9gmvdl!19sChIJGcXhSHlncDERRZGBZ0s4gqQ?authuser=0&hl=en&rclk=1,
hotel02074,V Hotel Nha Trang,v nha trang,hotel,"8 Hùng Vương, Lộc Thọ, Nha Trang, Khánh Hòa 650000",Nha Trang,nha trang,12.2418539,109.194631,0918 882 018 ,419069,"₫419,069",4.1,Hotel,Hotel,https://www.google.com/maps/place/V+Hotel+Nha+Trang/data=!4m10!3m9!1s0x3170677946054fe3:0x6cf05a32fc842808!5m2!4m1!1i2!8m2!3d12.2418539!4d109.194631!16s%2Fg%2F11f120stft!19sChIJ408FRnlncDERCCiE_DJa8Gw?authuser=0&hl=en&rclk=1,http://vhotelnhatrang.com/
hotel02075,Melyna Hotel Nha Trang Beach,melyna nha trang beach,hotel,"16 Dã Tượng, Vĩnh Hoà, Nha Trang, Khánh Hòa",Nha Trang,nha trang,12.2191702,109.2039676,0258 3889 898 ,175390,"₫175,390",4.4,Hotel,Hotel,https://www.google.com/maps/place/Melyna+Hotel+Nha+Trang+Beach/data=!4m10!3m9!1s0x3170674393ab5f83:0x5f1773482912d8d6!5m2!4m1!1i2!8m2!3d12.2191702!4d109.2039676!16s%2Fg%2F11f3_2g4jr!19sChIJg1-rk0NncDER1tgSKUhzF18?authuser=0&hl=en&rclk=1,https://www.vietnam-hotels.net/vi/hotel/melyna-hotel-nha-trang-beach.html
hotel02076,Majestic Premium Hotel,majestic premium,hotel,"98d Trần Phú, Lộc Thọ, Nha Trang, Khánh Hòa 650000",Nha Trang,nha trang,12.2271577,109.1996977,0258 3878 899 ,508083,"₫508,083",4.3,Hotel,Hotel,https://www.google.com/maps/place/Majestic+Premium+Hotel/data=!4m10!3m9!1s0x31706782769ddcf5:0xf636d922cfcdbe92!5m2!4m1!1i2!8m2!3d12.2271577!4d109.1996977!16s%2Fg%2F11f5gwjfhs!19sChIJ9dyddoJncDERkr7NzyLZNvY?authuser=0&hl=en&rclk=1,http://www.majesticnhatranghotel.com/
hotel02077,Angel Hotel,angel,hotel,"51/19/37, Tuệ Tĩnh, Lộc Thọ, Nha Trang, Khánh Hòa 650000",Nha Trang,nha trang,12.2302702,109.1969405,0921 328 858 ,201652,"₫201,652",4.9,Hotel,Hotel,https://www.google.com/maps/place/Angel+Hotel/data=!4m10!3m9!1s0x31706730329416b7:0x8271eb06f734d867!5m2!4m1!1i2!8m2!3d12.2302702!4d109.1969405!16s%2Fg%2F11wqh3j2dy!19sChIJtxaUMjBncDERZ9g09wbrcYI?authuser=0&hl=en&rclk=1,https://www.facebook.com/p/Angel-hotel-Nha-Trang-61570935219841/
hotel02078,Nagar Hotel Nha Trang,nagar nha trang,hotel,"1i Quân Trấn, Street, Nha Trang, Khánh Hòa 650000",Nha Trang,nha trang,12.2343655,109.1962474,0258 3877 888 ,606471,"₫606,471",4.5,Hotel,Hotel,https://www.google.com/maps/place/Nagar+Hotel+Nha+Trang/data=!4m10!3m9!1s0x31706764d0f2fa43:0xc346dacb964436da!5m2!4m1!1i2!8m2!3d12.2343655!4d109.1962474!16s%2Fg%2F11gh479nnd!19sChIJQ_ry0GRncDER2jZElsvaRsM?authuser=0&hl=en&rclk=1,https://www.facebook.com/nagarhotelnhatrang/
hotel02079,Liberty Central Nha Trang Hotel,liberty central nha trang,hotel,"9 Biệt Thự, Lộc Thọ, Nha Trang, Khánh Hòa 650000",Nha Trang,nha trang,12.2355533,109.1956995,0258 3529 555 ,625713,"₫625,713",4.4,Hotel,Hotel,https://www.google.com/maps/place/Liberty+Central+Nha+Trang+Hotel/data=!4m10!3m9!1s0x3170677b4bda091b:0xdd08e93dd8cf8989!5m2!4m1!1i2!8m2!3d12.2355533!4d109.1956995!16s%2Fg%2F11b7wc9n30!19sChIJGwnaS3tncDERiYnP2D3pCN0?authuser=0&hl=en&rclk=1,https://www.libertycentralnhatrang.com/
hotel02080,West Lake Hotel,west lake,hotel,"Golden Bay 1 residential, D5, street, Cam Lâm, Khánh Hòa",Khánh Hòa,khanh hoa,12.1107173,109.1876162,0901 381 122 ,400892,"₫400,892",4.9,Hotel,Hotel,https://www.google.com/maps/place/West+Lake+Hotel/data=!4m10!3m9!1s0x3170f5e75a076ae9:0xc2a40f67719fc7c1!5m2!4m1!1i2!8m2!3d12.1107173!4d109.1876162!16s%2Fg%2F11j3rfq3g9!19sChIJ6WoHWuf1cDERwcefcWcPpMI?authuser=0&hl=en&rclk=1,
hotel02081,Golden Beach,golden,beach,"263 Nguyễn Thiện Thuật, Lộc Thọ, Nha Trang, Khánh Hòa 57000",Nha Trang,nha trang,12.2337563,109.1948467,0914 103 100 ,184800,"₫184,800",3.9,Hotel,Hotel,https://www.google.com/maps/place/Golden+Beach/data=!4m10!3m9!1s0x3170676497516b45:0x19c3d1e4b759a7de!5m2!4m1!1i2!8m2!3d12.2337563!4d109.1948467!16s%2Fg%2F1pycr7t_b!19sChIJRWtRl2RncDER3qdZt-TRwxk?authuser=0&hl=en&rclk=1,
hotel02082,Seven Seas Hotel Nha Trang,seven seas nha trang,hotel,"118A Đ. Trịnh Phong, Tân Tiến, Nha Trang, Khánh Hòa 650000",Nha Trang,nha trang,12.2383363,109.1911871,0394 666 687 ,241396,"₫241,396",4.1,Hotel,Hotel,https://www.google.com/maps/place/Seven+Seas+Hotel+Nha+Trang/data=!4m10!3m9!1s0x3170677cf8f8e771:0x86cfe74551d8e95e!5m2!4m1!1i2!8m2!3d12.2383363!4d109.1911871!16s%2Fg%2F11dyzbf5k0!19sChIJcef4-HxncDERXunYUUXnz4Y?authuser=0&hl=en&rclk=1,
hotel02083,DTX Hotel Nha Trang,dtx nha trang,hotel,"3A Quân Trấn, Lộc Thọ, Nha Trang, Khánh Hòa 650000",Nha Trang,nha trang,12.2348242,109.1963373,0394 156 768 ,444573,"₫444,573",4.6,Hotel,Hotel,https://www.google.com/maps/place/DTX+Hotel+Nha+Trang/data=!4m10!3m9!1s0x31706780f733c299:0xb7e64008c09d90d4!5m2!4m1!1i2!8m2!3d12.2348242!4d109.1963373!16s%2Fg%2F11h1kwmk5l!19sChIJmcIz94BncDER1JCdwAhA5rc?authuser=0&hl=en&rclk=1,https://dtxhotel.com/
hotel02084,Aaron Hotel,aaron,hotel,"06 Trần Quang Khải, Lộc Thọ, Nha Trang, Khánh Hòa 650000",Nha Trang,nha trang,12.2336583,109.1965429,0258 3881 555 ,390096,"₫390,096",4.2,Hotel,Hotel,https://www.google.com/maps/place/Aaron+Hotel/data=!4m10!3m9!1s0x31706764e1a1c477:0x70f4bfe86099684d!5m2!4m1!1i2!8m2!3d12.2336583!4d109.1965429!16s%2Fg%2F11g6p2lyyc!19sChIJd8Sh4WRncDERTWiZYOi_9HA?authuser=0&hl=en&rclk=1,https://book-directonline.com/properties/aaronhoteldirect
hotel02085,Meriton Hotel Nha Trang,meriton nha trang,hotel,"98B/7, Trần Phú, Lộc Thọ, Nha Trang, Khánh Hòa 650000",Nha Trang,nha trang,12.2271155,109.1995318,0258 3884 888 ,313409,"₫313,409",3.6,Hotel,Hotel,https://www.google.com/maps/place/Meriton+Hotel+Nha+Trang/data=!4m10!3m9!1s0x3170676215b9249d:0x374e3105b155762f!5m2!4m1!1i2!8m2!3d12.2271155!4d109.1995318!16s%2Fg%2F11jln0143d!19sChIJnSS5FWJncDERL3ZVsQUxTjc?authuser=0&hl=en&rclk=1,
hotel02086,Orbit Resort & Spa Nha Trang,orbit spa nha trang,hotel,"An Viên, Nha Trang, Khánh Hòa",Nha Trang,nha trang,12.196085,109.2082348,0258 6261 666 ,563488,"₫563,488",4.4,Resort,Hotel,https://www.google.com/maps/place/Orbit+Resort+%26+Spa+Nha+Trang/data=!4m10!3m9!1s0x317060b6828eb3ef:0xdd4c0e6ba6cb53ac!5m2!4m1!1i2!8m2!3d12.196085!4d109.2082348!16s%2Fg%2F11c1xm8vkm!19sChIJ77OOgrZgcDERrFPLpmsOTN0?authuser=0&hl=en&rclk=1,https://www.booking.com/hotel/vn/orbit-resort-amp-spa-nha-trang.html?aid=7955654&selected_currency=USD
hotel02087,Pho Bien Hotel,pho bien,hotel,"64/1 Trần Phú, Lộc Thọ, Nha Trang, Khánh Hòa 650000",Nha Trang,nha trang,12.23542,109.1967315,0258 3526 888 ,238882,"₫238,882",4.0,Hotel,Hotel,https://www.google.com/maps/place/Pho+Bien+Hotel/data=!4m10!3m9!1s0x3170677b2ae1c4ef:0x4999ea7dab42d320!5m2!4m1!1i2!8m2!3d12.23542!4d109.1967315!16s%2Fg%2F11xvx107j!19sChIJ78ThKntncDERINNCq33qmUk?authuser=0&hl=en&rclk=1,https://www.google.com/search?q=Kh%C3%A1ch+s%E1%BA%A1n+Ph%E1%BB%91+Bi%E1%BB%83n&stick=H4sIAAAAAAAA_-NgU1I1qDA2NDcwMzdPMkpMNUw2SU2zMqgwsbS0TE00T0lMMjFKMTYyWMQq6Z1xeGFyhkLxw10L8xQCMh7unqjglPlwd3MeAMOGDw9FAAAA&hl=vi&mat=CZ_EEKu3wqnZElcB7PxHsfctknOkDjFIi37BB9tr6gDCT-Y6jSeQ0Szb3JlnpISNbVKloy6qpEIJMifNIMm12S3Jy5Y-foHQ7Cs-Ed-EIpOy0p3tO656ims2j9JR7bRZBoo&authuser=0
hotel02088,Sapa Hills Hotel,sapa hills,hotel,"035 Mường Hoa, TT. Sa Pa, Sa Pa, Lào Cai 330000",Lào Cai,lao cai,22.331912,103.844228,0214 6523 449 ,474858,"₫474,858",4.3,Hotel,Hotel,https://www.google.com/maps/place/Sapa+Hills+Hotel/data=!4m10!3m9!1s0x36cd416acfb012dd:0xd497357ddc8a1948!5m2!4m1!1i2!8m2!3d22.331912!4d103.844228!16s%2Fg%2F11c5fyk4hd!19sChIJ3RKwz2pBzTYRSBmK3H01l9Q?authuser=0&hl=en&rclk=1,
hotel02089,Cloud House Sapa,cloud use sapa,lake,"180 Đường Điện Biên Phủ, TT. Sa Pa, Sa Pa, Lào Cai",Lào Cai,lao cai,22.34331,103.857056,0945 666 284 ,384835,"₫384,835",4.8,Hotel,Hotel,https://www.google.com/maps/place/Cloud+House+Sapa/data=!4m10!3m9!1s0x36cd4105780b8437:0x182dbe629d8d475a!5m2!4m1!1i2!8m2!3d22.34331!4d103.857056!16s%2Fg%2F11gycwjz_y!19sChIJN4QLeAVBzTYRWkeNnWK-LRg?authuser=0&hl=en&rclk=1,https://www.facebook.com/cloudhouse.sapa
hotel02090,Hotel de la Coupole Sapa - MGallery Collection,de la coupole sapa mgallery collection,hotel,"1, Hoang Lien Street Sapa District, Lao Cai Province Sapa, 033000",,,22.3344234,103.8401962,0214 3629 999 ,3359542,"₫3,359,542",4.9,Hotel,Hotel,https://www.google.com/maps/place/Hotel+de+la+Coupole+Sapa+-+MGallery+Collection/data=!4m10!3m9!1s0x36cd416bec8ea63d:0xae73251beae47d31!5m2!4m1!1i2!8m2!3d22.3344234!4d103.8401962!16s%2Fg%2F11fct4kzn9!19sChIJPaaO7GtBzTYRMX3k6hslc64?authuser=0&hl=en&rclk=1,https://www.hoteldelacoupole.com/
hotel02091,Sapa Centre Hotel,sapa centre,hotel,"10 – 12, Cau May Str, 12a Ng. Cầu Mây, TT. Sa Pa, Sa Pa, Lào Cai 330000",Lào Cai,lao cai,22.3345203,103.8414795,0862 556 299 ,574963,"₫574,963",4.7,Hotel,Hotel,https://www.google.com/maps/place/Sapa+Centre+Hotel/data=!4m10!3m9!1s0x36cd416d099040a1:0xc791d4bed915a271!5m2!4m1!1i2!8m2!3d22.3345203!4d103.8414795!16s%2Fg%2F11btm7pkbg!19sChIJoUCQCW1BzTYRcaIV2b7Ukcc?authuser=0&hl=en&rclk=1,http://www.sapacentrehotel.com/
hotel02092,Silk Path Grand Sapa Resort & Spa,silk path grand sapa spa,hotel,"Doi Quan 6, Group 5, Sa Pa, Lào Cai 330000",Lào Cai,lao cai,22.3380222,103.8380146,0214 3788 555 ,1721172,"₫1,721,172",4.7,Resort,Hotel,https://www.google.com/maps/place/Silk+Path+Grand+Sapa+Resort+%26+Spa/data=!4m10!3m9!1s0x36cd416ec1bfa135:0x3bbc575eded08ae9!5m2!4m1!1i2!8m2!3d22.3380222!4d103.8380146!16s%2Fg%2F11dz5qjs2h!19sChIJNaG_wW5BzTYR6YrQ3l5XvDs?authuser=0&hl=en&rclk=1,https://silkpathhotel.com/
hotel02093,Mường Hoa View Hotel,muong hoa view,hotel,"038A Mường Hoa, road, Sa Pa, Lào Cai 31706",Lào Cai,lao cai,22.3287045,103.845741,0396 119 888 ,414943,"₫414,943",4.5,Hotel,Hotel,https://www.google.com/maps/place/M%C6%B0%E1%BB%9Dng+Hoa+View+Hotel/data=!4m10!3m9!1s0x36cd41141ce818fb:0x639676c9bc877f8!5m2!4m1!1i2!8m2!3d22.3287045!4d103.845741!16s%2Fg%2F11h8fm7wx3!19sChIJ-xjoHBRBzTYR-HfIm2xnOQY?authuser=0&hl=en&rclk=1,https://www.booking.com/hotel/vn/muong-hoa-view.vi.html
hotel02094,"Hotel Sapa Square , Affiliated by Meliá",sapa square affiliated by melia,hotel,"08 phố Cầu Mây, TT. Sa Pa, Sa Pa, Lào Cai 33000",Lào Cai,lao cai,22.33481,103.841174,0214 3871 996 ,1571171,"₫1,571,171",4.6,Hotel,Hotel,"https://www.google.com/maps/place/Hotel+Sapa+Square+,+Affiliated+by+Meli%C3%A1/data=!4m10!3m9!1s0x36cd416b90d8c3a3:0x61d5ce5b756e27c8!5m2!4m1!1i2!8m2!3d22.33481!4d103.841174!16s%2Fg%2F11b5pkqcdl!19sChIJo8PYkGtBzTYRyCdudVvO1WE?authuser=0&hl=en&rclk=1",https://www.melia.com/en/hotels/vietnam/sapa/hotel-sapa-square-affiliated-by-melia?utm_campaign=google&utm_content=5742&utm_medium=organic&utm_source=directories
hotel02095,Amazing Hotel Sapa,amazing sapa,hotel,"8RMR+3XH, 23 Đ. Đông Lợi, TT. Sa Pa, Sa Pa, Lào Cai 330000",Lào Cai,lao cai,22.3327072,103.842464,0214 3865 888 ,1217398,"₫1,217,398",4.4,Hotel,Hotel,https://www.google.com/maps/place/Amazing+Hotel+Sapa/data=!4m10!3m9!1s0x36cd416a543af779:0x133bb9b78442b958!5m2!4m1!1i2!8m2!3d22.3327072!4d103.842464!16s%2Fg%2F11b7vycl9h!19sChIJefc6VGpBzTYRWLlChLe5OxM?authuser=0&hl=en&rclk=1,http://amazinghotel.com.vn/
hotel02096,Sapa Highland Resort & Spa Cao Nguyên,sapa highland spa cao nguyen,hotel,"07 Thác Bạc, Street, Sa Pa, Lào Cai 31706",Lào Cai,lao cai,22.3353865,103.8384822,0214 3771 123 ,1230500,"₫1,230,500",4.3,Resort,Hotel,https://www.google.com/maps/place/Sapa+Highland+Resort+%26+Spa+Cao+Nguy%C3%AAn/data=!4m10!3m9!1s0x36cd416956d42f2f:0xd04f08ba53387a57!5m2!4m1!1i2!8m2!3d22.3353865!4d103.8384822!16s%2Fg%2F11c1pk37z0!19sChIJLy_UVmlBzTYRV3o4U7oIT9A?authuser=0&hl=en&rclk=1,https://www.sapahighland.com/
hotel02097,My Gallery Boutique Hotel & Spa,my gallery boutique spa,hotel,"069B Mường Hoa, TT. Sa Pa, Sa Pa, Lào Cai",Lào Cai,lao cai,22.3284942,103.8461303,0986 504 925 ,859711,"₫859,711",4.8,Hotel,Hotel,https://www.google.com/maps/place/My+Gallery+Boutique+Hotel+%26+Spa/data=!4m10!3m9!1s0x36cd417b8cc1bfb5:0xa9bd085473bf93bc!5m2!4m1!1i2!8m2!3d22.3284942!4d103.8461303!16s%2Fg%2F11sx4m6l99!19sChIJtb_BjHtBzTYRvJO_c1QIvak?authuser=0&hl=en&rclk=1,https://myboutiquehotelvietnam.com/
hotel02098,Sapa Lake View Hotel,sapa lake view,hotel,"12 Ngũ Chỉ Sơn, TT. Sa Pa, Sa Pa, Lào Cai",Lào Cai,lao cai,22.3370277,103.8461829,,525924,"₫525,924",3.9,Hotel,Hotel,https://www.google.com/maps/place/Sapa+Lake+View+Hotel/data=!4m10!3m9!1s0x36cd41133e4cf15b:0x4a15672c37a4b91b!5m2!4m1!1i2!8m2!3d22.3370277!4d103.8461829!16s%2Fg%2F1pp2x9vw9!19sChIJW_FMPhNBzTYRG7mkNyxnFUo?authuser=0&hl=en&rclk=1,
hotel02099,Khách Sạn Mường Thanh Sapa,muong thanh sapa,hotel,"044 Ngũ Chỉ Sơn, Phường, Sa Pa, Lào Cai",Lào Cai,lao cai,22.3377647,103.847986,0214 3887 755 ,695704,"₫695,704",4.6,Hotel,Hotel,https://www.google.com/maps/place/Kh%C3%A1ch+S%E1%BA%A1n+M%C6%B0%E1%BB%9Dng+Thanh+Sapa/data=!4m10!3m9!1s0x36cd41ae4343d433:0xbb326f642a566245!5m2!4m1!1i2!8m2!3d22.3377647!4d103.847986!16s%2Fg%2F11b69tq1f4!19sChIJM9RDQ65BzTYRRWJWKmRvMrs?authuser=0&hl=en&rclk=1,
hotel02100,Mega View Homestay,mega view,homestay,"24 Ng. Cầu Mây, TT. Sa Pa, Sa Pa, Lào Cai 333101",Lào Cai,lao cai,22.331991,103.8433445,0924 551 552 ,286389,"₫286,389",4.9,Homestay,Hotel,https://www.google.com/maps/place/Mega+View+Homestay/data=!4m10!3m9!1s0x36cd41681646c3a5:0xcaf32a18be64d028!5m2!4m1!1i2!8m2!3d22.331991!4d103.8433445!16s%2Fg%2F11jx58nxdh!19sChIJpcNGFmhBzTYRKNBkvhgq88o?authuser=0&hl=en&rclk=1,https://www.megaviewhomestay.com/
hotel02101,Eden Central Hotel & Spa,eden central spa,hotel,"07 Phan xi păng, TT. Sa Pa, Sa Pa, Lào Cai 330000",Lào Cai,lao cai,22.3346687,103.8409201,0982 066 766 ,880225,"₫880,225",4.8,Hotel,Hotel,https://www.google.com/maps/place/Eden+Central+Hotel+%26+Spa/data=!4m10!3m9!1s0x36cd418513b2f699:0xb15f4a41c57252b3!5m2!4m1!1i2!8m2!3d22.3346687!4d103.8409201!16s%2Fg%2F11jyjppvrq!19sChIJmfayE4VBzTYRs1JyxUFKX7E?authuser=0&hl=en&rclk=1,
hotel02102,DeLaSol Sapa Hotel - Central Boutique Hotel,delasol sapa central boutique,hotel,"16 Đường Mường Hoa, TT. Sa Pa, Sa Pa, Lào Cai 31706",Lào Cai,lao cai,22.332362,103.8435226,0819 339 229 ,941322,"₫941,322",4.5,Hotel,Hotel,https://www.google.com/maps/place/DeLaSol+Sapa+Hotel+-+Central+Boutique+Hotel/data=!4m10!3m9!1s0x36cd412db7a972dd:0x3c78e67b20dfeb8c!5m2!4m1!1i2!8m2!3d22.332362!4d103.8435226!16s%2Fg%2F11rqcfyfqv!19sChIJ3XKpty1BzTYRjOvfIHvmeDw?authuser=0&hl=en&rclk=1,https://delasolphatlinhsapa.com/
hotel02103,Khu nghỉ dưỡng sạn Sapa Pine Hill Eco Lodge,khu nghi duong san sapa pine hill eco lodge,hotel,"05 Hoàng Diệu, TT. Sa Pa, Sa Pa, Lào Cai 330000",Lào Cai,lao cai,22.3367379,103.8414568,0856 115 599 ,884936,"₫884,936",4.9,Hotel,Hotel,https://www.google.com/maps/place/Khu+ngh%E1%BB%89+d%C6%B0%E1%BB%A1ng+s%E1%BA%A1n+Sapa+Pine+Hill+Eco+Lodge/data=!4m10!3m9!1s0x36cd41c153c16f6b:0x715db1b72ea6d956!5m2!4m1!1i2!8m2!3d22.3367379!4d103.8414568!16s%2Fg%2F11t9qzxwqk!19sChIJa2_BU8FBzTYRVtmmLrexXXE?authuser=0&hl=en&rclk=1,https://www.facebook.com/Sapapinehill
hotel02104,Saigonese Villa,saigonese,hotel,"Thác Bạc, TT. Sa Pa, Sa Pa, Lào Cai 31706",Lào Cai,lao cai,22.3357712,103.8351452,0985 846 698 ,1600000,"₫1,600,000",4.8,Villa,Hotel,https://www.google.com/maps/place/Saigonese+Villa/data=!4m10!3m9!1s0x36cd418338109a11:0x8a928a40eba77cac!5m2!4m1!1i2!8m2!3d22.3357712!4d103.8351452!16s%2Fg%2F11qs2f7ljk!19sChIJEZoQOINBzTYRrHyn60CKkoo?authuser=0&hl=en&rclk=1,
hotel02105,Sapa Vista Hotel,sapa vista,hotel,"No 70 Fansipan, TT. Sa Pa, Sa Pa, Lào Cai 330000",Lào Cai,lao cai,22.3327497,103.8375186,0916 725 787 ,624000,"₫624,000",4.2,Hotel,Hotel,https://www.google.com/maps/place/Sapa+Vista+Hotel/data=!4m10!3m9!1s0x36cd4169a2ec39cd:0xdc67fa4996001caa!5m2!4m1!1i2!8m2!3d22.3327497!4d103.8375186!16s%2Fg%2F11clw2xy30!19sChIJzTnsomlBzTYRqhwAlkn6Z9w?authuser=0&hl=en&rclk=1,http://sapavistahotel.com/
hotel02106,Sapa Valley view Hotel,sapa valley view,hotel,"034 Mường Hoa, TT. Sa Pa, Sa Pa, Lào Cai",Lào Cai,lao cai,22.3292037,103.8454701,0214 3888 011 ,395287,"₫395,287",4.8,Hotel,Hotel,https://www.google.com/maps/place/Sapa+Valley+view+Hotel/data=!4m10!3m9!1s0x36cd4182767c2d57:0xe150dac662024741!5m2!4m1!1i2!8m2!3d22.3292037!4d103.8454701!16s%2Fg%2F11l2m9tsmh!19sChIJVy18doJBzTYRQUcCYsbaUOE?authuser=0&hl=en&rclk=1,https://www.facebook.com/SapaValleyViewHotel/?locale=vi_VN
hotel02107,Northern Star Hotel,northern star,hotel,"024 Ngũ Chỉ Sơn, TT. Sa Pa, Sa Pa, Lào Cai",Lào Cai,lao cai,22.3368189,103.8454221,0214 3866 789 ,647330,"₫647,330",3.9,Hotel,Hotel,https://www.google.com/maps/place/Northern+Star+Hotel/data=!4m10!3m9!1s0x36cd416cb46105a9:0xddddb2c08d9c0d22!5m2!4m1!1i2!8m2!3d22.3368189!4d103.8454221!16s%2Fg%2F1hc7gjz8r!19sChIJqQVhtGxBzTYRIg2cjcCy3d0?authuser=0&hl=en&rclk=1,
hotel02108,Khách Sạn Le Bordeaux Sapa,le bordeaux sapa,hotel,"018 Fansipan, Street, Sa Pa, Lào Cai 330000",Lào Cai,lao cai,22.3336334,103.8407806,0983 983 186 ,535416,"₫535,416",4.2,Hotel,Hotel,https://www.google.com/maps/place/Kh%C3%A1ch+S%E1%BA%A1n+Le+Bordeaux+Sapa/data=!4m10!3m9!1s0x36cd416bb080ca19:0xf884aa7281e5d52a!5m2!4m1!1i2!8m2!3d22.3336334!4d103.8407806!16s%2Fg%2F11fxw59j6t!19sChIJGcqAsGtBzTYRKtXlgXKqhPg?authuser=0&hl=en&rclk=1,
hotel02109,Black Ship - Veshia Sapa,black ship veshia sapa,hotel,"Đội 8, thôn Lù Khẩu, Sa Pa, Lào Cai 31000",Lào Cai,lao cai,22.3938165,103.8302501,0886 735 777 ,1275000,"₫1,275,000",4.8,Hotel,Hotel,https://www.google.com/maps/place/Black+Ship+-+Veshia+Sapa/data=!4m10!3m9!1s0x36cd4192df05bf0b:0x9fb31d348ce8b49a!5m2!4m1!1i2!8m2!3d22.3938165!4d103.8302501!16s%2Fg%2F11v6sv_wyc!19sChIJC78F35JBzTYRmrTojDQds58?authuser=0&hl=en&rclk=1,
hotel02110,My Boutique Hotel & Spa,my boutique spa,hotel,"049A Mường Hoa, Street, Sa Pa, Lào Cai 31700",Lào Cai,lao cai,22.3299519,103.8459208,0988 242 503 ,1096069,"₫1,096,069",4.7,Hotel,Hotel,https://www.google.com/maps/place/My+Boutique+Hotel+%26+Spa/data=!4m10!3m9!1s0x36cd41e9fce4db0f:0x1d5a4bc791829743!5m2!4m1!1i2!8m2!3d22.3299519!4d103.8459208!16s%2Fg%2F11fct7k1dx!19sChIJD9vk_OlBzTYRQ5eCkcdLWh0?authuser=0&hl=en&rclk=1,
hotel02111,Cherry Sapa Hotel,cherry sapa,hotel,"09 Nguyễn Viết Xuân, TT. Sa Pa, Sa Pa, Lào Cai 330000",Lào Cai,lao cai,22.3384229,103.8507988,0823 880 588 ,243488,"₫243,488",4.7,Hotel,Hotel,https://www.google.com/maps/place/Cherry+Sapa+Hotel/data=!4m10!3m9!1s0x36cd412043edeac7:0x58d760672e431373!5m2!4m1!1i2!8m2!3d22.3384229!4d103.8507988!16s%2Fg%2F11v0y1fg6n!19sChIJx-rtQyBBzTYRcxNDLmdg11g?authuser=0&hl=en&rclk=1,
hotel02112,Venus Hostel Sapa,venus sapa,homestay,"04 Lê Quý Đôn, Street, Sa Pa, Lào Cai 330000",Lào Cai,lao cai,22.3392188,103.8440262,0944 500 929 ,303761,"₫303,761",4.5,Hostel,Hotel,https://www.google.com/maps/place/Venus+Hostel+Sapa/data=!4m10!3m9!1s0x36cd416d256f88d3:0xcc8bd88563ed26c6!5m2!4m1!1i2!8m2!3d22.3392188!4d103.8440262!16s%2Fg%2F11c1w00r0y!19sChIJ04hvJW1BzTYRxibtY4XYi8w?authuser=0&hl=en&rclk=1,
hotel02113,Lake Panorama Hotel,lake panorama,hotel,"01 Phạm Kim Đồng, TT. Sa Pa, Sa Pa, Lào Cai 330000",Lào Cai,lao cai,22.3377101,103.847817,0376 026 789 ,454537,"₫454,537",4.6,Hotel,Hotel,https://www.google.com/maps/place/Lake+Panorama+Hotel/data=!4m10!3m9!1s0x36cd41596bb2cf7d:0xcfa4569ac3b43a34!5m2!4m1!1i2!8m2!3d22.3377101!4d103.847817!16s%2Fg%2F11kqwlrqc8!19sChIJfc-ya1lBzTYRNDq0w5pWpM8?authuser=0&hl=en&rclk=1,https://www.facebook.com/profile.php?id=100034733636686
hotel02114,Mây Casa,may casa,hotel,"16c Ng. Cầu Mây, TT. Sa Pa, Sa Pa, Lào Cai",Lào Cai,lao cai,22.3342464,103.8415946,,699916,"₫699,916",4.6,Hotel,Hotel,https://www.google.com/maps/place/M%C3%A2y+Casa/data=!4m10!3m9!1s0x36cd41dbb33ff22b:0x14b2d080ac171969!5m2!4m1!1i2!8m2!3d22.3342464!4d103.8415946!16s%2Fg%2F11l1n7668m!19sChIJK_I_s9tBzTYRaRkXrIDQshQ?authuser=0&hl=en&rclk=1,
hotel02115,SAPA LAND HOTEL,sapa land,hotel,"Tx, 105A Đ. Thạch Sơn, TT. Sa Pa, Sa Pa, Lào Cai",Lào Cai,lao cai,22.3369775,103.8480518,0988 183 269 ,194787,"₫194,787",4.4,Hotel,Hotel,https://www.google.com/maps/place/SAPA+LAND+HOTEL/data=!4m10!3m9!1s0x36cd41007b1fefbd:0x3f394b9b3ea726cd!5m2!4m1!1i2!8m2!3d22.3369775!4d103.8480518!16s%2Fg%2F11gmxw25mj!19sChIJve8fewBBzTYRzSanPptLOT8?authuser=0&hl=en&rclk=1,https://www.facebook.com/Sapalandhotel?mibextid=LQQJ4d
hotel02116,Zizi Mekhoo Sapa Homestay,zizi mekhoo sapa,homestay,"Ban Pho village, Sa Pa, Lao Cai 330000",Lao Cai,lao cai,22.3071485,103.8956314,0965 659 620 ,117600,"₫117,600",4.6,Homestay,Hotel,https://www.google.com/maps/place/Zizi+Mekhoo+Sapa+Homestay/data=!4m10!3m9!1s0x36cd40beaaaaaa95:0x8140c5d028f522b7!5m2!4m1!1i2!8m2!3d22.3071485!4d103.8956314!16s%2Fg%2F11cjp9jy6_!19sChIJlaqqqr5AzTYRtyL1KNDFQIE?authuser=0&hl=en&rclk=1,https://hmongsisterhouseandtrekking.com/
hotel02117,Ta Van View Homestay,ta van view,homestay,"thôn tảvan mông, Sa Pa, Lao Cai",Lao Cai,lao cai,22.300256,103.886028,0914 591 424 ,150000,"₫150,000",4.4,Homestay,Hotel,https://www.google.com/maps/place/Ta+Van+View+Homestay/data=!4m10!3m9!1s0x36cd411205ee7205:0x771ed7be26e48eac!5m2!4m1!1i2!8m2!3d22.300256!4d103.886028!16s%2Fg%2F11f8hzcb9_!19sChIJBXLuBRJBzTYRrI7kJr7XHnc?authuser=0&hl=en&rclk=1,https://www.facebook.com/tavanview?mibextid=LQQJ4d
hotel02118,Sapa Luxury Hotel,sapa luxury,hotel,"155 Đ. Thạch Sơn, TT. Sa Pa, Sa Pa, Lào Cai 330000",Lào Cai,lao cai,22.337634,103.850996,0986 171 171 ,688597,"₫688,597",4.4,Hotel,Hotel,https://www.google.com/maps/place/Sapa+Luxury+Hotel/data=!4m10!3m9!1s0x36cd416fbe68b9fd:0xe17bc63608994d19!5m2!4m1!1i2!8m2!3d22.337634!4d103.850996!16s%2Fg%2F1tffs732!19sChIJ_blovm9BzTYRGU2ZCDbGe-E?authuser=0&hl=en&rclk=1,https://sapaluxuryhotelspa.com/
hotel02119,Sapa Brilliant Hotel,sapa brilliant,hotel,"055 Mường Hoa, TT. Sa Pa, Sa Pa, Lào Cai",Lào Cai,lao cai,22.3293528,103.8457247,0865 865 997 ,280000,"₫280,000",4.8,Hotel,Hotel,https://www.google.com/maps/place/Sapa+Brilliant+Hotel/data=!4m10!3m9!1s0x36cd417f6e4e6f45:0x2b5e4c7ae1c80323!5m2!4m1!1i2!8m2!3d22.3293528!4d103.8457247!16s%2Fg%2F11scmpp8zq!19sChIJRW9Obn9BzTYRIwPI4XpMXis?authuser=0&hl=en&rclk=1,
hotel02120,Hotels Sapa,s sapa,hotel,"Ngũ Chỉ Sơn, Sa Pa, Lao Cai",Lao Cai,lao cai,22.3367572,103.8450355,,660093,"₫660,093",3.5,Hotel,Hotel,https://www.google.com/maps/place/Hotels+Sapa/data=!4m10!3m9!1s0x36cd41134b9a3bc9:0x922151f0a30ee708!5m2!4m1!1i2!8m2!3d22.3367572!4d103.8450355!16s%2Fg%2F11csq5qybk!19sChIJyTuaSxNBzTYRCOcOo_BRIZI?authuser=0&hl=en&rclk=1,
hotel02121,H&T Luxury hotel,h t luxury,hotel,"12 Thủ Dầu Một, TT. Sa Pa, Sa Pa, Lào Cai 330000",Lào Cai,lao cai,22.3362239,103.8445775,0988 559 509 ,775988,"₫775,988",4.4,Hotel,Hotel,https://www.google.com/maps/place/H%26T+Luxury+hotel/data=!4m10!3m9!1s0x36cd4134dd662bb5:0xcd7a285cb9b69ec0!5m2!4m1!1i2!8m2!3d22.3362239!4d103.8445775!16s%2Fg%2F11r8m634k8!19sChIJtStm3TRBzTYRwJ62uVwoes0?authuser=0&hl=en&rclk=1,
hotel02122,Highland Resort,highland,hotel,"8 Thác Bạc, TT. Sa Pa, Sa Pa, Lào Cai",Lào Cai,lao cai,22.3359139,103.8394319,0888 031 666 ,1530000,"₫1,530,000",4.1,Resort,Hotel,https://www.google.com/maps/place/Highland+Resort/data=!4m10!3m9!1s0x36cd416c3effffff:0xf1ba0f1051d0050e!5m2!4m1!1i2!8m2!3d22.3359139!4d103.8394319!16s%2Fg%2F11g6njt23p!19sChIJ____PmxBzTYRDgXQURAPuvE?authuser=0&hl=en&rclk=1,
hotel02123,Sapa Paramount Hotel,sapa paramount,hotel,"Sa Pa, Lao Cai",Lao Cai,lao cai,22.3371566,103.8424311,0398 551 182 ,280000,"₫280,000",3.9,Hotel,Hotel,https://www.google.com/maps/place/Sapa+Paramount+Hotel/data=!4m10!3m9!1s0x36cd416c7b4ce769:0x4d451fbe8d9fbffb!5m2!4m1!1i2!8m2!3d22.3371566!4d103.8424311!16s%2Fg%2F11c32md00_!19sChIJaedMe2xBzTYR-7-fjb4fRU0?authuser=0&hl=en&rclk=1,https://www.facebook.com/KhachsanSapaParamount/
hotel02124,Big Tree Hmong Homestay,big tree hmong,homestay,"Thôn Hàng - Xã Hoàng Liên - Thị xã Sapa, Lao Chải, Sa Pa, Lào Cai",Lào Cai,lao cai,22.303293,103.8795025,0326 888 562 ,285073,"₫285,073",4.8,Homestay,Hotel,https://www.google.com/maps/place/Big+Tree+Hmong+Homestay/data=!4m10!3m9!1s0x36cd477ec70fd657:0xcba5a0e976e4f39f!5m2!4m1!1i2!8m2!3d22.303293!4d103.8795025!16s%2Fg%2F11g2m0wjc_!19sChIJV9YPx35HzTYRn_Pkdumgpcs?authuser=0&hl=en&rclk=1,https://instagram.com/big_tree_hmong_homestay?igshid=YTQwZjQ0NmI0OA%3D%3D&utm_source=qr
hotel02125,Sapa Lodge Hotel,sapa lodge,hotel,"33 Mường Hoa, TT. Sa Pa, Sa Pa, Lào Cai",Lào Cai,lao cai,22.332154,103.8440609,0214 3772 885 ,707450,"₫707,450",3.7,Hotel,Hotel,https://www.google.com/maps/place/Sapa+Lodge+Hotel/data=!4m10!3m9!1s0x36cd416adf36dec7:0xa33ec147b20edfa0!5m2!4m1!1i2!8m2!3d22.332154!4d103.8440609!16s%2Fg%2F11bw7ctvx4!19sChIJx94232pBzTYRoN8OskfBPqM?authuser=0&hl=en&rclk=1,https://sapalodge.com.vn/
hotel02126,Sapa Legacy Hotel,sapa legacy,hotel,"18 Ngũ Chỉ Sơn, TT. Sa Pa, Sa Pa, Lào Cai 330000",Lào Cai,lao cai,22.3373538,103.8466557,0984 035 646 ,505269,"₫505,269",4.8,Hotel,Hotel,https://www.google.com/maps/place/Sapa+Legacy+Hotel/data=!4m10!3m9!1s0x36cd41937750bac1:0x36b1b0efe67a49e9!5m2!4m1!1i2!8m2!3d22.3373538!4d103.8466557!16s%2Fg%2F11vkh4kvs6!19sChIJwbpQd5NBzTYR6Ul65u-wsTY?authuser=0&hl=en&rclk=1,https://www.sapalegacyhotel.com/
hotel02127,Phuong Nam Hotel,phuong nam,hotel,"033 Fansipan, Road, Sa Pa, Lào Cai",Lào Cai,lao cai,22.3333595,103.8408186,0826 663 366 ,432216,"₫432,216",4.2,Hotel,Hotel,https://www.google.com/maps/place/Phuong+Nam+Hotel/data=!4m10!3m9!1s0x36cd416b1176a695:0xa340cacc108e327c!5m2!4m1!1i2!8m2!3d22.3333595!4d103.8408186!16s%2Fg%2F1pzwmpdwy!19sChIJlaZ2EWtBzTYRfDKOEMzKQKM?authuser=0&hl=en&rclk=1,
hotel02128,Comlam Eco House,comlam eco use,lake,"Ta Van - Seo My Ty, Tả Van, Sa Pa, Lào Cai",Lào Cai,lao cai,22.3025334,103.8859786,0866 599 588 ,250590,"₫250,590",4.7,Hotel,Hotel,https://www.google.com/maps/place/Comlam+Eco+House/data=!4m10!3m9!1s0x36cd478f9ed54247:0x80c2763bc5ded107!5m2!4m1!1i2!8m2!3d22.3025334!4d103.8859786!16s%2Fg%2F11h_zvtzvk!19sChIJR0LVno9HzTYRB9HexTt2woA?authuser=0&hl=en&rclk=1,https://comlamecohouseandcafe.com/home
hotel02129,ALIANA Boutique Sapa Hotel & Spa,aliana boutique sapa spa,hotel,"No.30 Hoàng Liên, Street, Sa Pa, Lào Cai",Lào Cai,lao cai,22.3341757,103.8364826,0214 3772 268 ,1316292,"₫1,316,292",4.7,Hotel,Hotel,https://www.google.com/maps/place/ALIANA+Boutique+Sapa+Hotel+%26+Spa/data=!4m10!3m9!1s0x36cd416904e2dd83:0x38d45194a8cfda0d!5m2!4m1!1i2!8m2!3d22.3341757!4d103.8364826!16s%2Fg%2F11css795sj!19sChIJg93iBGlBzTYRDdrPqJRR1Dg?authuser=0&hl=en&rclk=1,https://alianaboutiquesapa.com/
hotel02130,Sapa Eco Bungalows & Spa,sapa eco bungalows spa,hotel,"Ta Van, Sa Pa, Lao Cai 330000",Lao Cai,lao cai,22.3062405,103.8878574,0986 447 386 ,910232,"₫910,232",4.0,Hotel,Hotel,https://www.google.com/maps/place/Sapa+Eco+Bungalows+%26+Spa/data=!4m10!3m9!1s0x36cd40ca5357d619:0x3abe38a9d3b054d2!5m2!4m1!1i2!8m2!3d22.3062405!4d103.8878574!16s%2Fg%2F11h197185h!19sChIJGdZXU8pAzTYR0lSw06k4vjo?authuser=0&hl=en&rclk=1,
hotel02131,Delta Sapa Hotel,delta sapa,hotel,"031 Ng. Cầu Mây, TT. Sa Pa, Sa Pa, Lào Cai 330000",Lào Cai,lao cai,22.3334443,103.8427099,0886 144 999 ,480347,"₫480,347",4.2,Hotel,Hotel,https://www.google.com/maps/place/Delta+Sapa+Hotel/data=!4m10!3m9!1s0x36cd416b1a0bde6b:0xe720c848ccc5da16!5m2!4m1!1i2!8m2!3d22.3334443!4d103.8427099!16s%2Fg%2F11b_2p8vxq!19sChIJa94LGmtBzTYRFtrFzEjIIOc?authuser=0&hl=en&rclk=1,https://deltasapahotel.com/
hotel02132,Luckydaisy's Buffalo House,luckydaisy s buffalo use,lake,"8V2V+6PF, Tả Van, Sa Pa, Lào Cai",Lào Cai,lao cai,22.3005733,103.894289,0903 475 298 ,433795,"₫433,795",4.5,Hotel,Hotel,https://www.google.com/maps/place/Luckydaisy%27s+Buffalo+House/data=!4m10!3m9!1s0x36cd474b1f123571:0x2844f28926dc9fc2!5m2!4m1!1i2!8m2!3d22.3005733!4d103.894289!16s%2Fg%2F11b7yy7qnq!19sChIJcTUSH0tHzTYRwp_cJonyRCg?authuser=0&hl=en&rclk=1,https://avadatravel.com/
hotel02133,Ta Phin Cottage,ta phin cottage,hotel,"Đội 6, thôn Can Ngài, Tả Phìn, Sa Pa, Lào Cai",Lào Cai,lao cai,22.3855661,103.8371708,0977 694 960 ,1042926,"₫1,042,926",4.8,Hotel,Hotel,https://www.google.com/maps/place/Ta+Phin+Cottage/data=!4m10!3m9!1s0x36cd41fceeb49d47:0xaf240e8f1ac87762!5m2!4m1!1i2!8m2!3d22.3855661!4d103.8371708!16s%2Fg%2F11rxtvjczz!19sChIJR5207vxBzTYRYnfIGo8OJK8?authuser=0&hl=en&rclk=1,https://www.booking.com/Share-YNjbwk
hotel02134,Mountain View Station Restaurant & Homestay,mountain view station homestay,restaurant,"034 Mường Hoa, TT. Sa Pa, Sa Pa, Lào Cai 31000",Lào Cai,lao cai,22.3293366,103.8454964,0366 668 138 ,570770,"₫570,770",4.7,Homestay,Hotel,https://www.google.com/maps/place/Mountain+View+Station+Restaurant+%26+Homestay/data=!4m10!3m9!1s0x36cd4184627f03cd:0x4693b57fb5c42cd0!5m2!4m1!1i2!8m2!3d22.3293366!4d103.8454964!16s%2Fg%2F11fpjgs31q!19sChIJzQN_YoRBzTYR0CzEtX-1k0Y?authuser=0&hl=en&rclk=1,
hotel02135,Eco Farmer House sapa Retreat,eco farmer use sapa retreat,lake,"Tổ2, Phường Cầu mây, Sa Pả, Sa Pa, Lào Cai 330000",Lào Cai,lao cai,22.3143514,103.8833614,0973 565 898 ,697035,"₫697,035",4.6,Hotel,Hotel,https://www.google.com/maps/place/Eco+Farmer+House+sapa+Retreat/data=!4m10!3m9!1s0x36cd419de8fde469:0x51920a94450db986!5m2!4m1!1i2!8m2!3d22.3143514!4d103.8833614!16s%2Fg%2F11fn56ccvb!19sChIJaeT96J1BzTYRhrkNRZQKklE?authuser=0&hl=en&rclk=1,
hotel02136,Sapa Charm Hotel,sapa charm,hotel,"032 Mường Hoa, TT. Sa Pa, Sa Pa, Lào Cai",Lào Cai,lao cai,22.3295329,103.8454168,0833 610 788 ,967397,"₫967,397",4.4,Hotel,Hotel,https://www.google.com/maps/place/Sapa+Charm+Hotel/data=!4m10!3m9!1s0x36cd413fe4c2a72d:0xef53e03d26f48f6!5m2!4m1!1i2!8m2!3d22.3295329!4d103.8454168!16s%2Fg%2F11g9djnvs4!19sChIJLafC5D9BzTYR9khv0gM-9Q4?authuser=0&hl=en&rclk=1,http://sapacharm.com/
hotel02137,Four Points by Sheraton Ha Giang,four points by sheraton ha giang,hotel,"Cluster 12, Ha Giang 2 Ward, Tuyen Quang Province, Hà Giang, 310000",Hà Giang,ha giang,22.833766,104.989071,0219 3846 666 ,1281512,"₫1,281,512",4.8,Hotel,Hotel,https://www.google.com/maps/place/Four+Points+by+Sheraton+Ha+Giang/data=!4m10!3m9!1s0x36cc7835ac33ba05:0x1c3cad2e6ef1619b!5m2!4m1!1i2!8m2!3d22.833766!4d104.989071!16s%2Fg%2F11wqqyf5w5!19sChIJBbozrDV4zDYRm2Hxbi6tPBw?authuser=0&hl=en&rclk=1,https://www.marriott.com/en-us/hotels/hanhp-four-points-ha-giang/overview/?scid=f2ae0541-1279-4f24-b197-a979c79310b0
hotel02138,"Strawberry Ha Giang Loop Tour, Motorbike Rental & Rooms",strawberry ha giang loop tour motorbike rental rooms,hotel,"209 đường 20/8, P. Nguyễn Trãi, Hà Giang, 310000",Hà Giang,ha giang,22.8262,104.97558,0838 285 888 ,157409,"₫157,409",5.0,Hotel,Hotel,"https://www.google.com/maps/place/Strawberry+Ha+Giang+Loop+Tour,+Motorbike+Rental+%26+Rooms/data=!4m10!3m9!1s0x36cc79b0c9757629:0x1a07dc7e6de52617!5m2!4m1!1i2!8m2!3d22.8262!4d104.97558!16s%2Fg%2F11vm83h6yj!19sChIJKXZ1ybB5zDYRFyblbX7cBxo?authuser=0&hl=en&rclk=1",https://strawberryhagiangloop.com/
hotel02139,Phoenix Hotel,phoenix,hotel,"92T Nguyễn Trãi, P. Nguyễn Trãi, Hà Giang, 310000",Hà Giang,ha giang,22.8104461,104.9791893,0914 688 158 ,939330,"₫939,330",4.3,Hotel,Hotel,https://www.google.com/maps/place/Phoenix+Hotel/data=!4m10!3m9!1s0x36cc79e60f555fc3:0x31becec9c23b459d!5m2!4m1!1i2!8m2!3d22.8104461!4d104.9791893!16s%2Fg%2F11fhkrmmbs!19sChIJw19VD-Z5zDYRnUU7wsnOvjE?authuser=0&hl=en&rclk=1,http://phoenixhotelhagiang.com/
hotel02140,Yen Bien Luxury Hotel & Wedding,yen bien luxury wedding,hotel,"517 Nguyễn Trãi, P. Nguyễn Trãi, Hà Giang",Hà Giang,ha giang,22.8292187,104.9837632,0219 3899 999 ,982883,"₫982,883",4.5,Hotel,Hotel,https://www.google.com/maps/place/Yen+Bien+Luxury+Hotel+%26+Wedding/data=!4m10!3m9!1s0x36cc79800ae612eb:0x22a4217c42341e7a!5m2!4m1!1i2!8m2!3d22.8292187!4d104.9837632!16s%2Fg%2F11qrdj3lsp!19sChIJ6xLmCoB5zDYReh40QnwhpCI?authuser=0&hl=en&rclk=1,http://www.yenbienluxury.vn/
hotel02141,Panhou Retreat,panu retreat,lake,"Làng Giang, Hoàng Su Phì District, Hà Giang 314210",Hà Giang,ha giang,22.5763293,104.7448583,0966 615 050 ,2297557,"₫2,297,557",4.6,Hotel,Hotel,https://www.google.com/maps/place/Panhou+Retreat/data=!4m10!3m9!1s0x36cb890225555555:0xfdd83e62f2c100fd!5m2!4m1!1i2!8m2!3d22.5763293!4d104.7448583!16s%2Fg%2F11xd59kl9!19sChIJVVVVJQKJyzYR_QDB8mI-2P0?authuser=0&hl=en&rclk=1,https://www.panhouretreat.com/
hotel02142,Silk River Hotel,silk river,hotel,"90 Nguyễn Trãi, P. Nguyễn Trãi, Hà Giang, 100000",Hà Giang,ha giang,22.8108529,104.979326,0889 775 678 ,724077,"₫724,077",4.5,Hotel,Hotel,https://www.google.com/maps/place/Silk+River+Hotel/data=!4m10!3m9!1s0x36cc79a7976ad057:0xcb7e595ea597303e!5m2!4m1!1i2!8m2!3d22.8108529!4d104.979326!16s%2Fg%2F11r9nb50r9!19sChIJV9Bql6d5zDYRPjCXpV5Zfss?authuser=0&hl=en&rclk=1,https://silkriverhotel.com/
hotel02143,TVPalm Ecolodge,tvpalm ecolodge,hotel,"Khuổi My, Tp. Hà Giang, Hà Giang 310000",Hà Giang,ha giang,22.8220263,104.92535,0366 885 955 ,601425,"₫601,425",4.6,Hotel,Hotel,https://www.google.com/maps/place/TVPalm+Ecolodge/data=!4m10!3m9!1s0x36cc7bf0951978ad:0xabf1f0402f54a73e!5m2!4m1!1i2!8m2!3d22.8220263!4d104.92535!16s%2Fg%2F11s8hqy5lx!19sChIJrXgZlfB7zDYRPqdUL0Dw8as?authuser=0&hl=en&rclk=1,http://tvpalm.com/
hotel02144,P'apiu Resort,p apiu,hotel,"Km18, Yên Dịnh, Bắc Mê, Hà Giang 20000",Hà Giang,ha giang,22.8129627,105.1085246,0219 3841 999 ,16254413,"₫16,254,413",4.8,Resort,Hotel,https://www.google.com/maps/place/P%27apiu+Resort/data=!4m10!3m9!1s0x36cb87a4110b3ca3:0xdeb65095c70d188d!5m2!4m1!1i2!8m2!3d22.8129627!4d105.1085246!16s%2Fg%2F11j_y1r7ns!19sChIJozwLEaSHyzYRjRgNx5VQtt4?authuser=0&hl=en&rclk=1,https://papiu.vn/en/
hotel02145,Thavill Retreat Hagiang,thavill retreat hagiang,hotel,"RWPX+6GG, Thôn Tha, Hà Giang",Hà Giang,ha giang,22.8355625,104.9488125,0964 085 500 ,1989192,"₫1,989,192",5.0,Hotel,Hotel,https://www.google.com/maps/place/Thavill+Retreat+Hagiang/data=!4m10!3m9!1s0x36cc79f453aac11b:0xc253ac193f03d693!5m2!4m1!1i2!8m2!3d22.8355625!4d104.9488125!16s%2Fg%2F11vcm4mwgj!19sChIJG8GqU_R5zDYRk9YDPxmsU8I?authuser=0&hl=en&rclk=1,http://www.thavillretreat.com/
hotel02146,Truong Xuan Resort,truong xuan,hotel,"430 Nguyễn Văn Linh, Street, Hà Giang",Hà Giang,ha giang,22.8480396,105.0120925,0219 3811 102 ,451501,"₫451,501",3.8,Resort,Hotel,https://www.google.com/maps/place/Truong+Xuan+Resort/data=!4m10!3m9!1s0x36cc781f72672fa9:0xef89700fb2dd2b8b!5m2!4m1!1i2!8m2!3d22.8480396!4d105.0120925!16s%2Fg%2F11xjbvb36!19sChIJqS9nch94zDYRiyvdsg9wie8?authuser=0&hl=en&rclk=1,
hotel02147,Hotel Cao Nguyen,cao nguyen,hotel,"297 Nguyễn Thái Học, P. Trần Phú, Hà Giang, 310000",Hà Giang,ha giang,22.8309077,104.9861415,0963 885 511 ,560500,"₫560,500",3.8,Hotel,Hotel,https://www.google.com/maps/place/Hotel+Cao+Nguyen/data=!4m10!3m9!1s0x36cc784aad1053b5:0x6bd4743e9b2b295f!5m2!4m1!1i2!8m2!3d22.8309077!4d104.9861415!16s%2Fg%2F1hhhvdwqm!19sChIJtVMQrUp4zDYRXykrmz501Gs?authuser=0&hl=en&rclk=1,http://caonguyenhotel.vn/
hotel02148,Khách sạn Tiamo Hà Giang,tiamo ha giang,hotel,"56 Nguyễn Thái Học, P. Minh Khai, Hà Giang",Hà Giang,ha giang,22.8258412,104.9859243,0949 796 556 ,309474,"₫309,474",3.9,Hotel,Hotel,https://www.google.com/maps/place/Kh%C3%A1ch+s%E1%BA%A1n+Tiamo+H%C3%A0+Giang/data=!4m10!3m9!1s0x36cc7c0000000001:0x451310dd8876608!5m2!4m1!1i2!8m2!3d22.8258412!4d104.9859243!16s%2Fg%2F11c7s3fyl9!19sChIJAQAAAAB8zDYRCGaH2A0xUQQ?authuser=0&hl=en&rclk=1,https://m.facebook.com/hagiang.tiamo.hotel/
hotel02149,Hoang Su Phi Lodge,ang su phi lodge,lake,"Thôn Nậm Hồng, Hoàng Su Phì District, Hà Giang 313900",Hà Giang,ha giang,22.5674594,104.7230914,0866 196 878 ,841499,"₫841,499",4.2,Hotel,Hotel,https://www.google.com/maps/place/Hoang+Su+Phi+Lodge/data=!4m10!3m9!1s0x36cc8d47a023f159:0x145deb057037de23!5m2!4m1!1i2!8m2!3d22.5674594!4d104.7230914!16s%2Fg%2F11f75zq1z1!19sChIJWfEjoEeNzDYRI943cAXrXRQ?authuser=0&hl=en&rclk=1,https://hoangsuphilodge.com/
hotel02150,Ha Giang Historic House,ha giang historic use,lake,"209 Minh Khai, P. Minh Khai, Hà Giang, 310000",Hà Giang,ha giang,22.8147737,104.9895965,0974 087 988 ,769847,"₫769,847",4.8,Hotel,Hotel,https://www.google.com/maps/place/Ha+Giang+Historic+House/data=!4m10!3m9!1s0x36cc7946d3f80d75:0xa82cb9d19ee61f0a!5m2!4m1!1i2!8m2!3d22.8147737!4d104.9895965!16s%2Fg%2F11fjz70n2x!19sChIJdQ3400Z5zDYRCh_mntG5LKg?authuser=0&hl=en&rclk=1,https://hagianghistorichouse.com/
hotel02151,Whale Island Resort,whale island,hotel,"PPR4+M5M, Vn Thnh, Vn Ninh District, Khánh Hòa, Hoàng Su Phì, Hà Giang 650000",Hà Giang,ha giang,22.741717,104.705431,0966 833 858 ,1847419,"₫1,847,419",,Resort,Hotel,https://www.google.com/maps/place/Whale+Island+Resort/data=!4m10!3m9!1s0x36cc610000000001:0x1d713bd78687d997!5m2!4m1!1i2!8m2!3d22.741717!4d104.705431!16s%2Fg%2F11svc8826g!19sChIJAQAAAABhzDYRl9mHhtc7cR0?authuser=0&hl=en&rclk=1,
hotel02152,Khách sạn Friend Hotel,friend,hotel,"Hữu Nghị, Phương Thiện, Hà Giang",Hà Giang,ha giang,22.8057929,104.9750908,0919 218 383 ,464642,"₫464,642",4.8,Hotel,Hotel,https://www.google.com/maps/place/Kh%C3%A1ch+s%E1%BA%A1n+Friend+Hotel/data=!4m10!3m9!1s0x36cc790231f81d69:0x3bfe7052ae04d0ee!5m2!4m1!1i2!8m2!3d22.8057929!4d104.9750908!16s%2Fg%2F11r9f945xw!19sChIJaR34MQJ5zDYR7tAErlJw_js?authuser=0&hl=en&rclk=1,
hotel02153,Riz d'or Retreat Ta Su Choong,riz d or retreat ta su cong,lake,"Tả Sử Choóng, Hoàng Su Phì District, Hà Giang 20630",Hà Giang,ha giang,22.6726541,104.7475216,0941 027 447 ,1584000,"₫1,584,000",4.8,Hotel,Hotel,https://www.google.com/maps/place/Riz+d%27or+Retreat+Ta+Su+Choong/data=!4m10!3m9!1s0x36cc8bf6cf5f221f:0x539b49ae4a03c7ea!5m2!4m1!1i2!8m2!3d22.6726541!4d104.7475216!16s%2Fg%2F11s9lkqp91!19sChIJHyJfz_aLzDYR6scDSq5Jm1M?authuser=0&hl=en&rclk=1,
hotel02154,An Khang Hotel Hà giang,an khang ha giang,hotel,"220 Nguyễn Trãi, P. Nguyễn Trãi, Hà Giang",Hà Giang,ha giang,22.8165824,104.9813675,0812 966 566 ,569788,"₫569,788",4.8,Hotel,Hotel,https://www.google.com/maps/place/An+Khang+Hotel+H%C3%A0+giang/data=!4m10!3m9!1s0x36cc7988d33b8ee3:0x4821619de4a7c613!5m2!4m1!1i2!8m2!3d22.8165824!4d104.9813675!16s%2Fg%2F11vyxhv_tv!19sChIJ444704h5zDYRE8an5J1hIUg?authuser=0&hl=en&rclk=1,https://www.facebook.com/profile.php?id=61557928983103&mibextid=LQQJ4d
hotel02155,Sun Hà Giang Hotel,sun ha giang,hotel,"31 Nguyễn Văn Cừ, P. Minh Khai, Hà Giang",Hà Giang,ha giang,22.824869,104.9865625,0363 818 008 ,430000,"₫430,000",4.9,Hotel,Hotel,https://www.google.com/maps/place/Sun+H%C3%A0+Giang+Hotel.tours.motorbike+rental/data=!4m10!3m9!1s0x36cc79e57f3652d5:0x4f8f74a7adca6e22!5m2!4m1!1i2!8m2!3d22.824869!4d104.9865625!16s%2Fg%2F11sf6pzx53!19sChIJ1VI2f-V5zDYRIm7Krad0j08?authuser=0&hl=en&rclk=1,http://mrhungvietnamtourism.com/
hotel02156,Homestay Chân Mây Chiêu Lầu Thi,chan may chieu lau thi,homestay,"Núi Chiêu Lầu, Thi Xã, Hoàng Su Phì, Hà Giang",Hà Giang,ha giang,22.6376857,104.6402695,0943 060 666 ,300150,"₫300,150",4.3,Homestay,Hotel,https://www.google.com/maps/place/Homestay+Ch%C3%A2n+M%C3%A2y+Chi%C3%AAu+L%E1%BA%A7u+Thi/data=!4m10!3m9!1s0x36ccf5dac855ab65:0x17ae979a2f1e6009!5m2!4m1!1i2!8m2!3d22.6376857!4d104.6402695!16s%2Fg%2F11ptlfw_qf!19sChIJZatVyNr1zDYRCWAeL5qXrhc?authuser=0&hl=en&rclk=1,https://chanmaychieulauthi.wordpress.com/
hotel02157,Nậm Lỳ Retreat,nam ly retreat,hotel,"Bản Luốc, Hoàng Su Phì District, Hà Giang",Hà Giang,ha giang,22.6953416,104.6682831,0971 180 607 ,399000,"₫399,000",4.8,Hotel,Hotel,https://www.google.com/maps/place/N%E1%BA%ADm+L%E1%BB%B3+Retreat/data=!4m10!3m9!1s0x36cc8bf19d99231d:0xcdef407dca742cf7!5m2!4m1!1i2!8m2!3d22.6953416!4d104.6682831!16s%2Fg%2F11h4zj9bsq!19sChIJHSOZnfGLzDYR9yx0yn1A780?authuser=0&hl=en&rclk=1,https://namlyretreat.vn/
hotel02158,Riz d'Or Ermitage Hoang Su Phi,riz d or ermitage ang su phi,lake,"Tả Sử Choóng, Hoàng Su Phì District, Hà Giang 20601",Hà Giang,ha giang,22.6724738,104.7461717,0352 692 699 ,1584089,"₫1,584,089",4.7,Hotel,Hotel,https://www.google.com/maps/place/Riz+d%27Or+Ermitage+Hoang+Su+Phi/data=!4m10!3m9!1s0x36cc8b91cedad795:0xced35fd4755355cc!5m2!4m1!1i2!8m2!3d22.6724738!4d104.7461717!16s%2Fg%2F11s92lqhp0!19sChIJldfazpGLzDYRzFVTddRf084?authuser=0&hl=en&rclk=1,
hotel02159,Ha Giang Hostel,ha giang,homestay,"thôn Lúp, Ha Giang, Hà Giang 20000",Hà Giang,ha giang,22.8175435,104.9594537,0982 818 385 ,504866,"₫504,866",4.9,Hostel,Hotel,https://www.google.com/maps/place/Ha+Giang+Hostel/data=!4m10!3m9!1s0x36cc79bf6f116663:0x39073d9add3c323f!5m2!4m1!1i2!8m2!3d22.8175435!4d104.9594537!16s%2Fg%2F11fk3_g2s0!19sChIJY2YRb795zDYRPzI83Zo9Bzk?authuser=0&hl=en&rclk=1,http://hagianghostel.com/
hotel02160,Good Morning Ha Giang Loop- Small group - The best experience,good morning ha giang loop small group the best experience,hotel,"92 L Nguyễn Trãi, P. Nguyễn Trãi, Hà Giang, 310000",Hà Giang,ha giang,22.8098257,104.9789866,0984 535 091 ,92129,"₫92,129",4.9,Hotel,Hotel,https://www.google.com/maps/place/Good+Morning+Ha+Giang+Loop-+Small+group+-+The+best+experience/data=!4m10!3m9!1s0x36cc7941d44de857:0x6ceb536f6cd2e19d!5m2!4m1!1i2!8m2!3d22.8098257!4d104.9789866!16s%2Fg%2F11txqclywx!19sChIJV-hN1EF5zDYRneHSbG9T62w?authuser=0&hl=en&rclk=1,http://goodmorninghagiang.com/
hotel02161,Dao Homestay,dao,homestay,"Nậm Hồng, Hoàng Su Phì District, Hà Giang 20623",Hà Giang,ha giang,22.5636403,104.7238617,0961 618 090 ,486440,"₫486,440",4.4,Homestay,Hotel,https://www.google.com/maps/place/Dao+Homestay/data=!4m10!3m9!1s0x36cc8c48c93de027:0x2dccea7af01f2ce2!5m2!4m1!1i2!8m2!3d22.5636403!4d104.7238617!16s%2Fg%2F11f3clw9rt!19sChIJJ-A9yUiMzDYR4iwf8HrqzC0?authuser=0&hl=en&rclk=1,http://namhongcbt.vn/
hotel02162,Phúc Lâm Hotel,phuc lam,hotel,"257 Nguyễn Thái Học, P. Trần Phú, Hà Giang, 20106",Hà Giang,ha giang,22.8298686,104.9859438,0989 751 818 ,629898,"₫629,898",4.6,Hotel,Hotel,https://www.google.com/maps/place/Ph%C3%BAc+L%C3%A2m+Hotel/data=!4m10!3m9!1s0x36cc790516d78783:0xcbb1ccc9d5a26976!5m2!4m1!1i2!8m2!3d22.8298686!4d104.9859438!16s%2Fg%2F11s21qb_w6!19sChIJg4fXFgV5zDYRdmmi1cnMscs?authuser=0&hl=en&rclk=1,
hotel02163,Wings Ha Giang Loop Bungalow & tour,wings ha giang loop bungalow tour,hotel,"Thôn Tiến Thắng, Hà Giang 310000",Hà Giang,ha giang,22.7770116,104.969979,0345 329 190 ,246379,"₫246,379",4.9,Hotel,Hotel,https://www.google.com/maps/place/Wings+Ha+Giang+Loop+Bungalow+%26+tour/data=!4m10!3m9!1s0x36cc7959740b2611:0x3244c359c7af6245!5m2!4m1!1i2!8m2!3d22.7770116!4d104.969979!16s%2Fg%2F11j31ctpdq!19sChIJESYLdFl5zDYRRWKvx1nDRDI?authuser=0&hl=en&rclk=1,http://wingshagiangloop.com/
hotel02164,Garden Hostel II,garden ii,homestay,"43 Nguyễn Thái Học, P. Minh Khai, Hà Giang, 310000",Hà Giang,ha giang,22.8208972,104.9842465,0775 263 939 ,694980,"₫694,980",4.8,Hostel,Hotel,https://www.google.com/maps/place/Garden+Hostel+II/data=!4m10!3m9!1s0x36cc79b5f854b46f:0x14de28b06a66c49a!5m2!4m1!1i2!8m2!3d22.8208972!4d104.9842465!16s%2Fg%2F11y5vyqcwc!19sChIJb7RU-LV5zDYRmsRmarAo3hQ?authuser=0&hl=en&rclk=1,
hotel02165,Ruby Hotel,ruby,hotel,"49 Đường Lâm Đồng, P. Trần Phú, Hà Giang, 310000",Hà Giang,ha giang,22.8315714,104.9874205,0912 356 969 ,105290,"₫105,290",3.9,Hotel,Hotel,https://www.google.com/maps/place/Ruby+Hotel/data=!4m10!3m9!1s0x36cc783568cf0293:0x64645b38c02e6010!5m2!4m1!1i2!8m2!3d22.8315714!4d104.9874205!16s%2Fg%2F11f5ly9xq9!19sChIJkwLPaDV4zDYREGAuwDhbZGQ?authuser=0&hl=en&rclk=1,
hotel02166,Lotus Premium Lodge,lotus premium lodge,hotel,"239 Nguyễn Văn Linh, P. Quang Trung, Hà Giang, 310000",Hà Giang,ha giang,22.8413527,104.9796805,0965 481 678 ,234000,"₫234,000",4.4,Hotel,Hotel,https://www.google.com/maps/place/Lotus+Premium+Lodge/data=!4m10!3m9!1s0x36cc790037e153af:0xc33c85bf920bb71!5m2!4m1!1i2!8m2!3d22.8413527!4d104.9796805!16s%2Fg%2F11vz4t4f0m!19sChIJr1PhNwB5zDYRcbsg-VvIMww?authuser=0&hl=en&rclk=1,https://lotushagiang.com/
hotel02167,Hà Giang 1 Hostel and Tour,ha giang 1 and tour,homestay,"54a Đ. Trần Phú, street, Hà Giang",Hà Giang,ha giang,22.8198041,104.9871656,0366 166 968 ,240588,"₫240,588",4.9,Hostel,Hotel,https://www.google.com/maps/place/H%C3%A0+Giang+1+Hostel+and+Tour/data=!4m10!3m9!1s0x36cc784d6045cd3b:0xf13234dae33ea7e6!5m2!4m1!1i2!8m2!3d22.8198041!4d104.9871656!16s%2Fg%2F11f4wtkb1j!19sChIJO81FYE14zDYR5qc-49o0MvE?authuser=0&hl=en&rclk=1,http://motorbiketourshagiang1hostel.com/
hotel02168,Long Hotel,long,hotel,"Hotel - Long Hotel - coffee & restaurants, 134b Lý Tự Trọng, P. Minh Khai, Hà Giang",Hà Giang,ha giang,22.8236046,104.9896467,0342 475 666 ,299813,"₫299,813",4.0,Hotel,Hotel,https://www.google.com/maps/place/Long+Hotel/data=!4m10!3m9!1s0x36cc799584372545:0x3dd8d4efc6f67b7!5m2!4m1!1i2!8m2!3d22.8236046!4d104.9896467!16s%2Fg%2F11fhm511jk!19sChIJRSU3hJV5zDYRt2dv_E6N3QM?authuser=0&hl=en&rclk=1,
hotel02169,Huy Hoan hotel,huy hoan,hotel,"395 Nguyễn Trãi, P. Nguyễn Trãi, Hà Giang",Hà Giang,ha giang,22.8230876,104.9831892,0219 3861 288 ,573292,"₫573,292",3.9,Hotel,Hotel,https://www.google.com/maps/place/Huy+Hoan+hotel/data=!4m10!3m9!1s0x36cc79adb1d1d31b:0xb2f7568fc418861e!5m2!4m1!1i2!8m2!3d22.8230876!4d104.9831892!16s%2Fg%2F1hc33_zvv!19sChIJG9PRsa15zDYRHoYYxI9W97I?authuser=0&hl=en&rclk=1,https://huyhoanhotel.com/
hotel02170,A SÍNH HOMESTAY,a sinh,homestay,"QXGC+227, Unnamed Road, Phương Thiện, Hà Giang",Hà Giang,ha giang,22.775035,104.9700571,,88400,"₫88,400",4.8,Homestay,Hotel,https://www.google.com/maps/place/A+S%C3%8DNH+HOMESTAY/data=!4m10!3m9!1s0x36cc79beac1322f3:0x8f49468d7cc312fe!5m2!4m1!1i2!8m2!3d22.775035!4d104.9700571!16s%2Fg%2F11q23bj7pl!19sChIJ8yITrL55zDYR_hLDfI1GSY8?authuser=0&hl=en&rclk=1,
hotel02171,Lila Inn & Tours | Ha Giang Loop with Small Group,lila inn tours ha giang loop with small group,hotel,"08 Mai Hắc Đế, P. Nguyễn Trãi, Hà Giang",Hà Giang,ha giang,22.8141747,104.9796582,0968 321 715 ,180000,"₫180,000",4.9,Hotel,Hotel,https://www.google.com/maps/place/Lila+Inn+%26+Tours+%7C+Ha+Giang+Loop+with+Small+Group/data=!4m10!3m9!1s0x36cc7958ba985e95:0x7e2664f5ea54702b!5m2!4m1!1i2!8m2!3d22.8141747!4d104.9796582!16s%2Fg%2F11h1md4f20!19sChIJlV6Yulh5zDYRK3BU6vVkJn4?authuser=0&hl=en&rclk=1,https://lilainn.tours/
hotel02172,Maison Teahouse Bungalow,maison teause bungalow,lake,"441 20 Tháng 8, Phương Độ, Hà Giang",Hà Giang,ha giang,22.8274859,104.9536573,,357246,"₫357,246",4.1,Hotel,Hotel,https://www.google.com/maps/place/Maison+Teahouse+Bungalow/data=!4m10!3m9!1s0x36cc79a70343a933:0x95038eef5c303017!5m2!4m1!1i2!8m2!3d22.8274859!4d104.9536573!16s%2Fg%2F11h39s33fq!19sChIJM6lDA6d5zDYRFzAwXO-OA5U?authuser=0&hl=en&rclk=1,http://mai-son-tea-homestay-vn.book.direct/?utm_source=gmb
hotel02173,Loop Central Stay Tour & Motorbike Rental,loop central stay tour motorbike rental,hotel,"67A Nguyễn Văn Cừ, P. Minh Khai, Hà Giang",Hà Giang,ha giang,22.8265351,104.9866826,0363 288 558 ,200260,"₫200,260",5.0,Hotel,Hotel,https://www.google.com/maps/place/Loop+Central+Stay+Tour+%26+Motorbike+Rental/data=!4m10!3m9!1s0x36cc79007fbf4a25:0x34e0e347d2d74671!5m2!4m1!1i2!8m2!3d22.8265351!4d104.9866826!16s%2Fg%2F11xmwsbjl9!19sChIJJUq_fwB5zDYRcUbX0kfj4DQ?authuser=0&hl=en&rclk=1,https://loopcentralstay.com/
hotel02174,Dong Que homestay,dong que,homestay,"Thôn Hạ Thành, Phương Độ, Hà Giang, 310000",Hà Giang,ha giang,22.8414664,104.9346689,0399 861 199 ,29062,"₫29,062",4.6,Homestay,Hotel,https://www.google.com/maps/place/Dong+Que+homestay/data=!4m10!3m9!1s0x36cc7a1ebea028c9:0xec95a0ce957c8cde!5m2!4m1!1i2!8m2!3d22.8414664!4d104.9346689!16s%2Fg%2F11dxl37b78!19sChIJySigvh56zDYR3ox8lc6glew?authuser=0&hl=en&rclk=1,http://www.dongquehomestay.com/
hotel02175,TEA HOTEL by Chiến Hảo,tea by chien hao,hotel,"86 Cầu Mè, Phương Thiện, Hà Giang, 310000",Hà Giang,ha giang,22.801566,104.9799661,0369 207 899 ,528247,"₫528,247",5.0,Hotel,Hotel,https://www.google.com/maps/place/TEA+HOTEL+by+Chi%E1%BA%BFn+H%E1%BA%A3o/data=!4m10!3m9!1s0x36cc79026805a3e7:0x94d478faf0943d85!5m2!4m1!1i2!8m2!3d22.801566!4d104.9799661!16s%2Fg%2F11x8xk42qk!19sChIJ56MFaAJ5zDYRhT2U8Pp41JQ?authuser=0&hl=en&rclk=1,
hotel02176,Tay Eco House,tay eco use,lake,"Thông Nguyên, Hoàng Su Phì District, Hà Giang 20623",Hà Giang,ha giang,22.587944,104.7464294,0368 446 224 ,390000,"₫390,000",5.0,Hotel,Hotel,https://www.google.com/maps/place/Tay+Eco+House/data=!4m10!3m9!1s0x36cc8dba00809887:0x5916f8bee933c4fb!5m2!4m1!1i2!8m2!3d22.587944!4d104.7464294!16s%2Fg%2F11vy_zr9zp!19sChIJh5iAALqNzDYR-8Qz6b74Flk?authuser=0&hl=en&rclk=1,
hotel02177,Hotels Triangle Circuits,s triangle circuits,hotel,"228 Lý Tự Trọng, P. Minh Khai, Hà Giang",Hà Giang,ha giang,22.8283501,104.9899622,0983 011 488 ,304692,"₫304,692",3.9,Hotel,Hotel,https://www.google.com/maps/place/Hotels+Triangle+Circuits/data=!4m10!3m9!1s0x36cc784a35889085:0xdb3ddade5921f188!5m2!4m1!1i2!8m2!3d22.8283501!4d104.9899622!16s%2Fg%2F11c2llxtph!19sChIJhZCINUp4zDYRiPEhWd7aPds?authuser=0&hl=en&rclk=1,
hotel02178,"Bông Hostel, Ha Giang loop",bong ha giang loop,homestay,"59a Nguyễn Thái Học, Street, Hà Giang, 310000",Hà Giang,ha giang,22.8212431,104.9846399,0888 526 606 ,600680,"₫600,680",4.9,Hostel,Hotel,"https://www.google.com/maps/place/B%C3%B4ng+Hostel,+Ha+Giang+loop/data=!4m10!3m9!1s0x36cc7852b42bea35:0x34124015b502f7e3!5m2!4m1!1i2!8m2!3d22.8212431!4d104.9846399!16s%2Fg%2F11cmh1d077!19sChIJNeortFJ4zDYR4_cCtRVAEjQ?authuser=0&hl=en&rclk=1",https://www.bongbackpackerhostel.com/
hotel02179,Royal Hotel Ha Giang,royal ha giang,hotel,"91 Đ. Lê Quý Đôn, P. Nguyễn Trãi, Hà Giang, 310000",Hà Giang,ha giang,22.8286111,104.9814825,0336 422 333 ,466172,"₫466,172",4.4,Hotel,Hotel,https://www.google.com/maps/place/Royal+Hotel+Ha+Giang/data=!4m10!3m9!1s0x36cc79b44ba02c95:0xdb7aeb3ba90087e4!5m2!4m1!1i2!8m2!3d22.8286111!4d104.9814825!16s%2Fg%2F11fkp0dy2x!19sChIJlSygS7R5zDYR5IcAqTvrets?authuser=0&hl=en&rclk=1,
hotel02180,Sky Hotel & Homestay Hà Giang,sky homestay ha giang,hotel,"Sky Building, No.15 Nguyễn Thái Học, Street, Hà Giang, 310000",Hà Giang,ha giang,22.8203374,104.9839402,0376 028 369 ,315000,"₫315,000",4.9,Homestay,Hotel,https://www.google.com/maps/place/Sky+Hotel+%26+Homestay+H%C3%A0+Giang/data=!4m10!3m9!1s0x36cc79016abc6b25:0x726a7625046c0901!5m2!4m1!1i2!8m2!3d22.8203374!4d104.9839402!16s%2Fg%2F11ty06tn4c!19sChIJJWu8agF5zDYRAQlsBCV2anI?authuser=0&hl=en&rclk=1,https://www.facebook.com/skyhomestayhagiang
hotel02181,Villa Xiav,xiav,hotel,"city, QL4C, Thuận Hoà, Vị Xuyên, Hà Giang 20213",Hà Giang,ha giang,22.8702342,105.0079143,0866 653 768 ,751244,"₫751,244",5.0,Villa,Hotel,https://www.google.com/maps/place/Villa+Xiav/data=!4m10!3m9!1s0x36cc777217b07bfb:0x3737a1276efb2fe6!5m2!4m1!1i2!8m2!3d22.8702342!4d105.0079143!16s%2Fg%2F11nfm1h7f9!19sChIJ-3uwF3J3zDYR5i_7biehNzc?authuser=0&hl=en&rclk=1,
hotel02182,Trà My Lúa Vàng Bản Luốc,tra my lua vang ban luoc,hotel,"Suôi Thầu, Hoàng Su Phì District, Hà Giang",Hà Giang,ha giang,22.6895527,104.6650402,0867 687 899 ,842371,"₫842,371",5.0,Hotel,Hotel,https://www.google.com/maps/place/Tr%C3%A0+My+L%C3%BAa+V%C3%A0ng+B%E1%BA%A3n+Lu%E1%BB%91c/data=!4m10!3m9!1s0x36cc8bdfd37b76ed:0x7ca9d8fddbf84c61!5m2!4m1!1i2!8m2!3d22.6895527!4d104.6650402!16s%2Fg%2F11tnkbxj31!19sChIJ7XZ709-LzDYRYUz42_3YqXw?authuser=0&hl=en&rclk=1,
hotel02183,Ha Giang Loop Hostel,ha giang loop,homestay,"ngõ 30 đường 3/2, Ngọc Hà, Hà Giang, 310000",Hà Giang,ha giang,22.8437853,105.0102675,0944 686 366 ,240000,"₫240,000",4.6,Hostel,Hotel,https://www.google.com/maps/place/Ha+Giang+Loop+Hostel/data=!4m10!3m9!1s0x36cc799ddb96e101:0x374e83062a305e9d!5m2!4m1!1i2!8m2!3d22.8437853!4d105.0102675!16s%2Fg%2F11q9m0_cv2!19sChIJAeGW2515zDYRnV4wKgaDTjc?authuser=0&hl=en&rclk=1,http://hagiangloophostel.com/
hotel02184,HG Hostel & Motorbikes,hg motorbikes,homestay,"Đội 2 thôn, Lâm Đồng, Phương Thiện, Tp. Hà Giang, Hà Giang 310000",Hà Giang,ha giang,22.8057551,104.9754435,0327 258 338 ,253958,"₫253,958",4.8,Hostel,Hotel,https://www.google.com/maps/place/HG+Hostel+%26+Motorbikes/data=!4m10!3m9!1s0x36cc79a041095cf7:0x8267f105c92f0cac!5m2!4m1!1i2!8m2!3d22.8057551!4d104.9754435!16s%2Fg%2F11sw4r_k9h!19sChIJ91wJQaB5zDYRrAwvyQXxZ4I?authuser=0&hl=en&rclk=1,
